step,t_dless,t_phys_s,dt_dless,min_cone_margin_MPa,max_cone_violation_MPa,max_positive_friction_power,max_abs_normal_power_closed,p_contact_total,p_contact_pert,p_offset,p_contact_metric,p_contact_metric_mismatch,p_normal_total,p_tangent_total,p_tangent_pert,p_tangent_offset,p_cross_metric,p_friction_lumped,d_fric_rate,d_fric_lumped_rate,friction_injection_rate,D_fric,D_fric_lumped,W_contact_total,W_contact_pert,W_offset_external,W_tangent_total,W_tangent_pert,W_tangent_offset,W_normal_total,W_cross_metric,KE,W_elastic,D_vis,bulk_residual_pert,bulk_residual_total,interface_residual_D_fric_plus_W_tangent,coulomb_lumped_residual,endpoint_res_inf,endpoint_res_l2,endpoint_force_res_inf,max_abs_vt,min_gap
0,0.0000000000000000e+00,0.0000000000000000e+00,0.0000000000000000e+00,0.0000000000000000e+00,-0.0000000000000000e+00,0.0000000000000000e+00,0.0000000000000000e+00,0.0000000000000000e+00,0.0000000000000000e+00,0.0000000000000000e+00,0.0000000000000000e+00,0.0000000000000000e+00,0.0000000000000000e+00,0.0000000000000000e+00,0.0000000000000000e+00,0.0000000000000000e+00,0.0000000000000000e+00,0.0000000000000000e+00,-0.0000000000000000e+00,0.0000000000000000e+00,0.0000000000000000e+00,0.0000000000000000e+00,0.0000000000000000e+00,0.0000000000000000e+00,0.0000000000000000e+00,0.0000000000000000e+00,0.0000000000000000e+00,0.0000000000000000e+00,0.0000000000000000e+00,0.0000000000000000e+00,0.0000000000000000e+00,0.0000000000000000e+00,0.0000000000000000e+00,0.0000000000000000e+00,0.0000000000000000e+00,0.0000000000000000e+00,0.0000000000000000e+00,0.0000000000000000e+00,nan,nan,0.0000000000000000e+00,0.0000000000000000e+00,0.0000000000000000e+00
1,3.3690593526946173e-04,9.3574285981541354e-05,3.3690593526946173e-04,-3.1086244689504383e-14,3.1086244689504383e-14,0.0000000000000000e+00,1.1429474827900674e-18,-4.8617819098724629e-03,2.1563861732441041e-03,-7.0181680831165674e-03,-4.8617819098724646e-03,1.7347234759768071e-18,5.2396110143390334e-19,-4.8617819098724646e-03,2.1563861732441041e-03,-7.0181680831165692e-03,-8.6736173798840355e-19,-3.3351746583635453e-03,4.8617819098724646e-03,3.3351746583635471e-03,0.0000000000000000e+00,8.1898159071086630e-07,5.6182006878148913e-07,-8.1898159071086598e-07,3.6324965024947024e-07,-1.1822312409603362e-06,-8.1898159071086630e-07,3.6324965024947024e-07,-1.1822312409603366e-06,8.8262802461703262e-23,-1.4610965877696446e-22,3.5020895612005991e-07,4.4495355286334594e-12,2.2994028666812741e-08,9.9577840729310451e-09,1.1921890250332673e-06,0.0000000000000000e+00,-2.5716152192937717e-07,1.4456028966473393e-18,3.4783294274462266e-18,3.2751579226442118e-14,3.8799438544445440e-03,-4.1373100943634835e-22
2,6.4473431377303240e-04,1.7907239601124093e-04,3.0782837850357067e-04,-7.7715611723760958e-14,7.7715611723760958e-14,0.0000000000000000e+00,4.1401506928038545e-18,-8.9656338998849450e-03,3.9791830804332094e-03,-1.2944816980318154e-02,-8.9656338998849467e-03,1.7347234759768071e-18,7.1604350726915769e-19,-8.9656338998849467e-03,3.9791830804332103e-03,-1.2944816980318158e-02,0.0000000000000000e+00,-6.1490341452222581e-03,8.9656338998849467e-03,6.1490341452222555e-03,0.0000000000000000e+00,2.9472170845169968e-06,2.0215743774800432e-06,-2.9472170845169964e-06,1.3076008175273956e-06,-4.2548179020443916e-06,-2.9472170845169968e-06,1.3076008175273956e-06,-4.2548179020443924e-06,2.7911710647871224e-22,-2.7960893746746905e-22,1.1967980627509545e-06,3.5095611878732764e-11,1.1037140324969630e-07,-3.9625591486599026e-10,4.2544216461295260e-06,0.0000000000000000e+00,-9.2564270703695361e-07,8.6736173798840355e-18,1.8113785016413711e-17,3.0161058835650088e-14,7.1502017002076160e-03,-1.1714878633506580e-21
3,9.3721430163539853e-04,2.6030755147450407e-04,2.9247998786236613e-04,-1.3211653993039363e-13,1.3211653993039363e-13,0.0000000000000000e+00,1.8974285891634202e-17,-1.2668185247830803e-02,5.6264955534125385e-03,-1.8294680801243343e-02,-1.2668185247830806e-02,3.4694469519536142e-18,4.9662275317107056e-18,-1.2668185247830810e-02,5.6264955534125385e-03,-1.8294680801243350e-02,-1.7347234759768071e-18,-8.6870322173987422e-03,1.2668185247830810e-02,8.6870322173987404e-03,0.0000000000000000e+00,6.1109466653872605e-06,4.1912006323123667e-06,-6.1109466653872588e-06,2.7123352026458925e-06,-8.8232818680331526e-06,-6.1109466653872605e-06,2.7123352026458930e-06,-8.8232818680331543e-06,1.1100923887344647e-21,-5.3329488806659811e-22,2.4022606182025077e-06,1.2863193967173798e-10,2.9291087115524010e-07,-1.7035081348472845e-08,8.8062467866846785e-06,0.0000000000000000e+00,-1.9197460330748938e-06,3.9031278209478160e-17,5.0260953851014221e-17,1.0732155904709847e-14,1.0089106543558875e-02,-3.5930987477099627e-20
4,1.2598455391331512e-03,3.4991709682147737e-04,3.2263123749775267e-04,-1.1657341758564144e-13,1.1657341758564144e-13,0.0000000000000000e+00,2.1456559513871337e-17,-1.6556006540763366e-02,7.3588022999117276e-03,-2.3914808840675095e-02,-1.6556006540763370e-02,3.4694469519536142e-18,-4.1714054874180542e-18,-1.6556006540763366e-02,7.3588022999117285e-03,-2.3914808840675095e-02,0.0000000000000000e+00,-1.1351322250523831e-02,1.6556006540763366e-02,1.1351322250523823e-02,0.0000000000000000e+00,1.0825265246200162e-05,7.4237001820146052e-06,-1.0825265246200159e-05,4.8070665604933517e-06,-1.5632331806693512e-05,-1.0825265246200162e-05,4.8070665604933526e-06,-1.5632331806693516e-05,1.2383095986047807e-21,-8.1313287895199826e-22,4.1299311398446143e-06,3.6518993524205448e-10,6.3884965010863582e-07,-3.7920580604859237e-08,1.5594411226088650e-05,0.0000000000000000e+00,-3.4015650641855570e-06,2.1684043449710089e-17,4.5035112767410898e-17,9.2518585385429722e-15,1.3160069605993988e-02,-9.2102450391465188e-20
5,1.6660273000562009e-03,4.6273246834854792e-04,4.0618176092304965e-04,-2.2148949341271873e-13,2.2148949341271873e-13,0.0000000000000000e+00,2.5327193966893167e-17,-2.1191355079598115e-02,9.4277330935878985e-03,-3.0619088173186013e-02,-2.1191355079598118e-02,3.4694469519536142e-18,-3.0041392798218436e-18,-2.1191355079598111e-02,9.4277330935878985e-03,-3.0619088173186010e-02,-3.4694469519536142e-18,-1.4526968418918609e-02,2.1191355079598111e-02,1.4526968418918594e-02,0.0000000000000000e+00,1.8491410152778944e-05,1.2679345018910928e-05,-1.8491410152778941e-05,8.2162588134577400e-06,-2.6707668966236681e-05,-1.8491410152778944e-05,8.2162588134577400e-06,-2.6707668966236688e-05,-2.1897810596505745e-22,-1.5177459151388114e-21,6.8273391039421716e-06,9.7676230084269765e-10,1.3260691922075772e-06,-6.1873755007147238e-08,2.6645795211229534e-05,0.0000000000000000e+00,-5.8120651338680168e-06,2.3129646346357429e-17,4.9857793956574248e-17,7.4014868308343775e-15,1.6797558503673930e-02,-3.6295549927547338e-20
6,2.2010764961935027e-03,6.1134025839386602e-04,5.3504919613730183e-04,-1.3600232051658168e-13,1.3600232051658168e-13,0.0000000000000000e+00,1.7186983916916188e-17,-2.6909220667579149e-02,1.1985893765169944e-02,-3.8895114432749095e-02,-2.6909220667579153e-02,3.4694469519536142e-18,7.5513035710919798e-18,-2.6909220667579163e-02,1.1985893765169947e-02,-3.8895114432749109e-02,3.4694469519536142e-18,-1.8442805049547491e-02,2.6909220667579163e-02,1.8442805049547487e-02,0.0000000000000000e+00,3.1359497346413242e-05,2.1499570414476787e-05,-3.1359497346413235e-05,1.3944930732039000e-05,-4.5304428078452235e-05,-3.1359497346413242e-05,1.3944930732039000e-05,-4.5304428078452242e-05,9.9750019340910757e-22,-1.5177459151388114e-21,1.1151428530461320e-05,2.5741581171083536e-09,2.7065248769646611e-06,-8.4403166495910088e-08,4.5220024911956325e-05,0.0000000000000000e+00,-9.8599269319364548e-06,2.6020852139652106e-17,5.9684320225096481e-17,3.1456319031046105e-15,2.1242410885077868e-02,-8.5247816730791611e-20
7,2.9138648190041977e-03,8.0931438523625825e-04,7.1278832281069507e-04,-2.7589042161935140e-13,2.7589042161935140e-13,0.0000000000000000e+00,3.5407191179643738e-17,-3.3939405011141358e-02,1.5141576352103395e-02,-4.9080981363244749e-02,-3.3939405011141364e-02,6.9388939039072284e-18,1.8859769420383973e-17,-3.3939405011141385e-02,1.5141576352103394e-02,-4.9080981363244777e-02,0.0000000000000000e+00,-2.3255115166668169e-02,3.3939405011141385e-02,2.3255115166668106e-02,0.0000000000000000e+00,5.3045592267848749e-05,3.6360465722282033e-05,-5.3045592267848729e-05,2.3613002695533256e-05,-7.6658594963381984e-05,-5.3045592267848749e-05,2.3613002695533256e-05,-7.6658594963382011e-05,1.0410252404021603e-20,-2.8125527815696397e-22,1.8070035260537493e-05,6.7124777974783541e-09,5.4402545114960912e-06,-9.6000445702191411e-08,7.6562594517679786e-05,0.0000000000000000e+00,-1.6685126545566716e-05,2.3129646346357429e-17,5.6867893973227407e-17,6.8463753185217992e-15,2.6632330264518844e-02,-1.0436745678397286e-19
8,3.8739223392237261e-03,1.0759665499833679e-03,9.6005752021952832e-04,-5.8286708792820718e-14,5.8286708792820718e-14,0.0000000000000000e+00,4.6944015971996834e-17,-4.2536737712758316e-02,1.9018082202124222e-02,-6.1554819914882541e-02,-4.2536737712758316e-02,0.0000000000000000e+00,1.5402126712421567e-17,-4.2536737712758330e-02,1.9018082202124226e-02,-6.1554819914882555e-02,0.0000000000000000e+00,-2.9136648975857809e-02,4.2536737712758330e-02,2.9136648975857823e-02,0.0000000000000000e+00,8.9756340237579700e-05,6.1510019303581952e-05,-8.9756340237579646e-05,4.0010621237092034e-05,-1.2976696147467168e-04,-8.9756340237579700e-05,4.0010621237092034e-05,-1.2976696147467173e-04,2.6856947923661770e-20,-2.8125527815696397e-22,2.9136551316535149e-05,1.7368819975176297e-08,1.0775902200199695e-05,-8.0798900382011822e-08,1.2968616257428967e-04,0.0000000000000000e+00,-2.8246320933997748e-05,5.2041704279304213e-17,1.3513719799088664e-16,4.9960036108132044e-15,3.3091968986375564e-02,-1.2369147768211424e-19
9,5.1665873613048769e-03,1.4349991278980654e-03,1.2926650220811508e-03,-9.7144514654701197e-14,9.7144514654701197e-14,0.0000000000000000e+00,5.8649736728359731e-17,-5.2873007349189691e-02,2.3706912370556808e-02,-7.6579919719746495e-02,-5.2873007349189684e-02,-6.9388939039072284e-18,-1.2926675962489242e-17,-5.2873007349189677e-02,2.3706912370556808e-02,-7.6579919719746481e-02,6.9388939039072284e-18,-3.6202377139707462e-02,5.2873007349189677e-02,3.6202377139707441e-02,0.0000000000000000e+00,1.5142276034120971e-04,1.0374075612180097e-04,-1.5142276034120966e-04,6.7625174263447914e-05,-2.1904793460465755e-04,-1.5142276034120971e-04,6.7625174263447914e-05,-2.1904793460465760e-04,2.8456912222822805e-20,4.2035774425995364e-21,4.6653953096384993e-05,4.4252189671918006e-08,2.0908011453173530e-05,-1.8957524217479756e-08,2.1902897708044009e-04,0.0000000000000000e+00,-4.7682004219408739e-05,1.3299546649155522e-16,1.9861847307366225e-16,5.3660779523549235e-15,4.0638596763539328e-02,-1.4609487160390894e-19
10,6.8434364023880869e-03,1.9007372918538148e-03,1.6768490410832100e-03,-9.7144514654701197e-14,9.7144514654701197e-14,0.0000000000000000e+00,4.6880547094387028e-17,-6.4640138694046195e-02,2.9091595909121352e-02,-9.3731734603167555e-02,-6.4640138694046195e-02,0.0000000000000000e+00,-1.7289509235155659e-17,-6.4640138694046195e-02,2.9091595909121352e-02,-9.3731734603167555e-02,1.3877787807814457e-17,-4.4238053110387414e-02,6.4640138694046195e-02,4.4238053110387400e-02,0.0000000000000000e+00,2.4994866346984536e-04,1.7118398528639717e-04,-2.4994866346984531e-04,1.1189273825314903e-04,-3.6184140172299434e-04,-2.4994866346984536e-04,1.1189273825314903e-04,-3.6184140172299440e-04,3.1229216358910386e-21,2.1656793826016987e-20,7.2960004247536004e-05,1.0732788734571151e-07,3.8822203903075531e-05,-3.2022151917956987e-09,3.6183819950780255e-04,0.0000000000000000e+00,-7.8764678183448195e-05,4.6259292692714858e-17,8.2152990671639619e-17,2.7755575615628914e-15,4.8900190560893106e-02,-5.2800053256552425e-20
11,8.8511225832953871e-03,2.4583641579496857e-03,2.0076861809073003e-03,-2.0983215165415459e-13,2.0983215165415459e-13,0.0000000000000000e+00,1.6767273853871886e-16,-7.7104553359650108e-02,3.4839049997602553e-02,-1.1194360335725266e-01,-7.7104553359650121e-02,1.3877787807814457e-17,-4.1829707464773093e-17,-7.7104553359650066e-02,3.4839049997602553e-02,-1.1194360335725262e-01,-1.3877787807814457e-17,-5.2741510820473320e-02,7.7104553359650066e-02,5.2741510820473292e-02,0.0000000000000000e+00,3.9223809319642881e-04,2.6853625045359969e-04,-3.9223809319642876e-04,1.7606907541485275e-04,-5.6830716861128150e-04,-3.9223809319642881e-04,1.7606907541485275e-04,-5.6830716861128150e-04,-5.6223495561364470e-20,2.1656793826016987e-20,1.0908948865551220e-04,2.3585403065839235e-07,6.6902524884684630e-05,1.5879215600246317e-07,5.6846596076728397e-04,0.0000000000000000e+00,-1.2370184274282912e-04,1.3877787807814457e-16,2.1299534860366478e-16,3.7007434154171887e-15,5.7287335450499501e-02,-1.9634449259883718e-19
12,1.1217218042342610e-02,3.1155377781396298e-03,2.3660954590472225e-03,-9.3258734068513149e-14,9.3258734068513149e-14,0.0000000000000000e+00,1.3709121576912095e-16,-9.0063152486194287e-02,4.0872819666738135e-02,-1.3093597215293243e-01,-9.0063152486194301e-02,1.3877787807814457e-17,-3.5191332470740834e-17,-9.0063152486194273e-02,4.0872819666738142e-02,-1.3093597215293240e-01,1.3877787807814457e-17,-6.1572375389495261e-02,9.0063152486194273e-02,6.1572375389495240e-02,0.0000000000000000e+00,5.9000546804702583e-04,4.0377503398732342e-04,-5.9000546804702583e-04,2.6563983091923855e-04,-8.5564529896626444e-04,-5.9000546804702583e-04,2.6563983091923860e-04,-8.5564529896626444e-04,-1.4734306198262160e-19,2.1656793826016987e-20,1.5688147471709039e-04,4.7823398044453110e-07,1.0865074893083069e-04,3.7062670912705632e-07,8.5601592567539149e-04,0.0000000000000000e+00,-1.8623043405970242e-04,1.2721305490496587e-16,2.4131161252488085e-16,2.4054832200211726e-15,6.5610807667138255e-02,-2.3761311982438542e-19
13,1.4044931156266354e-02,3.9009238693179398e-03,2.8277131139237445e-03,-1.2045919817182948e-13,1.2045919817182948e-13,0.0000000000000000e+00,2.3050492306226125e-16,-1.0376100684628611e-01,4.7303942367157376e-02,-1.5106494921344349e-01,-1.0376100684628611e-01,0.0000000000000000e+00,8.8374931655239419e-17,-1.0376100684628620e-01,4.7303942367157382e-02,-1.5106494921344357e-01,0.0000000000000000e+00,-7.0897422227880535e-02,1.0376100684628620e-01,7.0897422227880522e-02,0.0000000000000000e+00,8.6404502661687605e-04,5.9106832594806231e-04,-8.6404502661687594e-04,3.9030912409252839e-04,-1.2543541507094042e-03,-8.6404502661687605e-04,3.9030912409252844e-04,-1.2543541507094044e-03,-7.2149081552786189e-20,4.1277995114220981e-20,2.2008656588053571e-04,9.2203126053856517e-07,1.6994100122544109e-04,6.4047427398693929e-07,1.2549946249833912e-03,0.0000000000000000e+00,-2.7297670066881374e-04,1.7347234759768071e-16,3.0791762481532876e-16,2.4054832200211726e-15,7.3998800922382382e-02,-3.0120197445157851e-19
14,1.7370528906371151e-02,4.8245954415595590e-03,3.3255977501047973e-03,-6.6058269965196814e-14,6.6058269965196814e-14,0.0000000000000000e+00,7.4389809283672571e-17,-1.1801541318360040e-01,5.4053618104615460e-02,-1.7206903128821585e-01,-1.1801541318360041e-01,1.3877787807814457e-17,6.4961930598057057e-17,-1.1801541318360048e-01,5.4053618104615467e-02,-1.7206903128821593e-01,0.0000000000000000e+00,-8.0591871375126287e-02,1.1801541318360048e-01,8.0591871375126356e-02,0.0000000000000000e+00,1.2328146083557198e-03,8.4296455293362475e-04,-1.2328146083557196e-03,5.5884636162304769e-04,-1.7916609699787671e-03,-1.2328146083557198e-03,5.5884636162304780e-04,-1.7916609699787675e-03,1.8281928050605985e-19,4.1277995114220981e-20,3.0134969953084267e-04,1.6950434851394353e-06,2.5677163050023084e-04,9.7001189316525769e-07,1.7926309818719326e-03,0.0000000000000000e+00,-3.8985005542209504e-04,2.0816681711721685e-16,3.6838273399602430e-16,2.9605947323337509e-15,8.2324779476510776e-02,-6.3215529756275481e-19
15,2.1143870713467648e-02,5.8726261480561643e-03,3.7733418070964968e-03,-6.2172489379008766e-14,6.2172489379008766e-14,0.0000000000000000e+00,5.2449785933642010e-17,-1.3235124969757223e-01,6.0901055617956099e-02,-1.9325230531552834e-01,-1.3235124969757223e-01,0.0000000000000000e+00,-2.9806038948348735e-17,-1.3235124969757217e-01,6.0901055617956099e-02,-1.9325230531552828e-01,-2.7755575615628914e-17,-9.0332860613151975e-02,1.3235124969757217e-01,9.0332860613152086e-02,0.0000000000000000e+00,1.7051741064321015e-03,1.1654432714726924e-03,-1.7051741064321013e-03,7.7572799976230586e-04,-2.4809021061944067e-03,-1.7051741064321015e-03,7.7572799976230596e-04,-2.4809021061944075e-03,2.4914687836985935e-19,-1.1087641811019352e-20,4.0091006088063287e-04,2.9493198607004754e-06,3.7321783659760062e-04,1.3492175766280368e-06,2.4822513237710351e-03,0.0000000000000000e+00,-5.3973083495940911e-04,8.0953762212251006e-17,1.9404794591922638e-16,2.2204460492503131e-15,9.0334209163148410e-02,-1.0982075292346219e-18
16,2.5529816501639203e-02,7.0908051782167612e-03,4.3859457881715545e-03,-5.8286708792820718e-14,5.8286708792820718e-14,0.0000000000000000e+00,8.8202534713160285e-17,-1.4713204827372656e-01,6.8015162505701152e-02,-2.1514721077942772e-01,-1.4713204827372653e-01,-2.7755575615628914e-17,-1.5473546222869580e-17,-1.4713204827372650e-01,6.8015162505701152e-02,-2.1514721077942767e-01,0.0000000000000000e+00,-1.0036730705452783e-01,1.4713204827372650e-01,1.0036730705452776e-01,0.0000000000000000e+00,2.3180734032328580e-03,1.5836435700655271e-03,-2.3180734032328580e-03,1.0584377717155358e-03,-3.3765111749483935e-03,-2.3180734032328580e-03,1.0584377717155358e-03,-3.3765111749483939e-03,1.4984997543392926e-19,-7.1954866795841719e-20,5.2451764660287580e-04,4.9772993637311005e-06,5.3073381647080625e-04,1.7909907218771441e-06,3.3783021656702710e-03,0.0000000000000000e+00,-7.3442983316733090e-04,8.0953762212251006e-17,1.9022640125091926e-16,1.6653345369377348e-15,9.8260780383195356e-02,-1.5455854847578224e-18
17,3.0556501669206655e-02,8.4869470272255117e-03,5.0266851675674525e-03,-1.0491607582707729e-13,1.0491607582707729e-13,0.0000000000000000e+00,8.1918591933804271e-17,-1.6213929116778464e-01,7.5301317602216672e-02,-2.3744060877000131e-01,-1.6213929116778467e-01,2.7755575615628914e-17,2.9734368997350961e-17,-1.6213929116778467e-01,7.5301317602216672e-02,-2.3744060877000134e-01,-2.7755575615628914e-17,-1.1054657499747368e-01,1.6213929116778467e-01,1.1054657499747364e-01,0.0000000000000000e+00,3.0953782305950398e-03,2.1137424113379603e-03,-3.0953782305950398e-03,1.4186411841287591e-03,-4.5140194147237980e-03,-3.0953782305950398e-03,1.4186411841287591e-03,-4.5140194147237989e-03,1.8569230859282610e-19,-1.4171413692803109e-19,6.7449100734875967e-04,8.1417201830871186e-06,7.3831361763999372e-04,2.3051610430814030e-06,4.5163245757668807e-03,0.0000000000000000e+00,-9.8163581925707951e-04,9.2518585385429716e-17,2.3784205328531361e-16,2.4054832200211726e-15,1.0603052057052902e-01,-1.6770494080803580e-18
18,3.6082436782392889e-02,1.0021753566573531e-02,5.5259351131862339e-03,-1.0880185641326534e-13,1.0880185641326534e-13,0.0000000000000000e+00,9.6804704862858263e-17,-1.7677330252676265e-01,8.2474995115325522e-02,-2.5924829764208818e-01,-1.7677330252676263e-01,-2.7755575615628914e-17,-5.7846603398947407e-17,-1.7677330252676257e-01,8.2474995115325522e-02,-2.5924829764208812e-01,0.0000000000000000e+00,-1.2046436024497695e-01,1.7677330252676257e-01,1.2046436024497696e-01,0.0000000000000000e+00,4.0317827314938987e-03,2.7520181306310847e-03,-4.0317827314938987e-03,1.8545720173662181e-03,-5.8863547488601162e-03,-4.0317827314938987e-03,1.8545720173662181e-03,-5.8863547488601170e-03,1.0801911699787421e-19,-2.1840189186858081e-19,8.4747096921365412e-04,1.2759420888557064e-05,9.9722719086952705e-04,2.8855636055201070e-06,5.8892403124656371e-03,0.0000000000000000e+00,-1.2797646008628140e-03,1.1564823173178715e-16,2.7555360287513349e-16,3.1456319031046105e-15,1.1340695077665323e-01,-1.0928830357410693e-18
19,4.1990048687212039e-02,1.1662569319514683e-02,5.9076119048191503e-03,-1.4377388168895777e-13,1.4377388168895777e-13,0.0000000000000000e+00,1.1425990255998345e-16,-1.9070968237339986e-01,8.9371642632651238e-02,-2.8008132500605110e-01,-1.9070968237339989e-01,2.7755575615628914e-17,6.6777891292186662e-17,-1.9070968237339991e-01,8.9371642632651238e-02,-2.8008132500605115e-01,-2.7755575615628914e-17,-1.2990193685058840e-01,1.9070968237339991e-01,1.2990193685058843e-01,0.0000000000000000e+00,5.1172561597012372e-03,3.4915515892747100e-03,-5.1172561597012372e-03,2.3621736388477637e-03,-7.4794297985489996e-03,-5.1172561597012372e-03,2.3621736388477637e-03,-7.4794297985490005e-03,1.3440040833960790e-19,-3.0038647633457955e-19,1.0397945134875439e-03,1.9128882445775083e-05,1.3067696834614738e-03,3.5194405470289833e-06,7.4829492390960303e-03,0.0000000000000000e+00,-1.6257045704265271e-03,1.1564823173178715e-16,2.3505912061077184e-16,3.7007434154171887e-15,1.2050695978500590e-01,-1.2675655771540054e-18
20,4.8506462267621168e-02,1.3472477320866760e-02,6.5164135804091292e-03,-6.9944050551384862e-14,6.9944050551384862e-14,0.0000000000000000e+00,6.6802115046609770e-17,-2.0444340739788006e-01,9.6222231807501377e-02,-3.0066563920538142e-01,-2.0444340739788006e-01,0.0000000000000000e+00,-3.8238885018805381e-17,-2.0444340739788003e-01,9.6222231807501363e-02,-3.0066563920538136e-01,0.0000000000000000e+00,-1.3919540710705453e-01,2.0444340739788003e-01,1.3919540710705455e-01,0.0000000000000000e+00,6.4047466399643352e-03,4.3683263825835157e-03,-6.4047466399643352e-03,2.9668768607690422e-03,-9.3716235007333757e-03,-6.4047466399643352e-03,2.9668768607690422e-03,-9.3716235007333774e-03,2.2738639236522943e-19,-3.9081988127145792e-19,1.2588381922977619e-03,2.7999667246206215e-05,1.6842603739551740e-03,4.2213727300998219e-06,9.3758448734634764e-03,0.0000000000000000e+00,-2.0364202573808195e-03,9.2518585385429716e-17,2.7599008913458316e-16,1.6653345369377348e-15,1.2752961115616274e-01,-2.0577320816855476e-18
21,5.6310449110374791e-02,1.5640003684081312e-02,7.8039868427536227e-03,-8.9372953482325102e-14,8.9372953482325102e-14,0.0000000000000000e+00,8.3652158424714938e-17,-2.1911987757809126e-01,1.0358660233073394e-01,-3.2270647990882517e-01,-2.1911987757809129e-01,2.7755575615628914e-17,2.1864603328817187e-17,-2.1911987757809132e-01,1.0358660233073394e-01,-3.2270647990882528e-01,0.0000000000000000e+00,-1.4912000419401950e-01,2.1911987757809132e-01,1.4912000419401944e-01,0.0000000000000000e+00,8.0574877914773267e-03,5.4933312207618556e-03,-8.0574877914773267e-03,3.7465296171094067e-03,-1.1804017408586732e-02,-8.0574877914773267e-03,3.7465296171094067e-03,-1.1804017408586734e-02,1.6349405293112473e-19,-3.9081988127145792e-19,1.5288737119638514e-03,4.1338773686400817e-05,2.1819036001522090e-03,5.5864686930545519e-06,1.1809603877279789e-02,0.0000000000000000e+00,-2.5641565707154711e-03,9.2518585385429716e-17,2.6476121349301581e-16,2.7755575615628914e-15,1.3499059676060479e-01,-2.4740320150109309e-18
22,6.5673089253266370e-02,1.8240439813449225e-02,9.3626401428915790e-03,-7.3829831137572910e-14,7.3829831137572910e-14,0.0000000000000000e+00,1.3461925126391814e-16,-2.3461132638657095e-01,1.1144243647647789e-01,-3.4605376286304884e-01,-2.3461132638657095e-01,0.0000000000000000e+00,4.3393115066322921e-19,-2.3461132638657095e-01,1.1144243647647786e-01,-3.4605376286304879e-01,0.0000000000000000e+00,-1.5958852096013459e-01,2.3461132638657095e-01,1.5958852096013465e-01,0.0000000000000000e+00,1.0181548783638365e-02,6.9384946357924247e-03,-1.0181548783638363e-02,4.7531493724213029e-03,-1.4934698156059665e-02,-1.0181548783638365e-02,4.7531493724213029e-03,-1.4934698156059667e-02,2.6788062995374239e-19,-3.9081988127145792e-19,1.8607113376570598e-03,6.1478397271406198e-05,2.8384198346893025e-03,7.4601971964656857e-06,1.4942158353256131e-02,0.0000000000000000e+00,-3.2430541478459399e-03,1.6190752442450201e-16,3.0040059504825245e-16,2.0354088784794539e-15,1.4285901804727011e-01,-2.8182748821884623e-18
23,7.5800068963951861e-02,2.1053168223291660e-02,1.0126979710685491e-02,-7.3829831137572910e-14,7.3829831137572910e-14,0.0000000000000000e+00,1.2797767508117856e-16,-2.4929144652630442e-01,1.1898830912872251e-01,-3.6827975565502691e-01,-2.4929144652630444e-01,2.7755575615628914e-17,-1.5823744970324715e-17,-2.4929144652630439e-01,1.1898830912872252e-01,-3.6827975565502691e-01,-2.7755575615628914e-17,-1.6950265662012387e-01,2.4929144652630439e-01,1.6950265662012379e-01,0.0000000000000000e+00,1.2631785565254933e-02,8.6048444749528604e-03,-1.2631785565254931e-02,5.9199331151522996e-03,-1.8551718680407232e-02,-1.2631785565254933e-02,5.9199331151522996e-03,-1.8551718680407232e-02,1.8995446380227286e-19,-5.3135995683039335e-19,2.2266950430118817e-03,8.8598888382757082e-05,3.6142114394205555e-03,9.5722556628947270e-06,1.8561290936070125e-02,0.0000000000000000e+00,-4.0269410903020723e-03,1.1564823173178715e-16,3.0373021636996964e-16,1.8503717077085944e-15,1.5035579256869713e-01,-2.7233370622673374e-18
24,8.5793572126938514e-02,2.3828824051921743e-02,9.9935031629866528e-03,-9.7144514654701197e-14,9.7144514654701197e-14,0.0000000000000000e+00,1.4367002508811536e-16,-2.6207605663971967e-01,1.2564514933250071e-01,-3.8772120597222037e-01,-2.6207605663971956e-01,-1.1102230246251565e-16,-7.6182011931322815e-17,-2.6207605663971956e-01,1.2564514933250071e-01,-3.8772120597222026e-01,5.5511151231257827e-17,-1.7813193998011140e-01,2.6207605663971956e-01,1.7813193998011126e-01,0.0000000000000000e+00,1.5186961945424057e-02,1.0341888195296880e-02,-1.5186961945424056e-02,7.1423057356045988e-03,-2.2329267681028657e-02,-1.5186961945424057e-02,7.1423057356045988e-03,-2.2329267681028657e-02,-2.6977544750252493e-19,-3.9267224047774197e-19,2.5930303282467831e-03,1.2102119744906853e-04,4.4397553919731268e-03,1.1501182064379764e-05,2.2340768863093035e-02,0.0000000000000000e+00,-4.8450737501271775e-03,1.8503717077085943e-16,4.0983227102336789e-16,2.0354088784794539e-15,1.5694538082536125e-01,-2.5012309024300980e-18
25,9.5923302774273106e-02,2.6642316523497057e-02,1.0129730647334592e-02,-8.5487172896137054e-14,8.5487172896137054e-14,0.0000000000000000e+00,1.2130991298812404e-16,-2.7366780184647577e-01,1.3171765211752856e-01,-4.0538545396400433e-01,-2.7366780184647577e-01,0.0000000000000000e+00,5.7059842265753067e-17,-2.7366780184647577e-01,1.3171765211752856e-01,-4.0538545396400433e-01,-5.5511151231257827e-17,-1.8595245386563941e-01,2.7366780184647577e-01,1.8595245386563941e-01,0.0000000000000000e+00,1.7900432436638507e-02,1.2185926616574649e-02,-1.7900432436638504e-02,8.4458136642707234e-03,-2.6346246100909233e-02,-1.7900432436638507e-02,8.4458136642707234e-03,-2.6346246100909233e-02,-3.6662666155495181e-19,-3.9267224047774197e-19,2.9684028805226667e-03,1.5980343414718877e-04,5.3311229000673425e-03,1.3515550466474888e-05,2.6359761651375702e-02,0.0000000000000000e+00,-5.7145058200638588e-03,1.1564823173178715e-16,2.5764391205023013e-16,1.8503717077085944e-15,1.6297426028942102e-01,-2.4297298774585298e-18
26,1.0785065902461233e-01,2.9955092369610605e-02,1.1927356250339222e-02,-4.6629367034256575e-14,4.6629367034256575e-14,0.0000000000000000e+00,1.3318571754411994e-16,-2.8585277105588430e-01,1.3811916386778333e-01,-4.2397193492366764e-01,-2.8585277105588436e-01,5.5511151231257827e-17,4.9161304239919014e-18,-2.8585277105588430e-01,1.3811916386778333e-01,-4.2397193492366764e-01,-5.5511151231257827e-17,-1.9416942586569197e-01,2.8585277105588430e-01,1.9416942586569191e-01,0.0000000000000000e+00,2.1237233037838681e-02,1.4452851155626743e-02,-2.1237233037838678e-02,1.0055033581127746e-02,-3.1292266618966426e-02,-2.1237233037838681e-02,1.0055033581127746e-02,-3.1292266618966426e-02,2.9780910609894648e-21,-1.0547735170794108e-18,3.4137041592018713e-03,2.1329078182355721e-04,6.4437130019364720e-03,1.5674361834154896e-05,3.1307940980800579e-02,0.0000000000000000e+00,-6.7843818822119380e-03,1.8503717077085943e-16,3.9507710941255928e-16,1.1102230246251565e-15,1.6937532221198104e-01,-3.0264917173958717e-18
27,1.2233255354077062e-01,3.3977381077364179e-02,1.4481894516158292e-02,-4.2743586448068527e-14,4.2743586448068527e-14,0.0000000000000000e+00,7.8587627454516062e-17,-2.9889739020977252e-01,1.4501774160594921e-01,-4.4391513181572173e-01,-2.9889739020977246e-01,-5.5511151231257827e-17,2.7716957217444947e-17,-2.9889739020977252e-01,1.4501774160594921e-01,-4.4391513181572173e-01,5.5511151231257827e-17,-2.0296189363331024e-01,2.9889739020977252e-01,2.0296189363331016e-01,0.0000000000000000e+00,2.5471378114716579e-02,1.7328458094650397e-02,-2.5471378114716572e-02,1.2105212980478784e-02,-3.7576591095195358e-02,-2.5471378114716579e-02,1.2105212980478784e-02,-3.7576591095195358e-02,2.3927255754090807e-19,-1.0547735170794108e-18,3.9578595852340177e-03,2.8981135597731708e-04,7.8759847076190735e-03,1.8442668351624503e-05,3.7595033763546983e-02,0.0000000000000000e+00,-8.1429200200661828e-03,1.3877787807814457e-16,3.5484224652613820e-16,9.2518585385429718e-16,1.7632214988435058e-01,-4.6338900037545672e-18
28,1.3851626299246445e-01,3.8472342127141325e-02,1.6183709451693826e-02,-2.7200464103316335e-14,2.7200464103316335e-14,0.0000000000000000e+00,9.5796858225452879e-17,-3.1161757749223751e-01,1.5182537473457819e-01,-4.6344295222681570e-01,-3.1161757749223756e-01,5.5511151231257827e-17,3.7218257162631749e-17,-3.1161757749223756e-01,1.5182537473457819e-01,-4.6344295222681575e-01,-5.5511151231257827e-17,-2.1153146284667673e-01,3.1161757749223756e-01,2.1153146284667670e-01,0.0000000000000000e+00,3.0411576541316366e-02,2.0682478120115127e-02,-3.0411576541316359e-02,1.4507224354274005e-02,-4.4918800895590368e-02,-3.0411576541316366e-02,1.4507224354274005e-02,-4.4918800895590368e-02,7.6471887889621395e-19,-1.0547735170794108e-18,4.5688042567357838e-03,3.9053393248171276e-04,9.5695088854060618e-03,2.1622720349553232e-05,4.4940423615939917e-02,0.0000000000000000e+00,-9.7290984212012391e-03,1.3877787807814457e-16,2.9511833546818412e-16,9.2518585385429718e-16,1.8321466489538857e-01,-5.3700442411173410e-18
29,1.5508326545266762e-01,4.3073761288332547e-02,1.6567002460203178e-02,-1.9428902930940239e-14,1.9428902930940239e-14,0.0000000000000000e+00,1.7883148835278844e-16,-3.2300472954967041e-01,1.5799162291173785e-01,-4.8099635246140826e-01,-3.2300472954967052e-01,1.1102230246251565e-16,-2.3121889810760819e-17,-3.2300472954967047e-01,1.5799162291173785e-01,-4.8099635246140832e-01,-5.5511151231257827e-17,-2.1919926492254727e-01,3.2300472954967047e-01,2.1919926492254735e-01,0.0000000000000000e+00,3.5668471202347923e-02,2.4250436633434048e-02,-3.5668471202347909e-02,1.7073593835383646e-02,-5.2742065037731559e-02,-3.5668471202347923e-02,1.7073593835383646e-02,-5.2742065037731559e-02,8.8148615519540059e-19,-1.9744268960963699e-18,5.1959646352127990e-03,5.1037804219618386e-04,1.1392022917674301e-02,2.4771759699639823e-05,5.2766836797431195e-02,0.0000000000000000e+00,-1.1418034568913875e-02,2.0816681711721685e-16,2.9778914407383969e-16,1.2952601953960161e-15,1.8949458458007618e-01,-3.5784997626230637e-18
30,1.7212646754365274e-01,4.7807443006428425e-02,1.7043202090985116e-02,-4.2743586448068527e-14,4.2743586448068527e-14,0.0000000000000000e+00,1.2465836818090710e-16,-3.3333073942729374e-01,1.6361999781922390e-01,-4.9695073724651762e-01,-3.3333073942729374e-01,0.0000000000000000e+00,-4.7487595684111884e-17,-3.3333073942729369e-01,1.6361999781922390e-01,-4.9695073724651762e-01,0.0000000000000000e+00,-2.2614923034784115e-01,3.3333073942729369e-01,2.2614923034784112e-01,0.0000000000000000e+00,4.1261500220975869e-02,2.8045518836338729e-02,-4.1261500220975855e-02,1.9814239758847167e-02,-6.1075739979823025e-02,-4.1261500220975869e-02,1.9814239758847167e-02,-6.1075739979823025e-02,2.7978028978060171e-19,-2.4474707804651521e-18,5.8418259492683680e-03,6.5134738260592278e-04,1.3348843244081303e-02,2.7776817108426249e-05,6.1103516796931448e-02,0.0000000000000000e+00,-1.3215981384637140e-02,1.1564823173178715e-16,2.5184775725654766e-16,7.4014868308343773e-16,1.9527771966364244e-01,-6.0493043204285907e-18
31,1.9082250867276579e-01,5.3000194205480577e-02,1.8696041129113050e-02,-3.8857805861880479e-14,3.8857805861880479e-14,0.0000000000000000e+00,1.4319524779405834e-16,-3.4333434094561777e-01,1.6909093847429102e-01,-5.1242527941990879e-01,-3.4333434094561771e-01,-5.5511151231257827e-17,3.6613226178996581e-17,-3.4333434094561777e-01,1.6909093847429102e-01,-5.1242527941990879e-01,0.0000000000000000e+00,-2.3287892036644559e-01,3.4333434094561777e-01,2.3287892036644570e-01,0.0000000000000000e+00,4.7586979307619140e-02,3.2336523428926234e-02,-4.7586979307619126e-02,2.2924428433371800e-02,-7.0511407740990933e-02,-4.7586979307619140e-02,2.2924428433371800e-02,-7.0511407740990933e-02,1.7812646002019749e-19,-2.4474707804651521e-18,6.5500304775005218e-03,8.2651637810431675e-04,1.5578758648151742e-02,3.0877070384779937e-05,7.0542284811375700e-02,0.0000000000000000e+00,-1.5250455878692906e-02,1.3877787807814457e-16,2.8252273640195537e-16,1.1102230246251565e-15,2.0096143316202972e-01,-4.2756881833955111e-18
32,2.1130487249613694e-01,5.8689089441039934e-02,2.0482363823371152e-02,-3.4972025275692431e-14,3.4972025275692431e-14,0.0000000000000000e+00,8.2868330749291737e-17,-3.5296935434557219e-01,1.7439493374557427e-01,-5.2736428809114644e-01,-3.5296935434557219e-01,0.0000000000000000e+00,-2.5925223572019677e-17,-3.5296935434557219e-01,1.7439493374557427e-01,-5.2736428809114644e-01,0.0000000000000000e+00,-2.3935731052924861e-01,3.5296935434557219e-01,2.3935731052924863e-01,0.0000000000000000e+00,5.4717952116875100e-02,3.7172780574817793e-02,-5.4717952116875086e-02,2.6442129734869427e-02,-8.1160081851744517e-02,-5.4717952116875100e-02,2.6442129734869427e-02,-8.1160081851744517e-02,2.8758423899081764e-19,-2.4474707804651521e-18,7.3246396029808328e-03,1.0428476415107637e-03,1.8108804751890143e-02,3.4162261512312581e-05,8.1194244113256819e-02,0.0000000000000000e+00,-1.7545171542057307e-02,4.6259292692714858e-17,1.5694108469917085e-16,1.4802973661668755e-15,2.0652490680245589e-01,-5.9919642779904623e-18
33,2.3321250370682431e-01,6.4773847035017582e-02,2.1907631210687367e-02,-1.9428902930940239e-14,1.9428902930940239e-14,0.0000000000000000e+00,9.9587807336300005e-17,-3.6202117136117873e-01,1.7941074477073929e-01,-5.4143191613191799e-01,-3.6202117136117873e-01,0.0000000000000000e+00,-2.5556530489191283e-18,-3.6202117136117873e-01,1.7941074477073932e-01,-5.4143191613191810e-01,0.0000000000000000e+00,-2.4544023727739306e-01,3.6202117136117873e-01,2.4544023727739320e-01,0.0000000000000000e+00,6.2549826495034599e-02,4.2483163519414537e-02,-6.2549826495034572e-02,3.0317651897460635e-02,-9.2867478392495220e-02,-6.2549826495034599e-02,3.0317651897460635e-02,-9.2867478392495220e-02,-2.4390031793489914e-20,-2.4474707804651521e-18,8.1513507024854864e-03,1.3021157305308762e-03,2.0902242044358418e-02,3.8056579914146071e-05,9.2905534972409359e-02,0.0000000000000000e+00,-2.0066662975620063e-02,9.2518585385429716e-17,2.1618487454906953e-16,1.6653345369377348e-15,2.1183990413925530e-01,-6.0173163630368171e-18
34,2.5672906309055438e-01,7.1305478041503223e-02,2.3516559383730068e-02,-5.8286708792820718e-14,5.8286708792820718e-14,0.0000000000000000e+00,1.2382811011396356e-16,-3.7052964710652220e-01,1.8415665946921206e-01,-5.5468630657573426e-01,-3.7052964710652220e-01,0.0000000000000000e+00,-2.0011722974872096e-18,-3.7052964710652214e-01,1.8415665946921206e-01,-5.5468630657573414e-01,-5.5511151231257827e-17,-2.5115454597932263e-01,3.7052964710652214e-01,2.5115454597932257e-01,0.0000000000000000e+00,7.1163363907082472e-02,4.8322263874468099e-02,-7.1163363907082444e-02,3.4592579123359342e-02,-1.0575594303044181e-01,-7.1163363907082472e-02,3.4592579123359342e-02,-1.0575594303044181e-01,-7.7970458723515408e-20,-3.1001864226596997e-18,9.0354008438920750e-03,1.6119255687827736e-03,2.3987366901641428e-02,4.2114190956933639e-05,1.0579805722139872e-01,0.0000000000000000e+00,-2.2841100032614373e-02,9.2518585385429716e-17,2.2967168143810407e-16,1.6653345369377348e-15,2.1692700207695709e-01,-8.2920893788775390e-18
35,2.8209020129650669e-01,7.8349433492757289e-02,2.5361138205952316e-02,-3.8857805861880479e-14,3.8857805861880479e-14,0.0000000000000000e+00,2.2067000391009658e-16,-3.7854583963346078e-01,1.8865280095847131e-01,-5.6719864059193204e-01,-3.7854583963346067e-01,-1.1102230246251565e-16,-1.1519132579670441e-16,-3.7854583963346056e-01,1.8865280095847131e-01,-5.6719864059193181e-01,0.0000000000000000e+00,-2.5653457419342673e-01,3.7854583963346056e-01,2.5653457419342673e-01,0.0000000000000000e+00,8.0662067380034327e-02,5.4760050845647813e-02,-8.0662067380034300e-02,3.9320015248555835e-02,-1.1998208262859016e-01,-8.0662067380034327e-02,3.9320015248555835e-02,-1.1998208262859016e-01,-1.5640380291573143e-18,-3.8040994118334246e-18,9.9842190890144181e-03,1.9817880945125267e-03,2.7400342470206781e-02,4.6334405177893279e-05,1.2002841703376803e-01,0.0000000000000000e+00,-2.5902016534386514e-02,1.3877787807814457e-16,2.7292982688701762e-16,1.4802973661668755e-15,2.2181318398079264e-01,-7.6457067631250218e-18
36,3.0891505481916409e-01,8.5799930062176510e-02,2.6824853522657399e-02,-6.9944050551384862e-14,6.9944050551384862e-14,0.0000000000000000e+00,1.2940769451719544e-16,-3.8593192883729044e-01,1.9282336567735148e-01,-5.7875529451464192e-01,-3.8593192883729044e-01,0.0000000000000000e+00,1.2821500136642360e-16,-3.8593192883729055e-01,1.9282336567735148e-01,-5.7875529451464203e-01,0.0000000000000000e+00,-2.6148791705771957e-01,3.8593192883729055e-01,2.6148791705771940e-01,0.0000000000000000e+00,9.0915569460312276e-02,6.1707989570274846e-02,-9.0915569460312248e-02,4.4436536394751230e-02,-1.3535210585506349e-01,-9.0915569460312276e-02,4.4436536394751230e-02,-1.3535210585506349e-01,-1.3893589344151498e-18,-3.8040994118334246e-18,1.0982043155286470e-02,2.4123416759681961e-03,3.1092741375111629e-02,5.0589811615063540e-05,1.3540269566667854e-01,0.0000000000000000e+00,-2.9207579890037430e-02,1.3877787807814457e-16,3.1581920761355615e-16,1.4802973661668755e-15,2.2641419031763410e-01,-8.3127375976377209e-18
37,3.3651715928096687e-01,9.3466304994204108e-02,2.7602104461802779e-02,-4.6629367034256575e-14,4.6629367034256575e-14,0.0000000000000000e+00,2.0635195461191313e-16,-3.9255170487948848e-01,1.9658684471406540e-01,-5.8913854959355394e-01,-3.9255170487948843e-01,-5.5511151231257827e-17,-1.2018948725732056e-16,-3.9255170487948832e-01,1.9658684471406540e-01,-5.8913854959355372e-01,0.0000000000000000e+00,-2.6592355761409536e-01,3.9255170487948832e-01,2.6592355761409514e-01,0.0000000000000000e+00,1.0165946275013944e-01,6.8986822879397280e-02,-1.0165946275013941e-01,4.9810807047609471e-02,-1.5147026979774891e-01,-1.0165946275013944e-01,4.9810807047609471e-02,-1.5147026979774891e-01,-1.2785983950155828e-18,-3.8040994118334246e-18,1.2002103449562575e-02,2.8963893309454990e-03,3.4966969653002042e-02,5.4655385900645448e-05,1.5152492518364952e-01,0.0000000000000000e+00,-3.2672639870742162e-02,1.8503717077085943e-16,3.7640967873061882e-16,1.2952601953960161e-15,2.3063722603990494e-01,-1.3351706620595728e-17
38,3.6540439546796000e-01,1.0148962016084268e-01,2.8887236186993126e-02,-4.2743586448068527e-14,4.2743586448068527e-14,0.0000000000000000e+00,1.7573849962779045e-16,-3.9859176249918715e-01,2.0003379650215031e-01,-5.9862555900133740e-01,-3.9859176249918710e-01,-5.5511151231257827e-17,1.3148745483012235e-17,-3.9859176249918710e-01,2.0003379650215031e-01,-5.9862555900133740e-01,0.0000000000000000e+00,-2.6996688289535148e-01,3.9859176249918710e-01,2.6996688289535142e-01,0.0000000000000000e+00,1.1308643685012168e-01,7.6727019742071370e-02,-1.1308643685012167e-01,5.5539444117334212e-02,-1.6862588096745590e-01,-1.1308643685012168e-01,5.5539444117334212e-02,-1.6862588096745590e-01,-2.8246539896482758e-18,-3.8040994118334246e-18,1.3061980482498780e-02,3.4461369400368034e-03,3.9089906965218586e-02,5.8580270419959779e-05,1.6868446123787584e-01,0.0000000000000000e+00,-3.6359417108050310e-02,1.8503717077085943e-16,4.6989059206712621e-16,7.4014868308343773e-16,2.3458810907904018e-01,-1.5620048039478781e-17
39,3.9747144844195759e-01,1.1039611681598212e-01,3.2067052973997590e-02,-3.1086244689504383e-14,3.1086244689504383e-14,0.0000000000000000e+00,1.8916954968258533e-16,-4.0440602017433191e-01,2.0335664022278804e-01,-6.0776266039712001e-01,-4.0440602017433186e-01,-5.5511151231257827e-17,-4.4589720000059746e-17,-4.0440602017433180e-01,2.0335664022278802e-01,-6.0776266039711979e-01,0.0000000000000000e+00,-2.7385470145186519e-01,4.0440602017433180e-01,2.7385470145186536e-01,0.0000000000000000e+00,1.2596132306761884e-01,8.5446397518904121e-02,-1.2596132306761884e-01,6.2007215369165522e-02,-1.8796853843678438e-01,-1.2596132306761884e-01,6.2007215369165522e-02,-1.8796853843678438e-01,-3.3287636873444113e-18,-3.8040994118334246e-18,1.4228917954474424e-02,4.1063259203169252e-03,4.3734716016975310e-02,6.2744522601132502e-05,1.8803128295938548e-01,0.0000000000000000e+00,-4.0514925548714720e-02,1.3877787807814457e-16,3.0499576441961201e-16,1.6653345369377348e-15,2.3849889867542909e-01,-1.7442376516074245e-17
40,4.3369166424666211e-01,1.2045613795901058e-01,3.6220215804704525e-02,-3.4972025275692431e-14,3.4972025275692431e-14,0.0000000000000000e+00,7.5523668016376587e-17,-4.1001859460919332e-01,2.0657892498392708e-01,-6.1659751959312037e-01,-4.1001859460919338e-01,5.5511151231257827e-17,2.2083666211648679e-17,-4.1001859460919332e-01,2.0657892498392708e-01,-6.1659751959312037e-01,-5.5511151231257827e-17,-2.7760241215898090e-01,4.1001859460919332e-01,2.7760241215898102e-01,0.0000000000000000e+00,1.4071064071968015e-01,9.5433345349916279e-02,-1.4071064071968015e-01,6.9431192688070895e-02,-2.1014183340775106e-01,-1.4071064071968015e-01,6.9431192688070895e-02,-2.1014183340775106e-01,-3.7363507499086795e-18,-4.8094123504152985e-18,1.5534359816886291e-02,4.9127959667348304e-03,4.9051372683745084e-02,6.7335779295310538e-05,2.1020916918704635e-01,0.0000000000000000e+00,-4.5277295369763867e-02,1.3877787807814457e-16,2.7367366627985819e-16,9.2518585385429718e-16,2.4240860530765010e-01,-1.6645717023659097e-17
41,4.7321413413101787e-01,1.3143334706248816e-01,3.9522469884355760e-02,-3.4972025275692431e-14,3.4972025275692431e-14,0.0000000000000000e+00,9.0635274872566884e-17,-4.1517374969147297e-01,2.0956202083717207e-01,-6.2473577052864504e-01,-4.1517374969147292e-01,-5.5511151231257827e-17,-2.9758705273779706e-17,-4.1517374969147292e-01,2.0956202083717201e-01,-6.2473577052864493e-01,5.5511151231257827e-17,-2.8103870118567131e-01,4.1517374969147292e-01,2.8103870118567115e-01,0.0000000000000000e+00,1.5701746050789214e-01,1.0647278363907978e-01,-1.5701746050789214e-01,7.7654651687501755e-02,-2.3467211219539391e-01,-1.5701746050789214e-01,7.7654651687501755e-02,-2.3467211219539391e-01,-3.8880190000058437e-18,-4.8094123504152985e-18,1.6943089168402422e-02,5.8632625267604098e-03,5.4920420252344782e-02,7.2120260005859027e-05,2.3474423245539977e-01,0.0000000000000000e+00,-5.0544676868812366e-02,1.3877787807814457e-16,2.4037033579794551e-16,9.2518585385429718e-16,2.4615873461079729e-01,-1.4902799499102846e-17
42,5.1492075635368173e-01,1.4301719580669700e-01,4.1706622222663858e-02,-2.7200464103316335e-14,2.7200464103316335e-14,0.0000000000000000e+00,8.8336154354207437e-17,-4.1970231588240781e-01,2.1220349842891928e-01,-6.3190581431132709e-01,-4.1970231588240775e-01,-5.5511151231257827e-17,1.7340106601757115e-17,-4.1970231588240781e-01,2.1220349842891928e-01,-6.3190581431132709e-01,5.5511151231257827e-17,-2.8405081424771295e-01,4.1970231588240781e-01,2.8405081424771300e-01,0.0000000000000000e+00,1.7442739084270903e-01,1.1825677111016394e-01,-1.7442739084270903e-01,8.6449859276790025e-02,-2.6087725011949908e-01,-1.7442739084270903e-01,8.6449859276790011e-02,-2.6087725011949908e-01,-4.1469879016803042e-18,-2.4942297368680666e-18,1.8411445718472873e-02,6.9423691550738022e-03,6.1172760892157847e-02,7.6716488914496672e-05,2.6095396660841352e-01,0.0000000000000000e+00,-5.6170619732545085e-02,9.2518585385429716e-17,2.3009057835783866e-16,7.4014868308343773e-16,2.4973350416747653e-01,-1.4152837828574314e-17
43,5.5859739230255789e-01,1.5514820804227236e-01,4.3676635948876164e-02,-3.4972025275692431e-14,3.4972025275692431e-14,0.0000000000000000e+00,6.6682201888462950e-17,-4.2361249016632407e-01,2.1449880983782318e-01,-6.3811130000414729e-01,-4.2361249016632402e-01,-5.5511151231257827e-17,1.7847740796027611e-17,-4.2361249016632407e-01,2.1449880983782316e-01,-6.3811130000414718e-01,5.5511151231257827e-17,-2.8664466462832600e-01,4.2361249016632407e-01,2.8664466462832600e-01,0.0000000000000000e+00,1.9284396772975282e-01,1.3071980044443310e-01,-1.9284396772975282e-01,9.5768319965145843e-02,-2.8861228769489866e-01,-1.9284396772975282e-01,9.5768319965145829e-02,-2.8861228769489866e-01,-3.3785445013714778e-18,-6.9689393437409697e-20,1.9928755351618546e-02,8.1521877928917540e-03,6.7768331208154772e-02,8.0954387519233117e-05,2.8869324208241787e-01,0.0000000000000000e+00,-6.2124167285319720e-02,9.2518585385429716e-17,1.8358587643600647e-16,7.4014868308343773e-16,2.5316873813726581e-01,-1.4427907025031948e-17
44,6.0496450174357075e-01,1.6802648860892538e-01,4.6367109441012855e-02,-4.2743586448068527e-14,4.2743586448068527e-14,0.0000000000000000e+00,1.3433405873106674e-16,-4.2698702163093638e-01,2.1649062288240647e-01,-6.4347764451334288e-01,-4.2698702163093644e-01,5.5511151231257827e-17,-1.4175121451131970e-17,-4.2698702163093638e-01,2.1649062288240647e-01,-6.4347764451334288e-01,-5.5511151231257827e-17,-2.8887554157169060e-01,4.2698702163093638e-01,2.8887554157169054e-01,0.0000000000000000e+00,2.1256388805674065e-01,1.4406240463762832e-01,-2.1256388805674065e-01,1.0576018706257531e-01,-3.1832407511931599e-01,-2.1256388805674065e-01,1.0576018706257530e-01,-3.1832407511931599e-01,-3.2934001298214992e-18,-6.9689393437409697e-20,2.1516397632793914e-02,9.5213065399617509e-03,7.4807335319641205e-02,8.4852429821563602e-05,3.1840892754913752e-01,0.0000000000000000e+00,-6.8501483419112330e-02,9.2518585385429716e-17,2.0993260083670008e-16,1.1102230246251565e-15,2.5659631888597412e-01,-1.3949768941019108e-17
45,6.5457979776509645e-01,1.8180694010279344e-01,4.9615296021525701e-02,-2.7200464103316335e-14,2.7200464103316335e-14,0.0000000000000000e+00,1.0809065527168742e-16,-4.2985618215464527e-01,2.1819631147631879e-01,-6.4805249363096407e-01,-4.2985618215464538e-01,1.1102230246251565e-16,-2.5581897119819674e-17,-4.2985618215464527e-01,2.1819631147631885e-01,-6.4805249363096418e-01,-1.1102230246251565e-16,-2.9076358680814995e-01,4.2985618215464527e-01,2.9076358680815001e-01,0.0000000000000000e+00,2.3382015265666770e-01,1.5844188810774079e-01,-2.3382015265666770e-01,1.1654374752502414e-01,-3.5036390018169189e-01,-2.3382015265666770e-01,1.1654374752502414e-01,-3.5036390018169189e-01,-4.2796782524870295e-18,-4.2009926946892167e-18,2.3188651422652355e-02,1.1077974109223435e-02,8.2365532308325967e-02,8.8410315177617216e-05,3.5045231049686942e-01,0.0000000000000000e+00,-7.5378264548926904e-02,1.3877787807814457e-16,3.2471420457041922e-16,1.1102230246251565e-15,2.5998732080457276e-01,-1.9725095406810004e-17
46,7.0736727980849234e-01,1.9646845367044102e-01,5.2787482043395895e-02,-2.3314683517128287e-14,2.3314683517128287e-14,0.0000000000000000e+00,7.2518421887390151e-17,-4.3220379852333302e-01,2.1960627945054903e-01,-6.5181007797388202e-01,-4.3220379852333307e-01,5.5511151231257827e-17,-3.7410935457875569e-17,-4.3220379852333302e-01,2.1960627945054906e-01,-6.5181007797388202e-01,0.0000000000000000e+00,-2.9229826717470242e-01,4.3220379852333302e-01,2.9229826717470242e-01,0.0000000000000000e+00,2.5657314053185221e-01,1.7383107168139528e-01,-2.5657314053185221e-01,1.2809899572857625e-01,-3.8467213626042851e-01,-2.5657314053185221e-01,1.2809899572857625e-01,-3.8467213626042851e-01,-5.9422947617658953e-18,-7.1312865935174724e-18,2.4937483376347269e-02,1.2832537418533041e-02,9.0420514981724903e-02,9.1540048028970755e-05,3.8476367630845743e-01,0.0000000000000000e+00,-8.2742068850456929e-02,9.2518585385429716e-17,2.0327788103457878e-16,7.4014868308343773e-16,2.6307081541646549e-01,-1.8516263913619666e-17
47,7.6308968566159929e-01,2.1194513067438805e-01,5.5722405853106949e-02,-2.7200464103316335e-14,2.7200464103316335e-14,0.0000000000000000e+00,9.9482681998579746e-17,-4.3402613262001000e-01,2.2071514685821153e-01,-6.5474127947822147e-01,-4.3402613262001000e-01,0.0000000000000000e+00,3.6204862914687342e-17,-4.3402613262001000e-01,2.2071514685821156e-01,-6.5474127947822158e-01,-5.5511151231257827e-17,-2.9347756852818607e-01,4.3402613262001000e-01,2.9347756852818607e-01,0.0000000000000000e+00,2.8070734842449135e-01,1.9015149110938490e-01,-2.8070734842449135e-01,1.4036688033987410e-01,-4.2107422876436545e-01,-2.8070734842449135e-01,1.4036688033987410e-01,-4.2107422876436545e-01,-5.9758973936358068e-18,-8.6778940426581454e-18,2.6749853324722538e-02,1.4788514214750057e-02,9.8922987578420912e-02,9.4474778019409955e-05,4.2116870354238489e-01,0.0000000000000000e+00,-9.0555857315106458e-02,9.2518585385429716e-17,2.3872887746910504e-16,9.2518585385429718e-16,2.6582994419714900e-01,-2.2764130536247116e-17
48,8.2151386970034290e-01,2.2817221584315189e-01,5.8424184038743610e-02,-1.1657341758564144e-14,1.1657341758564144e-14,0.0000000000000000e+00,5.2745034783265860e-17,-4.3532853496659085e-01,2.2152614969240789e-01,-6.5685468465899877e-01,-4.3532853496659074e-01,-1.1102230246251565e-16,4.7982055174540176e-17,-4.3532853496659080e-01,2.2152614969240786e-01,-6.5685468465899866e-01,0.0000000000000000e+00,-2.9430557896205439e-01,4.3532853496659080e-01,2.9430557896205450e-01,0.0000000000000000e+00,3.0610301697150155e-01,2.0732186650130580e-01,-3.0610301697150155e-01,1.5328567378947708e-01,-4.5938869076097860e-01,-3.0610301697150155e-01,1.5328567378947708e-01,-4.5938869076097860e-01,-3.5166213955859759e-18,-1.0299490900526914e-17,2.8612619651763545e-02,1.6947313691948636e-02,1.0782261888859095e-01,9.6878442826048294e-05,4.5948556920380468e-01,0.0000000000000000e+00,-9.8781150470195755e-02,9.2518585385429716e-17,1.5422462453571532e-16,5.5511151231257827e-16,2.6825575673480978e-01,-2.5024379288593761e-17
49,8.8267010224378739e-01,2.4515811663767745e-01,6.1156232543444489e-02,-1.1657341758564144e-14,1.1657341758564144e-14,0.0000000000000000e+00,7.0003672139879162e-17,-4.3613465063463996e-01,2.2205042236303413e-01,-6.5818507299767415e-01,-4.3613465063463985e-01,-1.1102230246251565e-16,9.7593545198093394e-18,-4.3613465063463991e-01,2.2205042236303413e-01,-6.5818507299767404e-01,5.5511151231257827e-17,-2.9479847184318358e-01,4.3613465063463991e-01,2.9479847184318370e-01,0.0000000000000000e+00,3.3275071958734143e-01,2.2533555866297095e-01,-3.3275071958734143e-01,1.6684940978520035e-01,-4.9960012937254178e-01,-3.3275071958734143e-01,1.6684940978520035e-01,-4.9960012937254178e-01,-1.7509978562590063e-18,-8.6020644638003543e-18,3.0521463874079068e-02,1.9318584235805930e-02,1.1710804445956639e-01,9.8682784251041822e-05,4.9969881215679279e-01,0.0000000000000000e+00,-1.0741516092437048e-01,9.2518585385429716e-17,1.6675817363713018e-16,9.2518585385429718e-16,2.7035753153533593e-01,-3.0086274059259370e-17
50,9.4689453048798256e-01,2.6299619660714019e-01,6.4224428244195164e-02,-2.7200464103316335e-14,2.7200464103316335e-14,0.0000000000000000e+00,5.6176183963212356e-17,-4.3646764307096403e-01,2.2230077912445079e-01,-6.5876842219541487e-01,-4.3646764307096397e-01,-5.5511151231257827e-17,4.2378240717502859e-17,-4.3646764307096397e-01,2.2230077912445081e-01,-6.5876842219541476e-01,-5.5511151231257827e-17,-2.9497185722808911e-01,4.3646764307096397e-01,2.9497185722808905e-01,0.0000000000000000e+00,3.6077191128624925e-01,2.4427438975296761e-01,-3.6077191128624925e-01,1.8111851071277779e-01,-5.4189042199902704e-01,-3.6077191128624925e-01,1.8111851071277779e-01,-5.4189042199902704e-01,-7.6744234187181958e-20,-8.6020644638003543e-18,3.2481024616538290e-02,2.1924399312174894e-02,1.2681294475329194e-01,9.9857969227346022e-05,5.4199027996825433e-01,0.0000000000000000e+00,-1.1649752153328163e-01,9.2518585385429716e-17,1.7193901432293971e-16,7.4014868308343773e-16,2.7215189860452904e-01,-3.2908223238275613e-17
51,1.0143071428266730e+00,2.8171978205154063e-01,6.7412612338690447e-02,-1.5543122344752192e-14,1.5543122344752192e-14,0.0000000000000000e+00,5.7959997558031243e-17,-4.3634313867468105e-01,2.2228609039708142e-01,-6.5862922907176247e-01,-4.3634313867468111e-01,5.5511151231257827e-17,2.4148760526416955e-17,-4.3634313867468111e-01,2.2228609039708142e-01,-6.5862922907176258e-01,0.0000000000000000e+00,-2.9483646833807470e-01,4.3634313867468111e-01,2.9483646833807470e-01,0.0000000000000000e+00,3.9019113872367350e-01,2.6415464975572955e-01,-3.9019113872367350e-01,1.9610389185574129e-01,-5.8629503057941479e-01,-3.9019113872367350e-01,1.9610389185574129e-01,-5.8629503057941479e-01,2.1656352382687901e-18,-1.0473140323013956e-17,3.4488395219170451e-02,2.4779412648851511e-02,1.3693644609903508e-01,1.0036211131575490e-04,5.8639539269073060e-01,0.0000000000000000e+00,-1.2603648896794395e-01,9.2518585385429716e-17,2.1230193240774424e-16,5.5511151231257827e-16,2.7364423302465068e-01,-2.8140979552475913e-17
52,1.0843911863008135e+00,3.0118534688804838e-01,7.0084043474140545e-02,-1.9428902930940239e-14,1.9428902930940239e-14,0.0000000000000000e+00,5.7963542672587198e-17,-4.3578272402778084e-01,2.2201808218533037e-01,-6.5780080621311121e-01,-4.3578272402778084e-01,0.0000000000000000e+00,-3.1217252172894068e-17,-4.3578272402778079e-01,2.2201808218533034e-01,-6.5780080621311110e-01,0.0000000000000000e+00,-2.9440752186764441e-01,4.3578272402778079e-01,2.9440752186764452e-01,0.0000000000000000e+00,4.2075219216195436e-01,2.8480295046895637e-01,-4.2075219216195436e-01,2.1167320832924519e-01,-6.3242540049119955e-01,-4.2075219216195436e-01,2.1167320832924519e-01,-6.3242540049119955e-01,1.9179410003446394e-18,-1.0473140323013956e-17,3.6521826078725443e-02,2.7870015634239305e-02,1.4738152054336581e-01,1.0015392708537241e-04,6.3252555441828495e-01,0.0000000000000000e+00,-1.3594924169299799e-01,5.5511151231257827e-17,1.5648022022199252e-16,5.5511151231257827e-16,2.7482955658751368e-01,-2.8785753327642474e-17
53,1.1569371088112002e+00,3.2133468885304578e-01,7.2545922510386607e-02,-1.5543122344752192e-14,1.5543122344752192e-14,0.0000000000000000e+00,9.0209992943713359e-17,-4.3481515722553837e-01,2.2151292314530663e-01,-6.5632808037084500e-01,-4.3481515722553837e-01,0.0000000000000000e+00,-6.9162503271172902e-18,-4.3481515722553832e-01,2.2151292314530657e-01,-6.5632808037084489e-01,-5.5511151231257827e-17,-2.9370476981046284e-01,4.3481515722553832e-01,2.9370476981046284e-01,0.0000000000000000e+00,4.5233135537750940e-01,3.0613552483869932e-01,-4.5233135537750940e-01,2.2776139130108031e-01,-6.8009274667858977e-01,-4.5233135537750940e-01,2.2776139130108031e-01,-6.8009274667858965e-01,5.3472594163691051e-19,-1.2486694160856547e-17,3.8569523400704020e-02,3.1192943484877098e-02,1.5809814456068599e-01,9.9220145186817987e-05,6.8019196682377658e-01,0.0000000000000000e+00,-1.4619583053881008e-01,9.2518585385429716e-17,2.0361972364762784e-16,5.5511151231257827e-16,2.7571650552498284e-01,-2.8384065969375428e-17
54,1.2319024076908152e+00,3.4215600299950705e-01,7.4965298879615005e-02,-1.9428902930940239e-14,1.9428902930940239e-14,0.0000000000000000e+00,4.5633003361555002e-17,-4.3346816946504652e-01,2.2078675361218528e-01,-6.5425492307723176e-01,-4.3346816946504652e-01,0.0000000000000000e+00,2.1101677818658939e-17,-4.3346816946504652e-01,2.2078675361218525e-01,-6.5425492307723176e-01,0.0000000000000000e+00,-2.9274712439181849e-01,4.3346816946504652e-01,2.9274712439181855e-01,0.0000000000000000e+00,4.8487691492628243e-01,3.2811729560239450e-01,-4.8487691492628243e-01,2.4433995503232156e-01,-7.2921686995860402e-01,-4.8487691492628243e-01,2.4433995503232153e-01,-7.2921686995860391e-01,1.0664333474561739e-18,-1.4567399182457923e-17,4.0624735689109528e-02,3.4751279104213877e-02,1.6906150247660509e-01,9.7562237606929614e-05,7.2931443219621095e-01,0.0000000000000000e+00,-1.5675961932388793e-01,9.2518585385429716e-17,2.0578887130968694e-16,5.5511151231257827e-16,2.7631771282433049e-01,-2.8486071704300564e-17
55,1.3095140009017179e+00,3.6371231489051448e-01,7.7611593210902718e-02,-2.3314683517128287e-14,2.3314683517128287e-14,0.0000000000000000e+00,5.6779662984559950e-17,-4.3176162501486226e-01,2.1985166683466023e-01,-6.5161329184952255e-01,-4.3176162501486226e-01,0.0000000000000000e+00,-4.1080336325254577e-17,-4.3176162501486220e-01,2.1985166683466023e-01,-6.5161329184952244e-01,0.0000000000000000e+00,-2.9154800987198010e-01,4.3176162501486220e-01,2.9154800987197999e-01,0.0000000000000000e+00,5.1845284634784627e-01,3.5079133374019034e-01,-5.1845284634784627e-01,2.6143927995272920e-01,-7.7989212630057547e-01,-5.1845284634784627e-01,2.6143927995272920e-01,-7.7989212630057536e-01,2.9114558899945293e-19,-1.4567399182457923e-17,4.2687786583602644e-02,3.8561013993716087e-02,1.8028565323340295e-01,9.5173857992514321e-05,7.7998730015856799e-01,0.0000000000000000e+00,-1.6766151260765594e-01,9.2518585385429716e-17,1.7532821174751291e-16,7.4014868308343773e-16,2.7664622573825515e-01,-3.0955385878314885e-17
56,1.3903736906050019e+00,3.8617077268711608e-01,8.0859689703284054e-02,-1.5543122344752192e-14,1.5543122344752192e-14,0.0000000000000000e+00,5.6023092422744245e-17,-4.2970014899927000e-01,2.1871146473176256e-01,-6.4841161373103251e-01,-4.2970014899926989e-01,-1.1102230246251565e-16,-6.0895423638478862e-18,-4.2970014899926989e-01,2.1871146473176259e-01,-6.4841161373103251e-01,0.0000000000000000e+00,-2.9011037814182178e-01,4.2970014899926989e-01,2.9011037814182178e-01,0.0000000000000000e+00,5.5328161221685790e-01,3.7430769212424453e-01,-5.5328161221685790e-01,2.7917031931960995e-01,-8.3245193153646790e-01,-5.5328161221685790e-01,2.7917031931960995e-01,-8.3245193153646779e-01,-1.6159252880717350e-18,-1.4567399182457923e-17,4.4767598386143977e-02,4.2658621595725484e-02,1.9183611295137920e-01,9.2013613638697311e-05,8.3254394515010655e-01,0.0000000000000000e+00,-1.7897392009261337e-01,9.2518585385429716e-17,1.6789319419877515e-16,5.5511151231257827e-16,2.7671099109075925e-01,-3.0410616974017177e-17
57,1.4742933350145970e+00,4.0947912075516657e-01,8.3919644409595096e-02,-1.5543122344752192e-14,1.5543122344752192e-14,0.0000000000000000e+00,6.0010455327753185e-17,-4.2730443407548102e-01,2.1737790186577347e-01,-6.4468233594125446e-01,-4.2730443407548108e-01,5.5511151231257827e-17,-2.7560541630860849e-18,-4.2730443407548102e-01,2.1737790186577344e-01,-6.4468233594125446e-01,-5.5511151231257827e-17,-2.8844851445237635e-01,4.2730443407548102e-01,2.8844851445237635e-01,0.0000000000000000e+00,5.8924137215137107e-01,3.9858392039250162e-01,-5.8924137215137107e-01,2.9746855160744534e-01,-8.8670992375881652e-01,-5.8924137215137107e-01,2.9746855160744534e-01,-8.8670992375881641e-01,-1.9870849456372593e-18,-1.6896637218505130e-17,4.6851569275796638e-02,4.7042170853507377e-02,2.0366287730782304e-01,8.8065829681682750e-05,8.8679798958849809e-01,0.0000000000000000e+00,-1.9065745175886945e-01,9.2518585385429716e-17,1.9262982703065677e-16,5.5511151231257827e-16,2.7651646049144141e-01,-3.0046716534293695e-17
58,1.5602475959888995e+00,4.3335257549649797e-01,8.5954260974302477e-02,-1.1657341758564144e-14,1.1657341758564144e-14,0.0000000000000000e+00,6.6417591549284773e-17,-4.2462445063063153e-01,2.1587886875980841e-01,-6.4050331939043992e-01,-4.2462445063063142e-01,-1.1102230246251565e-16,2.4717279988136553e-17,-4.2462445063063142e-01,2.1587886875980838e-01,-6.4050331939043981e-01,0.0000000000000000e+00,-2.8659682011754384e-01,4.2462445063063142e-01,2.8659682011754400e-01,0.0000000000000000e+00,6.2585483099515893e-01,4.2329771877234063e-01,-6.2585483099515893e-01,3.1608868437306270e-01,-9.4194351536822174e-01,-6.2585483099515893e-01,3.1608868437306270e-01,-9.4194351536822163e-01,-1.0432544776962698e-18,-1.9282347208462883e-17,4.8907998893525456e-02,5.1662604774246515e-02,2.1560149122986785e-01,8.3410524577109957e-05,9.4202692589279868e-01,0.0000000000000000e+00,-2.0255711222281830e-01,9.2518585385429716e-17,1.8538379081384115e-16,5.5511151231257827e-16,2.7607518552293919e-01,-2.6438735452981935e-17
59,1.6481159392389291e+00,4.5775765899087534e-01,8.7868343250029568e-02,-1.5543122344752192e-14,1.5543122344752192e-14,0.0000000000000000e+00,5.3712498201187843e-17,-4.2168604979236668e-01,2.1423054736994182e-01,-6.3591659716230853e-01,-4.2168604979236662e-01,-5.5511151231257827e-17,3.0441176131012491e-17,-4.2168604979236668e-01,2.1423054736994179e-01,-6.3591659716230842e-01,0.0000000000000000e+00,-2.8457284401390032e-01,4.2168604979236668e-01,2.8457284401390032e-01,0.0000000000000000e+00,6.6303678176879510e-01,4.4839158482329355e-01,-6.6303678176879510e-01,3.3498518527884202e-01,-9.9802196704763724e-01,-6.6303678176879510e-01,3.3498518527884202e-01,-9.9802196704763713e-01,1.3800866000132710e-18,-1.9282347208462883e-17,5.0929335188351736e-02,5.6515151294919158e-02,2.2761880567485815e-01,7.8106879286998776e-05,9.9810007392692413e-01,0.0000000000000000e+00,-2.1464519694550155e-01,9.2518585385429716e-17,1.7791795456941565e-16,5.5511151231257827e-16,2.7540187699307084e-01,-3.0681878000273616e-17
60,1.7391283742755761e+00,4.8303600149672676e-01,9.1012435036647021e-02,-1.1657341758564144e-14,1.1657341758564144e-14,0.0000000000000000e+00,4.1173037306803638e-17,-4.1846396494145710e-01,2.1242117820104622e-01,-6.3088514314250332e-01,-4.1846396494145705e-01,-5.5511151231257827e-17,1.5154193628301960e-17,-4.1846396494145710e-01,2.1242117820104617e-01,-6.3088514314250332e-01,5.5511151231257827e-17,-2.8235904848447840e-01,4.1846396494145710e-01,2.8235904848447851e-01,0.0000000000000000e+00,7.0126883108729521e-01,4.7419051084139957e-01,-7.0126883108729521e-01,3.5440049150724345e-01,-1.0556693225945388e+00,-7.0126883108729521e-01,3.5440049150724345e-01,-1.0556693225945386e+00,3.4549594141090244e-18,-1.6756244685840713e-17,5.2937719601127038e-02,6.1671686056198279e-02,2.3986314563865085e-01,7.2059788732703467e-05,1.0557413823832713e+00,0.0000000000000000e+00,-2.2707832024589564e-01,4.6259292692714858e-17,1.5020029752412623e-16,3.7007434154171886e-16,2.7449617397863679e-01,-2.9550312547655500e-17
61,1.8336175717312291e+00,5.0928000096147308e-01,9.4489197455652985e-02,-7.7715611723760958e-15,7.7715611723760958e-15,0.0000000000000000e+00,5.8049390133366847e-17,-4.1495836809719588e-01,2.1045081683660061e-01,-6.2540918493379649e-01,-4.1495836809719588e-01,0.0000000000000000e+00,-2.0329507150713245e-17,-4.1495836809719588e-01,2.1045081683660061e-01,-6.2540918493379649e-01,0.0000000000000000e+00,-2.7995556361960949e-01,4.1495836809719588e-01,2.7995556361960949e-01,0.0000000000000000e+00,7.4064353478251532e-01,5.0075683904905066e-01,-7.4064353478251532e-01,3.7437890922603251e-01,-1.1150224440085481e+00,-7.4064353478251532e-01,3.7437890922603251e-01,-1.1150224440085479e+00,3.2104538034520091e-18,-1.4133642621000245e-17,5.4932168476173632e-02,6.7158050404634018e-02,2.5235388149659915e-01,6.5191151374321965e-05,1.1150876351599222e+00,0.0000000000000000e+00,-2.3988669573346466e-01,9.2518585385429716e-17,2.0793539201274384e-16,3.7007434154171886e-16,2.7335842959798506e-01,-3.1940586251516468e-17
62,1.9309263821926290e+00,5.3630713674450947e-01,9.7308810461399942e-02,-2.3314683517128287e-14,2.3314683517128287e-14,0.0000000000000000e+00,6.5741888513739945e-17,-4.1120624114594029e-01,2.0833992290149350e-01,-6.1954616404743379e-01,-4.1120624114594023e-01,-5.5511151231257827e-17,-1.7964356984133302e-17,-4.1120624114594023e-01,2.0833992290149350e-01,-6.1954616404743379e-01,0.0000000000000000e+00,-2.7738772855129462e-01,4.1120624114594023e-01,2.7738772855129468e-01,0.0000000000000000e+00,7.8084008246789371e-01,5.2787404543894623e-01,-7.8084008246789371e-01,3.9475492358411435e-01,-1.1755950060520084e+00,-7.8084008246789371e-01,3.9475492358411435e-01,-1.1755950060520082e+00,1.3472886199858172e-18,-1.4133642621000245e-17,5.6891002928634575e-02,7.2941979757528252e-02,2.6497949959726275e-01,5.7558699311233141e-05,1.1756525647513194e+00,0.0000000000000000e+00,-2.5296603702894749e-01,9.2518585385429716e-17,1.9511333945697911e-16,5.5511151231257827e-16,2.7200156412654658e-01,-2.8439475154823297e-17
63,2.0301827166264981e+00,5.6387518957909621e-01,9.9256334433869053e-02,-1.5543122344752192e-14,1.5543122344752192e-14,0.0000000000000000e+00,5.7842391542926766e-17,-4.0725567320973299e-01,2.0611608923888816e-01,-6.1337176244862113e-01,-4.0725567320973294e-01,-5.5511151231257827e-17,-1.3855454823206713e-17,-4.0725567320973288e-01,2.0611608923888813e-01,-6.1337176244862102e-01,-5.5511151231257827e-17,-2.7468834087807326e-01,4.0725567320973288e-01,2.7468834087807326e-01,0.0000000000000000e+00,8.2145884721422946e-01,5.5527256892905485e-01,-8.2145884721422946e-01,4.1532361585868105e-01,-1.2367824630729107e+00,-8.2145884721422946e-01,4.1532361585868105e-01,-1.2367824630729105e+00,-2.3187032120024085e-19,-1.6888559316709649e-17,5.8791244609482096e-02,7.8973986040296651e-02,2.7760769184178002e-01,4.9306632877721412e-05,1.2368317697057882e+00,0.0000000000000000e+00,-2.6618627828517460e-01,9.2518585385429716e-17,1.6250119833314902e-16,5.5511151231257827e-16,2.7044693252058771e-01,-3.0213352143675285e-17
64,2.1313479754799767e+00,5.9197343859266927e-01,1.0116525885347860e-01,-1.9428902930940239e-14,1.9428902930940239e-14,0.0000000000000000e+00,5.1416438226598856e-17,-4.0312197394822791e-01,2.0378982025574729e-01,-6.0691179420397523e-01,-4.0312197394822785e-01,-5.5511151231257827e-17,7.0235534191583207e-18,-4.0312197394822780e-01,2.0378982025574727e-01,-6.0691179420397501e-01,-5.5511151231257827e-17,-2.7186771298046503e-01,4.0312197394822780e-01,2.7186771298046503e-01,0.0000000000000000e+00,8.6244987943613349e-01,5.8291881126232226e-01,-8.6244987943613349e-01,4.3605773457847874e-01,-1.2985076140146123e+00,-8.6244987943613349e-01,4.3605773457847874e-01,-1.2985076140146121e+00,-5.7744585820124058e-19,-2.2504359300274445e-17,6.0628298183066524e-02,8.5251922411774372e-02,2.9021801559879845e-01,4.0501615160615234e-05,1.2985481156297729e+00,0.0000000000000000e+00,-2.7953106817381124e-01,9.2518585385429716e-17,1.8440000848491539e-16,5.5511151231257827e-16,2.6870596344475206e-01,-2.6724673450844515e-17
65,2.2344864190082987e+00,6.2061973181600227e-01,1.0313844352832202e-01,-7.7715611723760958e-15,7.7715611723760958e-15,0.0000000000000000e+00,4.0864888123069276e-17,-3.9881521961575017e-01,2.0136776516156280e-01,-6.0018298477731302e-01,-3.9881521961575006e-01,-1.1102230246251565e-16,-4.9594978493998926e-18,-3.9881521961575017e-01,2.0136776516156280e-01,-6.0018298477731302e-01,1.1102230246251565e-16,-2.6893258551603832e-01,3.9881521961575017e-01,2.6893258551603832e-01,0.0000000000000000e+00,9.0380515641196313e-01,6.1080746178561296e-01,-9.0380515641196324e-01,4.5695139595029599e-01,-1.3607565523622593e+00,-9.0380515641196313e-01,4.5695139595029599e-01,-1.3607565523622591e+00,-4.7100411879081644e-19,-1.9641692432045830e-17,6.2399690500865662e-02,9.1779723487429049e-02,3.0280314622335408e-01,3.1164261352800704e-05,1.3607877166236120e+00,0.0000000000000000e+00,-2.9299769462635017e-01,4.6259292692714858e-17,1.4407374832416052e-16,5.5511151231257827e-16,2.6678743531530197e-01,-2.9113933203439830e-17
66,2.3402187753832706e+00,6.4998647403448140e-01,1.0573235637497191e-01,-1.9428902930940239e-14,1.9428902930940239e-14,0.0000000000000000e+00,5.9130864844536399e-17,-3.9431970746432865e-01,1.9884268207493366e-01,-5.9316238953926237e-01,-3.9431970746432854e-01,-1.1102230246251565e-16,-7.8344212498578861e-19,-3.9431970746432854e-01,1.9884268207493366e-01,-5.9316238953926215e-01,0.0000000000000000e+00,-2.6587216643938794e-01,3.9431970746432854e-01,2.6587216643938794e-01,0.0000000000000000e+00,9.4573516879369723e-01,6.3908054509800272e-01,-9.4573516879369735e-01,4.7810899276639407e-01,-1.4238441615600916e+00,-9.4573516879369723e-01,4.7810899276639407e-01,-1.4238441615600914e+00,-7.7461140679672584e-19,-1.3772367607277517e-17,6.4111711371271779e-02,9.8597470725926992e-02,3.1542103900700386e-01,2.1228337808543163e-05,1.4238653898978999e+00,0.0000000000000000e+00,-3.0665462369569452e-01,9.2518585385429716e-17,2.3858317096443535e-16,5.5511151231257827e-16,2.6468766463439736e-01,-2.4606242456643908e-17
67,2.4480674293893721e+00,6.7994100951816061e-01,1.0784865400610144e-01,-7.7715611723760958e-15,7.7715611723760958e-15,0.0000000000000000e+00,3.7551836685006182e-17,-3.8966628230639211e-01,1.9623124664898373e-01,-5.8589752895537583e-01,-3.8966628230639200e-01,-1.1102230246251565e-16,-6.1865617422692899e-18,-3.8966628230639200e-01,1.9623124664898370e-01,-5.8589752895537572e-01,0.0000000000000000e+00,-2.6270736492728247e-01,3.8966628230639200e-01,2.6270736492728242e-01,0.0000000000000000e+00,9.8801108567190399e-01,6.6758384059453835e-01,-9.8801108567190410e-01,4.9941308848928256e-01,-1.4874241741611869e+00,-9.8801108567190399e-01,4.9941308848928256e-01,-1.4874241741611867e+00,-1.1504641745471168e-18,-1.3772367607277517e-17,6.5752346965814140e-02,1.0567492685109303e-01,3.2799656957665063e-01,1.0754904275267485e-05,1.4874349290654618e+00,0.0000000000000000e+00,-3.2042724507736564e-01,5.5511151231257827e-17,1.0868472903575299e-16,3.7007434154171886e-16,2.6242329273359444e-01,-3.0140615755050858e-17
68,2.5571174189540140e+00,7.1022921118384041e-01,1.0904998956464196e-01,-3.8857805861880479e-15,3.8857805861880479e-15,0.0000000000000000e+00,4.9644571188383795e-17,-3.8490510070452244e-01,1.9356174071084689e-01,-5.7846684141536930e-01,-3.8490510070452233e-01,-1.1102230246251565e-16,3.4429703938286230e-17,-3.8490510070452238e-01,1.9356174071084689e-01,-5.7846684141536930e-01,0.0000000000000000e+00,-2.5947214120346862e-01,3.8490510070452238e-01,2.5947214120346868e-01,0.0000000000000000e+00,1.0302445862891092e+00,6.9605567544175251e-01,-1.0302445862891094e+00,5.2066654909126264e-01,-1.5509111353803722e+00,-1.0302445862891092e+00,5.2066654909126264e-01,-1.5509111353803720e+00,3.8949300632705646e-19,-1.3772367607277517e-17,6.7305749880757756e-02,1.1294975928932287e-01,3.4041097378956930e-01,-6.6131612741493484e-08,1.5509110692487593e+00,0.0000000000000000e+00,-3.3418891084735669e-01,9.2518585385429716e-17,1.5460572606474195e-16,2.2204460492503131e-16,2.6002258726642785e-01,-2.7434787721310296e-17
69,2.6673418281700343e+00,7.4084360324516429e-01,1.1022440921602028e-01,-7.7715611723760958e-15,7.7715611723760958e-15,0.0000000000000000e+00,5.5113812429978907e-17,-3.8004546862227140e-01,1.9084131355396472e-01,-5.7088678217623612e-01,-3.8004546862227123e-01,-1.6653345369377348e-16,1.3750701965163706e-17,-3.8004546862227129e-01,1.9084131355396472e-01,-5.7088678217623601e-01,5.5511151231257827e-17,-2.5617267216711276e-01,3.8004546862227129e-01,2.5617267216711276e-01,0.0000000000000000e+00,1.0724026985808612e+00,7.2447399790129119e-01,-1.0724026985808615e+00,5.4185184886984894e-01,-1.6142545474507106e+00,-1.0724026985808612e+00,5.4185184886984894e-01,-1.6142545474507104e+00,3.0448213945749689e-18,-1.0713025682594242e-17,6.8771249687644184e-02,1.2041597892844733e-01,3.5265345974556794e-01,-1.1160508189500540e-05,1.6142433869425208e+00,0.0000000000000000e+00,-3.4792870067957005e-01,9.2518585385429716e-17,1.5762137000608560e-16,5.5511151231257827e-16,2.5749558109365434e-01,-2.7088238187740896e-17
70,2.7790145910417454e+00,7.7186026978429356e-01,1.1167276287171113e-01,-1.9428902930940239e-14,1.9428902930940239e-14,0.0000000000000000e+00,4.2727451986516529e-17,-3.7508423734778040e-01,1.8806922640809226e-01,-5.6315346375587261e-01,-3.7508423734778040e-01,0.0000000000000000e+00,7.3319947750844500e-19,-3.7508423734778046e-01,1.8806922640809223e-01,-5.6315346375587272e-01,5.5511151231257827e-17,-2.5280665350834558e-01,3.7508423734778046e-01,2.5280665350834552e-01,0.0000000000000000e+00,1.1145664088769505e+00,7.5289356167267063e-01,-1.1145664088769507e+00,5.6300884230923631e-01,-1.6775752511861872e+00,-1.1145664088769505e+00,5.6300884230923631e-01,-1.6775752511861870e+00,3.8535500402073496e-18,-4.5139420544102910e-18,7.0152105844924914e-02,1.2808801128226052e-01,3.6474618522481966e-01,-2.2539957231226815e-05,1.6775527112289557e+00,0.0000000000000000e+00,-3.6167284720427983e-01,9.2518585385429716e-17,1.7260668086314134e-16,5.5511151231257827e-16,2.5484465985242954e-01,-3.3924715624941975e-17
71,2.8929721117999998e+00,8.0351151875576543e-01,1.1395752075825438e-01,-1.1657341758564144e-14,1.1657341758564144e-14,0.0000000000000000e+00,4.9722210844040006e-17,-3.6999077389593205e-01,1.8522983111663027e-01,-5.5522060501256232e-01,-3.6999077389593193e-01,-1.1102230246251565e-16,1.3593222057335395e-17,-3.6999077389593205e-01,1.8522983111663027e-01,-5.5522060501256232e-01,1.1102230246251565e-16,-2.4935320115537271e-01,3.6999077389593205e-01,2.4935320115537271e-01,0.0000000000000000e+00,1.1570198594070815e+00,7.8150600770357193e-01,-1.1570198594070817e+00,5.8427895985769152e-01,-1.7412988192647734e+00,-1.1570198594070815e+00,5.8427895985769152e-01,-1.7412988192647731e+00,4.6698517799315846e-18,4.9749276987157022e-18,7.1457000943395355e-02,1.3602033052780102e-01,3.7676730632618843e-01,-3.4322060306735125e-05,1.7412644972044666e+00,0.0000000000000000e+00,-3.7551385170350959e-01,9.2518585385429716e-17,2.1420849872268351e-16,3.7007434154171886e-16,2.5205652517933652e-01,-2.4345957398868240e-17
72,3.0098135865053686e+00,8.3596377448655446e-01,1.1684147470536876e-01,-1.5543122344752192e-14,1.5543122344752192e-14,0.0000000000000000e+00,7.8800660185298618e-17,-3.6474492725351026e-01,1.8231232143987691e-01,-5.4705724869338712e-01,-3.6474492725351015e-01,-1.1102230246251565e-16,-3.3302867701656120e-17,-3.6474492725351015e-01,1.8231232143987691e-01,-5.4705724869338712e-01,5.5511151231257827e-17,-2.4579858371099139e-01,3.6474492725351015e-01,2.4579858371099136e-01,0.0000000000000000e+00,1.1999436608275735e+00,8.1043314007696265e-01,-1.1999436608275738e+00,6.0575104341823549e-01,-1.8056947042458094e+00,-1.1999436608275735e+00,6.0575104341823549e-01,-1.8056947042458091e+00,3.5183997484302440e-18,1.4703934857395069e-17,7.2689493524439569e-02,1.4425291516560410e-01,3.8876200969606900e-01,-4.6625032122826759e-05,1.8056480792136864e+00,0.0000000000000000e+00,-3.8951052075061088e-01,9.2518585385429716e-17,1.7749649012567695e-16,3.7007434154171886e-16,2.4912140986019354e-01,-2.3470274166871184e-17
73,3.1296904081637260e+00,8.6925908578300148e-01,1.1987682165835745e-01,-7.7715611723760958e-15,7.7715611723760958e-15,0.0000000000000000e+00,4.9822289315957239e-17,-3.5934645799536979e-01,1.7931677054159437e-01,-5.3866322853696413e-01,-3.5934645799536974e-01,-5.5511151231257827e-17,2.5492063856288872e-17,-3.5934645799536979e-01,1.7931677054159439e-01,-5.3866322853696413e-01,5.5511151231257827e-17,-2.4214258429501528e-01,3.5934645799536979e-01,2.4214258429501526e-01,0.0000000000000000e+00,1.2433445477544900e+00,8.3967955826537599e-01,-1.2433445477544902e+00,6.2742651650120373e-01,-1.8707710642556941e+00,-1.2433445477544900e+00,6.2742651650120373e-01,-1.8707710642556938e+00,3.0502325786404929e-18,2.1358435233594673e-17,7.3847237323328666e-02,1.5279475490033251e-01,4.0072503814112170e-01,-5.9486136420816571e-05,1.8707115781192731e+00,0.0000000000000000e+00,-4.0366498948911400e-01,9.2518585385429716e-17,1.5723056559832954e-16,5.5511151231257827e-16,2.4603976952383583e-01,-2.3388793737768543e-17
74,3.2508967183976338e+00,9.0292365725314727e-01,1.2120631023390782e-01,-1.9428902930940239e-14,1.9428902930940239e-14,0.0000000000000000e+00,4.0411866274803275e-17,-3.5388015523583222e-01,1.7628847718697072e-01,-5.3016863242280299e-01,-3.5388015523583211e-01,-1.1102230246251565e-16,-1.2806605696084490e-17,-3.5388015523583205e-01,1.7628847718697072e-01,-5.3016863242280277e-01,-5.5511151231257827e-17,-2.3844252254495071e-01,3.5388015523583205e-01,2.3844252254495069e-01,0.0000000000000000e+00,1.2865683308296803e+00,8.6880453204209629e-01,-1.2865683308296805e+00,6.4897731648970081e-01,-1.9355456473193813e+00,-1.2865683308296803e+00,6.4897731648970081e-01,-1.9355456473193811e+00,3.8190113672529883e-18,2.1358435233594673e-17,7.4912243028045375e-02,1.6151995172133149e-01,4.1247251826241388e-01,-7.2603477910049286e-05,1.9354730438414713e+00,0.0000000000000000e+00,-4.1776379878758396e-01,4.6259292692714858e-17,1.3714924640763436e-16,7.4014868308343773e-16,2.4286108643257415e-01,-2.1754006382231523e-17
75,3.3719071713163831e+00,9.3653383013157465e-01,1.2101045291874923e-01,-1.5543122344752192e-14,1.5543122344752192e-14,0.0000000000000000e+00,3.2580567066660099e-17,-3.4842097993692833e-01,1.7326968816853411e-01,-5.2169066810546250e-01,-3.4842097993692844e-01,1.1102230246251565e-16,2.7959904758765912e-18,-3.4842097993692833e-01,1.7326968816853411e-01,-5.2169066810546250e-01,-1.1102230246251565e-16,-2.3474897536239209e-01,3.4842097993692833e-01,2.3474897536239206e-01,0.0000000000000000e+00,1.3290612200559839e+00,8.9743509078163075e-01,-1.3290612200559841e+00,6.7012741244525920e-01,-1.9991886325012433e+00,-1.3290612200559839e+00,6.7012741244525920e-01,-1.9991886325012431e+00,3.2133168263566469e-18,1.1282290904791133e-17,7.5874002896973991e-02,1.7031040005123638e-01,4.2385740559401430e-01,-8.5603903034581208e-05,1.9991030285982088e+00,0.0000000000000000e+00,-4.3162612927435318e-01,9.2518585385429716e-17,1.5777402996439251e-16,3.7007434154171886e-16,2.3963310282918909e-01,-2.1341483655392623e-17
76,3.4947493445686177e+00,9.7065275606057300e-01,1.2284217325223468e-01,-1.5543122344752192e-14,1.5543122344752192e-14,0.0000000000000000e+00,5.2668796972590453e-17,-3.4288030810085579e-01,1.7021652881821964e-01,-5.1309683691907537e-01,-3.4288030810085568e-01,-1.1102230246251565e-16,-5.1194216922216907e-18,-3.4288030810085568e-01,1.7021652881821958e-01,-5.1309683691907526e-01,0.0000000000000000e+00,-2.3100185172358925e-01,3.4288030810085568e-01,2.3100185172358925e-01,0.0000000000000000e+00,1.3715216963532992e+00,9.2604201267826458e-01,-1.3715216963532995e+00,6.9122470913367995e-01,-2.0627464054869793e+00,-1.3715216963532992e+00,6.9122470913367995e-01,-2.0627464054869793e+00,3.0706091563476892e-18,4.4631804478099584e-18,7.6750993624258329e-02,1.7930533170429544e-01,4.3506966017075094e-01,-9.8723634375241787e-05,2.0626476818526043e+00,0.0000000000000000e+00,-4.4547968367503465e-01,9.2518585385429716e-17,2.1475724053608351e-16,3.7007434154171886e-16,2.3630859807566748e-01,-2.3234589370296118e-17
77,3.6206682592855803e+00,1.0056262347165259e+00,1.2591891471696259e-01,-1.1657341758564144e-14,1.1657341758564144e-14,0.0000000000000000e+00,3.6299352725458473e-17,-3.3720855144252332e-01,1.6710120830951219e-01,-5.0430975975203551e-01,-3.3720855144252321e-01,-1.1102230246251565e-16,-1.7819225702440568e-17,-3.3720855144252321e-01,1.6710120830951219e-01,-5.0430975975203540e-01,0.0000000000000000e+00,-2.2716753983519325e-01,3.3720855144252321e-01,2.2716753983519325e-01,0.0000000000000000e+00,1.4143397219056988e+00,9.5488810894907106e-01,-1.4143397219056990e+00,7.1246205082063274e-01,-2.1268017727263318e+00,-1.4143397219056988e+00,7.1246205082063274e-01,-2.1268017727263318e+00,1.6264043638422127e-18,4.4631804478099584e-18,7.7550686292558721e-02,1.8859024275341110e-01,4.4620886948482485e-01,-1.1225228983802182e-04,2.1266895204364937e+00,0.0000000000000000e+00,-4.5945161295662773e-01,9.2518585385429716e-17,1.9516816967850744e-16,9.2518585385429718e-16,2.3285861060496615e-01,-2.1484294590874551e-17
78,3.7488618832647504e+00,1.0412315048393059e+00,1.2819362397917011e-01,-1.5543122344752192e-14,1.5543122344752192e-14,0.0000000000000000e+00,3.6012187937444578e-17,-3.3144950408154861e-01,1.6394584204860457e-01,-4.9539534613015318e-01,-3.3144950408154855e-01,-5.5511151231257827e-17,8.3498394806112750e-18,-3.3144950408154850e-01,1.6394584204860457e-01,-4.9539534613015307e-01,-5.5511151231257827e-17,-2.2327557465020717e-01,3.3144950408154850e-01,2.2327557465020714e-01,0.0000000000000000e+00,1.4571985715759468e+00,9.8376007657024489e-01,-1.4571985715759470e+00,7.3368111136714365e-01,-2.1908796829430908e+00,-1.4571985715759468e+00,7.3368111136714365e-01,-2.1908796829430908e+00,1.0194468955248534e-18,9.0509262401460241e-19,7.8266364895938620e-02,1.9809985571985284e-01,4.5718879629455217e-01,-1.2609445680000775e-04,2.1907535884862908e+00,0.0000000000000000e+00,-4.7343849500570190e-01,9.2518585385429716e-17,2.1886561530133377e-16,5.5511151231257827e-16,2.2930971568653724e-01,-2.3721609906910099e-17
79,3.8782317221963520e+00,1.0771634639954704e+00,1.2936983893160159e-01,-3.8857805861880479e-15,3.8857805861880479e-15,0.0000000000000000e+00,3.9145604009131638e-17,-3.2565837722225122e-01,1.6078086803032901e-01,-4.8643924525258020e-01,-3.2565837722225116e-01,-5.5511151231257827e-17,-1.6972206598971101e-18,-3.2565837722225116e-01,1.6078086803032901e-01,-4.8643924525258020e-01,0.0000000000000000e+00,-2.1936317350442666e-01,3.2565837722225116e-01,2.1936317350442669e-01,0.0000000000000000e+00,1.4997035419584261e+00,1.0123921283470703e+00,-1.4997035419584264e+00,7.5468603245699395e-01,-2.2543895744154203e+00,-1.4997035419584261e+00,7.5468603245699395e-01,-2.2543895744154203e+00,1.4497710081794199e-18,-2.6856417228331987e-18,7.8892731357186746e-02,2.0774457036008809e-01,4.6790873571400299e-01,-1.3999502571615530e-04,2.2542495793897039e+00,0.0000000000000000e+00,-4.8731141361135588e-01,9.2518585385429716e-17,2.1414605272575191e-16,7.4014868308343773e-16,2.2569775800390168e-01,-2.5000117338023810e-17
80,4.0083950300837259e+00,1.1133158060039743e+00,1.3016330788737385e-01,-7.7715611723760958e-15,7.7715611723760958e-15,0.0000000000000000e+00,5.1885030296311192e-17,-3.1985688101530929e-01,1.5761938554017801e-01,-4.7747626655548731e-01,-3.1985688101530929e-01,0.0000000000000000e+00,2.2170928336598645e-17,-3.1985688101530929e-01,1.5761938554017804e-01,-4.7747626655548736e-01,0.0000000000000000e+00,-2.1544489768896055e-01,3.1985688101530929e-01,2.1544489768896055e-01,0.0000000000000000e+00,1.5417147426104127e+00,1.0406901567684004e+00,-1.5417147426104130e+00,7.7540804757545190e-01,-2.3171227901858646e+00,-1.5417147426104127e+00,7.7540804757545190e-01,-2.3171227901858646e+00,2.7822337661387157e-18,-2.6856417228331987e-18,7.9430545029016586e-02,2.1748656744284459e-01,4.7833712591551819e-01,-1.5380918807261779e-04,2.3169689809977925e+00,0.0000000000000000e+00,-5.0102458584201237e-01,9.2518585385429716e-17,1.9430279646827242e-16,5.5511151231257827e-16,2.2203918820688101e-01,-2.2254028274182721e-17
81,4.1401976157574500e+00,1.1499234509095926e+00,1.3180258567372416e-01,-7.7715611723760958e-15,7.7715611723760958e-15,0.0000000000000000e+00,3.3555295636546662e-17,-3.1401151433751179e-01,1.5444491551477302e-01,-4.6845642985228481e-01,-3.1401151433751173e-01,-5.5511151231257827e-17,1.3484477844818821e-17,-3.1401151433751173e-01,1.5444491551477305e-01,-4.6845642985228475e-01,0.0000000000000000e+00,-2.1149803084922600e-01,3.1401151433751173e-01,2.1149803084922603e-01,0.0000000000000000e+00,1.5834874893525908e+00,1.0688262477266228e+00,-1.5834874893525912e+00,7.9597348846320493e-01,-2.3794609778157958e+00,-1.5834874893525908e+00,7.9597348846320493e-01,-2.3794609778157958e+00,5.1319711301175700e-18,-2.6856417228331987e-18,7.9885501163392214e-02,2.2737984197526087e-01,4.8854050892697981e-01,-1.6763639757211291e-04,2.3792933414182240e+00,0.0000000000000000e+00,-5.1466124162596794e-01,9.2518585385429716e-17,1.4686870114880517e-16,5.5511151231257827e-16,2.1831563769920503e-01,-2.3692654152405774e-17
82,4.2744516079787722e+00,1.1872119642515551e+00,1.3425399222132217e-01,-1.5543122344752192e-14,1.5543122344752192e-14,0.0000000000000000e+00,5.1666290218251884e-17,-3.0809200647087231e-01,1.5124134925568000e-01,-4.5933335572655232e-01,-3.0809200647087226e-01,-5.5511151231257827e-17,-4.2066940316194132e-18,-3.0809200647087226e-01,1.5124134925568000e-01,-4.5933335572655226e-01,0.0000000000000000e+00,-2.0750206630283363e-01,3.0809200647087226e-01,2.0750206630283358e-01,0.0000000000000000e+00,1.6252474299743238e+00,1.0969524656185157e+00,-1.6252474299743243e+00,8.1649328916953368e-01,-2.4417407191438576e+00,-1.6252474299743238e+00,8.1649328916953368e-01,-2.4417407191438576e+00,5.7547608880617609e-18,-2.6856417228331987e-18,8.0261064138168567e-02,2.3747619414611293e-01,4.9857440193753444e-01,-1.8162894771778237e-04,2.4415590901961401e+00,0.0000000000000000e+00,-5.2829496435580814e-01,9.2518585385429716e-17,2.4405887268357269e-16,3.7007434154171886e-16,2.1450912961070318e-01,-2.3859403799707063e-17
83,4.4088663925230644e+00,1.2245451370228657e+00,1.3441478454429223e-01,-3.8857805861880479e-15,3.8857805861880479e-15,0.0000000000000000e+00,5.1968158910046438e-17,-3.0220666973461419e-01,1.4806402749552905e-01,-4.5027069723014324e-01,-3.0220666973461408e-01,-1.1102230246251565e-16,-1.6820083207610445e-18,-3.0220666973461408e-01,1.4806402749552905e-01,-4.5027069723014312e-01,0.0000000000000000e+00,-2.0353003636785696e-01,3.0220666973461408e-01,2.0353003636785705e-01,0.0000000000000000e+00,1.6662640125092374e+00,1.1245768613791498e+00,-1.6662640125092378e+00,8.3660882303401463e-01,-2.5028728355432524e+00,-1.6662640125092374e+00,8.3660882303401463e-01,-2.5028728355432524e+00,5.3589965590914179e-18,-2.6856417228331987e-18,8.0553071809707694e-02,2.4759362202890906e-01,5.0826669843721006e-01,-1.9543075818784228e-04,2.5026774047850644e+00,0.0000000000000000e+00,-5.4168715113008759e-01,9.2518585385429716e-17,2.1392109620325238e-16,7.4014868308343773e-16,2.1068971608408527e-01,-2.5986064990498325e-17
84,4.5423036343554166e+00,1.2616068011868464e+00,1.3343724183235217e-01,-1.1657341758564144e-14,1.1657341758564144e-14,0.0000000000000000e+00,3.2608773495998517e-17,-2.9640768165283882e-01,1.4494238714522245e-01,-4.4135006879806127e-01,-2.9640768165283871e-01,-1.1102230246251565e-16,1.3939985120901936e-17,-2.9640768165283871e-01,1.4494238714522245e-01,-4.4135006879806116e-01,0.0000000000000000e+00,-1.9961705754420872e-01,2.9640768165283871e-01,1.9961705754420869e-01,0.0000000000000000e+00,1.7062027364944394e+00,1.1514742795113269e+00,-1.7062027364944399e+00,8.5615780693843879e-01,-2.5623605434328787e+00,-1.7062027364944394e+00,8.5615780693843879e-01,-2.5623605434328787e+00,6.1768318664192993e-18,-2.6856417228331987e-18,8.0764432091208122e-02,2.5763650738576088e-01,5.1754812881188517e-01,-2.0873864958459443e-04,2.5621518047832943e+00,0.0000000000000000e+00,-5.5472845698311257e-01,4.6259292692714858e-17,1.2704472793093484e-16,3.7007434154171886e-16,2.0689486088296810e-01,-2.6046347171464582e-17
85,4.6759033924576032e+00,1.2987136035995730e+00,1.3359975810218661e-01,-1.1657341758564144e-14,1.1657341758564144e-14,0.0000000000000000e+00,3.8531276137846559e-17,-2.9064677923579407e-01,1.4185276560709073e-01,-4.3249954484288478e-01,-2.9064677923579396e-01,-1.1102230246251565e-16,7.5672945257403112e-18,-2.9064677923579396e-01,1.4185276560709070e-01,-4.3249954484288466e-01,0.0000000000000000e+00,-1.9573047924574974e-01,2.9064677923579396e-01,1.9573047924574979e-01,0.0000000000000000e+00,1.7454179034782049e+00,1.1778834471520438e+00,-1.7454179034782054e+00,8.7531568845473318e-01,-2.6207335919329386e+00,-1.7454179034782049e+00,8.7531568845473318e-01,-2.6207335919329386e+00,7.6135155455330419e-18,-2.6856417228331987e-18,8.0902099432697175e-02,2.6768121601562805e-01,5.2651069615153179e-01,-2.2167685487617383e-04,2.6205119150780622e+00,0.0000000000000000e+00,-5.6753445632616106e-01,9.2518585385429716e-17,1.8308981578214572e-16,5.5511151231257827e-16,2.0309680855625797e-01,-2.2176015788545432e-17
86,4.8136407701766100e+00,1.3369696134342393e+00,1.3773737771900674e-01,-1.1657341758564144e-14,1.1657341758564144e-14,0.0000000000000000e+00,3.3488208640445813e-17,-2.8475616638039053e-01,1.3870834608024130e-01,-4.2346451246063183e-01,-2.8475616638039047e-01,-5.5511151231257827e-17,-5.3213854122950826e-18,-2.8475616638039047e-01,1.3870834608024132e-01,-4.2346451246063177e-01,0.0000000000000000e+00,-1.9175706175994253e-01,2.8475616638039047e-01,1.9175706175994250e-01,0.0000000000000000e+00,1.7850451499086877e+00,1.2045692060504989e+00,-1.7850451499086881e+00,8.9463756436160446e-01,-2.6796827142702928e+00,-1.7850451499086877e+00,8.9463756436160446e-01,-2.6796827142702928e+00,7.7681883614736248e-18,-2.6856417228331987e-18,8.0971062367811486e-02,2.7801652489014994e-01,5.3541509106887142e-01,-2.3488603477161973e-04,2.6794478282355207e+00,0.0000000000000000e+00,-5.8047594385818879e-01,9.2518585385429716e-17,1.9664280673082055e-16,5.5511151231257827e-16,1.9918714978401780e-01,-2.3992655318848826e-17
87,4.9575414377009821e+00,1.3769374525436644e+00,1.4390066752437214e-01,-1.9428902930940239e-14,1.9428902930940239e-14,0.0000000000000000e+00,3.1728322532091626e-17,-2.7865992640313603e-01,1.3546722706174169e-01,-4.1412715346487772e-01,-2.7865992640313597e-01,-5.5511151231257827e-17,-1.9771795156298758e-18,-2.7865992640313597e-01,1.3546722706174172e-01,-4.1412715346487772e-01,0.0000000000000000e+00,-1.8764559448386503e-01,2.7865992640313597e-01,1.8764559448386503e-01,0.0000000000000000e+00,1.8255831258314492e+00,1.2318673537975009e+00,-1.8255831258314497e+00,9.1436458835860879e-01,-2.7399477141900586e+00,-1.8255831258314492e+00,9.1436458835860879e-01,-2.7399477141900586e+00,7.2430541789244390e-18,-2.6856417228331987e-18,8.0968809999007740e-02,2.8878193544653663e-01,5.4436501209315502e-01,-2.4883081990945133e-04,2.7396988833701492e+00,0.0000000000000000e+00,-5.9371577203394832e-01,9.2518585385429716e-17,1.6738258835802847e-16,5.5511151231257827e-16,1.9511374105303400e-01,-2.5554235454543326e-17
88,5.1049815455831613e+00,1.4178883571606509e+00,1.4744010788217921e-01,-1.1657341758564144e-14,1.1657341758564144e-14,0.0000000000000000e+00,3.6665561018640043e-17,-2.7248156835740267e-01,1.3219141604318119e-01,-4.0467298440058386e-01,-2.7248156835740261e-01,-5.5511151231257827e-17,1.3091842640672683e-17,-2.7248156835740261e-01,1.3219141604318119e-01,-4.0467298440058380e-01,0.0000000000000000e+00,-1.8347936159357048e-01,2.7248156835740261e-01,1.8347936159357045e-01,0.0000000000000000e+00,1.8662133065543689e+00,1.2592267055784139e+00,-1.8662133065543693e+00,9.3409639796610255e-01,-2.8003097045204721e+00,-1.8662133065543689e+00,9.3409639796610255e-01,-2.8003097045204721e+00,8.0624277440396346e-18,-2.6856417228331987e-18,8.0892942916228977e-02,2.9976729750074421e-01,5.5317308022691092e-01,-2.6307732221841906e-04,2.8000466271982534e+00,0.0000000000000000e+00,-6.0698660097595503e-01,9.2518585385429716e-17,2.6461973262528861e-16,9.2518585385429718e-16,1.9095679265267657e-01,-2.7289305866994565e-17
89,5.2536920994231906e+00,1.4591921230986731e+00,1.4871055384002929e-01,-1.1657341758564144e-14,1.1657341758564144e-14,0.0000000000000000e+00,4.0926222773002569e-17,-2.6632211034923425e-01,1.2893533778355284e-01,-3.9525744813278707e-01,-2.6632211034923425e-01,0.0000000000000000e+00,1.5029745260797998e-17,-2.6632211034923425e-01,1.2893533778355284e-01,-3.9525744813278707e-01,0.0000000000000000e+00,-1.7932644795038730e-01,2.6632211034923425e-01,1.7932644795038730e-01,0.0000000000000000e+00,1.9062762032901235e+00,1.2862032320152450e+00,-1.9062762032901239e+00,9.5351255005811386e-01,-2.8597887533482380e+00,-1.9062762032901235e+00,9.5351255005811386e-01,-2.8597887533482380e+00,1.0153416199884020e-17,-2.6856417228331987e-18,8.0746056449659404e-02,3.1079082344560549e-01,5.6169846340713847e-01,-2.7720675571052400e-04,2.8595115465925272e+00,0.0000000000000000e+00,-6.2007297127487848e-01,9.2518585385429716e-17,1.6614751237845959e-16,9.2518585385429718e-16,1.8678564331632522e-01,-2.8618688135580004e-17
90,5.4012837722476217e+00,1.5001851242766469e+00,1.4759167282443109e-01,-1.1657341758564144e-14,1.1657341758564144e-14,0.0000000000000000e+00,2.8791703922728648e-17,-2.6028332293633138e-01,1.2575261988947795e-01,-3.8603594282580933e-01,-2.6028332293633127e-01,-1.1102230246251565e-16,-1.8155974456044447e-17,-2.6028332293633127e-01,1.2575261988947792e-01,-3.8603594282580922e-01,0.0000000000000000e+00,-1.7525541243206660e-01,2.6028332293633127e-01,1.7525541243206655e-01,0.0000000000000000e+00,1.9451374916986490e+00,1.3123698969787676e+00,-1.9451374916986495e+00,9.7230746091871412e-01,-2.9174449526173638e+00,-1.9451374916986490e+00,9.7230746091871412e-01,-2.9174449526173638e+00,9.9227135016045207e-18,-2.6856417228331987e-18,8.0535329382234205e-02,3.2166533370957551e-01,5.6981604088589966e-01,-2.9075694100477723e-04,2.9171541956763587e+00,0.0000000000000000e+00,-6.3276759471988142e-01,9.2518585385429716e-17,2.1614775170608115e-16,5.5511151231257827e-16,1.8267158712357692e-01,-2.8935469615053385e-17
91,5.5488161440955599e+00,1.5411616548438287e+00,1.4753237184793822e-01,-7.7715611723760958e-15,7.7715611723760958e-15,0.0000000000000000e+00,3.3615695095235501e-17,-2.5432134395985684e-01,1.2262289268073474e-01,-3.7694423664059157e-01,-2.5432134395985678e-01,-5.5511151231257827e-17,-2.2227913271290547e-17,-2.5432134395985673e-01,1.2262289268073474e-01,-3.7694423664059146e-01,-5.5511151231257827e-17,-1.7123663209514886e-01,2.5432134395985673e-01,1.7123663209514889e-01,0.0000000000000000e+00,1.9830979152342554e+00,1.3379292935565383e+00,-1.9830979152342558e+00,9.9062917515792959e-01,-2.9737270903921855e+00,-1.9830979152342554e+00,9.9062917515792959e-01,-2.9737270903921855e+00,6.9437481311772324e-18,-6.7804876254117302e-18,8.0264717649122061e-02,3.3246025782836031e-01,5.7760041982895460e-01,-3.0377985149254716e-04,2.9734233105406931e+00,0.0000000000000000e+00,-6.4516862167771705e-01,9.2518585385429716e-17,2.0612654970998487e-16,5.5511151231257827e-16,1.7858867642483661e-01,-2.9579711283287398e-17
92,5.6975864445328073e+00,1.5824820151620302e+00,1.4877030043724737e-01,-3.8857805861880479e-15,3.8857805861880479e-15,0.0000000000000000e+00,3.2679750755995059e-17,-2.4838682868033024e-01,1.1952010955005124e-01,-3.6790693823038145e-01,-2.4838682868033013e-01,-1.1102230246251565e-16,-8.8069859686300957e-18,-2.4838682868033013e-01,1.1952010955005125e-01,-3.6790693823038140e-01,0.0000000000000000e+00,-1.6723680423381004e-01,2.4838682868033013e-01,1.6723680423381004e-01,0.0000000000000000e+00,2.0204919381722255e+00,1.3631066909628817e+00,-2.0204919381722259e+00,1.0086410187532551e+00,-3.0291329569254812e+00,-2.0204919381722255e+00,1.0086410187532551e+00,-3.0291329569254812e+00,4.6352124891958849e-18,-1.0909692948557581e-17,7.9935658411118687e-02,3.4326059875278619e-01,5.8512826458285383e-01,-3.1649700649638568e-04,3.0288164599189846e+00,0.0000000000000000e+00,-6.5738524720934377e-01,9.2518585385429716e-17,1.6078015952846162e-16,5.5511151231257827e-16,1.7450499657865065e-01,-3.0231942309484596e-17
93,5.8496335268801767e+00,1.6247124886467201e+00,1.5204708234736941e-01,-1.1657341758564144e-14,1.1657341758564144e-14,0.0000000000000000e+00,5.3454819099910021e-17,-2.4240380561082570e-01,1.1640512719421456e-01,-3.5880893280504023e-01,-2.4240380561082564e-01,-5.5511151231257827e-17,6.3065113519287890e-18,-2.4240380561082564e-01,1.1640512719421457e-01,-3.5880893280504023e-01,0.0000000000000000e+00,-1.6320470164437786e-01,2.4240380561082564e-01,1.6320470164437789e-01,0.0000000000000000e+00,2.0578035801659178e+00,1.3882280243905065e+00,-2.0578035801659187e+00,1.0265768907027941e+00,-3.0843804708687128e+00,-2.0578035801659178e+00,1.0265768907027941e+00,-3.0843804708687128e+00,4.4451175542193393e-18,-1.0909692948557581e-17,7.9545593835637335e-02,3.5420156089738775e-01,5.9250052471399273e-01,-3.2921125577622945e-04,3.0840512596129366e+00,0.0000000000000000e+00,-6.6957555577541128e-01,9.2518585385429716e-17,2.0206364052201328e-16,3.7007434154171886e-16,1.7036961744656326e-01,-2.8220859167992654e-17
94,6.0025540295324298e+00,1.6671855511535536e+00,1.5292050265225310e-01,-1.1657341758564144e-14,1.1657341758564144e-14,0.0000000000000000e+00,3.7041825335488397e-17,-2.3647450895835403e-01,1.1332760976941059e-01,-3.4980211872776462e-01,-2.3647450895835395e-01,-8.3266726846886741e-17,3.1638088235051232e-19,-2.3647450895835398e-01,1.1332760976941059e-01,-3.4980211872776457e-01,2.7755575615628914e-17,-1.5920919353053078e-01,2.3647450895835398e-01,1.5920919353053076e-01,0.0000000000000000e+00,2.0944187364525093e+00,1.4128798718466156e+00,-2.0944187364525102e+00,1.0441423135088719e+00,-3.1385610499613819e+00,-2.0944187364525093e+00,1.0441423135088719e+00,-3.1385610499613819e+00,4.9515055589581866e-18,-8.7874946612852845e-18,7.9102920910178176e-02,3.6509760899581506e-01,5.9960010738640657e-01,-3.4167621647207547e-04,3.1382193737449100e+00,0.0000000000000000e+00,-6.8153886460589375e-01,9.2518585385429716e-17,1.2022967268401933e-16,5.5511151231257827e-16,1.6625278796421392e-01,-2.8782397403418769e-17
95,6.1587593903603839e+00,1.7105709699775766e+00,1.5620536082795411e-01,-7.7715611723760958e-15,7.7715611723760958e-15,0.0000000000000000e+00,4.8167142424016965e-17,-2.3050819363269581e-01,1.1024426210856675e-01,-3.4075245574126256e-01,-2.3050819363269578e-01,-2.7755575615628914e-17,3.7147867928796920e-18,-2.3050819363269576e-01,1.1024426210856675e-01,-3.4075245574126251e-01,-2.7755575615628914e-17,-1.5518911338057825e-01,2.3050819363269576e-01,1.5518911338057825e-01,0.0000000000000000e+00,2.1308913372318332e+00,1.4374352223339895e+00,-2.1308913372318341e+00,1.0616038759677122e+00,-3.1924952131995461e+00,-2.1308913372318332e+00,1.0616038759677122e+00,-3.1924952131995461e+00,5.2663505595918465e-18,-8.7874946612852845e-18,7.8603018556753723e-02,3.7610761339585469e-01,6.0653916885536829e-01,-3.5407515973551185e-04,3.1921411380398110e+00,0.0000000000000000e+00,-6.9345611489784376e-01,4.6259292692714858e-17,1.1502203596207163e-16,9.2518585385429718e-16,1.6209450722913343e-01,-2.8436042304989440e-17
96,6.3207805437408453e+00,1.7555717020939654e+00,1.6202115338046141e-01,-1.1657341758564144e-14,1.1657341758564144e-14,0.0000000000000000e+00,3.9681619367989661e-17,-2.2441800003768420e-01,1.0711053014948457e-01,-3.3152853018716877e-01,-2.2441800003768414e-01,-5.5511151231257827e-17,7.4256473851104155e-18,-2.2441800003768414e-01,1.0711053014948457e-01,-3.3152853018716871e-01,0.0000000000000000e+00,-1.5108593004601037e-01,2.2441800003768414e-01,1.5108593004601037e-01,0.0000000000000000e+00,2.1677451705325623e+00,1.4622467402278028e+00,-2.1677451705325632e+00,1.0792119130349223e+00,-3.2469570835674850e+00,-2.1677451705325623e+00,1.0792119130349223e+00,-3.2469570835674850e+00,6.1688435569303815e-18,-1.1035989848276688e-17,7.8038108988196700e-02,3.8739061591054647e-01,6.1341641523706780e-01,-3.6677289911124511e-04,3.2465903106683740e+00,0.0000000000000000e+00,-7.0549843030475956e-01,9.2518585385429716e-17,1.4962932735096293e-16,7.4014868308343773e-16,1.5783472165022064e-01,-2.8334686170024446e-17
97,6.4865303148066467e+00,1.8016080429695909e+00,1.6574977106580135e-01,-3.8857805861880479e-15,3.8857805861880479e-15,0.0000000000000000e+00,5.0404912314413539e-17,-2.1829487746345280e-01,1.0397040161095340e-01,-3.2226527907440622e-01,-2.1829487746345275e-01,-5.5511151231257827e-17,2.5804481015259085e-17,-2.1829487746345277e-01,1.0397040161095339e-01,-3.2226527907440616e-01,0.0000000000000000e+00,-1.4696090934810169e-01,2.1829487746345277e-01,1.4696090934810171e-01,0.0000000000000000e+00,2.2044349495794102e+00,1.4869473379260327e+00,-2.2044349495794111e+00,1.0967052210927466e+00,-3.3011401706721570e+00,-2.2044349495794102e+00,1.0967052210927466e+00,-3.3011401706721570e+00,8.9227866443545950e-18,-1.1035989848276688e-17,7.7415946367008118e-02,3.9878028809068050e-01,6.2012941752903583e-01,-3.7956910602221505e-04,3.3007606015661355e+00,0.0000000000000000e+00,-7.1748761165337749e-01,9.2518585385429716e-17,2.0682612017586402e-16,7.4014868308343773e-16,1.5353615962786726e-01,-2.6991923472280715e-17
98,6.6520115409817508e+00,1.8475697965679665e+00,1.6548122617510419e-01,-7.7715611723760958e-15,7.7715611723760958e-15,0.0000000000000000e+00,2.6467277850016230e-17,-2.1229162598906398e-01,1.0090104703920959e-01,-3.1319267302827358e-01,-2.1229162598906390e-01,-8.3266726846886741e-17,1.9542943272727673e-18,-2.1229162598906390e-01,1.0090104703920957e-01,-3.1319267302827347e-01,0.0000000000000000e+00,-1.4291696296859621e-01,2.1229162598906390e-01,1.4291696296859618e-01,0.0000000000000000e+00,2.2400619408622968e+00,1.5109320108020314e+00,-2.2400619408622977e+00,1.1136564103581961e+00,-3.3537183512204929e+00,-2.2400619408622968e+00,1.1136564103581961e+00,-3.3537183512204929e+00,1.1219564734755304e-17,-1.1035989848276688e-17,7.6754594266268406e-02,4.0998885282382308e-01,6.2652107559485293e-01,-3.9188767325160079e-04,3.3533264635472424e+00,0.0000000000000000e+00,-7.2912993006026539e-01,4.6259292692714858e-17,1.3897049146449441e-16,5.5511151231257827e-16,1.4930718046024077e-01,-2.6512646680994281e-17
99,6.8175551413779845e+00,1.8935488743586311e+00,1.6554360039623361e-01,-7.7715611723760958e-15,7.7715611723760958e-15,0.0000000000000000e+00,1.9437529101474551e-17,-2.0639492826751771e-01,9.7898063955935949e-02,-3.0429299222345363e-01,-2.0639492826751760e-01,-1.1102230246251565e-16,1.9961143924008096e-17,-2.0639492826751765e-01,9.7898063955935935e-02,-3.0429299222345357e-01,2.7755575615628914e-17,-1.3894508957346555e-01,2.0639492826751765e-01,1.3894508957346555e-01,0.0000000000000000e+00,2.2747173806768606e+00,1.5342622402984740e+00,-2.2747173806768615e+00,1.1301113706530495e+00,-3.4048287513299100e+00,-2.2747173806768606e+00,1.1301113706530495e+00,-3.4048287513299100e+00,1.3033545010944490e-17,-8.7386108890361287e-18,7.6056967018761051e-02,4.2103126274814762e-01,6.3261951235767544e-01,-4.0362852846520525e-04,3.4044251228014457e+00,0.0000000000000000e+00,-7.4045514037838656e-01,9.2518585385429716e-17,1.3802411757816245e-16,1.2952601953960161e-15,1.4514174907857011e-01,-2.7500955553844664e-17
100,6.9828865958510749e+00,1.9394690294613763e+00,1.6533145447309039e-01,-1.1657341758564144e-14,1.1657341758564144e-14,0.0000000000000000e+00,4.8350405122482156e-17,-2.0061532874134066e-01,9.4965806114506585e-02,-2.9558113485584725e-01,-2.0061532874134061e-01,-5.5511151231257827e-17,-4.9886338186596335e-18,-2.0061532874134058e-01,9.4965806114506557e-02,-2.9558113485584714e-01,-2.7755575615628914e-17,-1.3505235920791014e-01,2.0061532874134058e-01,1.3505235920791017e-01,0.0000000000000000e+00,2.3083631795652311e+00,1.5569124386629445e+00,-2.3083631795652320e+00,1.1460546027300771e+00,-3.4544177822953084e+00,-2.3083631795652311e+00,1.1460546027300771e+00,-3.4544177822953079e+00,1.4271258447359643e-17,-8.7386108890361287e-18,7.5328106896869154e-02,4.3188230353351326e-01,6.3842940119804359e-01,-4.1479110165121291e-04,3.4540029911936578e+00,0.0000000000000000e+00,-7.5145074090228658e-01,9.2518585385429716e-17,2.0182521726432018e-16,5.5511151231257827e-16,1.4104891759864918e-01,-2.9777212152331246e-17
101,7.1457242390130959e+00,1.9846965383730732e+00,1.6283764316202110e-01,-7.7715611723760958e-15,7.7715611723760958e-15,0.0000000000000000e+00,3.7825929472698188e-17,-1.9503107202223527e-01,9.2141992677347170e-02,-2.8717306469958243e-01,-1.9503107202223519e-01,-8.3266726846886741e-17,-4.5868470646508608e-18,-1.9503107202223519e-01,9.2141992677347156e-02,-2.8717306469958237e-01,0.0000000000000000e+00,-1.3129143511279023e-01,1.9503107202223519e-01,1.3129143511279023e-01,0.0000000000000000e+00,2.3405762432781696e+00,1.5785978365319511e+00,-2.3405762432781705e+00,1.1612886992163267e+00,-3.5018649424944965e+00,-2.3405762432781696e+00,1.1612886992163267e+00,-3.5018649424944961e+00,1.3491634077769008e-17,-1.0998437147963266e-17,7.4582287050273491e-02,4.4239019475977931e-01,6.4389105079760200e-01,-4.2516660867186751e-04,3.5014397758858253e+00,0.0000000000000000e+00,-7.6197840674621853e-01,9.2518585385429716e-17,1.7407267962461114e-16,5.5511151231257827e-16,1.3708542333188103e-01,-2.9918214194915679e-17
102,7.3145130641896445e+00,2.0315769644627064e+00,1.6878882517654858e-01,-3.8857805861880479e-15,3.8857805861880479e-15,0.0000000000000000e+00,4.5189635062544361e-17,-1.8935227446362266e-01,8.9285731988382633e-02,-2.7863800645200532e-01,-1.8935227446362257e-01,-8.3266726846886741e-17,-1.3518045273160950e-17,-1.8935227446362257e-01,8.9285731988382619e-02,-2.7863800645200520e-01,0.0000000000000000e+00,-1.2746707157077691e-01,1.8935227446362257e-01,1.2746707157077691e-01,0.0000000000000000e+00,2.3730160500135589e+00,1.6004356087057299e+00,-2.3730160500135598e+00,1.1766001854667181e+00,-3.5496162354802769e+00,-2.3730160500135589e+00,1.1766001854667181e+00,-3.5496162354802765e+00,1.1963682323945432e-17,-1.0998437147963266e-17,7.3783237575493252e-02,4.5308792303926193e-01,6.4929351638067689e-01,-4.3550847128592807e-04,3.5491807270089919e+00,0.0000000000000000e+00,-7.7258044130782899e-01,9.2518585385429716e-17,1.7978744181198838e-16,1.1102230246251565e-15,1.3304961551178651e-01,-3.1031652222186054e-17
103,7.4953438177145522e+00,2.0818019883438192e+00,1.8083075352490763e-01,-1.1657341758564144e-14,1.1657341758564144e-14,0.0000000000000000e+00,3.5682210424817107e-17,-1.8339396463979990e-01,8.6303069951395944e-02,-2.6969703459119587e-01,-1.8339396463979982e-01,-8.3266726846886741e-17,-1.6882573863682482e-17,-1.8339396463979979e-01,8.6303069951395930e-02,-2.6969703459119571e-01,0.0000000000000000e+00,-1.2345470481210617e-01,1.8339396463979979e-01,1.2345470481210617e-01,0.0000000000000000e+00,2.4067180416588827e+00,1.6231227956552925e+00,-2.4067180416588836e+00,1.1924761131493711e+00,-3.5991941548082536e+00,-2.4067180416588827e+00,1.1924761131493711e+00,-3.5991941548082531e+00,9.2149988908758691e-18,-1.0998437147963266e-17,7.2901346540445111e-02,4.6432299151914780e-01,6.5480518025530554e-01,-4.4659483447273551e-04,3.5987475599737819e+00,0.0000000000000000e+00,-7.8359524600359021e-01,9.2518585385429716e-17,1.9430279646827242e-16,1.1102230246251565e-15,1.2880951875532232e-01,-3.4579932083250853e-17
104,7.6834351587336212e+00,2.1340436115764074e+00,1.8809134101906899e-01,-3.8857805861880479e-15,3.8857805861880479e-15,0.0000000000000000e+00,5.2677461285730938e-17,-1.7733807728231554e-01,8.3280719490076149e-02,-2.6061879677239169e-01,-1.7733807728231549e-01,-5.5511151231257827e-17,-1.0100212249497135e-17,-1.7733807728231549e-01,8.3280719490076149e-02,-2.6061879677239164e-01,0.0000000000000000e+00,-1.1937684913013448e-01,1.7733807728231549e-01,1.1937684913013449e-01,0.0000000000000000e+00,2.4406433284157214e+00,1.6459600519666626e+00,-2.4406433284157223e+00,1.2084247343349421e+00,-3.6490680627506635e+00,-2.4406433284157214e+00,1.2084247343349421e+00,-3.6490680627506631e+00,6.6773846786465363e-18,-1.0998437147963266e-17,7.1959321906460150e-02,4.7575454336419337e-01,6.6025278033250079e-01,-4.5808873178776466e-04,3.6486099740188767e+00,0.0000000000000000e+00,-7.9468327644905878e-01,9.2518585385429716e-17,1.6426934724112593e-16,5.5511151231257827e-16,1.2449260143078814e-01,-3.4844973863483176e-17
105,7.8747107891456656e+00,2.1871696585460483e+00,1.9127563041204443e-01,-1.5543122344752192e-14,1.5543122344752192e-14,0.0000000000000000e+00,4.2815945820389902e-17,-1.7132664184545099e-01,8.0290554255158617e-02,-2.5161719610060962e-01,-1.7132664184545091e-01,-8.3266726846886741e-17,8.9903274378110799e-18,-1.7132664184545093e-01,8.0290554255158617e-02,-2.5161719610060956e-01,2.7755575615628914e-17,-1.1532912916374140e-01,1.7132664184545093e-01,1.1532912916374140e-01,0.0000000000000000e+00,2.4739888603925224e+00,1.6684068189464809e+00,-2.4739888603925233e+00,1.2240683335864027e+00,-3.6980571939789249e+00,-2.4739888603925224e+00,1.2240683335864027e+00,-3.6980571939789244e+00,6.5712377201265345e-18,-8.3439545362989719e-18,7.0979021078772964e-02,4.8710684419260764e-01,6.6551306538817978e-01,-4.6940292684216622e-04,3.6975877910520838e+00,0.0000000000000000e+00,-8.0558204144604151e-01,9.2518585385429716e-17,1.7097174243563578e-16,7.4014868308343773e-16,1.2020170802238292e-01,-3.3149147569896508e-17
106,8.0617913690788523e+00,2.2391305468998230e+00,1.8708057993318672e-01,-7.7715611723760958e-15,7.7715611723760958e-15,0.0000000000000000e+00,4.6846272997026909e-17,-1.6559042917756295e-01,7.7445438659383303e-02,-2.4303586783694625e-01,-1.6559042917756289e-01,-5.5511151231257827e-17,1.0238937283812704e-17,-1.6559042917756289e-01,7.7445438659383303e-02,-2.4303586783694620e-01,0.0000000000000000e+00,-1.1146689724870582e-01,1.6559042917756289e-01,1.1146689724870582e-01,0.0000000000000000e+00,2.5055041809107106e+00,1.6896213850203723e+00,-2.5055041809107115e+00,1.2388230041017974e+00,-3.7443271850125077e+00,-2.5055041809107106e+00,1.2388230041017974e+00,-3.7443271850125073e+00,8.3699487180316068e-18,-5.7476899450233353e-18,7.0001514368858028e-02,4.9793843109300606e-01,6.7040328680473826e-01,-4.7977183519498645e-04,3.7438474131773138e+00,0.0000000000000000e+00,-8.1588279589033830e-01,9.2518585385429716e-17,1.6653345369377351e-16,1.4802973661668755e-15,1.1610265103865855e-01,-3.3665385699266625e-17
107,8.2458741874570585e+00,2.2902588188830202e+00,1.8408281837820617e-01,-7.7715611723760958e-15,7.7715611723760958e-15,0.0000000000000000e+00,4.6800512046546146e-17,-1.6008119689095685e-01,7.4723950797721234e-02,-2.3480514768867808e-01,-1.6008119689095682e-01,-2.7755575615628914e-17,2.7556449260311411e-17,-1.6008119689095685e-01,7.4723950797721234e-02,-2.3480514768867808e-01,0.0000000000000000e+00,-1.0775763809596231e-01,1.6008119689095685e-01,1.0775763809596232e-01,0.0000000000000000e+00,2.5354794563069638e+00,1.7097991201823219e+00,-2.5354794563069647e+00,1.2528288891428747e+00,-3.7883083454498383e+00,-2.5354794563069638e+00,1.2528288891428747e+00,-3.7883083454498379e+00,1.1848689356399655e-17,-5.7476899450233353e-18,6.9024202290116465e-02,5.0832941499978090e-01,6.7498609481479033e-01,-4.8917703818696090e-04,3.7878191684116524e+00,0.0000000000000000e+00,-8.2568033612464187e-01,9.2518585385429716e-17,2.5129485262196884e-16,9.2518585385429718e-16,1.1216432110809157e-01,-3.3648454070777835e-17
108,8.4313690380213639e+00,2.3417792772000423e+00,1.8549485056430548e-01,-3.8857805861880479e-15,3.8857805861880479e-15,0.0000000000000000e+00,3.4876064242118574e-17,-1.5466349405173130e-01,7.2059402153697133e-02,-2.2672289620542843e-01,-1.5466349405173124e-01,-5.5511151231257827e-17,-3.6064091784976129e-18,-1.5466349405173119e-01,7.2059402153697133e-02,-2.2672289620542832e-01,-5.5511151231257827e-17,-1.0411012911940559e-01,1.5466349405173119e-01,1.0411012911940562e-01,0.0000000000000000e+00,2.5646712160131249e+00,1.7294493100918258e+00,-2.5646712160131258e+00,1.2664426672034002e+00,-3.8311138832165250e+00,-2.5646712160131249e+00,1.2664426672034002e+00,-3.8311138832165246e+00,1.4069993909392243e-17,-1.0896206296170702e-17,6.8026119697248422e-02,5.1852813141542886e-01,6.7939037156229598e-01,-4.9804452842683311e-04,3.8306158386880993e+00,0.0000000000000000e+00,-8.3522190592129908e-01,9.2518585385429716e-17,2.1805749334696211e-16,5.5511151231257827e-16,1.0829157581376761e-01,-3.3823088450976381e-17
109,8.6284910232694561e+00,2.3965291260149679e+00,1.9712198524809210e-01,-1.1657341758564144e-14,1.1657341758564144e-14,0.0000000000000000e+00,3.5852723748113164e-17,-1.4905114881269238e-01,6.9312992848931845e-02,-2.1836414166162421e-01,-1.4905114881269230e-01,-8.3266726846886741e-17,1.0906354579247399e-18,-1.4905114881269232e-01,6.9312992848931831e-02,-2.1836414166162416e-01,2.7755575615628914e-17,-1.0033169230989140e-01,1.4905114881269232e-01,1.0033169230989142e-01,0.0000000000000000e+00,2.5946056326883000e+00,1.7495992989457654e+00,-2.5946056326883009e+00,1.2803764707844980e+00,-3.8749821034727980e+00,-2.5946056326883000e+00,1.2803764707844980e+00,-3.8749821034727976e+00,1.3822036754275091e-17,-1.3631823379698855e-17,6.6953062362834492e-02,5.2906311062982914e-01,6.8385310324947790e-01,-5.0719454235648165e-04,3.8744749089304422e+00,0.0000000000000000e+00,-8.4500633374253464e-01,1.3877787807814457e-16,2.5950597370530865e-16,1.4802973661668755e-15,1.0428166772739018e-01,-3.3432355653239109e-17
110,8.8336040984841713e+00,2.4534984683429504e+00,2.0511307521471522e-01,-1.1657341758564144e-14,1.1657341758564144e-14,0.0000000000000000e+00,3.4008746384340400e-17,-1.4337204432643491e-01,6.6542932355433987e-02,-2.0991497668186890e-01,-1.4337204432643486e-01,-5.5511151231257827e-17,6.3434231538015136e-18,-1.4337204432643486e-01,6.6542932355433987e-02,-2.0991497668186884e-01,0.0000000000000000e+00,-9.6508408357275796e-02,1.4337204432643486e-01,9.6508408357275796e-02,0.0000000000000000e+00,2.6245955428927363e+00,1.7697865381324738e+00,-2.6245955428927372e+00,1.2943093840869020e+00,-3.9189049269796383e+00,-2.6245955428927363e+00,1.2943093840869020e+00,-3.9189049269796379e+00,1.4584448065863894e-17,-1.0785307645260751e-17,6.5825079505532721e-02,5.3969027277906301e-01,6.8827748813771228e-01,-5.1654366459397139e-04,3.9183883833150452e+00,0.0000000000000000e+00,-8.5480900476026256e-01,9.2518585385429716e-17,2.1309422386430415e-16,1.2952601953960161e-15,1.0022462407819877e-01,-3.4260915229479794e-17
111,9.0358796615884174e+00,2.5096797029473672e+00,2.0227556310424610e-01,-7.7715611723760958e-15,7.7715611723760958e-15,0.0000000000000000e+00,3.7030914769855960e-17,-1.3793142740603098e-01,6.3895872374944498e-02,-2.0182729978097547e-01,-1.3793142740603093e-01,-5.5511151231257827e-17,-1.4189640228164445e-17,-1.3793142740603093e-01,6.3895872374944498e-02,-2.0182729978097541e-01,2.7755575615628914e-17,-9.2845752571684495e-02,1.3793142740603093e-01,9.2845752571684495e-02,0.0000000000000000e+00,2.6530459519666683e+00,1.7889373978964924e+00,-2.6530459519666691e+00,1.3075016754256430e+00,-3.9605476273923115e+00,-2.6530459519666683e+00,1.3075016754256430e+00,-3.9605476273923110e+00,1.3790899077386438e-17,-7.9781703017938406e-18,6.4703199278729195e-02,5.4983322858226669e-01,6.9244000693538210e-01,-5.2524062926484483e-04,3.9600223867630473e+00,0.0000000000000000e+00,-8.6410855407017584e-01,1.3877787807814457e-16,2.2600872100312931e-16,1.1102230246251565e-15,9.6338616373682101e-02,-3.5835102117080428e-17
112,9.2360237744057159e+00,2.5652689356965874e+00,2.0014411281729849e-01,-1.1657341758564144e-14,1.1657341758564144e-14,0.0000000000000000e+00,4.1720109855714180e-17,-1.3270002040715062e-01,6.1360266151780668e-02,-1.9406028655893129e-01,-1.3270002040715057e-01,-5.5511151231257827e-17,-1.6986524098023479e-17,-1.3270002040715057e-01,6.1360266151780668e-02,-1.9406028655893123e-01,2.7755575615628914e-17,-8.9323994890259273e-02,1.3270002040715057e-01,8.9323994890259273e-02,0.0000000000000000e+00,2.6801285974781832e+00,1.8071674991404534e+00,-2.6801285974781841e+00,1.3200363147858190e+00,-4.0001649122640028e+00,-2.6801285974781832e+00,1.3200363147858190e+00,-4.0001649122640019e+00,1.0671036202330842e-17,-2.4230552444703483e-18,6.3585468401593029e-02,5.5953784056389000e-01,6.9637985302024497e-01,-5.3315280009091914e-04,3.9996317594639121e+00,0.0000000000000000e+00,-8.7296109833772983e-01,1.3877787807814457e-16,2.6858290345460210e-16,9.2518585385429718e-16,9.2605244928797098e-02,-3.8449639060277968e-17
113,9.4379466015564386e+00,2.6213521992902984e+00,2.0192282715072274e-01,-1.5543122344752192e-14,1.5543122344752192e-14,0.0000000000000000e+00,4.1544726768890331e-17,-1.2757269437977564e-01,5.8885107100616577e-02,-1.8645780148039220e-01,-1.2757269437977556e-01,-8.3266726846886741e-17,-1.2400302574671129e-17,-1.2757269437977553e-01,5.8885107100616577e-02,-1.8645780148039209e-01,-2.7755575615628914e-17,-8.5872344781647431e-02,1.2757269437977553e-01,8.5872344781647458e-02,0.0000000000000000e+00,2.7064060986781682e+00,1.8248555692469584e+00,-2.7064060986781691e+00,1.3321764576452779e+00,-4.0385825563234468e+00,-2.7064060986781682e+00,1.3321764576452779e+00,-4.0385825563234459e+00,7.7041006409614606e-18,-2.4230552444703483e-18,6.2451470650665412e-02,5.6899344579674638e-01,7.0019096810525183e-01,-5.4057309261446029e-04,4.0380419832308325e+00,0.0000000000000000e+00,-8.8155052943120982e-01,1.3877787807814457e-16,2.5576829444705049e-16,9.2518585385429718e-16,8.8950412091013911e-02,-3.8966730640928493e-17
114,9.6409031773541045e+00,2.6777225824666457e+00,2.0295657579766591e-01,-1.1657341758564144e-14,1.1657341758564144e-14,0.0000000000000000e+00,3.5172021607967280e-17,-1.2257033674091669e-01,5.6478525675536517e-02,-1.7904886241645321e-01,-1.2257033674091664e-01,-5.5511151231257827e-17,2.9430169664638514e-17,-1.2257033674091664e-01,5.6478525675536531e-02,-1.7904886241645318e-01,-2.7755575615628914e-17,-8.2504846268787485e-02,1.2257033674091664e-01,8.2504846268787485e-02,0.0000000000000000e+00,2.7317901852061204e+00,1.8419421983159712e+00,-2.7317901852061213e+00,1.3438833615851917e+00,-4.0756735467913128e+00,-2.7317901852061204e+00,1.3438833615851917e+00,-4.0756735467913119e+00,9.4322623963960308e-18,-8.0562318307115854e-18,6.1306496044766713e-02,5.7815772596910697e-01,7.0387158630694846e-01,-5.4755326436972673e-04,4.0751259935269433e+00,0.0000000000000000e+00,-8.8984798689014921e-01,1.3877787807814457e-16,2.4293837322388293e-16,1.4802973661668755e-15,8.5388853407937712e-02,-3.9291002243659443e-17
115,9.8513008766008578e+00,2.7361597081392093e+00,2.1039769924675333e-01,-3.8857805861880479e-15,3.8857805861880479e-15,0.0000000000000000e+00,3.1922393599564383e-17,-1.1754114359538521e-01,5.4068858624916588e-02,-1.7161000222030182e-01,-1.1754114359538513e-01,-8.3266726846886741e-17,1.3217789244513941e-17,-1.1754114359538514e-01,5.4068858624916588e-02,-1.7161000222030173e-01,0.0000000000000000e+00,-7.9119295910051776e-02,1.1754114359538514e-01,7.9119295910051776e-02,0.0000000000000000e+00,2.7570496367188655e+00,1.8589448721445501e+00,-2.7570496367188664e+00,1.3555128192424728e+00,-4.1125624559613385e+00,-2.7570496367188655e+00,1.3555128192424728e+00,-4.1125624559613376e+00,1.3918778612423907e-17,-1.0976086456110392e-17,6.0115244579363368e-02,5.8729877937720387e-01,7.0754439027109439e-01,-5.5440501481118787e-04,4.1120080509465282e+00,0.0000000000000000e+00,-8.9810476457431543e-01,9.2518585385429716e-17,2.5601917071574722e-16,1.1102230246251565e-15,8.1813856583820052e-02,-3.9703754712025284e-17
116,1.0074902345222238e+01,2.7982641283357097e+00,2.2360146862138031e-01,-1.1657341758564144e-14,1.1657341758564144e-14,0.0000000000000000e+00,7.4312930593801533e-17,-1.1236871681941829e-01,5.1600232491058370e-02,-1.6396894931047667e-01,-1.1236871681941822e-01,-6.9388939039072284e-17,-2.2793018084411962e-17,-1.1236871681941821e-01,5.1600232491058357e-02,-1.6396894931047656e-01,1.3877787807814457e-17,-7.5637323785705188e-02,1.1236871681941821e-01,7.5637323785705216e-02,0.0000000000000000e+00,2.7827537279385086e+00,1.8762467758659760e+00,-2.7827537279385095e+00,1.3673267012231820e+00,-4.1500804291616911e+00,-2.7827537279385086e+00,1.3673267012231820e+00,-4.1500804291616902e+00,1.2848260996930410e-17,-9.4245395885887925e-18,5.8845650978674967e-02,5.9661393984370592e-01,7.1130564138444707e-01,-5.6146901635401036e-04,4.1495189601453379e+00,0.0000000000000000e+00,-9.0650695207253262e-01,1.3877787807814457e-16,2.8925932391683290e-16,1.4802973661668755e-15,7.8143406972792345e-02,-4.0220746411241343e-17
117,1.0302035275634875e+01,2.8613493980245877e+00,2.2713293041263682e-01,-1.1657341758564144e-14,1.1657341758564144e-14,0.0000000000000000e+00,5.5344547470327377e-17,-1.0729542390810010e-01,4.9185345882296880e-02,-1.5648076979039699e-01,-1.0729542390810004e-01,-5.5511151231257827e-17,3.6727563455473896e-17,-1.0729542390810007e-01,4.9185345882296873e-02,-1.5648076979039693e-01,-1.3877787807814457e-17,-7.2222070987779483e-02,1.0729542390810007e-01,7.2222070987779469e-02,0.0000000000000000e+00,2.8077002079335163e+00,1.8930386446779461e+00,-2.8077002079335172e+00,1.3787725631028183e+00,-4.1864727710363345e+00,-2.8077002079335163e+00,1.3787725631028183e+00,-4.1864727710363336e+00,1.4430758058978980e-17,-9.4245395885887925e-18,5.7553432445214034e-02,6.0565703547006877e-01,7.1499376829036354e-01,-5.6832689717190021e-04,4.1859044441391635e+00,0.0000000000000000e+00,-9.1466156325557013e-01,1.3877787807814457e-16,2.4019221770323839e-16,1.6653345369377348e-15,7.4548777348275544e-02,-4.2575644809654521e-17
118,1.0518418393455303e+01,2.9214489499434686e+00,2.1638311782042763e-01,-1.5543122344752192e-14,1.5543122344752192e-14,0.0000000000000000e+00,5.9092768016092264e-17,-1.0262892700111696e-01,4.6969109918549683e-02,-1.4959803691966664e-01,-1.0262892700111689e-01,-6.9388939039072284e-17,-1.3322111121785468e-17,-1.0262892700111688e-01,4.6969109918549683e-02,-1.4959803691966655e-01,0.0000000000000000e+00,-6.9080641733584205e-02,1.0262892700111688e-01,6.9080641733584192e-02,0.0000000000000000e+00,2.8304122507115994e+00,1.9083264054455125e+00,-2.8304122507116003e+00,1.3891756635720751e+00,-4.2195879142836743e+00,-2.8304122507115994e+00,1.3891756635720751e+00,-4.2195879142836734e+00,1.6963030433959433e-17,-1.0925999085741397e-17,5.6321016989877154e-02,6.1388222990991503e-01,7.1839818135296207e-01,-5.7423531932099259e-04,4.2190136789643544e+00,0.0000000000000000e+00,-9.2208584526608695e-01,9.2518585385429716e-17,2.0832095769155276e-16,1.6653345369377348e-15,7.1247437769939692e-02,-4.1551468341991605e-17
119,1.0732962207622249e+01,2.9810376425747567e+00,2.1454381416694623e-01,-2.3314683517128287e-14,2.3314683517128287e-14,0.0000000000000000e+00,5.8757412827919570e-17,-9.8156864053416226e-02,4.4853625949825851e-02,-1.4301049000324206e-01,-9.8156864053416171e-02,-5.5511151231257827e-17,1.6221853439329810e-17,-9.8156864053416171e-02,4.4853625949825851e-02,-1.4301049000324201e-01,-1.3877787807814457e-17,-6.6070076728810503e-02,9.8156864053416171e-02,6.6070076728810503e-02,0.0000000000000000e+00,2.8519509254332829e+00,1.9228242807586751e+00,-2.8519509254332838e+00,1.3990256635622977e+00,-4.2509765889955808e+00,-2.8519509254332829e+00,1.3990256635622977e+00,-4.2509765889955800e+00,1.7274091322413066e-17,-1.2414695849985426e-17,5.5098716492113287e-02,6.2166563281423837e-01,7.2168184398433777e-01,-5.7947027160820674e-04,4.2503971187239733e+00,0.0000000000000000e+00,-9.2912664467460782e-01,9.2518585385429716e-17,2.7740151565748919e-16,1.2952601953960161e-15,6.8090524540845410e-02,-4.1360169811664009e-17
120,1.0962686225877357e+01,3.0448425766250855e+00,2.2972401825510858e-01,-1.5543122344752192e-14,1.5543122344752192e-14,0.0000000000000000e+00,5.6832671833054901e-17,-9.3535412085061595e-02,4.2676938366128271e-02,-1.3621235045118987e-01,-9.3535412085061539e-02,-5.5511151231257827e-17,4.2790839261515676e-17,-9.3535412085061581e-02,4.2676938366128271e-02,-1.3621235045118985e-01,0.0000000000000000e+00,-6.2958910015749880e-02,9.3535412085061581e-02,6.2958910015749880e-02,0.0000000000000000e+00,2.8739690854047826e+00,1.9376448094118479e+00,-2.8739690854047835e+00,1.4090796000396968e+00,-4.2830486854444798e+00,-2.8739690854047826e+00,1.4090796000396968e+00,-4.2830486854444789e+00,2.4052407770059137e-17,-1.4008726439836872e-17,5.3790540116926952e-02,6.2959429309708781e-01,7.2510998976844732e-01,-5.8477705723469775e-04,4.2824639083872453e+00,0.0000000000000000e+00,-9.3632427599293466e-01,9.2518585385429716e-17,2.6082201877923962e-16,1.2952601953960161e-15,6.4836028425480266e-02,-4.5081827104937283e-17
121,1.1199707383476616e+01,3.1106742621581107e+00,2.3702115759925846e-01,-1.1657341758564144e-14,1.1657341758564144e-14,0.0000000000000000e+00,4.9019815778065592e-17,-8.8947303705960309e-02,4.0521464287064081e-02,-1.2946876799302440e-01,-8.8947303705960254e-02,-5.5511151231257827e-17,-1.2867744203763177e-17,-8.8947303705960254e-02,4.0521464287064081e-02,-1.2946876799302434e-01,1.3877787807814457e-17,-5.9870145151715931e-02,8.8947303705960254e-02,5.9870145151715924e-02,0.0000000000000000e+00,2.8955952176741047e+00,1.9522013518331558e+00,-2.8955952176741055e+00,1.4189394908933313e+00,-4.3145347085674368e+00,-2.8955952176741047e+00,1.4189394908933313e+00,-4.3145347085674359e+00,2.7598611084829710e-17,-1.2364061774274343e-17,5.2442576207743910e-02,6.3734175640315760e-01,7.2856512114333616e-01,-5.9003713909344668e-04,4.3139446714283434e+00,0.0000000000000000e+00,-9.4339386584094886e-01,9.2518585385429716e-17,2.1840069815820314e-16,2.2204460492503131e-15,6.1611391388870423e-02,-4.5378085461930929e-17
122,1.1423779471933795e+01,3.1729093951456115e+00,2.2407208845717896e-01,-7.7715611723760958e-15,7.7715611723760958e-15,0.0000000000000000e+00,4.9351423549435547e-17,-8.4775197280354278e-02,3.8564882480623716e-02,-1.2334007976097799e-01,-8.4775197280354223e-02,-5.5511151231257827e-17,7.4225732930477487e-18,-8.4775197280354236e-02,3.8564882480623716e-02,-1.2334007976097795e-01,0.0000000000000000e+00,-5.7061391968752845e-02,8.4775197280354236e-02,5.7061391968752845e-02,0.0000000000000000e+00,2.9150583994781085e+00,1.9653018986977016e+00,-2.9150583994781094e+00,1.4278000123376735e+00,-4.3428584118157829e+00,-2.9150583994781085e+00,1.4278000123376735e+00,-4.3428584118157820e+00,2.6988555675844569e-17,-1.0809249325643062e-17,5.1170944773375554e-02,6.4426838368391504e-01,7.3176616575631204e-01,-5.9451812407074200e-04,4.3422638936917117e+00,0.0000000000000000e+00,-9.4975650078040696e-01,9.2518585385429716e-17,2.1259152388627150e-16,1.8503717077085944e-15,5.8684312140976594e-02,-4.6483273282607440e-17
123,1.1645771319277902e+01,3.2345667494226555e+00,2.2199184734410693e-01,-2.7200464103316335e-14,2.7200464103316335e-14,0.0000000000000000e+00,6.0244594324642157e-17,-8.0794103233046088e-02,3.6704571673852243e-02,-1.1749867490689833e-01,-8.0794103233046047e-02,-4.1633363423443370e-17,2.1528212227108344e-18,-8.0794103233046047e-02,3.6704571673852243e-02,-1.1749867490689829e-01,0.0000000000000000e+00,-5.4381192277187539e-02,8.0794103233046047e-02,5.4381192277187525e-02,0.0000000000000000e+00,2.9334359169203292e+00,1.9776715712724804e+00,-2.9334359169203301e+00,1.4361546149258408e+00,-4.3695905318461712e+00,-2.9334359169203292e+00,1.4361546149258408e+00,-4.3695905318461703e+00,2.8051385434645507e-17,-1.0809249325643062e-17,4.9914676698349515e-02,6.5075706351170892e-01,7.3488443484785815e-01,-5.9843986792418313e-04,4.3689920919782468e+00,0.0000000000000000e+00,-9.5576434564784885e-01,1.8503717077085943e-16,4.5258518446407936e-16,2.0354088784794539e-15,5.5897787394084429e-02,-4.9515940809707712e-17
124,1.1883734754165651e+01,3.3006601487316543e+00,2.3796343488774951e-01,-1.9428902930940239e-14,1.9428902930940239e-14,0.0000000000000000e+00,5.1990319951240612e-17,-7.6690799033167140e-02,3.4794377291161555e-02,-1.1148517632432869e-01,-7.6690799033167084e-02,-5.5511151231257827e-17,-2.5939964970302711e-18,-7.6690799033167084e-02,3.4794377291161555e-02,-1.1148517632432864e-01,0.0000000000000000e+00,-5.1618673436323155e-02,7.6690799033167084e-02,5.1618673436323155e-02,0.0000000000000000e+00,2.9521737410634441e+00,1.9902836173438940e+00,-2.9521737410634450e+00,1.4446616826691301e+00,-4.3968354237325755e+00,-2.9521737410634441e+00,1.4446616826691301e+00,-4.3968354237325746e+00,2.7998893642813211e-17,-1.0809249325643062e-17,4.8573045318432331e-02,6.5730863021820474e-01,7.3817761190955578e-01,-6.0239522293725756e-04,4.3962330285096378e+00,0.0000000000000000e+00,-9.6189012371955007e-01,2.3129646346357430e-16,3.9252311467094378e-16,2.7755575615628914e-15,5.3032762114127982e-02,-4.8800356967099452e-17
125,1.2130686946850130e+01,3.3692501398327126e+00,2.4695219268447843e-01,-2.7200464103316335e-14,2.7200464103316335e-14,0.0000000000000000e+00,5.5280744975219318e-17,-7.2609739217829053e-02,3.2898987329932121e-02,-1.0550872654776117e-01,-7.2609739217829011e-02,-4.1633363423443370e-17,2.3064341963043160e-18,-7.2609739217829011e-02,3.2898987329932121e-02,-1.0550872654776114e-01,0.0000000000000000e+00,-4.8871082252749463e-02,7.2609739217829011e-02,4.8871082252749450e-02,0.0000000000000000e+00,2.9706087887084722e+00,2.0026917000987661e+00,-2.9706087887084731e+00,1.4530201950808146e+00,-4.4236289837892881e+00,-2.9706087887084722e+00,1.4530201950808146e+00,-4.4236289837892873e+00,2.7963386572464376e-17,-1.0809249325643062e-17,4.7187471652487135e-02,6.6367659271689616e-01,7.4154980763149836e-01,-6.0632307993291334e-04,4.4230226607093552e+00,0.0000000000000000e+00,-9.6791708860970616e-01,2.7755575615628914e-16,4.8234047858538482e-16,1.8503717077085944e-15,5.0189141099165460e-02,-4.8178916942368720e-17
126,1.2375916595798834e+01,3.4373617012497757e+00,2.4522964894870469e-01,-3.1086244689504383e-14,3.1086244689504383e-14,0.0000000000000000e+00,4.8012287718916695e-17,-6.8731069126383382e-02,3.1101560643906137e-02,-9.9832629770289519e-02,-6.8731069126383354e-02,-2.7755575615628914e-17,1.8566570363738615e-18,-6.8731069126383354e-02,3.1101560643906137e-02,-9.9832629770289491e-02,0.0000000000000000e+00,-4.6259705591082022e-02,6.8731069126383354e-02,4.6259705591082008e-02,0.0000000000000000e+00,2.9879392671146610e+00,2.0143561449523442e+00,-2.9879392671146618e+00,1.4608676110368892e+00,-4.4488068781515517e+00,-2.9879392671146610e+00,1.4608676110368892e+00,-4.4488068781515508e+00,2.8473843273229924e-17,-1.0809249325643062e-17,4.5819652017800097e-02,6.6957774825546235e-01,7.4486031178802070e-01,-6.0989897560603801e-04,4.4481969791759450e+00,0.0000000000000000e+00,-9.7358312216231679e-01,3.2381504884900402e-16,5.9794497620156335e-16,1.8503717077085944e-15,4.7491982567906585e-02,-4.8181239894513618e-17
127,1.2617791175590495e+01,3.5045414055283235e+00,2.4187457979166105e-01,-3.8857805861880479e-15,3.8857805861880479e-15,0.0000000000000000e+00,4.3195565745699535e-17,-6.5069957024837977e-02,2.9409258744667773e-02,-9.4479215769505742e-02,-6.5069957024837935e-02,-4.1633363423443370e-17,-2.3845165366753171e-18,-6.5069957024837921e-02,2.9409258744667769e-02,-9.4479215769505687e-02,-1.3877787807814457e-17,-4.3794764206868071e-02,6.5069957024837921e-02,4.3794764206868078e-02,0.0000000000000000e+00,3.0041208006026707e+00,2.0252470884727143e+00,-3.0041208006026716e+00,1.4681856255431194e+00,-4.4723064261457921e+00,-3.0041208006026707e+00,1.4681856255431194e+00,-4.4723064261457912e+00,2.8410005375817700e-17,-1.2487591372869542e-17,4.4479717105661051e-02,6.7499854390149971e-01,7.4809431721044239e-01,-6.1304732551614727e-04,4.4716933788202748e+00,0.0000000000000000e+00,-9.7887371212995644e-01,1.8503717077085943e-16,3.5108334685767012e-16,1.8503717077085944e-15,4.4951365670074711e-02,-4.7905006594541981e-17
128,1.2860562795962160e+01,3.5719702592666551e+00,2.4277162037166455e-01,-1.9428902930940239e-14,1.9428902930940239e-14,0.0000000000000000e+00,5.9136936930922911e-17,-6.1554602367866834e-02,2.7788644788711209e-02,-8.9343247156578043e-02,-6.1554602367866786e-02,-4.8572257327350599e-17,-4.3807445097522678e-17,-6.1554602367866730e-02,2.7788644788711205e-02,-8.9343247156577932e-02,-1.3877787807814457e-17,-4.1427924032018122e-02,6.1554602367866730e-02,4.1427924032018129e-02,0.0000000000000000e+00,3.0194912253339781e+00,2.0355919135308063e+00,-3.0194912253339790e+00,1.4751286394044496e+00,-4.4946198647384303e+00,-3.0194912253339781e+00,1.4751286394044496e+00,-4.4946198647384286e+00,2.2802956688777695e-17,-1.5856724406146788e-17,4.3145229113858694e-02,6.8005368251516418e-01,7.5131384519291255e-01,-6.1588258251421557e-04,4.4940039821559141e+00,0.0000000000000000e+00,-9.8389931180317181e-01,1.8503717077085943e-16,4.0072404334989295e-16,1.8503717077085944e-15,4.2516867282417194e-02,-5.0921767954791592e-17
129,1.3110223796730375e+01,3.6413126110588183e+00,2.4966100076821540e-01,-1.5543122344752192e-14,1.5543122344752192e-14,0.0000000000000000e+00,2.7810521626455611e-17,-5.8101086055738292e-02,2.6200659580589276e-02,-8.4301745636327571e-02,-5.8101086055738251e-02,-4.1633363423443370e-17,-1.2931009775105308e-17,-5.8101086055738230e-02,2.6200659580589272e-02,-8.4301745636327502e-02,-6.9388939039072284e-18,-3.9102688861581088e-02,5.8101086055738230e-02,3.9102688861581088e-02,0.0000000000000000e+00,3.0344279047937017e+00,2.0456445902345530e+00,-3.0344279047937026e+00,1.4818681512842593e+00,-4.5162960560779633e+00,-3.0344279047937017e+00,1.4818681512842593e+00,-4.5162960560779615e+00,1.5720266976006429e-17,-1.8455281200557709e-17,4.1785058642851931e-02,6.8486384055325089e-01,7.5460070179565564e-01,-6.1855029250068583e-04,4.5156775057854617e+00,0.0000000000000000e+00,-9.8878331455914870e-01,3.2381504884900402e-16,5.2930011264265753e-16,2.7755575615628914e-15,4.0129888464735378e-02,-4.9352637816068483e-17
130,1.3368029494503828e+01,3.7129171201091835e+00,2.5780569777345264e-01,-1.5543122344752192e-14,1.5543122344752192e-14,0.0000000000000000e+00,4.3423584194685786e-17,-5.4701808835426677e-02,2.4641230087227205e-02,-7.9343038922653875e-02,-5.4701808835426628e-02,-4.8572257327350599e-17,-3.6413633112150777e-17,-5.4701808835426587e-02,2.4641230087227205e-02,-7.9343038922653791e-02,-6.9388939039072284e-18,-3.6813946670172328e-02,5.4701808835426587e-02,3.6813946670172341e-02,0.0000000000000000e+00,3.0489685193078429e+00,2.0554304608324911e+00,-3.0489685193078437e+00,1.4884218157052254e+00,-4.5373903350130709e+00,-3.0489685193078429e+00,1.4884218157052254e+00,-4.5373903350130691e+00,9.3596019305409834e-18,-2.0244167585230469e-17,4.0394869042535343e-02,6.8943402821874777e-01,7.5797182199077462e-01,-6.2109645316765771e-04,4.5367692385599012e+00,0.0000000000000000e+00,-9.9353805847535170e-01,4.1633363423443370e-16,6.0950019446321221e-16,3.5157062446463292e-15,3.7784677889486550e-02,-4.8569470759707407e-17
131,1.3619140987352068e+01,3.7826623403180211e+00,2.5111149284824030e-01,-3.8857805861880479e-14,3.8857805861880479e-14,0.0000000000000000e+00,3.7427281841617491e-17,-5.1549076695763009e-02,2.3197354492414553e-02,-7.4746431188177559e-02,-5.1549076695762967e-02,-4.1633363423443370e-17,1.9439421721484649e-17,-5.1549076695762988e-02,2.3197354492414550e-02,-7.4746431188177531e-02,0.0000000000000000e+00,-3.4691184167360653e-02,5.1549076695762988e-02,3.4691184167360653e-02,0.0000000000000000e+00,3.0623089285489353e+00,2.0644083409079519e+00,-3.0623089285489362e+00,1.4944282248999956e+00,-4.5567371534489336e+00,-3.0623089285489353e+00,1.4944282248999956e+00,-4.5567371534489318e+00,7.2283921494250944e-18,-2.1115385588693318e-17,3.9056119161569654e-02,6.9351441607282904e-01,7.6123437552546358e-01,-6.2331414013327979e-04,4.5561138393087983e+00,0.0000000000000000e+00,-9.9790058764098344e-01,4.1633363423443370e-16,6.0413998682671678e-16,3.1456319031046105e-15,3.5612886768878207e-02,-4.8755004984358086e-17
132,1.3870544030833260e+01,3.8524885375576852e+00,2.5140304348119180e-01,-1.1657341758564144e-14,1.1657341758564144e-14,0.0000000000000000e+00,5.8971586352457092e-17,-4.8543206467396668e-02,2.1823919940139866e-02,-7.0367126407536534e-02,-4.8543206467396627e-02,-4.1633363423443370e-17,8.0603176176893620e-18,-4.8543206467396634e-02,2.1823919940139866e-02,-7.0367126407536507e-02,0.0000000000000000e+00,-3.2667292922557115e-02,4.8543206467396634e-02,3.2667292922557115e-02,0.0000000000000000e+00,3.0748906808570351e+00,2.0728754039802837e+00,-3.0748906808570360e+00,1.5000874676068687e+00,-4.5749781484639067e+00,-3.0748906808570351e+00,1.5000874676068687e+00,-4.5749781484639049e+00,1.0685151231828998e-17,-2.1115385588693318e-17,3.7732223200964553e-02,6.9724968861657155e-01,7.6448028558351100e-01,-6.2527020582159309e-04,4.5743528782580833e+00,0.0000000000000000e+00,-1.0020152768767514e+00,2.3129646346357430e-16,4.9243880758928544e-16,1.6653345369377348e-15,3.3545573213402638e-02,-4.8371386253887778e-17
133,1.4135857859956467e+01,3.9261784002826507e+00,2.6531382912320645e-01,-5.8286708792820718e-14,5.8286708792820718e-14,0.0000000000000000e+00,3.7534272518849404e-17,-4.5528648570202640e-02,2.0449763048243863e-02,-6.5978411618446503e-02,-4.5528648570202591e-02,-4.8572257327350599e-17,3.1243031079638462e-17,-4.5528648570202626e-02,2.0449763048243863e-02,-6.5978411618446489e-02,0.0000000000000000e+00,-3.0637545816083789e-02,4.5528648570202626e-02,3.0637545816083789e-02,0.0000000000000000e+00,3.0873699628934093e+00,2.0812732285641715e+00,-3.0873699628934101e+00,1.5056953639592630e+00,-4.5930653268526758e+00,-3.0873699628934093e+00,1.5056953639592630e+00,-4.5930653268526740e+00,1.5899012201955315e-17,-2.1115385588693318e-17,3.6354151049910993e-02,7.0083106578289567e-01,7.6788298456331372e-01,-6.2716256314265806e-04,4.5924381642895309e+00,0.0000000000000000e+00,-1.0060967343292377e+00,2.7755575615628914e-16,7.6790425869906664e-16,3.3306690738754696e-15,3.1475422570689193e-02,-4.9511804326733081e-17
134,1.4403935912082552e+01,4.0006360149725122e+00,2.6807805212608571e-01,-5.0515147620444623e-14,5.0515147620444623e-14,0.0000000000000000e+00,5.6095147906793728e-17,-4.2641834001665983e-02,1.9135945091676848e-02,-6.1777779093342831e-02,-4.2641834001665942e-02,-4.1633363423443370e-17,-2.0953778493837051e-17,-4.2641834001665921e-02,1.9135945091676848e-02,-6.1777779093342769e-02,0.0000000000000000e+00,-2.8693809544541621e-02,4.2641834001665921e-02,2.8693809544541610e-02,0.0000000000000000e+00,3.0991882485048512e+00,2.0892259456517102e+00,-3.0991882485048521e+00,1.5110013937243538e+00,-4.6101896422292086e+00,-3.0991882485048512e+00,1.5110013937243538e+00,-4.6101896422292068e+00,1.7278173597472782e-17,-2.1115385588693318e-17,3.4982871175004641e-02,7.0409388462874622e-01,7.7129573145117380e-01,-6.2890646942914685e-04,4.6095607357597768e+00,0.0000000000000000e+00,-1.0099623028531410e+00,4.1633363423443370e-16,9.5960997497751690e-16,3.1456319031046105e-15,2.9495304018117854e-02,-5.0284405843167535e-17
135,1.4661922100307118e+01,4.0722906545291142e+00,2.5798618822456554e-01,-3.8857805861880479e-14,3.8857805861880479e-14,0.0000000000000000e+00,4.6084965985322586e-17,-4.0009077250188534e-02,1.7939543975494483e-02,-5.7948621225683020e-02,-4.0009077250188506e-02,-2.7755575615628914e-17,6.7611846765827755e-18,-4.0009077250188506e-02,1.7939543975494483e-02,-5.7948621225682992e-02,-6.9388939039072284e-18,-2.6921140019149709e-02,4.0009077250188506e-02,2.6921140019149706e-02,0.0000000000000000e+00,3.1098496452784277e+00,2.0963998900748293e+00,-3.1098496452784286e+00,1.5157838757748543e+00,-4.6256335210532855e+00,-3.1098496452784277e+00,1.5157838757748543e+00,-4.6256335210532837e+00,1.5447427007506299e-17,-2.2010454983075168e-17,3.3684365621532583e-02,7.0691552702260030e-01,7.7455362200102851e-01,-6.3036112969294678e-04,4.6250031599235903e+00,0.0000000000000000e+00,-1.0134497552035984e+00,5.5511151231257827e-16,7.6885115438377001e-16,2.0354088784794539e-15,2.7691217914920643e-02,-5.1462946462789456e-17
136,1.4919183787982277e+01,4.1437440669344356e+00,2.5726168767515922e-01,-6.2172489379008766e-14,6.2172489379008766e-14,0.0000000000000000e+00,4.1318000025620164e-17,-3.7519908401804927e-02,1.6810558998422074e-02,-5.4330467400226998e-02,-3.7519908401804893e-02,-3.4694469519536142e-17,1.2180306145856023e-17,-3.7519908401804900e-02,1.6810558998422070e-02,-5.4330467400226970e-02,-6.9388939039072284e-18,-2.5245162160418669e-02,3.7519908401804900e-02,2.5245162160418673e-02,0.0000000000000000e+00,3.1198222641247151e+00,2.1031100855440732e+00,-3.1198222641247160e+00,1.5202538108438319e+00,-4.6400760749685510e+00,-3.1198222641247151e+00,1.5202538108438319e+00,-4.6400760749685492e+00,1.7883886955538372e-17,-2.3795566539393216e-17,3.2411080212928468e-02,7.0943734493536403e-01,7.7777377285425653e-01,-6.3161284128288031e-04,4.6394444621272655e+00,0.0000000000000000e+00,-1.0167121785806419e+00,8.7892656116158229e-16,1.1976780128981299e-15,5.3660779523549235e-15,2.5987157923953480e-02,-5.1708502646599000e-17
137,1.5189332138026336e+01,4.2187766986517898e+00,2.7014835004405846e-01,-6.2172489379008766e-14,6.2172489379008766e-14,0.0000000000000000e+00,4.3394249716543621e-17,-3.5046820212750129e-02,1.5690957673673817e-02,-5.0737777886423946e-02,-3.5046820212750095e-02,-3.4694469519536142e-17,-2.9365824939235773e-18,-3.5046820212750095e-02,1.5690957673673817e-02,-5.0737777886423911e-02,0.0000000000000000e+00,-2.3580030200274299e-02,3.5046820212750095e-02,2.3580030200274302e-02,0.0000000000000000e+00,3.1296241551263737e+00,2.1097051081224856e+00,-3.1296241551263746e+00,1.5246439263952800e+00,-4.6542680815216579e+00,-3.1296241551263737e+00,1.5246439263952800e+00,-4.6542680815216562e+00,1.9132475301954767e-17,-2.4732831909028873e-17,3.1098047633051462e-02,7.1179214544061586e-01,7.8112093640830704e-01,-6.3279691330575538e-04,4.6536352846083489e+00,0.0000000000000000e+00,-1.0199190470038881e+00,9.2518585385429718e-16,1.8315876098246878e-15,4.0708177569589078e-15,2.4295460536447773e-02,-5.3863701366213147e-17
138,1.5465248180246398e+01,4.2954112839728973e+00,2.7591604222006261e-01,-5.4400928206632670e-14,5.4400928206632670e-14,0.0000000000000000e+00,5.4748930735941753e-17,-3.2664191629330194e-02,1.4613782798974205e-02,-4.7277974428304399e-02,-3.2664191629330160e-02,-3.4694469519536142e-17,-6.0771893197122073e-18,-3.2664191629330153e-02,1.4613782798974205e-02,-4.7277974428304358e-02,0.0000000000000000e+00,-2.1975829929860538e-02,3.2664191629330153e-02,2.1975829929860538e-02,0.0000000000000000e+00,3.1389654323274652e+00,2.1159899044360042e+00,-3.1389654323274661e+00,1.5288247084211397e+00,-4.6677901407486084e+00,-3.1389654323274652e+00,1.5288247084211397e+00,-4.6677901407486067e+00,1.7888953179808195e-17,-2.4732831909028873e-17,2.9783159527676378e-02,7.1390854825946914e-01,7.8449911188177801e-01,-6.3388875221614960e-04,4.6671562519963894e+00,0.0000000000000000e+00,-1.0229755278914610e+00,4.6259292692714859e-16,8.8145501190305775e-16,3.1456319031046105e-15,2.2666444764341417e-02,-5.3625526386391111e-17
139,1.5742683015432887e+01,4.3724677080107179e+00,2.7743483518648837e-01,-5.8286708792820718e-14,5.8286708792820718e-14,0.0000000000000000e+00,5.8137564137763569e-17,-3.0408272703607603e-02,1.3595297153018816e-02,-4.4003569856626415e-02,-3.0408272703607572e-02,-3.1225022567582528e-17,-3.8882149537076198e-17,-3.0408272703607537e-02,1.3595297153018816e-02,-4.4003569856626353e-02,3.4694469519536142e-18,-2.0456972456227320e-02,3.0408272703607537e-02,2.0456972456227327e-02,0.0000000000000000e+00,3.1477146817009722e+00,2.1218760732042470e+00,-3.1477146817009731e+00,1.5327377991447615e+00,-4.6804524808457373e+00,-3.1477146817009722e+00,1.5327377991447615e+00,-4.6804524808457355e+00,1.1652309796894908e-17,-2.4251559187377115e-17,2.8488344657497684e-02,7.1576458688120781e-01,7.8785001495367923e-01,-6.3485265237672728e-04,4.6798176281933577e+00,0.0000000000000000e+00,-1.0258386084967253e+00,8.7892656116158229e-16,1.6088660122137099e-15,3.7007434154171887e-15,2.1124561428796606e-02,-5.4768878610822139e-17
140,1.6030154651068635e+01,4.4523118135265385e+00,2.8747163563574851e-01,-6.2172489379008766e-14,6.2172489379008766e-14,0.0000000000000000e+00,5.5629135361485168e-17,-2.8212137574355568e-02,1.2605301949605158e-02,-4.0817439523960726e-02,-2.8212137574355537e-02,-3.1225022567582528e-17,-2.4000357193763980e-17,-2.8212137574355513e-02,1.2605301949605156e-02,-4.0817439523960670e-02,0.0000000000000000e+00,-1.8978407272948319e-02,2.8212137574355513e-02,1.8978407272948309e-02,0.0000000000000000e+00,3.1561405343130944e+00,2.1275443497605786e+00,-3.1561405343130953e+00,1.5365037636840955e+00,-4.6926442979971936e+00,-3.1561405343130944e+00,1.5365037636840955e+00,-4.6926442979971918e+00,2.6138412654996124e-18,-2.3752875392362331e-17,2.7176101779996208e-02,7.1742352274147436e-01,7.9126840649027863e-01,-6.3573267234628972e-04,4.6920085653248442e+00,0.0000000000000000e+00,-1.0285961845525158e+00,6.9388939039072284e-16,1.4414502491905044e-15,6.1062266354383610e-15,1.9623850691539015e-02,-5.8477048156489631e-17
141,1.6321638575616053e+01,4.5332703163585135e+00,2.9148392454741767e-01,-8.9372953482325102e-14,8.9372953482325102e-14,0.0000000000000000e+00,5.5951078561088008e-17,-2.6125982475468996e-02,1.1666033263544647e-02,-3.7792015739013640e-02,-2.6125982475468972e-02,-2.4286128663675299e-17,-2.1901822746095495e-17,-2.6125982475468948e-02,1.1666033263544645e-02,-3.7792015739013592e-02,-3.4694469519536142e-18,-1.7573918042295703e-02,2.6125982475468948e-02,1.7573918042295706e-02,0.0000000000000000e+00,3.1640598785554204e+00,2.1328715573776891e+00,-3.1640598785554213e+00,1.5400411157050629e+00,-4.7041009942604868e+00,-3.1640598785554204e+00,1.5400411157050629e+00,-4.7041009942604850e+00,-4.0760325115763821e-18,-2.4258519399144589e-17,2.5876513488917958e-02,7.1885491781643629e-01,7.9467316833511992e-01,-6.3651606458869914e-04,4.7034644781958956e+00,0.0000000000000000e+00,-1.0311883211777313e+00,1.0177044392397270e-15,1.8430482469486739e-15,6.6613381477509392e-15,1.8198044594395835e-02,-5.8378789062171126e-17
142,1.6610905389084042e+01,4.6136130253902605e+00,2.8926681346798944e-01,-8.1601392309949006e-14,8.1601392309949006e-14,0.0000000000000000e+00,5.5287870796693649e-17,-2.4189269776993996e-02,1.0795053963884081e-02,-3.4984323740878079e-02,-2.4189269776993965e-02,-3.1225022567582528e-17,-1.9679038659155759e-17,-2.4189269776993948e-02,1.0795053963884081e-02,-3.4984323740878030e-02,3.4694469519536142e-18,-1.6270109625733921e-02,2.4189269776993948e-02,1.6270109625733910e-02,0.0000000000000000e+00,3.1713371448993746e+00,2.1377665343969157e+00,-3.1713371448993755e+00,1.5432897392697154e+00,-4.7146268841690935e+00,-3.1713371448993746e+00,1.5432897392697154e+00,-4.7146268841690917e+00,-1.0090014151551950e-17,-2.4258519399144589e-17,2.4617918976219719e-02,7.2004911982323083e-01,7.9798552205891715e-01,-6.3717841134769415e-04,4.7139897057577436e+00,0.0000000000000000e+00,-1.0335706105024589e+00,5.5511151231257827e-16,1.3928580080704838e-15,6.4763009769800801e-15,1.6874156793567279e-02,-6.2869564133814188e-17
143,1.6894312318717834e+01,4.6923281749511974e+00,2.8340692963379155e-01,-1.1268763699945339e-13,1.1268763699945339e-13,0.0000000000000000e+00,4.1747252306210977e-17,-2.2415022042828636e-02,9.9980208601141846e-03,-3.2413042902942821e-02,-2.2415022042828605e-02,-3.1225022567582528e-17,2.0193581104071931e-17,-2.2415022042828629e-02,9.9980208601141846e-03,-3.2413042902942814e-02,3.4694469519536142e-18,-1.5075715479947292e-02,2.2415022042828629e-02,1.5075715479947292e-02,0.0000000000000000e+00,3.1779411345255810e+00,2.1422083464219352e+00,-3.1779411345255819e+00,1.5462361900164729e+00,-4.7241773245420573e+00,-3.1779411345255810e+00,1.5462361900164729e+00,-4.7241773245420555e+00,-1.0017101704311972e-17,-2.3275254090964099e-17,2.3415041487943000e-02,7.2102195266169145e-01,8.0116147000044557e-01,-6.3772586639276874e-04,4.7235395986756625e+00,0.0000000000000000e+00,-1.0357327881036458e+00,1.2490009027033011e-15,2.3808575365205979e-15,5.3660779523549235e-15,1.5660643854074716e-02,-5.8716831098544634e-17
144,1.7180915415480193e+01,4.7719310472430925e+00,2.8660309676235940e-01,-8.9372953482325102e-14,8.9372953482325102e-14,0.0000000000000000e+00,5.1148544095156204e-17,-2.0739096207406840e-02,9.2460302862616989e-03,-2.9985126493668537e-02,-2.0739096207406812e-02,-2.7755575615628914e-17,1.5995791678030424e-17,-2.0739096207406826e-02,9.2460302862616972e-03,-2.9985126493668524e-02,-3.4694469519536142e-18,-1.3947565597213801e-02,2.0739096207406826e-02,1.3947565597213800e-02,0.0000000000000000e+00,3.1841251864898643e+00,2.1463674275393947e+00,-3.1841251864898652e+00,1.5489938923428752e+00,-4.7331190788327424e+00,-3.1841251864898643e+00,1.5489938923428752e+00,-4.7331190788327406e+00,-4.8311085496929832e-18,-2.3275254090964099e-17,2.2229128229104451e-02,7.2182789697423932e-01,8.0429866987043219e-01,-6.3819726909919439e-04,4.7324808815636414e+00,0.0000000000000000e+00,-1.0377577589504696e+00,1.6190752442450200e-15,3.0923359718803336e-15,7.7715611723760958e-15,1.4513627906884527e-02,-5.7205582905804881e-17
145,1.7481784849216403e+01,4.8554963379911431e+00,3.0086943373621011e-01,-1.2823075934420558e-13,1.2823075934420558e-13,0.0000000000000000e+00,5.4190227746011439e-17,-1.9101901075660635e-02,8.5122216280355979e-03,-2.7614122703696231e-02,-1.9101901075660607e-02,-2.7755575615628914e-17,1.4554174305081746e-17,-1.9101901075660621e-02,8.5122216280355979e-03,-2.7614122703696217e-02,0.0000000000000000e+00,-1.2845550035196721e-02,1.9101901075660621e-02,1.2845550035196716e-02,0.0000000000000000e+00,3.1901186556358856e+00,2.1503980423035709e+00,-3.1901186556358865e+00,1.5516653499416750e+00,-4.7417840055775633e+00,-3.1901186556358856e+00,1.5516653499416750e+00,-4.7417840055775615e+00,-2.3533306669326289e-19,-2.3797179360870151e-17,2.1017303068877127e-02,7.2250293792597275e-01,8.0750647274169185e-01,-6.3863620513338049e-04,4.7411453693724281e+00,0.0000000000000000e+00,-1.0397206133323147e+00,1.1102230246251565e-15,2.3099836151718662e-15,6.1062266354383610e-15,1.3393359046960752e-02,-5.9593292596355104e-17
146,1.7798787887617298e+01,4.9435426733832983e+00,3.1700303840089461e-01,-1.3211653993039363e-13,1.3211653993039363e-13,0.0000000000000000e+00,3.9651822125296074e-17,-1.7505863442711454e-02,7.7975403279631457e-03,-2.5303403770674599e-02,-1.7505863442711433e-02,-2.0816681711721685e-17,1.5056949750095687e-17,-1.7505863442711447e-02,7.7975403279631449e-03,-2.5303403770674592e-02,0.0000000000000000e+00,-1.1771310582516094e-02,1.7505863442711447e-02,1.1771310582516093e-02,0.0000000000000000e+00,3.1959210419265798e+00,2.1542998521094239e+00,-3.1959210419265807e+00,1.5542504719894985e+00,-4.7501715139160812e+00,-3.1959210419265798e+00,1.5542504719894985e+00,-4.7501715139160794e+00,4.4580750812852700e-18,-2.3797179360870151e-17,1.9777302934107753e-02,7.2304769743724850e-01,8.1078640768115595e-01,-6.3906393698620612e-04,4.7495324499790925e+00,0.0000000000000000e+00,-1.0416211898171559e+00,1.3415194880887309e-15,2.0231764896990584e-15,5.9211894646675018e-15,1.2300888791893444e-02,-6.0512530517035335e-17
147,1.8115369616925211e+01,5.0314719918475044e+00,3.1658172930791295e-01,-8.5487172896137054e-14,8.5487172896137054e-14,0.0000000000000000e+00,5.3847424633177741e-17,-1.6037494621808368e-02,7.1405357779074762e-03,-2.3178030399715846e-02,-1.6037494621808344e-02,-2.4286128663675299e-17,-4.2512265072096906e-18,-1.6037494621808340e-02,7.1405357779074762e-03,-2.3178030399715818e-02,0.0000000000000000e+00,-1.0783077734273070e-02,1.6037494621808340e-02,1.0783077734273061e-02,0.0000000000000000e+00,3.2012306490780098e+00,2.1578700057378297e+00,-3.2012306490780107e+00,1.5566150329725634e+00,-4.7578456820505766e+00,-3.2012306490780098e+00,1.5566150329725634e+00,-4.7578456820505748e+00,6.1685223566130486e-18,-2.3797179360870151e-17,1.8576828176730804e-02,7.2344377570029117e-01,8.1395498821695822e-01,-6.3944087858325283e-04,4.7572062411719909e+00,0.0000000000000000e+00,-1.0433606433401801e+00,1.7115938296304498e-15,3.7927316742779833e-15,8.6967470262303940e-15,1.1294096997916942e-02,-5.9501641560294831e-17
148,1.8427796728906170e+01,5.1182473818432621e+00,3.1242711198095918e-01,-1.1657341758564144e-13,1.1657341758564144e-13,0.0000000000000000e+00,5.5208880052495599e-17,-1.4705137602076208e-02,6.5448771139348669e-03,-2.1250014716011074e-02,-1.4705137602076186e-02,-2.2551405187698492e-17,-6.6668454946959180e-18,-1.4705137602076181e-02,6.5448771139348660e-03,-2.1250014716011047e-02,1.7347234759768071e-18,-9.8864607236369920e-03,1.4705137602076181e-02,9.8864607236369920e-03,0.0000000000000000e+00,3.2060330649782105e+00,2.1610988678410217e+00,-3.2060330649782114e+00,1.5587528799855961e+00,-4.7647859449638101e+00,-3.2060330649782105e+00,1.5587528799855961e+00,-4.7647859449638084e+00,4.4629715046352790e-18,-2.3526192038027648e-17,1.7429477963711713e-02,7.2371055053653344e-01,8.1697309295687681e-01,-6.3975852847408810e-04,4.7641461864353332e+00,0.0000000000000000e+00,-1.0449341971371888e+00,1.2027416100105863e-15,2.6136459433924673e-15,1.6098233857064770e-14,1.0378794241444611e-02,-5.9466461300237206e-17
149,1.8742032816479377e+01,5.2055252076280114e+00,3.1423608757320665e-01,-5.4400928206632670e-14,5.4400928206632670e-14,0.0000000000000000e+00,4.1012308420306268e-17,-1.3476112416471182e-02,5.9958615445125218e-03,-1.9471973960983706e-02,-1.3476112416471163e-02,-1.9081958235744878e-17,2.5654511877345298e-17,-1.3476112416471189e-02,5.9958615445125209e-03,-1.9471973960983709e-02,0.0000000000000000e+00,-9.0594617207592903e-03,1.3476112416471189e-02,9.0594617207592903e-03,0.0000000000000000e+00,3.2104608478525858e+00,2.1640756141132180e+00,-3.2104608478525867e+00,1.5607232563112503e+00,-4.7711841041638401e+00,-3.2104608478525858e+00,1.5607232563112503e+00,-4.7711841041638383e+00,7.4462765027497997e-18,-2.3253635678971476e-17,1.6313295431340927e-02,7.2387377510154205e-01,8.1989614595640881e-01,-6.4003982195837139e-04,4.7705440643418786e+00,0.0000000000000000e+00,-1.0463852337393678e+00,1.2952601953960161e-15,2.9840220011459628e-15,1.4432899320127035e-14,9.5326120929015365e-03,-5.5843265857013769e-17
150,1.9064119848044260e+01,5.2949836019376653e+00,3.2208703156488383e-01,-3.5360603334311236e-13,3.5360603334311236e-13,0.0000000000000000e+00,4.5152983889307502e-17,-1.2326053933170069e-02,5.4825023593504663e-03,-1.7808556292520535e-02,-1.2326053933170048e-02,-2.0816681711721685e-17,1.3208738916552613e-17,-1.2326053933170062e-02,5.4825023593504654e-03,-1.7808556292520528e-02,0.0000000000000000e+00,-8.2856840425512349e-03,1.2326053933170062e-02,8.2856840425512314e-03,0.0000000000000000e+00,3.2146161194363354e+00,2.1668689373687005e+00,-3.2146161194363363e+00,1.5625717723897588e+00,-4.7771878918260979e+00,-3.2146161194363354e+00,1.5625717723897588e+00,-4.7771878918260962e+00,1.3704951045333896e-17,-2.3253635678971476e-17,1.5209091528067068e-02,7.2395012249631296e-01,8.2277225091384254e-01,-6.4030745153620394e-04,4.7765475843745584e+00,0.0000000000000000e+00,-1.0477471820676350e+00,1.3877787807814457e-15,2.8058158233301951e-15,1.3507713466272738e-14,8.7387517018746204e-03,-5.4035385517612911e-17
151,1.9393249169403134e+01,5.3863979642792286e+00,3.2912932135887374e-01,-1.0880185641326534e-13,1.0880185641326534e-13,0.0000000000000000e+00,5.3622216324159579e-17,-1.1259533592760600e-02,5.0067424856678651e-03,-1.6266276078428465e-02,-1.1259533592760582e-02,-1.7347234759768071e-17,-7.7829571352934635e-18,-1.1259533592760575e-02,5.0067424856678642e-03,-1.6266276078428440e-02,0.0000000000000000e+00,-7.5682031923020145e-03,1.1259533592760575e-02,7.5682031923020188e-03,0.0000000000000000e+00,3.2184974736444651e+00,2.1694779269419540e+00,-3.2184974736444660e+00,1.5642979314084626e+00,-4.7827954050529318e+00,-3.2184974736444651e+00,1.5642979314084626e+00,-4.7827954050529300e+00,1.4597842983087479e-17,-2.3253635678971476e-17,1.4123125933424041e-02,7.2395075901357209e-01,8.2558348079520105e-01,-6.4056566626558009e-04,4.7821548393866635e+00,0.0000000000000000e+00,-1.0490195467025112e+00,2.1741867565575985e-15,3.6488584102106521e-15,2.2574534834044851e-14,8.0003134018872667e-03,-5.7895782435713429e-17
152,1.9720000765198353e+01,5.4771519227852190e+00,3.2675159579521917e-01,-8.1601392309949006e-14,8.1601392309949006e-14,0.0000000000000000e+00,5.7376811394967911e-17,-1.0303532698718948e-02,4.5805249230137703e-03,-1.4884057621732718e-02,-1.0303532698718931e-02,-1.7347234759768071e-17,-2.0890666139084862e-17,-1.0303532698718910e-02,4.5805249230137703e-03,-1.4884057621732680e-02,0.0000000000000000e+00,-6.9251648705355613e-03,1.0303532698718910e-02,6.9251648705355717e-03,0.0000000000000000e+00,3.2220203568049546e+00,2.1718457925134436e+00,-3.2220203568049555e+00,1.5658642588710137e+00,-4.7878846156759725e+00,-3.2220203568049546e+00,1.5658642588710137e+00,-4.7878846156759707e+00,9.9132669020204513e-18,-2.3253635678971476e-17,1.3088216914482123e-02,7.2389016515460169e-01,8.2824508406265795e-01,-6.4079273927197811e-04,4.7872438229366967e+00,0.0000000000000000e+00,-1.0501745642915110e+00,1.8966310004013094e-15,4.0879188024264870e-15,1.4617936490897897e-14,7.3360644071562512e-03,-5.5209180061433216e-17
153,2.0044804255628161e+01,5.5673648027600784e+00,3.2480349042980805e-01,-1.0491607582707729e-13,1.0491607582707729e-13,0.0000000000000000e+00,5.9146352429594720e-17,-9.4491621762658913e-03,4.1998294928018579e-03,-1.3648991669067748e-02,-9.4491621762658740e-03,-1.7347234759768071e-17,-7.8755193727384457e-18,-9.4491621762658670e-03,4.1998294928018570e-03,-1.3648991669067724e-02,1.7347234759768071e-18,-6.3505798124273670e-03,9.4491621762658670e-03,6.3505798124273739e-03,0.0000000000000000e+00,3.2252282289253498e+00,2.1740017966189842e+00,-3.2252282289253507e+00,1.5672902037517475e+00,-4.7925184326771015e+00,-3.2252282289253498e+00,1.5672902037517475e+00,-4.7925184326770998e+00,5.2415881717246587e-18,-2.2971913559007577e-17,1.2103058236080577e-02,7.2378388762966783e-01,8.3076226804897912e-01,-6.4098983701987855e-04,4.7918774428400788e+00,0.0000000000000000e+00,-1.0512264323063656e+00,1.3877787807814457e-15,3.6189316115918625e-15,2.0169051614023679e-14,6.7400586633214968e-03,-5.3576361994255716e-17
154,2.0375876309955263e+01,5.6593187514707850e+00,3.3107205432710174e-01,-3.2251978865360797e-13,3.2251978865360797e-13,0.0000000000000000e+00,3.7599007216519490e-17,-8.6711968168472018e-03,3.8533621969909981e-03,-1.2524559013838199e-02,-8.6711968168471862e-03,-1.5612511283791264e-17,-4.3294080678608028e-18,-8.6711968168471827e-03,3.8533621969909968e-03,-1.2524559013838180e-02,0.0000000000000000e+00,-5.8274765040366560e-03,8.6711968168471827e-03,5.8274765040366638e-03,0.0000000000000000e+00,3.2282278011638472e+00,2.1760177036801855e+00,-3.2282278011638481e+00,1.5686232971100624e+00,-4.7968510982739136e+00,-3.2282278011638472e+00,1.5686232971100624e+00,-4.7968510982739119e+00,3.2212329713884540e-18,-2.2684754326567031e-17,1.1144583872278792e-02,7.2364157268582185e-01,8.3319596594657741e-01,-6.4117460538426485e-04,4.7962099236685258e+00,0.0000000000000000e+00,-1.0522100974836617e+00,4.4408920985006262e-15,6.3839768117483018e-15,3.7747582837255322e-14,6.1948463116992050e-03,-5.2540839332633771e-17
155,2.0717929107982492e+01,5.7543225581498998e+00,3.4205279802722899e-01,-1.9040324872321435e-13,1.9040324872321435e-13,0.0000000000000000e+00,5.3243982980222042e-17,-7.9601693827323766e-03,3.5368538310097506e-03,-1.1497023213742127e-02,-7.9601693827323610e-03,-1.5612511283791264e-17,1.9749734643744818e-17,-7.9601693827323801e-03,3.5368538310097501e-03,-1.1497023213742130e-02,0.0000000000000000e+00,-5.3494873987184610e-03,7.9601693827323801e-03,5.3494873987184636e-03,0.0000000000000000e+00,3.2310722038356379e+00,2.1779292595683790e+00,-3.2310722038356388e+00,1.5698872191452642e+00,-4.8009594229809061e+00,-3.2310722038356379e+00,1.5698872191452642e+00,-4.8009594229809043e+00,5.8585158972758371e-18,-2.2684754326567031e-17,1.0203832558097438e-02,7.2347112588667573e-01,8.3557090510956444e-01,-6.4135559092659555e-04,4.8003180673899761e+00,0.0000000000000000e+00,-1.0531429442672589e+00,2.9605947323337509e-15,6.3710114384124260e-15,1.9058828589398523e-14,5.6938023945912915e-03,-4.8864572139020384e-17
156,2.1064473964791357e+01,5.8505740163218345e+00,3.4654485680886538e-01,-1.7486012637846216e-13,1.7486012637846216e-13,0.0000000000000000e+00,4.0314458596473068e-17,-7.3299963149609116e-03,3.2564509672854520e-03,-1.0586447282246364e-02,-7.3299963149608977e-03,-1.3877787807814457e-17,1.8174967583114472e-19,-7.3299963149608986e-03,3.2564509672854507e-03,-1.0586447282246350e-02,8.6736173798840355e-19,-4.9259641555131984e-03,7.3299963149608986e-03,4.9259641555131992e-03,0.0000000000000000e+00,3.2337215679767835e+00,2.1797097120121327e+00,-3.2337215679767843e+00,1.5710643115645564e+00,-4.8047858795413436e+00,-3.2337215679767835e+00,1.5710643115645564e+00,-4.8047858795413418e+00,9.3120925870336367e-18,-2.2534464451920690e-17,9.3031027954900581e-03,7.2328589425620560e-01,8.3783380140543562e-01,-6.4151310742510681e-04,4.8041443664339152e+00,0.0000000000000000e+00,-1.0540118559646507e+00,5.3660779523549235e-15,7.2459951251174313e-15,1.7023419710919068e-14,5.2467957378510375e-03,-5.1264995900171108e-17
157,2.1410190590148641e+01,5.9465954364962270e+00,3.4571662535728365e-01,-3.9634961979118088e-13,3.9634961979118088e-13,0.0000000000000000e+00,4.0320384580547785e-17,-6.7859148023342872e-03,3.0144484506484143e-03,-9.8003632529827019e-03,-6.7859148023342759e-03,-1.1275702593849246e-17,1.3248267586949799e-17,-6.7859148023342889e-03,3.0144484506484134e-03,-9.8003632529827019e-03,0.0000000000000000e+00,-4.5604156842121574e-03,6.7859148023342889e-03,4.5604156842121582e-03,0.0000000000000000e+00,3.2361616205544408e+00,2.1813495116246564e+00,-3.2361616205544417e+00,1.5721482886569180e+00,-4.8083099092113626e+00,-3.2361616205544408e+00,1.5721482886569180e+00,-4.8083099092113608e+00,1.1633582710322982e-17,-2.2384533765410000e-17,8.4579771236385198e-03,7.2309897887531138e-01,8.3994970198518415e-01,-6.4163067278388830e-04,4.8076682785385758e+00,0.0000000000000000e+00,-1.0548121089297844e+00,4.3483735131151970e-15,8.7236588072410446e-15,6.3467749574404791e-14,4.8578026105162188e-03,-5.1863157504097243e-17
158,2.1755337955928020e+01,6.0424587470828568e+00,3.4514736577937910e-01,-4.2355008389449722e-13,4.2355008389449722e-13,0.0000000000000000e+00,4.0347383694201873e-17,-6.3212983575432410e-03,2.8078678742716936e-03,-9.1291662318149346e-03,-6.3212983575432289e-03,-1.2143064331837650e-17,-4.5857293061996513e-18,-6.3212983575432246e-03,2.8078678742716932e-03,-9.1291662318149173e-03,0.0000000000000000e+00,-4.2483752679279728e-03,6.3212983575432246e-03,4.2483752679279797e-03,0.0000000000000000e+00,3.2384235806018609e+00,2.1828696771210727e+00,-3.2384235806018618e+00,1.5731530672280583e+00,-4.8115766478299227e+00,-3.2384235806018609e+00,1.5731530672280583e+00,-4.8115766478299209e+00,1.3128508844604955e-17,-2.2384533765410000e-17,7.6681821291697807e-03,7.2291938883835205e-01,8.4192379022231922e-01,-6.4170603821711580e-04,4.8109349417917029e+00,0.0000000000000000e+00,-1.0555539034807881e+00,4.7184478546569153e-15,8.1552968274035838e-15,2.5720166737149462e-14,4.5224509473668064e-03,-4.9844889612375957e-17
159,2.2110144395664289e+01,6.1410048271138296e+00,3.5480643973626869e-01,-3.1474822748123188e-13,3.1474822748123188e-13,0.0000000000000000e+00,3.6808429346732174e-17,-5.9196799385503041e-03,2.6293636719786464e-03,-8.5490436105289495e-03,-5.9196799385502945e-03,-9.5409791178724390e-18,2.5234782428969628e-17,-5.9196799385503188e-03,2.6293636719786464e-03,-8.5490436105289652e-03,-8.6736173798840355e-19,-3.9787734045332564e-03,5.9196799385503188e-03,3.9787734045332469e-03,0.0000000000000000e+00,3.2405951695659239e+00,2.1843291997859011e+00,-3.2405951695659247e+00,1.5741176496115317e+00,-4.8147128191774593e+00,-3.2405951695659239e+00,1.5741176496115317e+00,-4.8147128191774575e+00,1.6791717355812503e-17,-2.2538406530519563e-17,6.9128529542805735e-03,7.2275043962294439e-01,8.4381260943200853e-01,-6.4174760229818162e-04,4.8140710715751585e+00,0.0000000000000000e+00,-1.0562659697800227e+00,7.0314124892926584e-15,1.2453362451375001e-14,1.9058828589398523e-14,4.2291020305155001e-03,-4.5294589680746874e-17
160,2.2474631842622657e+01,6.2422397684664812e+00,3.6448744695836766e-01,-8.1601392309949006e-13,8.1601392309949006e-13,0.0000000000000000e+00,6.8928319919860705e-17,-5.5812150969172560e-03,2.4789855606829414e-03,-8.0602006576001965e-03,-5.5812150969172455e-03,-1.0408340855860843e-17,1.3720328126587515e-17,-5.5812150969172594e-03,2.4789855606829414e-03,-8.0602006576002000e-03,0.0000000000000000e+00,-3.7517089151064514e-03,5.5812150969172594e-03,3.7517089151064484e-03,0.0000000000000000e+00,3.2426911355005306e+00,2.1857380316681221e+00,-3.2426911355005315e+00,1.5750486141965239e+00,-4.8177397496970586e+00,-3.2426911355005306e+00,1.5750486141965239e+00,-4.8177397496970569e+00,2.3891041752000495e-17,-2.2696477763253944e-17,6.1966503961369676e-03,7.2260113098112844e-01,8.4560908770160659e-01,-6.4174511765191511e-04,4.8170980045794032e+00,0.0000000000000000e+00,-1.0569531038324085e+00,2.4980018054066022e-15,5.2604443749814814e-15,4.7739590058881731e-14,3.9779960160994908e-03,-5.0140739887578978e-17
161,2.2838873684620335e+01,6.3434064940163699e+00,3.6424184199767851e-01,-7.1886940844478886e-13,7.1886940844478886e-13,0.0000000000000000e+00,5.8548628188043419e-17,-5.3118447018695916e-03,2.3593598898607507e-03,-7.6712045917303427e-03,-5.3118447018695794e-03,-1.2143064331837650e-17,-1.0204350895370594e-17,-5.3118447018695699e-03,2.3593598898607503e-03,-7.6712045917303202e-03,8.6736173798840355e-19,-3.5711532730048168e-03,5.3118447018695699e-03,3.5711532730048046e-03,0.0000000000000000e+00,3.2446749895835811e+00,2.1870716780741684e+00,-3.2446749895835820e+00,1.5759297781260875e+00,-4.8206047677096731e+00,-3.2446749895835811e+00,1.5759297781260875e+00,-4.8206047677096713e+00,2.4531374763560668e-17,-2.2538513044692340e-17,5.5409539259646994e-03,7.2248326687572406e-01,8.4726387286633909e-01,-6.4168445805967700e-04,4.8199630832516096e+00,0.0000000000000000e+00,-1.0576033115094128e+00,1.7763568394002505e-14,2.2850798290018918e-14,1.9613940101711101e-14,3.7739013572148424e-03,-4.2061957439476994e-17
162,2.3194178281678326e+01,6.4420909352657327e+00,3.5530459705799089e-01,-3.1086244689504383e-13,3.1086244689504383e-13,0.0000000000000000e+00,4.3749704644919704e-17,-5.1096232999415887e-03,2.2696099361547810e-03,-7.3792332360963697e-03,-5.1096232999415783e-03,-1.0408340855860843e-17,-1.0038100997469796e-17,-5.1096232999415687e-03,2.2696099361547806e-03,-7.3792332360963497e-03,8.6736173798840355e-19,-3.4357724167945387e-03,5.1096232999415687e-03,3.4357724167945352e-03,0.0000000000000000e+00,3.2465263873281494e+00,2.1883164745285830e+00,-3.2465263873281502e+00,1.5767521252555006e+00,-4.8232785125836539e+00,-3.2465263873281494e+00,1.5767521252555006e+00,-4.8232785125836521e+00,2.0935256656934956e-17,-2.2230335431872852e-17,4.9582151131761926e-03,7.2240407227639858e-01,8.4874826771393075e-01,-6.4157015199506340e-04,4.8226369424316555e+00,0.0000000000000000e+00,-1.0582099127995663e+00,6.3375230989019355e-15,1.3392096393613770e-14,6.9944050551384862e-14,3.6161466570322231e-03,-3.7551498238511972e-17
163,2.3547202827230564e+01,6.5401421012613321e+00,3.5302454555223761e-01,-4.5852210917018965e-13,4.5852210917018965e-13,0.0000000000000000e+00,3.6479063565068995e-17,-4.9624760965688419e-03,2.2043618483934069e-03,-7.1668379449622488e-03,-4.9624760965688314e-03,-1.0408340855860843e-17,2.3281364010733968e-17,-4.9624760965688557e-03,2.2043618483934060e-03,-7.1668379449622618e-03,8.6736173798840355e-19,-3.3374469944289424e-03,4.9624760965688557e-03,3.3374469944289511e-03,0.0000000000000000e+00,3.2483042364842545e+00,2.1895120308808695e+00,-3.2483042364842554e+00,1.5775418361835274e+00,-4.8258460726677859e+00,-3.2483042364842545e+00,1.5775418361835274e+00,-4.8258460726677841e+00,2.3272855110378127e-17,-2.1924135448490097e-17,4.4334240349068986e-03,7.2236498830968987e-01,8.5010201423647891e-01,-6.4140960245184786e-04,4.8252046630653309e+00,0.0000000000000000e+00,-1.0587922056033849e+00,6.1524859281310764e-15,1.2405265778524906e-14,3.6452322641859311e-14,3.4962722368871244e-03,-4.0572963721633198e-17
164,2.3899028711296577e+01,6.6378603437879011e+00,3.5182588406601312e-01,-2.3703261575747092e-13,2.3703261575747092e-13,0.0000000000000000e+00,3.6954704226738676e-17,-4.8639717848143107e-03,2.1607551762449885e-03,-7.0247269610592992e-03,-4.8639717848143011e-03,-9.5409791178724390e-18,2.5543734509426053e-17,-4.8639717848143280e-03,2.1607551762449877e-03,-7.0247269610593157e-03,1.7347234759768071e-18,-3.2718452323402944e-03,4.8639717848143280e-03,3.2718452323403039e-03,0.0000000000000000e+00,3.2500328358408024e+00,2.1906746909212362e+00,-3.2500328358408033e+00,1.5783097167616500e+00,-4.8283425526024564e+00,-3.2500328358408024e+00,1.5783097167616500e+00,-4.8283425526024546e+00,3.1861821836110871e-17,-2.1466394983080890e-17,3.9623301680928105e-03,7.2236908539763955e-01,8.5133709376997058e-01,-6.4120742594697688e-04,4.8277013451765063e+00,0.0000000000000000e+00,-1.0593581449195661e+00,5.9674487573602164e-15,1.0238622663016460e-14,3.2936616397212979e-14,3.4099681446516940e-03,-3.9508534468205807e-17
165,2.4261961984659767e+01,6.7386636195946670e+00,3.6293327336318981e-01,-8.4321438720280639e-13,8.4321438720280639e-13,0.0000000000000000e+00,6.8829180739226887e-17,-4.8074318578351753e-03,2.1358242828386853e-03,-6.9432561406738607e-03,-4.8074318578351658e-03,-9.5409791178724390e-18,5.6477016999278259e-18,-4.8074318578351719e-03,2.1358242828386849e-03,-6.9432561406738563e-03,0.0000000000000000e+00,-3.2344907270137500e-03,4.8074318578351719e-03,3.2344907270137504e-03,0.0000000000000000e+00,3.2517878729318239e+00,2.1918553738249007e+00,-3.2517878729318248e+00,1.5790894025853250e+00,-4.8308772755171532e+00,-3.2517878729318239e+00,1.5790894025853250e+00,-4.8308772755171514e+00,3.7522026858290838e-17,-2.1151600548322773e-17,3.5282732038332733e-03,7.2242163548068383e-01,8.5249854504385847e-01,-6.4094885694943038e-04,4.8302363266602004e+00,0.0000000000000000e+00,-1.0599324991069232e+00,1.3970306393199888e-14,1.7758785213771425e-14,4.7184478546569153e-14,3.3521580073656368e-03,-3.8947847838570093e-17
166,2.4642256431159289e+01,6.8442888923150074e+00,3.8029444649952282e-01,-9.2870156009894345e-13,9.2870156009894345e-13,0.0000000000000000e+00,1.2273646238842543e-16,-4.7915803975114362e-03,2.1290104408692358e-03,-6.9205908383806721e-03,-4.7915803975114276e-03,-8.6736173798840355e-18,-1.6202006862525187e-17,-4.7915803975114111e-03,2.1290104408692358e-03,-6.9205908383806469e-03,0.0000000000000000e+00,-3.2245292776456641e-03,4.7915803975114111e-03,3.2245292776456494e-03,0.0000000000000000e+00,3.2536130984581186e+00,2.1930835385437013e+00,-3.2536130984581195e+00,1.5799003490656574e+00,-4.8335134475237798e+00,-3.2536130984581186e+00,1.5799003490656574e+00,-4.8335134475237780e+00,3.5515155038292331e-17,-2.1151600548322773e-17,3.1268846992501078e-03,7.2253228145832760e-01,8.5360056642252435e-01,-6.4061648555524542e-04,4.8328728310382214e+00,0.0000000000000000e+00,-1.0605295599144173e+00,9.6219328800846905e-15,1.7146836619449984e-14,3.4786988104921576e-14,3.3220937786917755e-03,-3.6964597998711404e-17
167,2.5028867128513642e+01,6.9516684786343301e+00,3.8661069735435305e-01,-5.0515147620444623e-13,5.0515147620444623e-13,0.0000000000000000e+00,1.0626272355736579e-16,-4.8150019817501839e-03,2.1396894716836064e-03,-6.9546914534337903e-03,-4.8150019817501770e-03,-6.9388939039072284e-18,7.4126812217845926e-18,-4.8150019817501831e-03,2.1396894716836064e-03,-6.9546914534337895e-03,-1.7347234759768071e-18,-3.2409802845933594e-03,4.8150019817501831e-03,3.2409802845933750e-03,0.0000000000000000e+00,3.2554701022145380e+00,2.1943333561240057e+00,-3.2554701022145389e+00,1.5807255115906516e+00,-4.8361956138051934e+00,-3.2554701022145380e+00,1.5807255115906516e+00,-4.8361956138051916e+00,3.3816131380671722e-17,-2.1486931874704953e-17,2.7710849523292867e-03,7.2270546561401872e-01,8.5460872962612711e-01,-6.4023139817659391e-04,4.8355553824070139e+00,0.0000000000000000e+00,-1.0611367460905323e+00,1.4525417905512466e-14,2.8093316821502880e-14,2.8680761469483215e-14,3.3209363043673543e-03,-3.6005561365997352e-17
168,2.5416255809690554e+01,7.0592641468717199e+00,3.8738868117691183e-01,-3.2640556923979602e-13,3.2640556923979602e-13,0.0000000000000000e+00,1.2352126030016799e-16,-4.8725434290770343e-03,2.1655695876502930e-03,-7.0381130167273273e-03,-4.8725434290770265e-03,-7.8062556418956319e-18,1.7265430750302634e-17,-4.8725434290770430e-03,2.1655695876502930e-03,-7.0381130167273360e-03,-8.6736173798840355e-19,-3.2803603083529729e-03,4.8725434290770430e-03,3.2803603083529859e-03,0.0000000000000000e+00,3.2573465249348090e+00,2.1955965028899094e+00,-3.2573465249348099e+00,1.5815594159052118e+00,-4.8389059408400241e+00,-3.2573465249348090e+00,1.5815594159052118e+00,-4.8389059408400223e+00,3.8596142006073238e-17,-2.1990941054378918e-17,2.4631529013611950e-03,7.2294211406329789e-01,8.5551433262499021e-01,-6.3981631556253582e-04,4.8382661245244591e+00,0.0000000000000000e+00,-1.0617500220448997e+00,6.4763009769800801e-15,1.6201998796484917e-14,3.7377508495713606e-14,3.3440062022932586e-03,-2.6379621819863260e-17
169,2.5803793273869552e+01,7.1669011389972601e+00,3.8753746417899748e-01,-5.0126569561825818e-13,5.0126569561825818e-13,0.0000000000000000e+00,8.6532570066997011e-17,-4.9585635138141744e-03,2.2041436799223402e-03,-7.1627071937365146e-03,-4.9585635138141683e-03,-6.0715321659188248e-18,-3.0312107427027965e-17,-4.9585635138141362e-03,2.2041436799223393e-03,-7.1627071937364756e-03,-1.7347234759768071e-18,-3.3388677211965436e-03,4.9585635138141362e-03,3.3388677211965440e-03,0.0000000000000000e+00,3.2592514860621695e+00,2.1968791023126064e+00,-3.2592514860621704e+00,1.5824061297046639e+00,-4.8416576157668363e+00,-3.2592514860621695e+00,1.5824061297046639e+00,-4.8416576157668345e+00,3.6068104008442538e-17,-2.2495143807077789e-17,2.1992413297574243e-03,7.2324308271080318e-01,8.5632442110067630e-01,-6.3938456342693684e-04,4.8410182312034076e+00,0.0000000000000000e+00,-1.0623723837495631e+00,1.2860083368574731e-14,1.9440495135412534e-14,2.8495724298712353e-14,3.3875638333334124e-03,-2.5415499491051181e-17
170,2.6190984999255498e+01,7.2744421035456375e+00,3.8719172538594648e-01,-3.6137759451548845e-13,3.6137759451548845e-13,0.0000000000000000e+00,1.0381947270178104e-16,-5.0675557865288148e-03,2.2529653929042959e-03,-7.3205211794331107e-03,-5.0675557865288079e-03,-6.9388939039072284e-18,5.6278713904853429e-17,-5.0675557865288634e-03,2.2529653929042959e-03,-7.3205211794331593e-03,-8.6736173798840355e-19,-3.4127928181602891e-03,5.0675557865288634e-03,3.4127928181602969e-03,0.0000000000000000e+00,3.2611925012775820e+00,2.1981861958593334e+00,-3.2611925012775829e+00,1.5832690075807345e+00,-4.8444615088583198e+00,-3.2611925012775820e+00,1.5832690075807345e+00,-4.8444615088583181e+00,4.1095131590726109e-17,-2.2998896738876013e-17,1.9750317227527443e-03,7.2360824736725349e-01,8.5704677974756549e-01,-6.3894874316283712e-04,4.8438225601151546e+00,0.0000000000000000e+00,-1.0630063054182486e+00,6.0137080500529318e-15,1.3969240244315669e-14,3.1456319031046106e-14,3.4479320709372989e-03,-2.5854030811909663e-17
171,2.6578531221019780e+01,7.3820815280557222e+00,3.8754622176428200e-01,-7.1498362785860081e-13,7.1498362785860081e-13,0.0000000000000000e+00,1.0152318885918013e-16,-5.1946430808266376e-03,2.3098673634353055e-03,-7.5045104442619430e-03,-5.1946430808266315e-03,-6.0715321659188248e-18,1.6797479708749442e-17,-5.1946430808266471e-03,2.3098673634353046e-03,-7.5045104442619517e-03,-8.6736173798840355e-19,-3.4988519422692941e-03,5.1946430808266471e-03,3.4988519422693037e-03,0.0000000000000000e+00,3.2631810394766005e+00,2.1995254867658742e+00,-3.2631810394766014e+00,1.5841531618783653e+00,-4.8473342013549692e+00,-3.2631810394766005e+00,1.5841531618783653e+00,-4.8473342013549674e+00,5.5255332958659581e-17,-2.3335039503336320e-17,1.7855084751336879e-03,7.2403790641006260e-01,8.5769123015027005e-01,-6.3851684289883970e-04,4.8466956845120679e+00,0.0000000000000000e+00,-1.0636555527107263e+00,1.4432899320127035e-14,2.3727595700886725e-14,4.4593958155777123e-14,3.5218005626034788e-03,-2.2111658422165697e-17
172,2.6966451444198768e+01,7.4898248299739310e+00,3.8792022317898756e-01,-3.0697666630885578e-13,3.0697666630885578e-13,0.0000000000000000e+00,1.0423561715928764e-16,-5.3351084394990030e-03,2.3727524550255278e-03,-7.7078608945245312e-03,-5.3351084394989961e-03,-6.9388939039072284e-18,3.0583635426829174e-17,-5.3351084394990256e-03,2.3727524550255273e-03,-7.7078608945245529e-03,-8.6736173798840355e-19,-3.5938688305823681e-03,5.3351084394990256e-03,3.5938688305823716e-03,0.0000000000000000e+00,3.2652233912564927e+00,2.2009011916784496e+00,-3.2652233912564936e+00,1.5850614033408852e+00,-4.8502847945973810e+00,-3.2652233912564927e+00,1.5850614033408852e+00,-4.8502847945973793e+00,6.4445379337591068e-17,-2.3671506662313696e-17,1.6262616730960736e-03,7.2453125677346308e-01,8.5826578729526981e-01,-6.3809759905630870e-04,4.8496466969983221e+00,0.0000000000000000e+00,-1.0643221995780432e+00,1.3230157710116449e-14,2.1508770396208749e-14,2.2574534834044851e-14,3.6059789266171039e-03,-2.0431930140422527e-17
173,2.7362852871044037e+01,7.5999237525394916e+00,3.9640142684526936e-01,-5.9063864910058328e-13,5.9063864910058328e-13,0.0000000000000000e+00,8.8636238478964818e-17,-5.4877190391516995e-03,2.4410759354284882e-03,-7.9287949745801868e-03,-5.4877190391516926e-03,-6.9388939039072284e-18,2.8503187559141888e-17,-5.4877190391517203e-03,2.4410759354284877e-03,-7.9287949745802076e-03,-8.6736173798840355e-19,-3.6970212786434321e-03,5.4877190391517203e-03,3.6970212786434390e-03,0.0000000000000000e+00,3.2673684833840113e+00,2.2023462512995842e+00,-3.2673684833840122e+00,1.5860155075621674e+00,-4.8533839909461820e+00,-3.2673684833840113e+00,1.5860155075621674e+00,-4.8533839909461802e+00,7.6156429807287459e-17,-2.4015330092843292e-17,1.4905538851876163e-03,7.2509910629318974e-01,8.5878817246553862e-01,-6.3767491825150735e-04,4.8527463160279281e+00,0.0000000000000000e+00,-1.0650222320844271e+00,1.0917193075480707e-14,2.1385222222950213e-14,3.2196467714129540e-14,3.6994299505779048e-03,-2.4075120961429841e-17
174,2.7770619903871758e+01,7.7131794270444463e+00,4.0776703282772075e-01,-4.2355008389449722e-13,4.2355008389449722e-13,0.0000000000000000e+00,8.9675408397425186e-17,-5.6496719269971529e-03,2.5135967903586846e-03,-8.1632687173558375e-03,-5.6496719269971468e-03,-6.0715321659188248e-18,-5.2932859213107260e-17,-5.6496719269970939e-03,2.5135967903586838e-03,-8.1632687173557768e-03,0.0000000000000000e+00,-3.8064220137867095e-03,5.6496719269970939e-03,3.8064220137867129e-03,0.0000000000000000e+00,3.2696392138178658e+00,2.2038760797032566e+00,-3.2696392138178667e+00,1.5870256836601806e+00,-4.8566648974780495e+00,-3.2696392138178658e+00,1.5870256836601806e+00,-4.8566648974780477e+00,7.1175622445640992e-17,-2.4192170853987205e-17,1.3750005242573395e-03,7.2574799306781690e-01,8.5926544139540262e-01,-6.3724867270376073e-04,4.8560276488053438e+00,0.0000000000000000e+00,-1.0657631341146092e+00,3.7007434154171887e-15,9.2564463228895981e-15,1.8873791418627661e-14,3.8002515399862087e-03,-2.7996693115977770e-17
175,2.8185958745180752e+01,7.8285381412944792e+00,4.1533884130899423e-01,-1.7097434579227411e-13,1.7097434579227411e-13,0.0000000000000000e+00,1.1508287317532596e-16,-5.8152993317971526e-03,2.5877911293358483e-03,-8.4030904611330018e-03,-5.8152993317971457e-03,-6.9388939039072284e-18,5.1995937740385022e-17,-5.8152993317971977e-03,2.5877911293358475e-03,-8.4030904611330452e-03,0.0000000000000000e+00,-3.9182494167965785e-03,5.8152993317971977e-03,3.9182494167965889e-03,0.0000000000000000e+00,3.2720201377570000e+00,2.2054802577439920e+00,-3.2720201377570008e+00,1.5880850859339974e+00,-4.8601052236910007e+00,-3.2720201377570000e+00,1.5880850859339974e+00,-4.8601052236909990e+00,7.0981052506202004e-17,-2.4192170853987205e-17,1.2780486871883643e-03,7.2647321719681923e-01,8.5969698138600392e-01,-6.3683866398589473e-04,4.8594683850270126e+00,0.0000000000000000e+00,-1.0665398800130079e+00,6.5688195623655101e-15,1.3481694486627379e-14,2.0354088784794538e-14,3.9047349831576057e-03,-3.3930154502797772e-17
176,2.8605612746012504e+01,7.9450953739704797e+00,4.1965400083175197e-01,-3.9246383920499284e-13,3.9246383920499284e-13,0.0000000000000000e+00,1.1489334773794761e-16,-5.9790607845957196e-03,2.6611850403847727e-03,-8.6402458249804914e-03,-5.9790607845957118e-03,-7.8062556418956319e-18,1.8325344081069010e-17,-5.9790607845957300e-03,2.6611850403847719e-03,-8.6402458249805018e-03,0.0000000000000000e+00,-4.0287704583587478e-03,5.9790607845957300e-03,4.0287704583587564e-03,0.0000000000000000e+00,3.2744949129620475e+00,2.2071477570866413e+00,-3.2744949129620484e+00,1.5891864628589443e+00,-4.8636813758209954e+00,-3.2744949129620475e+00,1.5891864628589443e+00,-4.8636813758209936e+00,8.5736356136197180e-17,-2.4192170853987205e-17,1.1973448136350657e-03,7.2726791120169254e-01,8.6008474607340690e-01,-6.3646077020962366e-04,4.8630449150507831e+00,0.0000000000000000e+00,-1.0673471558754062e+00,5.0885221961986344e-15,1.1900407816109878e-14,1.4617936490897897e-14,4.0091822187618229e-03,-3.7939073670813083e-17
177,2.9032994117633947e+01,8.0637988532051281e+00,4.2738137162144341e-01,-3.4194869158454821e-13,3.4194869158454821e-13,0.0000000000000000e+00,6.4214100704545382e-17,-6.1381265151819412e-03,2.7325132165147053e-03,-8.8706397316966473e-03,-6.1381265151819343e-03,-6.9388939039072284e-18,-2.9366467268288562e-17,-6.1381265151819048e-03,2.7325132165147048e-03,-8.8706397316966092e-03,0.0000000000000000e+00,-4.1360823285093960e-03,6.1381265151819048e-03,4.1360823285093874e-03,0.0000000000000000e+00,3.2770842430262341e+00,2.2088925100782109e+00,-3.2770842430262350e+00,1.5903390459385172e+00,-4.8674232889647548e+00,-3.2770842430262341e+00,1.5903390459385172e+00,-4.8674232889647531e+00,8.3376970950199577e-17,-2.4192170853987205e-17,1.1293347609551091e-03,7.2813651117098777e-01,8.6043708823997056e-01,-6.3611176660360869e-04,4.8667871771981481e+00,0.0000000000000000e+00,-1.0681917329480233e+00,5.4585965377403535e-15,1.0091262983785445e-14,2.1834386150961414e-14,4.1116006544431889e-03,-3.0481737763174647e-17
178,2.9472218941967174e+01,8.1857918044111599e+00,4.3922482433322685e-01,-4.3132164506687332e-13,4.3132164506687332e-13,0.0000000000000000e+00,9.9507417432096207e-17,-6.2897026359261159e-03,2.8005297417490497e-03,-9.0902323776751656e-03,-6.2897026359261098e-03,-6.0715321659188248e-18,1.0045946283556128e-17,-6.2897026359261202e-03,2.8005297417490502e-03,-9.0902323776751708e-03,0.0000000000000000e+00,-4.2383055373209364e-03,6.2897026359261202e-03,4.2383055373209286e-03,0.0000000000000000e+00,3.2798135485641033e+00,2.2107316295978445e+00,-3.2798135485641042e+00,1.5915541708492029e+00,-4.8713677194133105e+00,-3.2798135485641033e+00,1.5915541708492029e+00,-4.8713677194133078e+00,7.9133944732426820e-17,-2.4192170853987205e-17,1.0710510181165984e-03,7.2908595923826891e-01,8.6076137287425436e-01,-6.3578771856298566e-04,4.8707319316947437e+00,0.0000000000000000e+00,-1.0690819189662588e+00,7.5865240016052374e-15,1.5340128300074235e-14,1.7948605564773366e-14,4.2100417487136938e-03,-3.5330364069850657e-17
179,2.9928253528192261e+01,8.3124536002467533e+00,4.5603458622508697e-01,-3.7303493627405260e-13,3.7303493627405260e-13,0.0000000000000000e+00,8.8602878630659914e-17,-6.4306281523082457e-03,2.8638239856265393e-03,-9.2944521379347850e-03,-6.4306281523082397e-03,-6.0715321659188248e-18,-4.1260767077821890e-17,-6.4306281523081980e-03,2.8638239856265393e-03,-9.2944521379347382e-03,0.0000000000000000e+00,-4.3333124671551364e-03,6.4306281523081980e-03,4.3333124671551320e-03,0.0000000000000000e+00,3.2827140039579326e+00,2.2126861067328201e+00,-3.2827140039579334e+00,1.5928457414533510e+00,-4.8755597454112882e+00,-3.2827140039579326e+00,1.5928457414533510e+00,-4.8755597454112856e+00,7.2016425789925202e-17,-2.4192170853987205e-17,1.0199955887947273e-03,7.3012608090718079e-01,8.6106416916535178e-01,-6.3549579202359929e-04,4.8749242496192604e+00,0.0000000000000000e+00,-1.0700278972251125e+00,6.1987452208237909e-15,1.3450496912519170e-14,1.8688754247856803e-14,4.3023272202899615e-03,-4.2355535907901787e-17
180,3.0405822010599348e+01,8.4450963502558594e+00,4.7756848240708649e-01,-2.5646151868841116e-13,2.5646151868841116e-13,0.0000000000000000e+00,1.0146643126799311e-16,-6.5568798619538935e-03,2.9206012103511229e-03,-9.4774810723050155e-03,-6.5568798619538874e-03,-6.0715321659188248e-18,-7.3686364708959663e-17,-6.5568798619538137e-03,2.9206012103511229e-03,-9.4774810723049357e-03,0.0000000000000000e+00,-4.4183934348403170e-03,6.5568798619538137e-03,4.4183934348403222e-03,0.0000000000000000e+00,3.2858152162042429e+00,2.2147758761858647e+00,-3.2858152162042438e+00,1.5942269710345711e+00,-4.8800421872388187e+00,-3.2858152162042429e+00,1.5942269710345711e+00,-4.8800421872388160e+00,4.4568862147694878e-17,-2.4192170853987205e-17,9.7418574530419729e-04,7.3126685203759745e-01,8.6135070767004607e-01,-6.3522558162332210e-04,4.8794069616571916e+00,0.0000000000000000e+00,-1.0710393400183782e+00,5.0885221961986344e-15,1.1158815359226030e-14,2.6090241078691179e-14,4.3857292994091031e-03,-4.1926247822737302e-17
181,3.0908728411204137e+01,8.5847766064511131e+00,5.0290640060478964e-01,-2.2926105458509483e-13,2.2926105458509483e-13,0.0000000000000000e+00,1.0603979572678886e-16,-6.6630156940745283e-03,2.9684295601925016e-03,-9.6314452542670299e-03,-6.6630156940745222e-03,-6.0715321659188248e-18,-6.0677066138888608e-18,-6.6630156940745162e-03,2.9684295601925016e-03,-9.6314452542670178e-03,0.0000000000000000e+00,-4.4898825464292852e-03,6.6630156940745162e-03,4.4898825464292852e-03,0.0000000000000000e+00,3.2891394012494697e+00,2.2170158906905320e+00,-3.2891394012494706e+00,1.5957077866685037e+00,-4.8848471879179778e+00,-3.2891394012494697e+00,1.5957077866685037e+00,-4.8848471879179751e+00,2.4514445676419165e-17,-2.4192170853987205e-17,9.3204213603575515e-04,7.3251585222508464e-01,8.6162491337406422e-01,-6.3497893331909694e-04,4.8842122089846551e+00,0.0000000000000000e+00,-1.0721235105589377e+00,1.1102230246251565e-14,2.1677584320370028e-14,1.7023419710919068e-14,4.4565747930024784e-03,-4.3349030103606970e-17
182,3.1442571182261737e+01,8.7330493167201340e+00,5.3384277105759992e-01,-6.6446848023815619e-13,6.6446848023815619e-13,0.0000000000000000e+00,1.0652678789263618e-16,-6.7426884901917380e-03,3.0044710341196462e-03,-9.7471595243113843e-03,-6.7426884901917311e-03,-6.9388939039072284e-18,5.1213463198834561e-17,-6.7426884901917832e-03,3.0044710341196462e-03,-9.7471595243114294e-03,8.6736173798840355e-19,-4.5435041324417245e-03,6.7426884901917832e-03,4.5435041324417280e-03,0.0000000000000000e+00,3.2927176703843233e+00,2.2194270947788737e+00,-3.2927176703843242e+00,1.5973020815707633e+00,-4.8900197519550908e+00,-3.2927176703843233e+00,1.5973020815707633e+00,-4.8900197519550881e+00,3.6564813574818816e-17,-2.3960653457128673e-17,8.9210700521810563e-04,7.3388410127603509e-01,8.6189111694621290e-01,-6.3475634329712705e-04,4.8893849956117901e+00,0.0000000000000000e+00,-1.0732905756054496e+00,1.1009711660866136e-14,2.0721668278596763e-14,3.2011430543358684e-14,4.5105782912703250e-03,-4.0386829377745297e-17
183,3.2011274390897917e+01,8.8910043751282899e+00,5.6870320863617962e-01,-8.2378548427186615e-13,8.2378548427186615e-13,0.0000000000000000e+00,6.8691548032457155e-17,-6.7878350498098341e-03,3.0251185305819792e-03,-9.8129535803918137e-03,-6.7878350498098280e-03,-6.0715321659188248e-18,5.2850358608463493e-18,-6.7878350498098341e-03,3.0251185305819788e-03,-9.8129535803918137e-03,8.6736173798840355e-19,-4.5738269559556293e-03,6.7878350498098341e-03,4.5738269559556207e-03,0.0000000000000000e+00,3.2965650964601863e+00,2.2220196225009587e+00,-3.2965650964601871e+00,1.5990166050368657e+00,-4.8955817014970560e+00,-3.2965650964601863e+00,1.5990166050368657e+00,-4.8955817014970542e+00,5.2630252424003170e-17,-2.3467382053686414e-17,8.5331462206413619e-04,7.3537647646151960e-01,8.6215225388747097e-01,-6.3456006581086299e-04,4.8949471414312420e+00,0.0000000000000000e+00,-1.0745454739592275e+00,1.1472304587793285e-14,2.2587877834225186e-14,3.5527136788005009e-14,4.5422912680133983e-03,-4.1650837621913535e-17
184,3.2617147666574681e+01,9.0592832720892655e+00,6.0587327567676397e-01,-3.1863400806741993e-13,3.1863400806741993e-13,0.0000000000000000e+00,8.8577439946240516e-17,-6.7893719628013098e-03,3.0263038948064400e-03,-9.8156758576077498e-03,-6.7893719628013037e-03,-6.0715321659188248e-18,3.7253727691045442e-17,-6.7893719628013419e-03,3.0263038948064396e-03,-9.8156758576077811e-03,8.6736173798840355e-19,-4.5747339619877066e-03,6.7893719628013419e-03,4.5747339619877153e-03,0.0000000000000000e+00,3.3006781299038224e+00,2.2247910567865001e+00,-3.3006781299038233e+00,1.6008498026005527e+00,-4.9015279325043792e+00,-3.3006781299038224e+00,1.6008498026005527e+00,-4.9015279325043775e+00,6.5516802432215178e-17,-2.2941870756294689e-17,8.1492725368310080e-04,7.3699023663849095e-01,8.6241024675334199e-01,-6.3439195503645074e-04,4.9008935405493395e+00,0.0000000000000000e+00,-1.0758870731173222e+00,9.5294142946992614e-15,2.0258046582507390e-14,3.2196467714129540e-14,4.5455453368753382e-03,-3.4589273181499623e-17
185,3.3264240973139366e+01,9.2390108689830246e+00,6.4709330656468467e-01,-5.5955240441107890e-13,5.5955240441107890e-13,0.0000000000000000e+00,1.0432477926696142e-16,-6.7378378440407054e-03,3.0037864896338626e-03,-9.7416243336745680e-03,-6.7378378440406993e-03,-6.0715321659188248e-18,-1.0381792647723020e-17,-6.7378378440406898e-03,3.0037864896338621e-03,-9.7416243336745523e-03,8.6736173798840355e-19,-4.5398547350946217e-03,6.7378378440406898e-03,4.5398547350946174e-03,0.0000000000000000e+00,3.3050548133650741e+00,2.2277400514554864e+00,-3.3050548133650750e+00,1.6028008181634283e+00,-4.9078556315285065e+00,-3.3050548133650741e+00,1.6028008181634283e+00,-4.9078556315285047e+00,7.4211127082702648e-17,-2.2380606781272081e-17,7.7631259364916133e-04,7.3872281135012396e-01,8.6266744368815196e-01,-6.3425053150334421e-04,4.9072213809970000e+00,0.0000000000000000e+00,-1.0773147619095877e+00,1.0824674490095276e-14,2.9546148838349990e-14,3.4046839421838136e-14,4.5138852993873765e-03,-3.7840569795144913e-17
186,3.3961295453320176e+01,9.4326149834993949e+00,6.9705448018081029e-01,-4.8572257327350599e-13,4.8572257327350599e-13,0.0000000000000000e+00,6.8714263996570637e-17,-6.6227145655932042e-03,2.9528533406141836e-03,-9.5755679062073870e-03,-6.6227145655931990e-03,-5.2041704279304213e-18,2.7289361237726871e-17,-6.6227145655932268e-03,2.9528533406141836e-03,-9.5755679062074113e-03,8.6736173798840355e-19,-4.4621074208919661e-03,6.6227145655932268e-03,4.4621074208919470e-03,0.0000000000000000e+00,3.3097113298224872e+00,2.2308774804811105e+00,-3.3097113298224881e+00,1.6048768694036772e+00,-4.9145881992261682e+00,-3.3097113298224872e+00,1.6048768694036772e+00,-4.9145881992261664e+00,8.0103875300015909e-17,-2.1776008395869851e-17,7.3678213845905320e-04,7.4057862965441335e-01,8.6292732615995360e-01,-6.3413145085111644e-04,4.9139540677753146e+00,0.0000000000000000e+00,-1.0788338493413767e+00,8.3266726846886741e-15,1.7012575492260916e-14,1.9058828589398523e-14,4.4401322985018954e-03,-4.0258977727847280e-17
187,3.4711818873908193e+01,9.6410698839385258e+00,7.5052342058801713e-01,-6.3338223554865181e-13,6.3338223554865181e-13,0.0000000000000000e+00,1.9516775194202437e-16,-6.4342901884466286e-03,2.8691480232457206e-03,-9.3034382116923484e-03,-6.4342901884466234e-03,-5.2041704279304213e-18,1.4150025842241307e-16,-6.4342901884467648e-03,2.8691480232457211e-03,-9.3034382116924854e-03,0.0000000000000000e+00,-4.3349568599136664e-03,6.4342901884467648e-03,4.3349568599136837e-03,0.0000000000000000e+00,3.3146111237578051e+00,2.2341786818686917e+00,-3.3146111237578060e+00,1.6070616435928133e+00,-4.9216727673506222e+00,-3.3146111237578051e+00,1.6070616435928133e+00,-4.9216727673506204e+00,1.4344415665355522e-16,-2.1450520746628738e-17,6.9609945971338372e-04,7.4254098095196541e-01,8.6319053070393059e-01,-6.3403247720406064e-04,4.9210387348734148e+00,0.0000000000000000e+00,-1.0804324418891134e+00,2.2574534834044851e-14,5.2942584893569936e-14,2.7755575615628914e-14,4.3175815457054921e-03,-4.5127632249432047e-17
188,3.5506386497360751e+01,9.8617578868647922e+00,7.9456762345255783e-01,-5.2458037913538647e-13,5.2458037913538647e-13,0.0000000000000000e+00,1.4604720620152865e-16,-6.1701628138291029e-03,2.7515731110657102e-03,-8.9217359248948136e-03,-6.1701628138290977e-03,-5.2041704279304213e-18,-8.8201573938733427e-17,-6.1701628138290101e-03,2.7515731110657098e-03,-8.9217359248947199e-03,8.6736173798840355e-19,-4.1567987974036134e-03,6.1701628138290101e-03,4.1567987974036125e-03,0.0000000000000000e+00,3.3196186688912741e+00,2.2375523189244788e+00,-3.3196186688912750e+00,1.6092946651097031e+00,-4.9289133340009803e+00,-3.3196186688912741e+00,1.6092946651097031e+00,-4.9289133340009794e+00,1.6461886118522775e-16,-2.1105931969215175e-17,6.5470613692873215e-04,7.4455311828422532e-01,8.6345288448151947e-01,-6.3395620702966227e-04,4.9282793777939489e+00,0.0000000000000000e+00,-1.0820663499667953e+00,2.9976021664879227e-14,5.5893123054142214e-14,2.4980018054066022e-14,4.1443222135434579e-03,-4.4673476174083154e-17
189,3.6331258080748768e+01,1.0090862694354342e+01,8.2487158338801692e-01,-1.4299672557172016e-12,1.4299672557172016e-12,0.0000000000000000e+00,1.8561166442048912e-16,-5.8375231562301259e-03,2.6033208776395297e-03,-8.4408440338696565e-03,-5.8375231562301216e-03,-4.3368086899420177e-18,-6.7835213136618992e-17,-5.8375231562300539e-03,2.6033208776395297e-03,-8.4408440338695837e-03,0.0000000000000000e+00,-3.9324937164787448e-03,5.8375231562300539e-03,3.9324937164787405e-03,0.0000000000000000e+00,3.3245710683607483e+00,2.2408886326866861e+00,-3.3245710683607492e+00,1.6115032150513722e+00,-4.9360742834121236e+00,-3.3245710683607483e+00,1.6115032150513722e+00,-4.9360742834121227e+00,1.0026370537441534e-16,-2.0748200944122837e-17,6.1310241564034888e-04,7.4654700662289331e-01,8.6370919685782255e-01,-6.3390915501582157e-04,4.9354403742571051e+00,0.0000000000000000e+00,-1.0836824356740622e+00,3.6822396983401027e-14,6.7813575938657599e-14,4.0708177569589075e-14,3.9248520628242019e-03,-5.4034336281321909e-17
190,3.7177041844050237e+01,1.0325775776792074e+01,8.4578376330146909e-01,-9.9864561065032831e-13,9.9864561065032831e-13,0.0000000000000000e+00,1.9513254214385429e-16,-5.4496813437773517e-03,2.4303330316883254e-03,-7.8800143754656771e-03,-5.4496813437773474e-03,-4.3368086899420177e-18,7.4664345156451723e-17,-5.4496813437774220e-03,2.4303330316883245e-03,-7.8800143754657465e-03,0.0000000000000000e+00,-3.6710224485675298e-03,5.4496813437774220e-03,3.6710224485675129e-03,0.0000000000000000e+00,3.3293443355103332e+00,2.2441040979448843e+00,-3.3293443355103340e+00,1.6136319064246665e+00,-4.9429762419350025e+00,-3.3293443355103332e+00,1.6136319064246665e+00,-4.9429762419350016e+00,1.0315168986432368e-16,-2.0748200944122837e-17,5.7142627224827090e-04,7.4847047488735763e-01,8.6395610666493083e-01,-6.3389860012974530e-04,4.9423423433348708e+00,0.0000000000000000e+00,-1.0852402375654489e+00,3.0346096006420950e-14,6.7988649587701948e-14,3.4046839421838136e-14,3.6678379890015544e-03,-7.7548523298462925e-17
191,3.8049412328149479e+01,1.0568073215380290e+01,8.7237048409924256e-01,-5.2458037913538647e-13,5.2458037913538647e-13,0.0000000000000000e+00,1.8432856969122033e-16,-5.0176398435585225e-03,2.2375384812795950e-03,-7.2551783248381175e-03,-5.0176398435585199e-03,-2.6020852139652106e-18,4.6898518432175365e-17,-5.0176398435585667e-03,2.2375384812795950e-03,-7.2551783248381617e-03,0.0000000000000000e+00,-3.3798061436640611e-03,5.0176398435585667e-03,3.3798061436640745e-03,0.0000000000000000e+00,3.3339100265360426e+00,2.2471795653210371e+00,-3.3339100265360431e+00,1.6156679630904069e+00,-4.9495779896264525e+00,-3.3339100265360426e+00,1.6156679630904069e+00,-4.9495779896264516e+00,1.5617561694297408e-16,-2.0748200944122837e-17,5.2907163025704197e-04,7.5031034606457037e-01,8.6419461554702237e-01,-6.3392984855714651e-04,4.9489440597778929e+00,0.0000000000000000e+00,-1.0867304612150055e+00,2.1279274638648836e-14,5.3993985937876397e-14,2.2204460492503131e-14,3.3805077907354897e-03,-9.8477408843801710e-17
192,3.8954553254805795e+01,1.0819472514287842e+01,9.0514092665631551e-01,-1.5659695762337833e-12,1.5659695762337833e-12,0.0000000000000000e+00,2.3237540897952153e-16,-4.5545763312871222e-03,2.0308438682856717e-03,-6.5854201995727939e-03,-4.5545763312871187e-03,-3.4694469519536142e-18,-9.1987525463267065e-17,-4.5545763312870267e-03,2.0308438682856709e-03,-6.5854201995726976e-03,0.0000000000000000e+00,-3.0677311031135210e-03,4.5545763312870267e-03,3.0677311031135301e-03,0.0000000000000000e+00,3.3382421288453696e+00,2.2500975302401369e+00,-3.3382421288453701e+00,1.6175997068680115e+00,-4.9558418357133842e+00,-3.3382421288453696e+00,1.6175997068680115e+00,-4.9558418357133833e+00,1.3576966413990633e-16,-2.0748200944122837e-17,4.8554895198029145e-04,7.5205489435914097e-01,8.6442525682689653e-01,-6.3400672999369689e-04,4.9552078289833883e+00,0.0000000000000000e+00,-1.0881445986052327e+00,3.7007434154171889e-14,6.5367114170115234e-14,3.9227880203422202e-14,3.0715554291451796e-03,-1.0019937537694265e-16
193,3.9890509794675850e+01,1.1079430727425422e+01,9.3595653987005534e-01,-2.6190161150907443e-12,2.6190161150907443e-12,0.0000000000000000e+00,1.6286545534069498e-16,-4.0801337881792004e-03,1.8190435108320822e-03,-5.8991772990112830e-03,-4.0801337881791978e-03,-2.6020852139652106e-18,2.2828556089201410e-17,-4.0801337881792212e-03,1.8190435108320819e-03,-5.8991772990113029e-03,8.6736173798840355e-19,-2.7480320580690991e-03,4.0801337881792212e-03,2.7480320580690787e-03,0.0000000000000000e+00,3.3422829855484681e+00,2.2528191810226592e+00,-3.3422829855484686e+00,1.6194013705031356e+00,-4.9616843560516068e+00,-3.3422829855484681e+00,1.6194013705031356e+00,-4.9616843560516060e+00,1.0340476930174153e-16,-2.0342294498571185e-17,4.4100184706676748e-04,7.5368005766399493e-01,8.6464618388198233e-01,-6.3412711009158684e-04,4.9610502289415130e+00,0.0000000000000000e+00,-1.0894638045258089e+00,4.2373512106526810e-14,7.4754082639478210e-14,4.6259292692714858e-14,2.7542470823626467e-03,-7.8102855181666562e-17
194,4.0857909242692301e+01,1.1348122083470171e+01,9.6739944801645095e-01,-3.2834845953289005e-12,3.2834845953289005e-12,0.0000000000000000e+00,2.4173369841976410e-16,-3.6144321525471692e-03,1.6111434367237427e-03,-5.2255755892709121e-03,-3.6144321525471662e-03,-3.0357660829594124e-18,-1.6993420721731480e-17,-3.6144321525471488e-03,1.6111434367237424e-03,-5.2255755892708913e-03,-4.3368086899420177e-19,-2.4342826425217600e-03,3.6144321525471488e-03,2.4342826425217366e-03,0.0000000000000000e+00,3.3460048449703605e+00,2.2553258652130586e+00,-3.3460048449703610e+00,1.6210605509829650e+00,-4.9670653959533286e+00,-3.3460048449703605e+00,1.6210605509829650e+00,-4.9670653959533277e+00,1.0622722266853737e-16,-2.0132523181931043e-17,3.9576962715836422e-04,7.5517427340632304e-01,8.6485622853771982e-01,-6.3427941176374958e-04,4.9664311165415622e+00,0.0000000000000000e+00,-1.0906789797573020e+00,9.9920072216264089e-14,1.4343478519285346e-13,1.0251059260705612e-13,2.4415313849885990e-03,-1.2876314754094239e-16
195,4.1870745668677763e+01,1.1629433379757913e+01,1.0128364259854621e+00,-1.0530465388569610e-12,1.0530465388569610e-12,0.0000000000000000e+00,1.8381272708738547e-16,-3.1709943431205713e-03,1.4132002708518185e-03,-4.5841946139723901e-03,-3.1709943431205692e-03,-2.1684043449710089e-18,-7.2561432655894350e-17,-3.1709943431204963e-03,1.4132002708518178e-03,-4.5841946139723137e-03,-4.3368086899420177e-19,-2.1355787062112878e-03,3.1709943431204963e-03,2.1355787062112847e-03,0.0000000000000000e+00,3.3494411085306899e+00,2.2576401262309087e+00,-3.3494411085306908e+00,1.6225921337188312e+00,-4.9720332422495241e+00,-3.3494411085306899e+00,1.6225921337188312e+00,-4.9720332422495233e+00,6.0875013856214057e-17,-2.0571770963301399e-17,3.4993168479645700e-04,7.5655100240742978e-01,8.6505674517208386e-01,-6.3445445452092741e-04,4.9713987877950014e+00,0.0000000000000000e+00,-1.0918009822997812e+00,5.2920630840465797e-14,9.8956778663718916e-14,3.7932620008026184e-14,2.1429820894663699e-03,-1.3175718252048517e-16
196,4.2951547205214382e+01,1.1929621715675111e+01,1.0808015365366188e+00,-2.2148949341271873e-12,2.2148949341271873e-12,0.0000000000000000e+00,1.4793687794824537e-16,-2.7618987607372358e-03,1.2306147584438864e-03,-3.9925135191811222e-03,-2.7618987607372332e-03,-2.6020852139652106e-18,-2.2289156537148419e-17,-2.7618987607372107e-03,1.2306147584438861e-03,-3.9925135191810970e-03,-4.3368086899420177e-19,-1.8600610155727225e-03,2.7618987607372107e-03,1.8600610155727732e-03,0.0000000000000000e+00,3.3526472485220684e+00,2.2597993730062842e+00,-3.3526472485220693e+00,1.6240208533918219e+00,-4.9766681019138934e+00,-3.3526472485220684e+00,1.6240208533918219e+00,-4.9766681019138925e+00,9.6176825855919391e-18,-2.1040493912876869e-17,3.0363912386008107e-04,7.5783301464011288e-01,8.6524955876621734e-01,-6.3464086163156352e-04,4.9760334610522596e+00,0.0000000000000000e+00,-1.0928478755157842e+00,2.7977620220553945e-13,3.9181324107361874e-13,1.4876988529977098e-13,1.8665669212397445e-03,-1.2493459351129202e-16
197,4.4116320863479686e+01,1.2253132975027397e+01,1.1647736582653039e+00,-4.8611115133212479e-12,4.8611115133212479e-12,0.0000000000000000e+00,1.9735544864545759e-16,-2.4034752087394792e-03,1.0706725351815509e-03,-3.4741477439210302e-03,-2.4034752087394771e-03,-2.1684043449710089e-18,-7.0766045132645493e-17,-2.4034752087394064e-03,1.0706725351815505e-03,-3.4741477439209569e-03,0.0000000000000000e+00,-1.6187246524661549e-03,2.4034752087394064e-03,1.6187246524661495e-03,0.0000000000000000e+00,3.3556554942894361e+00,2.2618253719607253e+00,-3.3556554942894370e+00,1.6253610928016797e+00,-4.9810165870911192e+00,-3.3556554942894361e+00,1.6253610928016797e+00,-4.9810165870911183e+00,-4.4576441249178797e-17,-2.1293063939025895e-17,2.5783763329660810e-04,7.5903448892158676e-01,8.6543394800595908e-01,-6.3481824083733152e-04,4.9803817688502789e+00,0.0000000000000000e+00,-1.0938301223287108e+00,3.4287387743840253e-13,4.4562616433177314e-13,1.3415194880887310e-13,1.6233654757475476e-03,-1.6361776809472509e-16
198,4.5376469360740273e+01,1.2603134217266005e+01,1.2601484972605874e+00,-1.0064171718227044e-11,1.0064171718227044e-11,0.0000000000000000e+00,1.8003537826410594e-16,-2.1111396457100043e-03,9.4024305988840468e-04,-3.0513827055984087e-03,-2.1111396457100021e-03,-2.1684043449710089e-18,-1.9043101406069446e-17,-2.1111396457099835e-03,9.4024305988840489e-04,-3.0513827055983884e-03,4.3368086899420177e-19,-1.4219407845532464e-03,2.1111396457099835e-03,1.4219407845532123e-03,0.0000000000000000e+00,3.3585000368517086e+00,2.2637412169512916e+00,-3.3585000368517095e+00,1.6266281189343024e+00,-4.9851281557860139e+00,-3.3585000368517086e+00,1.6266281189343024e+00,-4.9851281557860130e+00,-1.0116287177468755e-16,-2.1019812791349040e-17,2.1404621636274642e-04,7.6017142498639689e-01,8.6560770484548111e-01,-6.3494288606169569e-04,4.9844932128999506e+00,0.0000000000000000e+00,-1.0947588199004170e+00,4.4816002760702156e-13,6.6169481133629535e-13,2.3351690951282461e-13,1.4239952821363984e-03,-2.0961904656424690e-16
199,4.6751021465257566e+01,1.2984910607230036e+01,1.3745521045172922e+00,-1.8535173396116988e-12,1.8535173396116988e-12,0.0000000000000000e+00,1.4855074786240670e-16,-1.8914978535401342e-03,8.4226126061998064e-04,-2.7337591141601151e-03,-1.8914978535401325e-03,-1.7347234759768071e-18,-1.3653767427950533e-17,-1.8914978535401188e-03,8.4226126061998086e-04,-2.7337591141600994e-03,0.0000000000000000e+00,-1.2741375432486404e-03,1.8914978535401188e-03,1.2741375432486365e-03,0.0000000000000000e+00,3.3612509537508157e+00,2.2655941670210034e+00,-3.3612509537508166e+00,1.6278531914668353e+00,-4.9891041452176541e+00,-3.3612509537508157e+00,1.6278531914668353e+00,-4.9891041452176532e+00,-1.2363464670815156e-16,-2.0721754315766606e-17,1.7364810224598974e-04,7.6127530941445942e-01,8.6576924313128589e-01,-6.3499081884410558e-04,4.9884691543988078e+00,0.0000000000000000e+00,-1.0956567867298124e+00,1.1879386363489175e-13,2.9508540567583026e-13,1.7171449447535755e-13,1.2733075703863781e-03,-1.6713800280872683e-16
200,4.8241773670108955e+01,1.3398961113739537e+01,1.4907522048513897e+00,-4.5735637499433324e-12,4.5735637499433324e-12,0.0000000000000000e+00,3.8034265181430711e-16,-1.7415158475718082e-03,7.7536583902423776e-04,-2.5168816865960460e-03,-1.7415158475718069e-03,-1.3010426069826053e-18,1.6813910008609265e-16,-1.7415158475719747e-03,7.7536583902423819e-04,-2.5168816865962129e-03,-2.1684043449710089e-19,-1.1732399381292004e-03,1.7415158475719747e-03,1.1732399381291752e-03,0.0000000000000000e+00,3.3639589153434097e+00,2.2674183837092370e+00,-3.3639589153434106e+00,1.6290589320495463e+00,-4.9930178473929594e+00,-3.3639589153434097e+00,1.6290589320495463e+00,-4.9930178473929585e+00,-8.4849715694886756e-18,-2.0883381993680349e-17,1.3829656957129705e-04,7.6237058648711242e-01,8.6591510718532672e-01,-6.3494180753598251e-04,4.9923829055854210e+00,0.0000000000000000e+00,-1.0965405316341728e+00,3.6230278036934277e-13,8.1299799220041699e-13,1.2434497875801753e-13,1.1698582435625189e-03,-1.9656757575143214e-16
201,4.9808736412441469e+01,1.3834178794473384e+01,1.5669627423325139e+00,-3.1591396165708829e-12,3.1591396165708829e-12,0.0000000000000000e+00,4.0491323941616509e-16,-1.6432976612079325e-03,7.3157776955770225e-04,-2.3748754307656348e-03,-1.6432976612079310e-03,-1.5178830414797062e-18,-2.8390556590242428e-17,-1.6432976612079028e-03,7.3157776955770182e-04,-2.3748754307656049e-03,2.1684043449710089e-19,-1.1071608071892014e-03,1.6432976612079028e-03,1.1071608071892246e-03,0.0000000000000000e+00,3.3666108536724106e+00,2.2692050352119875e+00,-3.3666108536724115e+00,1.6302395942942682e+00,-4.9968504479666827e+00,-3.3666108536724106e+00,1.6302395942942682e+00,-4.9968504479666818e+00,1.0100540890712736e-16,-2.0883381993680349e-17,1.0948422835892439e-04,7.6345500056283710e-01,8.6604029292510298e-01,-6.3481657796926605e-04,4.9962156313887105e+00,0.0000000000000000e+00,-1.0974058184604232e+00,3.8968828164342995e-13,8.0636631728321270e-13,2.5997722493305752e-13,1.1022262266377932e-03,-1.7439980894593966e-16
202,5.1399629604072338e+01,1.4276043062494333e+01,1.5908931916308688e+00,-7.1848083038617006e-12,7.1848083038617006e-12,0.0000000000000000e+00,4.2362695425537674e-16,-1.5669538517981232e-03,6.9757477887062518e-04,-2.2645286306687482e-03,-1.5669538517981217e-03,-1.5178830414797062e-18,2.0083172279434847e-16,-1.5669538517983225e-03,6.9757477887062453e-04,-2.2645286306689468e-03,0.0000000000000000e+00,-1.0557528042177695e-03,1.5669538517983225e-03,1.0557528042177944e-03,0.0000000000000000e+00,3.3691644373101428e+00,2.2709255174812242e+00,-3.3691644373101437e+00,1.6313764088238165e+00,-5.0005408461339629e+00,-3.3691644373101428e+00,1.6313764088238165e+00,-5.0005408461339620e+00,2.3817314754262704e-16,-2.0710897008224491e-17,8.7262634292739255e-05,7.6451138739985303e-01,8.6614308936297491e-01,-6.3466942669587745e-04,4.9999061767072641e+00,0.0000000000000000e+00,-1.0982389198289186e+00,3.9894014018197293e-13,7.6580440911070363e-13,2.7607545879012229e-13,1.0505557021091871e-03,-1.7080523532383699e-16
203,5.3008640619668647e+01,1.4722939484192686e+01,1.6090110155963089e+00,-4.6590509228394694e-12,4.6590509228394694e-12,0.0000000000000000e+00,2.7877865187792200e-16,-1.4850111328815491e-03,6.6110600873896795e-04,-2.1461171416205169e-03,-1.4850111328815478e-03,-1.3010426069826053e-18,-2.0159509631764974e-17,-1.4850111328815275e-03,6.6110600873896762e-04,-2.1461171416204952e-03,-2.1684043449710089e-19,-1.0005187698521715e-03,1.4850111328815275e-03,1.0005187698521310e-03,0.0000000000000000e+00,3.3716197599499247e+00,2.2725797992880921e+00,-3.3716197599499256e+00,1.6324694750007880e+00,-5.0040892349507162e+00,-3.3716197599499247e+00,1.6324694750007880e+00,-5.0040892349507153e+00,3.8352493813800769e-16,-2.0885346332090753e-17,7.0191800691552712e-05,7.6553757856613491e-01,8.6622716880440653e-01,-6.3453582955497190e-04,5.0034546991211588e+00,0.0000000000000000e+00,-1.0990399606618326e+00,4.4001839209310373e-13,1.0157835258124787e-12,1.2860083368574732e-13,9.9617264229574830e-04,-2.0849364973998225e-16
204,5.4695887450596430e+01,1.5191565592997831e+01,1.6872468309277835e+00,-5.2147175466643603e-12,5.2147175466643603e-12,0.0000000000000000e+00,3.8022405040738843e-16,-1.3789492665733627e-03,6.1390790429359456e-04,-1.9928571708669575e-03,-1.3789492665733614e-03,-1.3010426069826053e-18,2.0933545987540252e-16,-1.3789492665735709e-03,6.1390790429359434e-04,-1.9928571708671653e-03,2.1684043449710089e-19,-9.2900099196282625e-04,1.3789492665735709e-03,9.2900099196287580e-04,0.0000000000000000e+00,3.3740358640038663e+00,2.2742075873397596e+00,-3.3740358640038672e+00,1.6335451065928646e+00,-5.0075809705967345e+00,-3.3740358640038663e+00,1.6335451065928646e+00,-5.0075809705967336e+00,5.4311819940617250e-16,-2.0885346332090753e-17,5.6473519548232025e-05,7.6655564657797715e-01,8.6629856493238733e-01,-6.3442156295190344e-04,5.0069465490337794e+00,0.0000000000000000e+00,-1.0998282766641068e+00,1.0254760004121031e-12,1.7118936956058219e-12,2.9846495645339627e-13,9.2625819463716826e-04,-1.4296453348338740e-16
205,5.6543543266338880e+01,1.5704744660500634e+01,1.8476558157424492e+00,-4.8727688550798121e-12,4.8727688550798121e-12,0.0000000000000000e+00,4.5790916725732551e-16,-1.2391484821348865e-03,5.5168447631574096e-04,-1.7908329584506275e-03,-1.2391484821348852e-03,-1.3010426069826053e-18,-1.3654657558301711e-17,-1.2391484821348718e-03,5.5168447631574085e-04,-1.7908329584506127e-03,2.1684043449710089e-19,-8.3473986965464249e-04,1.2391484821348718e-03,8.3473986965463837e-04,0.0000000000000000e+00,3.3764545357696578e+00,2.2758369803699745e+00,-3.3764545357696587e+00,1.6346219133632736e+00,-5.0110764491329345e+00,-3.3764545357696578e+00,1.6346219133632736e+00,-5.0110764491329345e+00,7.2389358562134241e-16,-2.0484699842204067e-17,4.4876661018895709e-05,7.6758110267265189e-01,8.6636160706044552e-01,-6.3432696915732834e-04,5.0104421221637754e+00,0.0000000000000000e+00,-1.1006175553996833e+00,1.2245759961615477e-12,1.6514985813060950e-12,5.6029255309416237e-13,8.3393007144191714e-04,-2.6918954400565722e-16
206,5.8615358696514328e+01,1.6280183170983236e+01,2.0718154301754481e+00,-1.8741119767184955e-11,1.8741119767184955e-11,0.0000000000000000e+00,3.5529217744127409e-16,-1.0690214123823291e-03,4.7594756976946598e-04,-1.5449689821517951e-03,-1.0690214123823280e-03,-1.0842021724855044e-18,-1.5685253157579799e-16,-1.0690214123821712e-03,4.7594756976946577e-04,-1.5449689821516370e-03,0.0000000000000000e+00,-7.2006001773310688e-04,1.0690214123821712e-03,7.2006001773303402e-04,0.0000000000000000e+00,3.3788455867711211e+00,2.2774476095687368e+00,-3.3788455867711225e+00,1.6356864453280846e+00,-5.0145320320992095e+00,-3.3788455867711211e+00,1.6356864453280846e+00,-5.0145320320992086e+00,5.4726387291940681e-16,-2.0260073163165547e-17,3.4824415343163268e-05,7.6859939776612984e-01,8.6641796645765767e-01,-6.3425668895389364e-04,5.0138977754102534e+00,0.0000000000000000e+00,-1.1013979772023843e+00,1.2345680033831741e-12,2.4576529392942252e-12,5.6325314782649615e-13,7.2097350463165544e-04,-2.8761146548117398e-16
207,6.0952405569803069e+01,1.6929288661803632e+01,2.3370468732887417e+00,-1.3553602684623911e-11,1.3553602684623911e-11,0.0000000000000000e+00,4.5859621535692859e-16,-8.8833785091387398e-04,3.9549879461499488e-04,-1.2838366455288689e-03,-8.8833785091387289e-04,-1.0842021724855044e-18,-2.0532944615449747e-16,-8.8833785091366755e-04,3.9549879461499450e-04,-1.2838366455286620e-03,0.0000000000000000e+00,-5.9830434782359449e-04,8.8833785091366755e-04,5.9830434782354842e-04,0.0000000000000000e+00,3.3811328069442155e+00,2.2789881492279265e+00,-3.3811328069442173e+00,1.6367047508286463e+00,-5.0178375577728662e+00,-3.3811328069442155e+00,1.6367047508286463e+00,-5.0178375577728644e+00,1.2404574361134699e-16,-2.0260073163165547e-17,2.6150214299070567e-05,7.6957663080405780e-01,8.6646775870741721e-01,-6.3421110287231741e-04,5.0172033466699908e+00,0.0000000000000000e+00,-1.1021446577162890e+00,1.5902094456047660e-12,3.2074203272775088e-12,2.9939014230725058e-13,6.0019412606373613e-04,-3.4314160160552876e-16
208,6.3595072535967603e+01,1.7663278920087652e+01,2.6426669661645334e+00,-1.1334821969910536e-11,1.1334821969910536e-11,0.0000000000000000e+00,4.0497552632389378e-16,-7.2488927611861240e-04,3.2271728493921456e-04,-1.0476065610578269e-03,-7.2488927611861164e-04,-7.5894152073985310e-19,2.6888604592320657e-16,-7.2488927611888052e-04,3.2271728493921565e-04,-1.0476065610580962e-03,0.0000000000000000e+00,-4.8820454485655636e-04,7.2488927611888052e-04,4.8820454485657729e-04,0.0000000000000000e+00,3.3832644179629803e+00,2.2804237898074913e+00,-3.3832644179629821e+00,1.6376537537826494e+00,-5.0209181717456337e+00,-3.3832644179629803e+00,1.6376537537826494e+00,-5.0209181717456319e+00,2.0802520695660098e-16,-2.0260073163165547e-17,1.8893597110788108e-05,7.7048991403434131e-01,8.6651077146461652e-01,-6.3417468658077958e-04,5.0202839970590505e+00,0.0000000000000000e+00,-1.1028406281554890e+00,1.8196555373606316e-12,3.7643990239235883e-12,3.1012229821196041e-13,4.9009496305663981e-04,-2.3751874068111098e-16
209,6.6624869062144825e+01,1.8504792876734431e+01,3.0297965261772219e+00,-2.4080182292607333e-11,2.4080182292607333e-11,0.0000000000000000e+00,9.0460407238028622e-16,-5.9564272973077262e-04,2.6516370454212604e-04,-8.6080643427289866e-04,-5.9564272973077197e-04,-6.5052130349130266e-19,-1.7369191037778834e-16,-5.9564272973059839e-04,2.6516370454212647e-04,-8.6080643427272486e-04,1.0842021724855044e-19,-4.0117763062958795e-04,5.9564272973059839e-04,4.0117763062970385e-04,0.0000000000000000e+00,3.3852648896049944e+00,2.2817711133203575e+00,-3.3852648896049962e+00,1.6385443336725176e+00,-5.0238092232775156e+00,-3.3852648896049944e+00,1.6385443336725176e+00,-5.0238092232775147e+00,3.5223463755057689e-16,-2.0095827564372028e-17,1.3117662091789358e-05,7.7134988163154894e-01,8.6654721483127084e-01,-6.3411954760606015e-04,5.0231751037299075e+00,0.0000000000000000e+00,-1.1034937762846369e+00,6.0514556328901871e-12,1.3968300088187605e-11,1.4369986682064943e-12,4.0234762691847612e-04,-5.5137027910475319e-16
210,7.0101960007834506e+01,1.9470541082611426e+01,3.4770909456896817e+00,-3.6938230252303583e-11,3.6938230252303583e-11,0.0000000000000000e+00,7.8668699006169979e-16,-4.9798841115582422e-04,2.2168001844012376e-04,-7.1966842959594792e-04,-4.9798841115582379e-04,-4.3368086899420177e-19,-6.0387093650070465e-17,-4.9798841115576329e-04,2.2168001844012186e-04,-7.1966842959588515e-04,-1.0842021724855044e-19,-3.3543664862200489e-04,4.9798841115576329e-04,3.3543664862199774e-04,0.0000000000000000e+00,3.3871662170739447e+00,2.2830517507407833e+00,-3.3871662170739465e+00,1.6393907336230913e+00,-5.0265569506970396e+00,-3.3871662170739447e+00,1.6393907336230913e+00,-5.0265569506970387e+00,-5.4722355190086339e-17,-2.0095827564372028e-17,8.8432327553577950e-06,7.7217085849054912e-01,8.6657699053884085e-01,-6.3404136094602492e-04,5.0259229093360922e+00,0.0000000000000000e+00,-1.1041144663331615e+00,4.0064248215306488e-12,1.0101752714583638e-11,9.6755936596082392e-13,3.3576692014771479e-04,-7.5622935555657330e-16
211,7.3842504830136477e+01,2.0509462556787621e+01,3.7405448223019704e+00,-2.6007529463356605e-11,2.6007529463356605e-11,0.0000000000000000e+00,8.8219849041255344e-16,-4.1499842042959552e-04,1.8473089019212566e-04,-5.9972931062172118e-04,-4.1499842042959508e-04,-4.3368086899420177e-19,-3.0033285883611055e-16,-4.1499842042929481e-04,1.8473089019212517e-04,-5.9972931062141999e-04,5.4210108624275222e-20,-2.7955473743768996e-04,4.1499842042929481e-04,2.7955473743760317e-04,0.0000000000000000e+00,3.3888737511568023e+00,2.2842019521632260e+00,-3.3888737511568050e+00,1.6401508327330969e+00,-5.0290245838899033e+00,-3.3888737511568023e+00,1.6401508327330969e+00,-5.0290245838899024e+00,-7.2936693047668500e-16,-2.0197215234937510e-17,5.9440520941820423e-06,7.7291162975070482e-01,8.6659927660647518e-01,-6.3398232382283481e-04,5.0283906015660786e+00,0.0000000000000000e+00,-1.1046717989935764e+00,4.8731389294213540e-12,1.1815046272787510e-11,1.6140792406342068e-12,2.7944392529579538e-04,-1.1696089007903671e-15
212,7.7742181137044582e+01,2.1592582169050317e+01,3.8996763069081055e+00,-5.5725979386522795e-11,5.5725979386522795e-11,0.0000000000000000e+00,9.0481103801164021e-16,-3.3249831847739233e-04,1.4800426480782552e-04,-4.8050258328521782e-04,-3.3249831847739206e-04,-2.7105054312137611e-19,-1.0988406657956670e-16,-3.3249831847728217e-04,1.4800426480782470e-04,-4.8050258328510690e-04,0.0000000000000000e+00,-2.2398192732296022e-04,3.3249831847728217e-04,2.2398192732290347e-04,0.0000000000000000e+00,3.3903312488179047e+00,2.2851837671638391e+00,-3.3903312488179083e+00,1.6407996124333113e+00,-5.0311308612512207e+00,-3.3903312488179047e+00,1.6407996124333113e+00,-5.0311308612512189e+00,-1.5292235428447880e-15,-2.0091514296839010e-17,3.9576116310618914e-06,7.7354624158434893e-01,8.6661545753246050e-01,-6.3395570487068120e-04,5.0304969055463484e+00,0.0000000000000000e+00,-1.1051474816540656e+00,1.3867425726251289e-11,1.8737747911073845e-11,4.0571250063218640e-12,2.2387047555779617e-04,-1.8900612973532450e-15
213,8.2213897393036419e+01,2.2834583606133386e+01,4.4717162559918364e+00,-1.7589762979497436e-10,1.7589762979497436e-10,0.0000000000000000e+00,8.9195702742141974e-16,-2.4702401169010937e-04,1.0995556881930637e-04,-3.5697958050941571e-04,-2.4702401169010910e-04,-2.7105054312137611e-19,1.5922889869957165e-16,-2.4702401169026831e-04,1.0995556881930618e-04,-3.5697958050957449e-04,0.0000000000000000e+00,-1.6639794120500682e-04,2.4702401169026831e-04,1.6639794120495410e-04,0.0000000000000000e+00,3.3916269785301649e+00,2.2860566011658929e+00,-3.3916269785301685e+00,1.6413763740240230e+00,-5.0330033525541928e+00,-3.3916269785301649e+00,1.6413763740240230e+00,-5.0330033525541911e+00,-1.4188954988746809e-15,-2.0091514296839010e-17,2.4624515644809608e-06,7.7411173107690179e-01,8.6662824188300869e-01,-6.3393861254823491e-04,5.0323694139416428e+00,0.0000000000000000e+00,-1.1055703773642720e+00,1.3310833916572545e-11,3.4521404270371645e-11,4.8307654173148275e-12,1.6646319324393701e-04,-2.3208183690268573e-15
214,8.7803214706287321e+01,2.4386994299917706e+01,5.5893173132509020e+00,-2.2494395235383990e-10,2.2494395235383990e-10,0.0000000000000000e+00,8.9147036908754037e-16,-1.6994928673930707e-04,7.5646822251861936e-05,-2.4559610899116901e-04,-1.6994928673930688e-04,-1.8973538018496328e-19,1.7558854773325005e-16,-1.6994928673948249e-04,7.5646822251861394e-05,-2.4559610899134389e-04,2.7105054312137611e-20,-1.1447436757710072e-04,1.6994928673948249e-04,1.1447436757696247e-04,0.0000000000000000e+00,3.3927922765682035e+00,2.2868415433950369e+00,-3.3927922765682057e+00,1.6418950693529204e+00,-5.0346873459211281e+00,-3.3927922765682035e+00,1.6418950693529204e+00,-5.0346873459211272e+00,-4.8319502381196754e-16,-2.0015764922167293e-17,1.3722170755481635e-06,7.7462117137333697e-01,8.6663861635639894e-01,-6.3390940610896784e-04,5.0340534365150171e+00,0.0000000000000000e+00,-1.1059507331731666e+00,3.9331501019053881e-11,8.4466913054023723e-11,6.0760655766027112e-12,1.1467707484260145e-04,-2.8115210246688506e-15
215,9.4305483453424259e+01,2.6192973629984387e+01,6.5022687471369380e+00,-1.8689438885388654e-10,1.8689438885388654e-10,0.0000000000000000e+00,1.5936958743974682e-15,-1.1772893407727781e-04,5.2402261466723290e-05,-1.7013119554400109e-04,-1.1772893407727771e-04,-1.0842021724855044e-19,-1.9270439378855188e-16,-1.1772893407708499e-04,5.2402261466723222e-05,-1.7013119554380821e-04,-1.3552527156068805e-20,-7.9297572163708648e-05,1.1772893407708499e-04,7.9297572163838440e-05,0.0000000000000000e+00,3.3937275571204273e+00,2.2874715220089614e+00,-3.3937275571204295e+00,1.6423113741305018e+00,-5.0360389312509337e+00,-3.3937275571204273e+00,1.6423113741305018e+00,-5.0360389312509328e+00,-5.3884093925506565e-16,-1.9971703835281477e-17,7.3485129837408457e-07,7.7503090657041362e-01,8.6664585376398062e-01,-6.3387894480926299e-04,5.0354050523061220e+00,0.0000000000000000e+00,-1.1062560351114659e+00,5.7225335581279069e-11,9.5492417016675177e-11,1.3858358904883517e-11,7.9520426298643844e-05,-3.3668832524370952e-15
216,1.0131594650792995e+02,2.8140101911356659e+01,7.0104630545056921e+00,-5.3431425950378753e-10,5.3431425950378753e-10,0.0000000000000000e+00,1.4336494981940130e-15,-8.3312503097678281e-05,3.7083099508373936e-05,-1.2039560260605222e-04,-8.3312503097678227e-05,-5.4210108624275222e-20,1.2360608494485479e-16,-8.3312503097801826e-05,3.7083099508372622e-05,-1.2039560260617445e-04,-1.3552527156068805e-20,-5.6115253555748724e-05,8.3312503097801826e-05,5.6115253555488767e-05,0.0000000000000000e+00,3.3944322539042968e+00,2.2879461753148673e+00,-3.3944322539042995e+00,1.6426250410390193e+00,-5.0370572949433212e+00,-3.3944322539042968e+00,1.6426250410390193e+00,-5.0370572949433203e+00,-7.8104650989384691e-16,-2.0066713326204282e-17,3.9864205772373986e-07,7.7534042629018474e-01,8.6665035238460630e-01,-6.3386372217055786e-04,5.0364234312211487e+00,0.0000000000000000e+00,-1.1064860785894295e+00,8.2841881502796852e-11,1.4316892839451962e-10,1.2089033477972560e-11,5.6302290953436248e-05,-2.9287357553098708e-15
217,1.0801234497346434e+02,3.0000000000000000e+01,6.6963984655343864e+00,-4.3278658434786621e-10,4.3278658434786621e-10,0.0000000000000000e+00,1.3864660854037151e-15,-5.9254007056408150e-05,2.6374448213722087e-05,-8.5628455270130244e-05,-5.9254007056408089e-05,-6.0986372202309624e-20,-5.4107078727452234e-16,-5.9254007055867025e-05,2.6374448213718770e-05,-8.5628455269585798e-05,6.7762635780344027e-21,-3.9910674783446292e-05,5.9254007055867025e-05,3.9910674783515308e-05,0.0000000000000000e+00,3.3949095949842114e+00,2.2882676892544578e+00,-3.3949095949842159e+00,1.6428375095516157e+00,-5.0377471045358337e+00,-3.3949095949842114e+00,1.6428375095516157e+00,-5.0377471045358320e+00,-2.1788015059414246e-15,-2.0089401606717284e-17,2.2900565642460759e-07,7.7555055772770809e-01,8.6665286437380706e-01,-6.3385844444407979e-04,5.0371132460913870e+00,0.0000000000000000e+00,-1.1066419057297536e+00,1.1239897901305085e-10,1.4293630990295538e-10,9.5209025848438013e-12,4.0051518934018837e-05,-5.2537456609162129e-15
