step,t_dless,t_phys_s,dt_dless,min_cone_margin_MPa,max_cone_violation_MPa,max_positive_friction_power,max_abs_normal_power_closed,p_contact_total,p_contact_pert,p_offset,p_contact_metric,p_contact_metric_mismatch,p_normal_total,p_tangent_total,p_tangent_pert,p_tangent_offset,p_cross_metric,p_friction_lumped,d_fric_rate,d_fric_lumped_rate,friction_injection_rate,D_fric,D_fric_lumped,W_contact_total,W_contact_pert,W_offset_external,W_tangent_total,W_tangent_pert,W_tangent_offset,W_normal_total,W_cross_metric,KE,W_elastic,D_vis,bulk_residual_pert,bulk_residual_total,interface_residual_D_fric_plus_W_tangent,coulomb_lumped_residual,endpoint_res_inf,endpoint_res_l2,endpoint_force_res_inf,max_abs_vt,min_gap
0,0.0000000000000000e+00,0.0000000000000000e+00,0.0000000000000000e+00,0.0000000000000000e+00,-0.0000000000000000e+00,0.0000000000000000e+00,0.0000000000000000e+00,0.0000000000000000e+00,0.0000000000000000e+00,0.0000000000000000e+00,0.0000000000000000e+00,0.0000000000000000e+00,0.0000000000000000e+00,0.0000000000000000e+00,0.0000000000000000e+00,0.0000000000000000e+00,0.0000000000000000e+00,0.0000000000000000e+00,-0.0000000000000000e+00,0.0000000000000000e+00,0.0000000000000000e+00,0.0000000000000000e+00,0.0000000000000000e+00,0.0000000000000000e+00,0.0000000000000000e+00,0.0000000000000000e+00,0.0000000000000000e+00,0.0000000000000000e+00,0.0000000000000000e+00,0.0000000000000000e+00,0.0000000000000000e+00,0.0000000000000000e+00,0.0000000000000000e+00,0.0000000000000000e+00,0.0000000000000000e+00,0.0000000000000000e+00,0.0000000000000000e+00,0.0000000000000000e+00,nan,nan,0.0000000000000000e+00,0.0000000000000000e+00,0.0000000000000000e+00
1,6.8490131937100243e-04,1.9022862235032408e-04,6.8490131937100243e-04,-1.1657341758564144e-14,1.1657341758564144e-14,0.0000000000000000e+00,9.8152115222003595e-19,-5.1370201397283937e-03,2.2762936741213069e-03,-7.4133138138497007e-03,-5.1370201397283946e-03,8.6736173798840355e-19,-2.7268792180022240e-19,-5.1370201397283946e-03,2.2762936741213074e-03,-7.4133138138497024e-03,0.0000000000000000e+00,-3.6629806647797110e-03,5.1370201397283946e-03,3.6629806647797123e-03,0.0000000000000000e+00,1.7591759356676943e-06,1.2543901450690484e-06,-1.7591759356676941e-06,7.7951827034077491e-07,-2.5386942060084689e-06,-1.7591759356676943e-06,7.7951827034077502e-07,-2.5386942060084694e-06,-9.3382158708754524e-23,0.0000000000000000e+00,7.6119479885916023e-07,1.1755511331346171e-11,3.4216460002307074e-08,1.5904744032023649e-08,2.5545989500404927e-06,0.0000000000000000e+00,-5.0478579059864597e-07,1.4456028966473393e-18,2.4021596861372861e-18,1.0732155904709847e-14,4.1748325130000650e-03,-3.9624766550173691e-21
2,1.3298406205839520e-03,3.6935795280918784e-04,6.4493930121294952e-04,-5.0515147620444623e-14,5.0515147620444623e-14,0.0000000000000000e+00,4.2112404146488614e-18,-9.7678000787865538e-03,4.3294341605747272e-03,-1.4097234239361281e-02,-9.7678000787865555e-03,1.7347234759768071e-18,2.5467989256551859e-18,-9.7678000787865572e-03,4.3294341605747272e-03,-1.4097234239361284e-02,0.0000000000000000e+00,-6.9619293686773893e-03,9.7678000787865572e-03,6.9619293686773911e-03,0.0000000000000000e+00,6.5655281038845320e-06,4.6806011712831884e-06,-6.5655281038845303e-06,2.9096650171966699e-06,-9.4751931210811994e-06,-6.5655281038845320e-06,2.9096650171966708e-06,-9.4751931210812028e-06,6.3994962214469507e-22,0.0000000000000000e+00,2.7558115782100462e-06,9.6328080586595941e-11,1.7930756239324945e-07,2.5550451487212248e-08,9.5007435725684121e-06,0.0000000000000000e+00,-1.8849269326013436e-06,2.8912057932946786e-18,5.5922602005995599e-18,9.0668213677721123e-15,7.9030820153694649e-03,-2.0450630905772392e-20
3,2.0406968189733282e-03,5.6679543976422453e-04,7.1085619838937627e-04,-1.5543122344752192e-14,1.5543122344752192e-14,0.0000000000000000e+00,5.7935703076091746e-18,-1.4657503250606012e-02,6.5001406555531003e-03,-2.1157643906159113e-02,-1.4657503250606014e-02,1.7347234759768071e-18,-1.8001919602664936e-18,-1.4657503250606014e-02,6.5001406555531011e-03,-2.1157643906159117e-02,1.7347234759768071e-18,-1.0442308972519725e-02,1.4657503250606014e-02,1.0442308972519727e-02,0.0000000000000000e+00,1.5246967238504222e-05,1.0866556522826192e-05,-1.5246967238504217e-05,6.7588002091796479e-06,-2.2005767447683864e-05,-1.5246967238504222e-05,6.7588002091796487e-06,-2.2005767447683870e-05,9.0531471669831225e-22,6.1656946769483879e-22,6.2196257564221370e-06,4.4695210370473909e-10,5.7474882627985996e-07,3.6021325626054244e-08,2.2041788773309920e-05,0.0000000000000000e+00,-4.3804107156780292e-06,7.2280144832366967e-18,1.2863429140049794e-17,7.7715611723760958e-15,1.1804251588940485e-02,-3.3199558878116601e-20
4,2.9431944783630251e-03,8.1746058168242358e-04,9.0249765938969686e-04,-1.1657341758564144e-14,1.1657341758564144e-14,0.0000000000000000e+00,1.4083090363077192e-17,-2.0568509044673684e-02,9.1293725987268946e-03,-2.9697881643400578e-02,-2.0568509044673691e-02,6.9388939039072284e-18,-9.6364714951276456e-18,-2.0568509044673680e-02,9.1293725987268946e-03,-2.9697881643400575e-02,0.0000000000000000e+00,-1.4645574886270340e-02,2.0568509044673680e-02,1.4645574886270343e-02,0.0000000000000000e+00,3.1142664061565523e-05,2.2187434753625491e-05,-3.1142664061565523e-05,1.3811599773873616e-05,-4.4954263835439136e-05,-3.1142664061565523e-05,1.3811599773873620e-05,-4.4954263835439143e-05,-4.2554662831621350e-21,1.3993614060735525e-21,1.2295066236426549e-05,1.7250132441784344e-09,1.5701528453620354e-06,5.5344321159146766e-08,4.5009608156598284e-05,0.0000000000000000e+00,-8.9552293079400320e-06,5.7824115865893572e-18,1.1492315730045675e-17,9.6219328800846905e-15,1.6472014127475711e-02,-1.8150047209051349e-19
5,4.1060905211231314e-03,1.1404503407824037e-03,1.1628960427601063e-03,-5.4400928206632670e-14,5.4400928206632670e-14,0.0000000000000000e+00,1.8075997286772030e-17,-2.7742790982899352e-02,1.2330406537089715e-02,-4.0073197519989071e-02,-2.7742790982899355e-02,3.4694469519536142e-18,-1.0980153702799545e-17,-2.7742790982899342e-02,1.2330406537089717e-02,-4.0073197519989057e-02,-3.4694469519536142e-18,-1.9741100394838954e-02,2.7742790982899342e-02,1.9741100394838954e-02,0.0000000000000000e+00,5.9233173872895960e-05,4.2181499057664871e-05,-5.9233173872895974e-05,2.6289345891647130e-05,-8.5522519764543104e-05,-5.9233173872895960e-05,2.6289345891647137e-05,-8.5522519764543104e-05,-1.6242962212031047e-20,-6.1794165942293277e-22,2.2510035333489626e-05,5.8638027653167367e-09,3.8652296210425088e-06,9.1782865650320248e-08,8.5614302630193417e-05,0.0000000000000000e+00,-1.7051674815231089e-05,2.3129646346357429e-17,3.9921679138836261e-17,2.9605947323337509e-15,2.2067763086343718e-02,-3.7547105542964941e-19
6,5.5700328247441835e-03,1.5470545036623141e-03,1.4639423036210521e-03,-1.1657341758564144e-14,1.1657341758564144e-14,0.0000000000000000e+00,9.1163601383095278e-18,-3.6134915126100099e-02,1.6090695146824128e-02,-5.2225610272924231e-02,-3.6134915126100099e-02,0.0000000000000000e+00,6.2104323878379669e-18,-3.6134915126100106e-02,1.6090695146824128e-02,-5.2225610272924231e-02,0.0000000000000000e+00,-2.5692831607315451e-02,3.6134915126100106e-02,2.5692831607315510e-02,0.0000000000000000e+00,1.0598981198851456e-04,7.5437826596562997e-05,-1.0598981198851458e-04,4.7092772426945623e-05,-1.5308258441546022e-04,-1.0598981198851456e-04,4.7092772426945637e-05,-1.5308258441546019e-04,-1.9734260616758691e-20,-3.1574767409899386e-21,3.8564774434350068e-05,1.7672040782569840e-08,8.6375304853514020e-06,1.2720453353841528e-07,1.5320978894899862e-04,0.0000000000000000e+00,-3.0551985391951561e-05,2.8912057932946787e-17,5.3048702362871976e-17,5.1810407815840644e-15,2.8510103541070919e-02,-3.0428695031519140e-19
7,7.2964682216227535e-03,2.0265650810790087e-03,1.7264353968785701e-03,-6.6058269965196814e-14,6.6058269965196814e-14,0.0000000000000000e+00,1.6973172828399097e-17,-4.5267882214791957e-02,2.0211574537633132e-02,-6.5479456752425086e-02,-4.5267882214791957e-02,0.0000000000000000e+00,1.4787644364735865e-18,-4.5267882214791957e-02,2.0211574537633135e-02,-6.5479456752425086e-02,0.0000000000000000e+00,-3.2159798486419117e-02,4.5267882214791957e-02,3.2159798486419089e-02,0.0000000000000000e+00,1.7625814735563897e-04,1.2537724079473591e-04,-1.7625814735563897e-04,7.8429534112085049e-05,-2.5468768146772402e-04,-1.7625814735563897e-04,7.8429534112085076e-05,-2.5468768146772402e-04,-1.3096809831229813e-20,-3.1574767409899386e-21,6.1337071854119293e-05,4.5936863709576059e-08,1.7233323286590077e-05,1.8679789233389703e-07,2.5487447936005793e-04,0.0000000000000000e+00,-5.0880906560903062e-05,1.7347234759768071e-17,2.4532694666933986e-17,1.2952601953960161e-15,3.5788077480690197e-02,-1.4379928368585386e-19
8,9.3821958862301356e-03,2.6058676594425617e-03,2.0857276646073820e-03,-4.6629367034256575e-14,4.6629367034256575e-14,0.0000000000000000e+00,2.8722591770036063e-17,-5.5373881545641254e-02,2.4803470862547413e-02,-8.0177352408188671e-02,-5.5373881545641268e-02,1.3877787807814457e-17,1.4759114820408975e-17,-5.5373881545641282e-02,2.4803470862547413e-02,-8.0177352408188698e-02,0.0000000000000000e+00,-3.9304074035757253e-02,5.5373881545641282e-02,3.9304074035757253e-02,0.0000000000000000e+00,2.8121380280064713e-04,1.9990432876447516e-04,-2.8121380280064708e-04,1.2537409686944197e-04,-4.0658789967008900e-04,-2.8121380280064713e-04,1.2537409686944200e-04,-4.0658789967008911e-04,3.8370871590873463e-21,-3.1574767409899386e-21,9.3417499452587419e-05,1.0957486526840042e-07,3.2133233209413077e-05,2.8621065782693362e-07,4.0687411032791596e-04,0.0000000000000000e+00,-8.1309474036171973e-05,5.7824115865893574e-17,8.2569112009248278e-17,1.6653345369377348e-15,4.3893070801402895e-02,-8.9515160005591444e-19
9,1.2079351273424481e-02,3.3549918603448651e-03,2.6971553871943457e-03,-1.3211653993039363e-13,1.3211653993039363e-13,0.0000000000000000e+00,2.2840854471380186e-17,-6.7206659968305757e-02,3.0221658832311170e-02,-9.7428318800616920e-02,-6.7206659968305757e-02,0.0000000000000000e+00,9.3806661626660978e-18,-6.7206659968305771e-02,3.0221658832311173e-02,-9.7428318800616948e-02,0.0000000000000000e+00,-4.7654456684351740e-02,6.7206659968305771e-02,4.7654456684351643e-02,0.0000000000000000e+00,4.4652318675541836e-04,3.1717466356159850e-04,-4.4652318675541820e-04,1.9957975936321968e-04,-6.4610294611863782e-04,-4.4652318675541836e-04,1.9957975936321971e-04,-6.4610294611863804e-04,3.6391457321183621e-20,-3.1574767409899386e-21,1.4097693000221767e-04,2.5688980788445731e-07,5.8819534978276679e-05,4.7359542515912258e-07,6.4657654154379705e-04,0.0000000000000000e+00,-1.2934852319381986e-04,2.3129646346357429e-17,3.7142712176177772e-17,3.7007434154171887e-15,5.3371797912420887e-02,-1.2967966566087700e-18
10,1.5551935395684493e-02,4.3194883139066678e-03,3.4725841222600119e-03,-4.6629367034256575e-14,4.6629367034256575e-14,0.0000000000000000e+00,3.7874073531928221e-17,-8.0780078861865320e-02,3.6497632259607941e-02,-1.1727771112147325e-01,-8.0780078861865307e-02,-1.3877787807814457e-17,-8.7854364164439139e-18,-8.0780078861865307e-02,3.6497632259607948e-02,-1.1727771112147325e-01,1.3877787807814457e-17,-5.7213951419000222e-02,8.0780078861865307e-02,5.7213951419000264e-02,0.0000000000000000e+00,7.0347138653876400e-04,4.9925684801479001e-04,-7.0347138653876389e-04,3.1542393481034074e-04,-1.0188953213491046e-03,-7.0347138653876400e-04,3.1542393481034079e-04,-1.0188953213491048e-03,3.7424950004097627e-20,2.0938416055765092e-20,2.1034409987662669e-04,5.8754886023703263e-07,1.0520382437253896e-04,7.1153829906198248e-07,1.0196068596481666e-03,0.0000000000000000e+00,-2.0421453852397398e-04,4.6259292692714858e-17,8.7856508610571756e-17,2.2204460492503131e-15,6.4186566369586306e-02,-6.8306223888003101e-19
11,1.9658915847658238e-02,5.4601858294497426e-03,4.1069804519737445e-03,-7.3829831137572910e-14,7.3829831137572910e-14,0.0000000000000000e+00,6.7308766109892612e-17,-9.5010658268167542e-02,4.3152488701839756e-02,-1.3816314697000731e-01,-9.5010658268167542e-02,0.0000000000000000e+00,3.4731247895683561e-17,-9.5010658268167583e-02,4.3152488701839756e-02,-1.3816314697000734e-01,0.0000000000000000e+00,-6.7217040934655400e-02,9.5010658268167583e-02,6.7217040934655428e-02,0.0000000000000000e+00,1.0644559470543141e-03,7.5477467462286923e-04,-1.0644559470543138e-03,4.7898467970334570e-04,-1.5434406267576595e-03,-1.0644559470543141e-03,4.7898467970334575e-04,-1.5434406267576598e-03,9.0704420282014241e-20,4.9436317677431861e-20,3.0214935563167681e-04,1.2356015822425958e-06,1.7670347520462641e-04,1.1037527152001395e-06,1.5445443794728597e-03,0.0000000000000000e+00,-3.0968127243144483e-04,5.7824115865893574e-17,8.1996145871631241e-17,2.0354088784794539e-15,7.5394423844407005e-02,-4.5137433001648064e-20
12,2.4340822925315000e-02,6.7605669327783424e-03,4.6819070776567620e-03,-6.6058269965196814e-14,6.6058269965196814e-14,0.0000000000000000e+00,1.1036745548396868e-16,-1.0938653337393056e-01,4.9950779722290770e-02,-1.5933731309622134e-01,-1.0938653337393056e-01,0.0000000000000000e+00,3.1403093601695506e-17,-1.0938653337393060e-01,4.9950779722290777e-02,-1.5933731309622137e-01,1.3877787807814457e-17,-7.7303946583783104e-02,1.0938653337393060e-01,7.7303946583783006e-02,0.0000000000000000e+00,1.5429402761554666e-03,1.0930915917891299e-03,-1.5429402761554661e-03,6.9693510539730274e-04,-2.2398753815527691e-03,-1.5429402761554666e-03,6.9693510539730274e-04,-2.2398753815527691e-03,2.4552184104838842e-19,8.1923574157244480e-20,4.1734070001416988e-04,2.3857617037601737e-06,2.7884702747660198e-04,1.6383837972292273e-06,2.2415137653499983e-03,0.0000000000000000e+00,-4.4984868436633669e-04,1.5034270125132329e-16,2.3344333941677831e-16,1.1102230246251565e-15,8.6518259620968860e-02,-3.3438523408467159e-19
13,2.9752612812586638e-02,8.2636700887929165e-03,5.4117898872716383e-03,-6.6058269965196814e-14,6.6058269965196814e-14,0.0000000000000000e+00,5.7767180253265090e-17,-1.2413645673662627e-01,5.6997985404400764e-02,-1.8113444214102703e-01,-1.2413645673662625e-01,-1.3877787807814457e-17,-2.7736751467242133e-18,-1.2413645673662624e-01,5.6997985404400771e-02,-1.8113444214102700e-01,-1.3877787807814457e-17,-8.7636093157336406e-02,1.2413645673662624e-01,8.7636093157336392e-02,0.0000000000000000e+00,2.1748289543183398e-03,1.5394020113277159e-03,-2.1748289543183394e-03,9.8632722818171219e-04,-3.1611561825000516e-03,-2.1748289543183398e-03,9.8632722818171219e-04,-3.1611561825000516e-03,3.2299003968492926e-19,8.1923574157244480e-20,5.6197329759457855e-04,4.3563737122238207e-06,4.2235406097671055e-04,2.3565041018006831e-06,3.1635126866018520e-03,0.0000000000000000e+00,-6.3542694299062387e-04,5.7824115865893574e-17,1.1066031159843250e-16,1.8503717077085944e-15,9.7662364023960432e-02,-6.1544264668579698e-19
14,3.5961026434849663e-02,9.9880323245507639e-03,6.2084136222630253e-03,-9.7144514654701197e-14,9.7144514654701197e-14,0.0000000000000000e+00,1.1513964886462528e-16,-1.3916544957677243e-01,6.4256436644814896e-02,-2.0342188622158733e-01,-1.3916544957677246e-01,2.7755575615628914e-17,-6.4325431849742201e-17,-1.3916544957677240e-01,6.4256436644814910e-02,-2.0342188622158730e-01,0.0000000000000000e+00,-9.8146735488893674e-02,1.3916544957677240e-01,9.8146735488893619e-02,0.0000000000000000e+00,2.9921725252803032e-03,2.1161103334026220e-03,-2.9921725252803032e-03,1.3627260309867024e-03,-4.3548985562670058e-03,-2.9921725252803032e-03,1.3627260309867027e-03,-4.3548985562670058e-03,1.1470053472565606e-19,3.8844050720788979e-20,7.4033501995379714e-04,7.5863121939839687e-06,6.1809448964183394e-04,3.2897908029125896e-06,4.3581883470699186e-03,0.0000000000000000e+00,-8.7606219187768121e-04,4.6259292692714858e-17,1.0331601631158744e-16,2.4054832200211726e-15,1.0868932023381703e-01,-1.7117611249718263e-18
15,4.2911523812487716e-02,1.1918505377240879e-02,6.9504973776380527e-03,-5.0515147620444623e-14,5.0515147620444623e-14,0.0000000000000000e+00,8.6443094412517845e-17,-1.5412227394738015e-01,7.1563596163835203e-02,-2.2568587011121535e-01,-1.5412227394738021e-01,5.5511151231257827e-17,-1.5031680574994980e-17,-1.5412227394738015e-01,7.1563596163835203e-02,-2.2568587011121535e-01,-2.7755575615628914e-17,-1.0859016660965153e-01,1.5412227394738015e-01,1.0859016660965164e-01,0.0000000000000000e+00,4.0114203019043313e-03,2.8345724813510988e-03,-4.0114203019043313e-03,1.8347344219203209e-03,-5.8461547238246522e-03,-4.0114203019043313e-03,1.8347344219203211e-03,-5.8461547238246522e-03,-1.6108516617687589e-19,-5.7613477044842742e-20,9.5276515892075964e-04,1.2581927758526850e-05,8.7370494752746913e-04,4.3176122864346540e-06,5.8504723361110867e-03,0.0000000000000000e+00,-1.1768478205532325e-03,9.2518585385429716e-17,1.1750679869767650e-16,2.9605947323337509e-15,1.1929883288443406e-01,-6.7972466101237763e-19
16,5.0340802578866306e-02,1.3981958059858897e-02,7.4292787663785900e-03,-8.1601392309949006e-14,8.1601392309949006e-14,0.0000000000000000e+00,9.4177627047841882e-17,-1.6841608248831985e-01,7.8626435490050051e-02,-2.4704251797836990e-01,-1.6841608248831988e-01,2.7755575615628914e-17,-7.3369568816785581e-17,-1.6841608248831982e-01,7.8626435490050051e-02,-2.4704251797836987e-01,2.7755575615628914e-17,-1.1855585014660873e-01,1.6841608248831982e-01,1.1855585014660863e-01,0.0000000000000000e+00,5.2095339833095290e-03,3.6783380209284787e-03,-5.2095339833095290e-03,2.3926362284642901e-03,-7.6021702117738191e-03,-5.2095339833095290e-03,2.3926362284642901e-03,-7.6021702117738191e-03,-4.8946392869072273e-19,-5.7613477044842742e-20,1.1920286438464630e-03,1.9700253647588811e-05,1.1864124810710441e-03,5.5051501008057495e-06,7.6076753618746253e-03,0.0000000000000000e+00,-1.5311959623810502e-03,1.8503717077085943e-16,2.3458068623709027e-16,1.4802973661668755e-15,1.2908753494378436e-01,-2.0451506529609238e-18
17,5.8554418266117125e-02,1.6263257208378082e-02,8.2136156872508193e-03,-5.4400928206632670e-14,5.4400928206632670e-14,0.0000000000000000e+00,8.9599420596722366e-17,-1.8260058460912915e-01,8.5698456988295590e-02,-2.6829904159742474e-01,-1.8260058460912915e-01,0.0000000000000000e+00,-1.6812261399432855e-18,-1.8260058460912915e-01,8.5698456988295577e-02,-2.6829904159742474e-01,0.0000000000000000e+00,-1.2843055417450991e-01,1.8260058460912915e-01,1.2843055417450991e-01,0.0000000000000000e+00,6.6510919849885816e-03,4.6926637234632855e-03,-6.6510919849885816e-03,3.0674869857972619e-03,-9.7185789707858444e-03,-6.6510919849885816e-03,3.0674869857972619e-03,-9.7185789707858444e-03,-7.9768312208933914e-19,5.6373338597760237e-20,1.4683010597619070e-03,2.9901241352664495e-05,1.5762088950685904e-03,6.9242103858998399e-06,9.7255031811717442e-03,0.0000000000000000e+00,-1.9584282615252961e-03,6.9388939039072284e-17,1.2717099404916085e-16,1.6653345369377348e-15,1.3845370222849415e-01,-3.3412691406711744e-18
18,6.8493968415695383e-02,1.9023927801731125e-02,9.9395501495782579e-03,-5.4400928206632670e-14,5.4400928206632670e-14,0.0000000000000000e+00,3.9048910513389445e-17,-1.9794536710999419e-01,9.3405750974786317e-02,-2.9135111808478054e-01,-1.9794536710999422e-01,2.7755575615628914e-17,1.0151385985837641e-17,-1.9794536710999422e-01,9.3405750974786331e-02,-2.9135111808478054e-01,0.0000000000000000e+00,-1.3909585354435625e-01,1.9794536710999422e-01,1.3909585354435614e-01,0.0000000000000000e+00,8.5423197706541876e-03,6.0222097963923797e-03,-8.5423197706541876e-03,3.9575946143220351e-03,-1.2499914384976224e-02,-8.5423197706541876e-03,3.9575946143220351e-03,-1.2499914384976224e-02,-7.5558833280773360e-19,5.6373338597760237e-20,1.8155657508116222e-03,4.5781889374922931e-05,2.1051474119835518e-03,8.9004378480616805e-06,1.2508814822824284e-02,0.0000000000000000e+00,-2.5201099742618079e-03,3.4694469519536142e-17,7.3507166011800593e-17,9.2518585385429718e-16,1.4820035265510531e-01,-3.9437264379258344e-18
19,8.0525157411237946e-02,2.2365542780601818e-02,1.2031188995542563e-02,-4.2743586448068527e-14,4.2743586448068527e-14,0.0000000000000000e+00,1.1421782829253907e-16,-2.1435880477380106e-01,1.0174071583567440e-01,-3.1609952060947544e-01,-2.1435880477380104e-01,-2.7755575615628914e-17,-2.9275745204259249e-17,-2.1435880477380104e-01,1.0174071583567441e-01,-3.1609952060947544e-01,2.7755575615628914e-17,-1.5048399993715458e-01,2.1435880477380104e-01,1.5048399993715464e-01,0.0000000000000000e+00,1.1022574478446491e-02,7.7642047696611701e-03,-1.1022574478446491e-02,5.1315166263265488e-03,-1.6154091104773040e-02,-1.1022574478446491e-02,5.1315166263265488e-03,-1.6154091104773040e-02,-8.7063272289547212e-19,2.2333962655361226e-19,2.2501357397301412e-03,7.0560013922901340e-05,2.8224432158209358e-03,1.1622343147429937e-05,1.6165713447920470e-02,0.0000000000000000e+00,-3.2583697087853209e-03,1.3877787807814457e-16,1.9681956434559249e-16,1.4802973661668755e-15,1.5821748060713897e-01,-1.7269122972333554e-18
20,9.3499469388317977e-02,2.5969106423331952e-02,1.2974311977080030e-02,-5.0515147620444623e-14,5.0515147620444623e-14,0.0000000000000000e+00,1.0206991806115525e-16,-2.2991820867783547e-01,1.0976370383725129e-01,-3.3968191251508673e-01,-2.2991820867783544e-01,-2.7755575615628914e-17,4.7530627427015628e-17,-2.2991820867783549e-01,1.0976370383725129e-01,-3.3968191251508678e-01,0.0000000000000000e+00,-1.6126083478664499e-01,2.2991820867783549e-01,1.6126083478664494e-01,0.0000000000000000e+00,1.3904668766829947e-02,9.7865421411360842e-03,-1.3904668766829947e-02,6.5035787890104493e-03,-2.0408247555840395e-02,-1.3904668766829947e-02,6.5035787890104493e-03,-2.0408247555840395e-02,-7.5221045436402542e-19,4.0339437512391458e-19,2.7312718743387697e-03,1.0453140027821264e-04,3.6824478469577289e-03,1.4672332564262015e-05,2.0422919888404660e-02,0.0000000000000000e+00,-4.1181266256938628e-03,1.3877787807814457e-16,2.2317412099975738e-16,1.2952601953960161e-15,1.6737473404199754e-01,-8.0523722959792949e-19
21,1.0729532240753548e-01,2.9800849828941774e-02,1.3795853019217499e-02,-5.0515147620444623e-14,5.0515147620444623e-14,0.0000000000000000e+00,8.9083431754618244e-17,-2.4452417400078327e-01,1.1737966740990340e-01,-3.6190384141068666e-01,-2.4452417400078327e-01,0.0000000000000000e+00,6.5120457745168111e-17,-2.4452417400078336e-01,1.1737966740990341e-01,-3.6190384141068677e-01,2.7755575615628914e-17,-1.7136020588959910e-01,2.4452417400078336e-01,1.7136020588959899e-01,0.0000000000000000e+00,1.7177337455590733e-02,1.2080937635270397e-02,-1.7177337455590729e-02,8.0703970710180994e-03,-2.5247734526608827e-02,-1.7177337455590733e-02,8.0703970710180994e-03,-2.5247734526608830e-02,2.4848452381374004e-20,5.9485029595241146e-19,3.2523990253550735e-03,1.4936132987745080e-04,4.6864892133156397e-03,1.7852497530064515e-05,2.5265587024138891e-02,0.0000000000000000e+00,-5.0963998203203357e-03,1.1564823173178715e-16,2.1168365557928578e-16,1.1102230246251565e-15,1.7570210459206831e-01,-3.1273783755315382e-18
22,1.2180995123999817e-01,3.3832230363091423e-02,1.4514628832462698e-02,-5.0515147620444623e-14,5.0515147620444623e-14,0.0000000000000000e+00,9.4029789740521212e-17,-2.5813474149450394e-01,1.2455202838188088e-01,-3.8268676987638484e-01,-2.5813474149450399e-01,5.5511151231257827e-17,-6.4726947949392229e-17,-2.5813474149450388e-01,1.2455202838188087e-01,-3.8268676987638472e-01,-5.5511151231257827e-17,-1.8075635825564157e-01,2.5813474149450388e-01,1.8075635825564143e-01,0.0000000000000000e+00,2.0825291249461895e-02,1.4636358252435500e-02,-2.0825291249461891e-02,9.8261714546311121e-03,-3.0651462704093003e-02,-2.0825291249461895e-02,9.8261714546311121e-03,-3.0651462704093007e-02,2.7704276695186566e-20,3.9341935690630845e-19,3.8071079453446564e-03,2.0664679444033304e-04,5.8335143970709019e-03,2.1097682224779576e-05,3.0672560386317785e-02,0.0000000000000000e+00,-6.1889329970263949e-03,9.2518585385429716e-17,1.5363378999928951e-16,9.2518585385429718e-16,1.8326668938335833e-01,-3.3374551741051796e-18
23,1.3699814493100038e-01,3.8050690862601974e-02,1.5188193691002203e-02,-5.0515147620444623e-14,5.0515147620444623e-14,0.0000000000000000e+00,8.8851665371436747e-17,-2.7078745177203295e-01,1.3128589521194223e-01,-4.0207334698397518e-01,-2.7078745177203295e-01,0.0000000000000000e+00,2.0690596535556114e-17,-2.7078745177203301e-01,1.3128589521194220e-01,-4.0207334698397523e-01,5.5511151231257827e-17,-1.8947832472722589e-01,2.7078745177203301e-01,1.8947832472722598e-01,0.0000000000000000e+00,2.4841977608862826e-02,1.7447956290570794e-02,-2.4841977608862822e-02,1.1769029423154515e-02,-3.6611007032017341e-02,-2.4841977608862826e-02,1.1769029423154515e-02,-3.6611007032017341e-02,-3.0671204066400428e-19,3.9341935690630845e-19,4.3910148516100424e-03,2.7809809768539933e-04,7.1242845463801267e-03,2.4368072521053705e-05,3.6635375104538390e-02,0.0000000000000000e+00,-7.3940213182920322e-03,6.9388939039072284e-17,1.1321719719626198e-16,1.2952601953960161e-15,1.9018759651303027e-01,-2.7080952112979234e-18
24,1.5367443536373934e-01,4.2682464324284304e-02,1.6676290432738966e-02,-3.8857805861880479e-14,3.8857805861880479e-14,0.0000000000000000e+00,1.0107661845996985e-16,-2.8313194371488043e-01,1.3790315285634508e-01,-4.2103509657122551e-01,-2.8313194371488043e-01,0.0000000000000000e+00,3.9973970238520161e-17,-2.8313194371488043e-01,1.3790315285634508e-01,-4.2103509657122551e-01,-5.5511151231257827e-17,-1.9797570789590105e-01,2.8313194371488043e-01,1.9797570789590088e-01,0.0000000000000000e+00,2.9460637966596308e-02,2.0678604279250383e-02,-2.9460637966596304e-02,1.4013566796604159e-02,-4.3474204763200471e-02,-2.9460637966596308e-02,1.4013566796604159e-02,-4.3474204763200471e-02,1.9911792658638692e-19,3.9341935690630845e-19,5.0328217059364680e-03,3.7049490262592140e-04,8.6381155845781585e-03,2.7865396536388976e-05,4.3502070159736853e-02,0.0000000000000000e+00,-8.7820336873459248e-03,1.1564823173178715e-16,2.1840069815820311e-16,1.1102230246251565e-15,1.9729741295143732e-01,-3.8112080578408717e-18
25,1.7204367367642559e-01,4.7784447338503393e-02,1.8369238312686248e-02,-4.2743586448068527e-14,4.2743586448068527e-14,0.0000000000000000e+00,7.0853892266269410e-17,-2.9515347270112791e-01,1.4440759316242310e-01,-4.3956106586355104e-01,-2.9515347270112796e-01,5.5511151231257827e-17,6.9299959000807818e-17,-2.9515347270112802e-01,1.4440759316242313e-01,-4.3956106586355115e-01,0.0000000000000000e+00,-2.0623936692791858e-01,2.9515347270112802e-01,2.0623936692791842e-01,0.0000000000000000e+00,3.4771969280044640e-02,2.4391165798759905e-02,-3.4771969280044633e-02,1.6606483482529657e-02,-5.1378452762574300e-02,-3.4771969280044640e-02,1.6606483482529657e-02,-5.1378452762574300e-02,1.2027573503668016e-18,-1.1642942608296238e-19,5.7374829264862943e-03,4.8954392347354205e-04,1.0411129941580669e-02,3.1673309010847583e-05,5.1410126071585141e-02,0.0000000000000000e+00,-1.0380803481284735e-02,5.5511151231257827e-17,1.1518470989965474e-16,1.1102230246251565e-15,2.0412122417390655e-01,-3.7345762984525461e-18
26,1.9159028352641730e-01,5.3213440622963730e-02,1.9546609849991708e-02,-2.7200464103316335e-14,2.7200464103316335e-14,0.0000000000000000e+00,8.5228083287766269e-17,-3.0642165185912346e-01,1.5057152297591242e-01,-4.5699317483503588e-01,-3.0642165185912346e-01,0.0000000000000000e+00,3.1656472547768363e-17,-3.0642165185912351e-01,1.5057152297591242e-01,-4.5699317483503593e-01,0.0000000000000000e+00,-2.1397482304677182e-01,3.0642165185912351e-01,2.1397482304677187e-01,0.0000000000000000e+00,4.0651346407664338e-02,2.8498047211192687e-02,-4.0651346407664331e-02,1.9489404331055376e-02,-6.0140750738719717e-02,-4.0651346407664338e-02,1.9489404331055376e-02,-6.0140750738719717e-02,2.1894353400305082e-18,-1.1642942608296238e-19,6.4820256541254879e-03,6.3643374851405851e-04,1.2406563788751053e-02,3.5618860335224350e-05,6.0176369599054931e-02,0.0000000000000000e+00,-1.2153299196471651e-02,9.2518585385429716e-17,1.5117661417492852e-16,7.4014868308343773e-16,2.1045270191585130e-01,-3.1103209415975627e-18
27,2.1195786817666959e-01,5.8870456398870466e-02,2.0367584650252291e-02,-3.8857805861880479e-15,3.8857805861880479e-15,0.0000000000000000e+00,7.3239539621150270e-17,-3.1677542161868649e-01,1.5628658767982906e-01,-4.7306200929851555e-01,-3.1677542161868644e-01,-5.5511151231257827e-17,9.2402911464719706e-17,-3.1677542161868660e-01,1.5628658767982903e-01,-4.7306200929851561e-01,5.5511151231257827e-17,-2.2107343609738700e-01,3.1677542161868660e-01,2.2107343609738722e-01,0.0000000000000000e+00,4.6997855981588732e-02,3.2928488333724464e-02,-4.6997855981588725e-02,2.2614383603254025e-02,-6.9612239584842764e-02,-4.6997855981588732e-02,2.2614383603254025e-02,-6.9612239584842764e-02,3.4528303427967614e-18,4.4888460978483785e-19,7.2504261479275521e-03,8.1189280614737686e-04,1.4592011119820135e-02,3.9946470641039067e-05,6.9652186055483789e-02,0.0000000000000000e+00,-1.4069367647864268e-02,1.3877787807814457e-16,1.7486991643089570e-16,1.1102230246251565e-15,2.1622971953553230e-01,-3.4706254867250253e-18
28,2.3372662399920030e-01,6.4916641905132369e-02,2.1768755822530711e-02,-1.1657341758564144e-14,1.1657341758564144e-14,0.0000000000000000e+00,1.0361479431605765e-16,-3.2651350362434839e-01,1.6170123418495511e-01,-4.8821473780930347e-01,-3.2651350362434833e-01,-5.5511151231257827e-17,-3.0345551581744320e-17,-3.2651350362434839e-01,1.6170123418495511e-01,-4.8821473780930347e-01,1.1102230246251565e-16,-2.2774120782135099e-01,3.2651350362434839e-01,2.2774120782135104e-01,0.0000000000000000e+00,5.3999655750065649e-02,3.7813556530246005e-02,-5.3999655750065642e-02,2.6075483227610465e-02,-8.0075138977676125e-02,-5.3999655750065649e-02,2.6075483227610465e-02,-8.0075138977676125e-02,4.1282860999384636e-18,2.2614976546560779e-18,8.0614505133520080e-03,1.0248055484198243e-03,1.7033614943246171e-02,4.4387777407537549e-05,8.0119526755083645e-02,0.0000000000000000e+00,-1.6186099219819644e-02,6.9388939039072284e-17,1.4122349144250062e-16,9.2518585385429718e-16,2.2163515158602473e-01,-3.6962018293971599e-18
29,2.5669719909390243e-01,7.1296627942935384e-02,2.2970575094702128e-02,-4.6629367034256575e-14,4.6629367034256575e-14,0.0000000000000000e+00,7.3087573313108974e-17,-3.3552589882581224e-01,1.6675431430637175e-01,-5.0228021313218396e-01,-3.3552589882581230e-01,5.5511151231257827e-17,4.1093289840554551e-17,-3.3552589882581230e-01,1.6675431430637178e-01,-5.0228021313218407e-01,-5.5511151231257827e-17,-2.3390383013556185e-01,3.3552589882581230e-01,2.3390383013556185e-01,0.0000000000000000e+00,6.1603368654882217e-02,4.3115682535988950e-02,-6.1603368654882210e-02,2.9847889648556267e-02,-9.1451258303438490e-02,-6.1603368654882217e-02,2.9847889648556267e-02,-9.1451258303438490e-02,4.2517269643245654e-18,2.8990591886315652e-18,8.9050037895429257e-03,1.2778652680439791e-03,1.9713883620763487e-02,4.8863029794125185e-05,9.1500121333232598e-02,0.0000000000000000e+00,-1.8487686118893266e-02,1.3877787807814457e-16,1.9859195707966055e-16,1.2952601953960161e-15,2.2662610008329767e-01,-1.7206078042019961e-18
30,2.8151479415274533e-01,7.8189616442983195e-02,2.4817595058842901e-02,-6.9944050551384862e-14,6.9944050551384862e-14,0.0000000000000000e+00,9.7713233156094578e-17,-3.4403756228872406e-01,1.7155368805981017e-01,-5.1559125034853426e-01,-3.4403756228872406e-01,0.0000000000000000e+00,-7.5543292027568413e-17,-3.4403756228872395e-01,1.7155368805981014e-01,-5.1559125034853404e-01,-5.5511151231257827e-17,-2.3971576132093197e-01,3.4403756228872395e-01,2.3971576132093197e-01,0.0000000000000000e+00,7.0035934052245369e-02,4.8992732152339888e-02,-7.0035934052245355e-02,3.4045885152501253e-02,-1.0408181920474663e-01,-7.0035934052245369e-02,3.4045885152501253e-02,-1.0408181920474663e-01,3.8242438622977840e-18,1.5214059161240199e-18,9.8020351297996144e-03,1.5837946842635550e-03,2.2713532606960692e-02,5.3477268522610089e-05,1.0413529647326922e-01,0.0000000000000000e+00,-2.1043201899905481e-02,1.3877787807814457e-16,2.0094857841577046e-16,1.6653345369377348e-15,2.3133475418150451e-01,-1.5967341458744284e-18
31,3.0844867802833736e-01,8.5670395760072071e-02,2.6933883875592035e-02,-5.0515147620444623e-14,5.0515147620444623e-14,0.0000000000000000e+00,1.1016164583193543e-16,-3.5205535157520290e-01,1.7610378545232580e-01,-5.2815913702752870e-01,-3.5205535157520285e-01,-5.5511151231257827e-17,9.1868318911335105e-18,-3.5205535157520285e-01,1.7610378545232586e-01,-5.2815913702752870e-01,0.0000000000000000e+00,-2.4518184660816983e-01,3.5205535157520285e-01,2.4518184660816980e-01,0.0000000000000000e+00,7.9410176906562116e-02,5.5522820084097278e-02,-7.9410176906562102e-02,3.8727768162530041e-02,-1.1813794506909217e-01,-7.9410176906562116e-02,3.8727768162530048e-02,-1.1813794506909217e-01,2.9306252664427394e-18,7.7384046559245684e-19,1.0759022033397590e-02,1.9535270040267347e-03,2.6073503581278589e-02,5.8284456172869037e-05,1.1819622952526501e-01,0.0000000000000000e+00,-2.3887356822464838e-02,1.8503717077085943e-16,2.2548736224414669e-16,1.2952601953960161e-15,2.3577659723189992e-01,-4.1394085133492778e-18
32,3.3548527864810884e-01,9.3179704245064304e-02,2.7036600619771478e-02,-4.6629367034256575e-14,4.6629367034256575e-14,0.0000000000000000e+00,9.9612166268065467e-17,-3.5901263633049613e-01,1.8009544929381202e-01,-5.3910808562430812e-01,-3.5901263633049613e-01,0.0000000000000000e+00,-6.6397525289368262e-17,-3.5901263633049607e-01,1.8009544929381205e-01,-5.3910808562430812e-01,0.0000000000000000e+00,-2.4991676283419079e-01,3.5901263633049607e-01,2.4991676283419081e-01,0.0000000000000000e+00,8.9022607507817555e-02,6.2215711769545941e-02,-8.9022607507817542e-02,4.3542976387979819e-02,-1.3256558389579740e-01,-8.9022607507817555e-02,4.3542976387979826e-02,-1.3256558389579740e-01,2.1572339321486044e-18,7.7384046559245684e-19,1.1703087881350070e-02,2.3634283895736705e-03,2.9539187219503799e-02,6.2727102447722449e-05,1.3262831099824507e-01,0.0000000000000000e+00,-2.6806895738271615e-02,9.7144514654701197e-17,2.1011090921148362e-16,1.1102230246251565e-15,2.3965205129205919e-01,-3.2230891845610617e-18
33,3.6329806777315682e-01,1.0090459600587577e-01,2.7812789125047976e-02,-6.2172489379008766e-14,6.2172489379008766e-14,0.0000000000000000e+00,6.3555186251816200e-17,-3.6522239037395582e-01,1.8366947949265242e-01,-5.4889186986660821e-01,-3.6522239037395582e-01,0.0000000000000000e+00,1.0809773040207891e-17,-3.6522239037395587e-01,1.8366947949265242e-01,-5.4889186986660832e-01,5.5511151231257827e-17,-2.5413507665834711e-01,3.6522239037395587e-01,2.5413507665834706e-01,0.0000000000000000e+00,9.9094105545169758e-02,6.9225255529495183e-02,-9.9094105545169744e-02,4.8601635015692833e-02,-1.4769574056086263e-01,-9.9094105545169758e-02,4.8601635015692840e-02,-1.4769574056086263e-01,1.3842087165279499e-18,1.5458004372342675e-18,1.2657961584324261e-02,2.8246746399284680e-03,3.3185801652772420e-02,6.6802861332315722e-05,1.4776254342219489e-01,0.0000000000000000e+00,-2.9868850015674575e-02,1.3877787807814457e-16,2.1898779786837937e-16,1.6653345369377348e-15,2.4312887672446887e-01,-4.4871322518693829e-18
34,3.9426200480160345e-01,1.0950470658658401e-01,3.0963937028446631e-02,-2.7200464103316335e-14,2.7200464103316335e-14,0.0000000000000000e+00,5.7770744054520217e-17,-3.7118569427931414e-01,1.8710009762357141e-01,-5.5828579190288552e-01,-3.7118569427931419e-01,5.5511151231257827e-17,-3.3337996640062795e-17,-3.7118569427931414e-01,1.8710009762357141e-01,-5.5828579190288552e-01,0.0000000000000000e+00,-2.5817729781865051e-01,3.7118569427931414e-01,2.5817729781865062e-01,0.0000000000000000e+00,1.1049515232539119e-01,7.7156859580595052e-02,-1.1049515232539117e-01,5.4341877934638107e-02,-1.6483703026002933e-01,-1.1049515232539119e-01,5.4341877934638114e-02,-1.6483703026002933e-01,1.0354274680736137e-18,2.4052223327848900e-18,1.3702945427650425e-02,3.3840672468528456e-03,3.7325899292070738e-02,7.1034031935902908e-05,1.6490806429196520e-01,0.0000000000000000e+00,-3.3338292744796133e-02,8.3266726846886741e-17,1.4114770743304953e-16,9.2518585385429718e-16,2.4649066305688039e-01,-5.3690991026329815e-18
35,4.2792689997194899e-01,1.1885499756821655e-01,3.3664895170345543e-02,-3.8857805861880479e-14,3.8857805861880479e-14,0.0000000000000000e+00,3.6687845487565748e-17,-3.7669549521017254e-01,1.9028974796386763e-01,-5.6698524317404020e-01,-3.7669549521017254e-01,0.0000000000000000e+00,-1.8037813598693636e-17,-3.7669549521017254e-01,1.9028974796386761e-01,-5.6698524317404009e-01,0.0000000000000000e+00,-2.6190236144775286e-01,3.7669549521017254e-01,2.6190236144775281e-01,0.0000000000000000e+00,1.2308382324740963e-01,8.5911073185311299e-02,-1.2308382324740963e-01,6.0694272729665120e-02,-1.8377809597707478e-01,-1.2308382324740963e-01,6.0694272729665127e-02,-1.8377809597707478e-01,1.7064683508396350e-19,2.4052223327848900e-18,1.4819151848162742e-02,4.0453222254875623e-03,4.1905202262132027e-02,7.5403606117206701e-05,1.8385349958319197e-01,0.0000000000000000e+00,-3.7172750062098331e-02,9.2518585385429716e-17,1.4679583153323102e-16,9.2518585385429718e-16,2.4963867490049807e-01,-6.4654055944457378e-18
36,4.6277271044973745e-01,1.2853328308817699e-01,3.4845810477788453e-02,-7.7715611723760958e-15,7.7715611723760958e-15,0.0000000000000000e+00,9.3747350284408260e-17,-3.8150066496625845e-01,1.9309222217314034e-01,-5.7459288713939882e-01,-3.8150066496625845e-01,0.0000000000000000e+00,-1.5073043992599859e-17,-3.8150066496625845e-01,1.9309222217314029e-01,-5.7459288713939871e-01,0.0000000000000000e+00,-2.6514090829516601e-01,3.8150066496625845e-01,2.6514090829516612e-01,0.0000000000000000e+00,1.3629380309865705e-01,9.5093698130839149e-02,-1.3629380309865705e-01,6.7373900465662787e-02,-2.0366770356431987e-01,-1.3629380309865705e-01,6.7373900465662787e-02,-2.0366770356431987e-01,-4.0624049910766463e-19,2.4052223327848900e-18,1.5954448242513710e-02,4.7858338212318444e-03,4.6713124872019007e-02,7.9506470101783910e-05,2.0374721003442162e-01,0.0000000000000000e+00,-4.1200104967817897e-02,9.2518585385429716e-17,2.1389608642983398e-16,9.2518585385429718e-16,2.5243559877355870e-01,-7.4948422569152450e-18
37,4.9849165133434242e-01,1.3845407711224345e-01,3.5718940884604977e-02,-2.7200464103316335e-14,2.7200464103316335e-14,0.0000000000000000e+00,6.4015682599758281e-17,-3.8563708481588210e-01,1.9551442653356513e-01,-5.8115151134944720e-01,-3.8563708481588205e-01,-5.5511151231257827e-17,3.2116420916970778e-17,-3.8563708481588210e-01,1.9551442653356510e-01,-5.8115151134944720e-01,0.0000000000000000e+00,-2.6791853408670113e-01,3.8563708481588210e-01,2.6791853408670108e-01,0.0000000000000000e+00,1.4999447706606564e-01,1.0461385748604836e-01,-1.4999447706606564e-01,7.4314209421922420e-02,-2.2430868648798807e-01,-1.4999447706606564e-01,7.4314209421922420e-02,-2.2430868648798807e-01,-1.0185481268984192e-19,2.4052223327848900e-18,1.7098760069400983e-02,5.6016637003845080e-03,5.1696965724358834e-02,8.3180072221897272e-05,2.2439186656020996e-01,0.0000000000000000e+00,-4.5380619580017281e-02,5.5511151231257827e-17,1.2911232950323429e-16,9.2518585385429718e-16,2.5489809778718941e-01,-7.6601585108265286e-18
38,5.3520660887232474e-01,1.4865151080753139e-01,3.6714957537982318e-02,-7.7715611723760958e-15,7.7715611723760958e-15,0.0000000000000000e+00,1.8555354255843170e-16,-3.8918986864057709e-01,1.9760077764726403e-01,-5.8679064628784117e-01,-3.8918986864057709e-01,0.0000000000000000e+00,1.1262698731192015e-16,-3.8918986864057720e-01,1.9760077764726405e-01,-5.8679064628784128e-01,0.0000000000000000e+00,-2.7029383977351751e-01,3.8918986864057720e-01,2.7029383977351751e-01,0.0000000000000000e+00,1.6421834641378469e-01,1.1449407971239565e-01,-1.6421834641378469e-01,8.1530813436439614e-02,-2.4574915985022433e-01,-1.6421834641378469e-01,8.1530813436439614e-02,-2.4574915985022433e-01,2.5552692308234433e-18,2.4052223327848900e-18,1.8256092289774570e-02,6.4975339675399750e-03,5.6863633067879199e-02,8.6445888754130285e-05,2.4583560573897845e-01,0.0000000000000000e+00,-4.9724266701389033e-02,9.2518585385429716e-17,1.6426934724112593e-16,7.4014868308343773e-16,2.5707320505396974e-01,-3.3123845021436726e-18
39,5.7259412711578317e-01,1.5903574556865341e-01,3.7387518243458429e-02,-3.1086244689504383e-14,3.1086244689504383e-14,0.0000000000000000e+00,8.9000210200250877e-17,-3.9219170329121023e-01,1.9936992619086605e-01,-5.9156162948207625e-01,-3.9219170329121023e-01,0.0000000000000000e+00,-7.4448606183561776e-17,-3.9219170329121011e-01,1.9936992619086605e-01,-5.9156162948207613e-01,-5.5511151231257827e-17,-2.7229016596062561e-01,3.9219170329121011e-01,2.7229016596062555e-01,0.0000000000000000e+00,1.7882530530163565e-01,1.2463701441889267e-01,-1.7882530530163565e-01,8.8951688152372921e-02,-2.6777699345400863e-01,-1.7882530530163565e-01,8.8951688152372921e-02,-2.6777699345400863e-01,3.2689666912945470e-18,1.3675102430978741e-18,1.9416372027650949e-02,7.4668143364670621e-03,6.2157797531308158e-02,8.9295743053247056e-05,2.6786628919706179e-01,0.0000000000000000e+00,-5.4188290882742976e-02,9.2518585385429716e-17,1.6491940655686532e-16,7.4014868308343773e-16,2.5897671446512210e-01,-3.6540084271412217e-18
40,6.1188964137342572e-01,1.6994991864784073e-01,3.9295514257642550e-02,-5.0515147620444623e-14,5.0515147620444623e-14,0.0000000000000000e+00,9.7129927634232190e-17,-3.9478245411046925e-01,2.0089808724869282e-01,-5.9568054135916204e-01,-3.9478245411046931e-01,5.5511151231257827e-17,8.0726932153451301e-18,-3.9478245411046925e-01,2.0089808724869279e-01,-5.9568054135916204e-01,-5.5511151231257827e-17,-2.7400167249798757e-01,3.9478245411046925e-01,2.7400167249798757e-01,0.0000000000000000e+00,1.9428758241292260e-01,1.3537042378238476e-01,-1.9428758241292263e-01,9.6816056866869143e-02,-2.9110363927979183e-01,-1.9428758241292260e-01,9.6816056866869143e-02,-2.9110363927979183e-01,1.9648288740912477e-18,-8.1382899156816965e-19,2.0617317925242927e-02,8.5446444720525209e-03,6.7745955998392948e-02,9.1861528819250915e-05,2.9119550080861101e-01,0.0000000000000000e+00,-5.8917158630537841e-02,9.2518585385429716e-17,1.9549682806962492e-16,1.2952601953960161e-15,2.6069146669199306e-01,-1.1236218546420379e-18
41,6.5424329474677512e-01,1.8171347772539465e-01,4.2353653373349398e-02,-2.7200464103316335e-14,2.7200464103316335e-14,0.0000000000000000e+00,8.7769924742360329e-17,-3.9702523794314670e-01,2.0222395866262874e-01,-5.9924919660577547e-01,-3.9702523794314670e-01,0.0000000000000000e+00,2.1341100094554583e-17,-3.9702523794314670e-01,2.0222395866262874e-01,-5.9924919660577547e-01,0.0000000000000000e+00,-2.7547009612703349e-01,3.9702523794314670e-01,2.7547009612703344e-01,0.0000000000000000e+00,2.1105555667671791e-01,1.4700649219577744e-01,-2.1105555667671794e-01,1.0535290256671093e-01,-3.1640845924342892e-01,-2.1105555667671791e-01,1.0535290256671093e-01,-3.1640845924342892e-01,2.5877196772126656e-18,-1.9893790203703055e-18,2.1891694586512873e-02,9.7708427943030956e-03,7.3784624598046994e-02,9.4259412152034039e-05,3.1650271865558088e-01,0.0000000000000000e+00,-6.4049064480940471e-02,4.6259292692714858e-17,8.3395125885140022e-17,7.4014868308343773e-16,2.6226180433114571e-01,1.1556197393818897e-18
42,6.9856746275188042e-01,1.9402433941884123e-01,4.4324168005105302e-02,-2.3314683517128287e-14,2.3314683517128287e-14,0.0000000000000000e+00,1.1956864684009955e-16,-3.9885380677641397e-01,2.0331315114170706e-01,-6.0216695791812103e-01,-3.9885380677641402e-01,5.5511151231257827e-17,-1.0092624164118933e-16,-3.9885380677641380e-01,2.0331315114170706e-01,-6.0216695791812080e-01,-1.1102230246251565e-16,-2.7665225084817208e-01,3.9885380677641380e-01,2.7665225084817213e-01,0.0000000000000000e+00,2.2869389492166417e-01,1.5924267402912848e-01,-2.2869389492166420e-01,1.1434045006034703e-01,-3.4303434498201130e-01,-2.2869389492166417e-01,1.1434045006034703e-01,-3.4303434498201130e-01,8.2394708490110338e-19,-4.4498646137013858e-18,2.3204259990782752e-02,1.1122103639320089e-02,8.0110483440765531e-02,9.6397010521345750e-05,3.4313074199253257e-01,0.0000000000000000e+00,-6.9451220892535692e-02,9.2518585385429716e-17,1.6933681510458828e-16,7.4014868308343773e-16,2.6364315802001348e-01,-1.3127953382959728e-18
43,7.4461415444536849e-01,2.0681362522819954e-01,4.6046691693488073e-02,-2.3314683517128287e-14,2.3314683517128287e-14,0.0000000000000000e+00,8.7660838727815506e-17,-4.0027899233614095e-01,2.0416764693253500e-01,-6.0444663926867592e-01,-4.0027899233614095e-01,0.0000000000000000e+00,-1.0913926353195015e-16,-4.0027899233614089e-01,2.0416764693253500e-01,-6.0444663926867592e-01,5.5511151231257827e-17,-2.7755619330863496e-01,4.0027899233614089e-01,2.7755619330863490e-01,0.0000000000000000e+00,2.4709260573310915e-01,1.7200240671013658e-01,-2.4709260573310918e-01,1.2372202140031757e-01,-3.7081462713342683e-01,-2.4709260573310915e-01,1.2372202140031757e-01,-3.7081462713342683e-01,-4.0124636911710859e-18,-5.7279170468495458e-18,2.4545925348303514e-02,1.2595664001567990e-02,8.6678584254726687e-02,9.8152204280610444e-05,3.7091277933770739e-01,0.0000000000000000e+00,-7.5090199022972565e-02,9.2518585385429716e-17,1.7730046964608005e-16,5.5511151231257827e-16,2.6569552068237512e-01,7.9995729007195812e-19
44,7.9287889860026528e-01,2.2021896630289450e-01,4.8264744154896788e-02,-1.9428902930940239e-14,1.9428902930940239e-14,0.0000000000000000e+00,6.7180791803086720e-17,-4.0133696149154041e-01,2.0480885470747198e-01,-6.0614581619901242e-01,-4.0133696149154041e-01,0.0000000000000000e+00,-6.7748403377351003e-17,-4.0133696149154041e-01,2.0480885470747195e-01,-6.0614581619901231e-01,5.5511151231257827e-17,-2.7820634313154580e-01,4.0133696149154041e-01,2.7820634313154574e-01,0.0000000000000000e+00,2.6643750019409745e-01,1.8541427502621749e-01,-2.6643750019409745e-01,1.3359159450882740e-01,-4.0002909470292497e-01,-2.6643750019409745e-01,1.3359159450882740e-01,-4.0002909470292497e-01,-8.2811826849380966e-18,-3.0486855349291030e-18,2.5929147759314555e-02,1.4212435658039254e-02,9.3549583597492159e-02,9.9572506018552609e-05,4.0012866720894341e-01,0.0000000000000000e+00,-8.1023225167879964e-02,4.6259292692714858e-17,8.4668407552294126e-17,9.2518585385429718e-16,2.6803055525037650e-01,3.8841320399346402e-18
45,8.4357177769186920e-01,2.3429871221639850e-01,5.0692879091603915e-02,-3.4972025275692431e-14,3.4972025275692431e-14,0.0000000000000000e+00,6.2835200228373485e-17,-4.0204174807291082e-01,2.0524436246549854e-01,-6.0728611053840931e-01,-4.0204174807291088e-01,5.5511151231257827e-17,-2.3261599398729872e-17,-4.0204174807291082e-01,2.0524436246549854e-01,-6.0728611053840931e-01,-5.5511151231257827e-17,-2.7861234346180080e-01,4.0204174807291082e-01,2.7861234346180069e-01,0.0000000000000000e+00,2.8680029008845720e-01,1.9952764620392860e-01,-2.8680029008845720e-01,1.4398498358846371e-01,-4.3078527367692104e-01,-2.8680029008845720e-01,1.4398498358846371e-01,-4.3078527367692099e-01,-1.0587962218365298e-17,-3.0486855349291030e-18,2.7357200432289463e-02,1.5985812218103034e-02,1.0074260383278445e-01,1.0063289471323733e-04,4.3088590657163417e-01,0.0000000000000000e+00,-8.7272643884528600e-02,9.2518585385429716e-17,1.1911206455960975e-16,9.2518585385429718e-16,2.7011593767168185e-01,-1.9044051786715249e-18
46,8.9750029689122635e-01,2.4927714432411893e-01,5.3928519199357150e-02,-2.3314683517128287e-14,2.3314683517128287e-14,0.0000000000000000e+00,6.2708857330934223e-17,-4.0240573029820803e-01,2.0548188183389718e-01,-6.0788761213210518e-01,-4.0240573029820803e-01,0.0000000000000000e+00,-1.0076397463302017e-17,-4.0240573029820803e-01,2.0548188183389715e-01,-6.0788761213210518e-01,0.0000000000000000e+00,-2.7878186050014631e-01,4.0240573029820803e-01,2.7878186050014636e-01,0.0000000000000000e+00,3.0849162072956288e-01,2.1455736821891472e-01,-3.0849162072956288e-01,1.5505991266415362e-01,-4.6355153339371663e-01,-3.0849162072956288e-01,1.5505991266415362e-01,-4.6355153339371657e-01,-1.1486896620286396e-17,-4.5455026274057560e-18,2.8849095443822709e-02,1.7952334550919317e-02,1.0835979614340611e-01,1.0131347399452983e-04,4.6365284686771102e-01,0.0000000000000000e+00,-9.3934252510648159e-02,4.6259292692714858e-17,9.1354783266548354e-17,7.4014868308343773e-16,2.7197445842846663e-01,1.5624307150548192e-18
47,9.5482307719537063e-01,2.6519831897824581e-01,5.7322780304144283e-02,-7.7715611723760958e-15,7.7715611723760958e-15,0.0000000000000000e+00,8.2160911187477408e-17,-4.0242514390669848e-01,2.0551970729225336e-01,-6.0794485119895181e-01,-4.0242514390669848e-01,0.0000000000000000e+00,-5.8335827364679024e-17,-4.0242514390669837e-01,2.0551970729225338e-01,-6.0794485119895181e-01,-5.5511151231257827e-17,-2.7871257918812042e-01,4.0242514390669837e-01,2.7871257918812048e-01,0.0000000000000000e+00,3.3155919242158299e-01,2.3053593386243099e-01,-3.3155919242158299e-01,1.6683978956321988e-01,-4.9839898198480298e-01,-3.3155919242158299e-01,1.6683978956321988e-01,-4.9839898198480292e-01,-1.3447686087252437e-17,-6.1365293906355164e-18,3.0404418558353075e-02,2.0127915332593772e-02,1.1640901541481977e-01,1.0155974254671962e-04,4.9850054172734959e-01,0.0000000000000000e+00,-1.0102325855915201e-01,4.6259292692714858e-17,7.6152406756228067e-17,3.7007434154171886e-16,2.7359489483325961e-01,1.2977657158251299e-18
48,1.0144304710806908e+00,2.8175403598447246e-01,5.9607393885320215e-02,-1.5543122344752192e-14,1.5543122344752192e-14,0.0000000000000000e+00,6.3341124125419328e-17,-4.0210796340286453e-01,2.0536172393201318e-01,-6.0746968733487772e-01,-4.0210796340286459e-01,5.5511151231257827e-17,2.9390219042013928e-17,-4.0210796340286459e-01,2.0536172393201316e-01,-6.0746968733487772e-01,-5.5511151231257827e-17,-2.7841201228724627e-01,4.0210796340286459e-01,2.7841201228724632e-01,0.0000000000000000e+00,3.5553725333217384e-01,2.4714030634606615e-01,-3.5553725333217384e-01,1.7908557521879437e-01,-5.3462282855096832e-01,-3.5553725333217384e-01,1.7908557521879437e-01,-5.3462282855096821e-01,-1.4310372225522087e-17,-9.4454044471046799e-18,3.1988672877601286e-02,2.2478150813982974e-02,1.2472008572060637e-01,1.0133419339625194e-04,5.3472416274436441e-01,0.0000000000000000e+00,-1.0839694698610769e-01,9.2518585385429716e-17,1.7450241357334467e-16,7.4014868308343773e-16,2.7494101617544597e-01,2.1515291235639638e-19
49,1.0746509837858587e+00,2.9848004430878827e-01,6.0220512705167817e-02,-1.5543122344752192e-14,1.5543122344752192e-14,0.0000000000000000e+00,4.7300230800480914e-17,-4.0149424574448572e-01,2.0502972292908095e-01,-6.0652396867356662e-01,-4.0149424574448572e-01,0.0000000000000000e+00,-8.7500352022412659e-18,-4.0149424574448567e-01,2.0502972292908095e-01,-6.0652396867356662e-01,-5.5511151231257827e-17,-2.7791017336949919e-01,4.0149424574448567e-01,2.7791017336949914e-01,0.0000000000000000e+00,3.7973392185510330e-01,2.6389130997082055e-01,-3.7973392185510330e-01,1.9144256688868974e-01,-5.7117648874379312e-01,-3.7973392185510330e-01,1.9144256688868971e-01,-5.7117648874379301e-01,-1.3688890998942072e-17,-1.2788314435105134e-17,3.3555093190675921e-02,2.4938548149426153e-02,1.3304959874128164e-01,1.0067319269396746e-04,5.7127716193648703e-01,0.0000000000000000e+00,-1.1584261188428274e-01,9.2518585385429716e-17,1.4810199912361139e-16,3.7007434154171886e-16,2.7599376587633162e-01,-2.4674316491566787e-18
50,1.1357896435899657e+00,3.1546106434472782e-01,6.1138659804107043e-02,-1.5543122344752192e-14,1.5543122344752192e-14,0.0000000000000000e+00,5.8150820620743041e-17,-4.0061639964145812e-01,2.0454307161986821e-01,-6.0515947126132630e-01,-4.0061639964145818e-01,5.5511151231257827e-17,1.1132515925524150e-17,-4.0061639964145812e-01,2.0454307161986818e-01,-6.0515947126132630e-01,-5.5511151231257827e-17,-2.7722892944236155e-01,4.0061639964145812e-01,2.7722892944236149e-01,0.0000000000000000e+00,4.0425390679185530e-01,2.8086154034620631e-01,-4.0425390679185530e-01,2.0396293276416255e-01,-6.0821683955601791e-01,-4.0425390679185530e-01,2.0396293276416252e-01,-6.0821683955601780e-01,-1.3616060159726754e-17,-1.6182191825567343e-17,3.5110251650640266e-02,2.7520083311470659e-02,1.4143220705133333e-01,9.9609249281706891e-05,6.0831644880529956e-01,0.0000000000000000e+00,-1.2339236644564899e-01,4.6259292692714858e-17,9.2402864783061498e-17,3.7007434154171886e-16,2.7678477193526052e-01,-6.3782794711149714e-18
51,1.1996720378678312e+00,3.3320414573794066e-01,6.3882394277865462e-02,-7.7715611723760958e-15,7.7715611723760958e-15,0.0000000000000000e+00,4.3922732961751566e-17,-3.9946602257849234e-01,2.0389895211059059e-01,-6.0336497468908290e-01,-3.9946602257849229e-01,-5.5511151231257827e-17,-1.6336034780887911e-17,-3.9946602257849229e-01,2.0389895211059056e-01,-6.0336497468908279e-01,0.0000000000000000e+00,-2.7636035495941252e-01,3.9946602257849229e-01,2.7636035495941258e-01,0.0000000000000000e+00,4.2980949716737754e-01,2.9854384481328405e-01,-4.2980949716737754e-01,2.1700905996396178e-01,-6.4681855713133940e-01,-4.2980949716737754e-01,2.1700905996396175e-01,-6.4681855713133929e-01,-1.3782266781302081e-17,-1.7955284450454057e-17,3.6697216730187228e-02,3.0302754463629358e-02,1.5010717357400938e-01,9.8084803864195713e-05,6.4691664193520348e-01,0.0000000000000000e+00,-1.3126565235409349e-01,4.6259292692714858e-17,7.2259325152189450e-17,3.7007434154171886e-16,2.7734743391438832e-01,-5.5420151943214224e-18
52,1.2675115333185289e+00,3.5204629627194606e-01,6.7839495450697784e-02,-1.9428902930940239e-14,1.9428902930940239e-14,0.0000000000000000e+00,4.2430552590455616e-17,-3.9802400167209040e-01,2.0308681920307628e-01,-6.0111082087516665e-01,-3.9802400167209034e-01,-5.5511151231257827e-17,-7.3818349006105996e-18,-3.9802400167209040e-01,2.0308681920307625e-01,-6.0111082087516665e-01,5.5511151231257827e-17,-2.7529027136689466e-01,3.9802400167209040e-01,2.7529027136689460e-01,0.0000000000000000e+00,4.5686015760343968e-01,3.1725569489080313e-01,-4.5686015760343968e-01,2.3081391465472789e-01,-6.8767407225816768e-01,-4.5686015760343968e-01,2.3081391465472786e-01,-6.8767407225816757e-01,-1.4586770937481211e-17,-1.6072360204746101e-17,3.8339908353832330e-02,3.3348307034484367e-02,1.5922184716060894e-01,9.6147894197762263e-05,6.8777022015236533e-01,0.0000000000000000e+00,-1.3960446271263655e-01,4.6259292692714858e-17,8.6913320189248468e-17,3.7007434154171886e-16,2.7768493106405029e-01,-4.9988596371597919e-18
53,1.3392462266270131e+00,3.7197032254675033e-01,7.1734693308484143e-02,-1.1657341758564144e-14,1.1657341758564144e-14,0.0000000000000000e+00,5.8887097191590415e-17,-3.9628989226888933e-01,2.0210652018341307e-01,-5.9839641245230246e-01,-3.9628989226888933e-01,0.0000000000000000e+00,-4.3173244630860276e-17,-3.9628989226888933e-01,2.0210652018341307e-01,-5.9839641245230246e-01,5.5511151231257827e-17,-2.7401897590676594e-01,3.9628989226888933e-01,2.7401897590676588e-01,0.0000000000000000e+00,4.8535008938970164e-01,3.3695796008314827e-01,-4.8535008938970164e-01,2.4534712462049307e-01,-7.3069721401019483e-01,-4.8535008938970164e-01,2.4534712462049305e-01,-7.3069721401019472e-01,-1.6400047500169257e-17,-1.2090284795970939e-17,4.0028830109541023e-02,3.6664986306767761e-02,1.6874693778938754e-01,9.3629585203258703e-05,7.3079084359539803e-01,0.0000000000000000e+00,-1.4839212930655338e-01,4.6259292692714858e-17,8.7465545922598511e-17,3.7007434154171886e-16,2.7778455367841459e-01,-3.5615616426574558e-18
54,1.4135745064591285e+00,3.9261470718177766e-01,7.4328279832115429e-02,-1.1657341758564144e-14,1.1657341758564144e-14,0.0000000000000000e+00,4.2826245698740168e-17,-3.9430241675944794e-01,2.0097896144954744e-01,-5.9528137820899540e-01,-3.9430241675944799e-01,5.5511151231257827e-17,-1.2684739291568985e-17,-3.9430241675944799e-01,2.0097896144954741e-01,-5.9528137820899540e-01,0.0000000000000000e+00,-2.7257490215109959e-01,3.9430241675944799e-01,2.7257490215109959e-01,0.0000000000000000e+00,5.1473177257898994e-01,3.5727165144455136e-01,-5.1473177257898994e-01,2.6032744985803191e-01,-7.7505922243702197e-01,-5.1473177257898994e-01,2.6032744985803191e-01,-7.7505922243702186e-01,-1.8475961430091321e-17,-1.0027260604711034e-17,4.1726416945917659e-02,4.0200720696096121e-02,1.7849087077092943e-01,9.0558554911301936e-05,7.7514978099193321e-01,0.0000000000000000e+00,-1.5746012113443858e-01,4.6259292692714858e-17,8.2654107563832625e-17,5.5511151231257827e-16,2.7764228466168295e-01,-4.3302729043931383e-18
55,1.4900564825244076e+00,4.1385727239524522e-01,7.6481976065279067e-02,-1.9428902930940239e-14,1.9428902930940239e-14,0.0000000000000000e+00,4.2950115452678590e-17,-3.9208605756121173e-01,1.9971909840469590e-01,-5.9180515596590766e-01,-3.9208605756121168e-01,-5.5511151231257827e-17,1.4356219669029522e-17,-3.9208605756121168e-01,1.9971909840469587e-01,-5.9180515596590755e-01,0.0000000000000000e+00,-2.7097552503883043e-01,3.9208605756121168e-01,2.7097552503883038e-01,0.0000000000000000e+00,5.4480404481449196e-01,3.7805755682585757e-01,-5.4480404481449196e-01,2.7565053956961993e-01,-8.2045458438411201e-01,-5.4480404481449196e-01,2.7565053956961993e-01,-8.2045458438411190e-01,-1.8412042368980060e-17,-1.0027260604711034e-17,4.3417319364942343e-02,4.3939045200598326e-02,1.8838115481193507e-01,8.6979807855769309e-05,8.2054156419196767e-01,0.0000000000000000e+00,-1.6674648798863440e-01,4.6259292692714858e-17,1.0563945317277924e-16,5.5511151231257827e-16,2.7726640141030046e-01,-4.8098667613640419e-18
56,1.5679469540275939e+00,4.3549104162476854e-01,7.7890471503186287e-02,-1.5543122344752192e-14,1.5543122344752192e-14,0.0000000000000000e+00,4.2017923338797804e-17,-3.8967805186157078e-01,1.9834831531448757e-01,-5.8802636717605838e-01,-3.8967805186157078e-01,0.0000000000000000e+00,1.4533539001821472e-17,-3.8967805186157078e-01,1.9834831531448757e-01,-5.8802636717605838e-01,0.0000000000000000e+00,-2.6924725699619184e-01,3.8967805186157078e-01,2.6924725699619179e-01,0.0000000000000000e+00,5.7525003235809646e-01,3.9909666043059300e-01,-5.7525003235809646e-01,2.9115336884194049e-01,-8.6640340120003712e-01,-5.7525003235809646e-01,2.9115336884194049e-01,-8.6640340120003700e-01,-1.7286923906737136e-17,-1.0027260604711034e-17,4.5081007709253218e-02,4.7845615907144763e-02,1.9830971128318267e-01,8.2966057640188051e-05,8.6648636725767714e-01,0.0000000000000000e+00,-1.7615337192750347e-01,9.2518585385429716e-17,1.3904746211091886e-16,5.5511151231257827e-16,2.7667283291121092e-01,-5.4488117104998824e-18
57,1.6477160138216438e+00,4.5764658129395552e-01,7.9769059794049912e-02,-1.5543122344752192e-14,1.5543122344752192e-14,0.0000000000000000e+00,3.2952731534058772e-17,-3.8707737043743928e-01,1.9686785251571182e-01,-5.8394522295315110e-01,-3.8707737043743923e-01,-5.5511151231257827e-17,4.3631002138328366e-18,-3.8707737043743923e-01,1.9686785251571182e-01,-5.8394522295315099e-01,0.0000000000000000e+00,-2.6738897694249952e-01,3.8707737043743923e-01,2.6738897694249963e-01,0.0000000000000000e+00,6.0623055722145758e-01,4.2050014434694760e-01,-6.0623055722145758e-01,3.0691637990355169e-01,-9.1314693712500949e-01,-6.0623055722145758e-01,3.0691637990355169e-01,-9.1314693712500938e-01,-1.6533240334987078e-17,-1.0027260604711034e-17,4.6723810511748433e-02,5.1945518305782867e-02,2.0832556623328979e-01,7.8515147269420105e-05,9.1322545227227869e-01,0.0000000000000000e+00,-1.8573041287450998e-01,9.2518585385429716e-17,1.5225211592244232e-16,5.5511151231257827e-16,2.7587045091760931e-01,-6.2150774865880422e-18
58,1.7306493923586321e+00,4.8068099793143232e-01,8.2933378536988345e-02,-1.1657341758564144e-14,1.1657341758564144e-14,0.0000000000000000e+00,4.1701230695948417e-17,-3.8425006389225713e-01,1.9525998330910957e-01,-5.7951004720136667e-01,-3.8425006389225702e-01,-1.1102230246251565e-16,-3.3800907383964821e-18,-3.8425006389225702e-01,1.9525998330910954e-01,-5.7951004720136656e-01,0.0000000000000000e+00,-2.6537636286993938e-01,3.8425006389225702e-01,2.6537636286993943e-01,0.0000000000000000e+00,6.3821495226507197e-01,4.4259215914597372e-01,-6.3821495226507197e-01,3.2317662302522665e-01,-9.6139157529029884e-01,-6.3821495226507197e-01,3.2317662302522665e-01,-9.6139157529029873e-01,-1.6492478186521174e-17,-1.0027260604711034e-17,4.8366509590208759e-02,5.6309500432749571e-02,2.1857412076474680e-01,7.3507762478497440e-05,9.6146508305277711e-01,0.0000000000000000e+00,-1.9562279311909825e-01,4.6259292692714858e-17,1.0356814099498305e-16,3.7007434154171886e-16,2.7485194488851794e-01,-9.5368052622722252e-18
59,1.8163290489243586e+00,5.0447818238847997e-01,8.5679656565726514e-02,-1.1657341758564144e-14,1.1657341758564144e-14,0.0000000000000000e+00,3.8744807123666823e-17,-3.8121775049465512e-01,1.9353575599278441e-01,-5.7475350648743950e-01,-3.8121775049465512e-01,0.0000000000000000e+00,2.5781727725946631e-17,-3.8121775049465517e-01,1.9353575599278444e-01,-5.7475350648743961e-01,5.5511151231257827e-17,-2.6322482941844788e-01,3.8121775049465517e-01,2.6322482941844783e-01,0.0000000000000000e+00,6.7100746198946593e-01,4.6523734345372503e-01,-6.7100746198946593e-01,3.3983256573402865e-01,-1.0108400277234948e+00,-6.7100746198946593e-01,3.3983256573402865e-01,-1.0108400277234948e+00,-1.5532795904719488e-17,-7.6491724181798951e-18,4.9994115606793496e-02,6.0921625360976062e-02,2.2898476085656050e-01,6.7936090301423668e-05,1.0109079638137959e+00,0.0000000000000000e+00,-2.0577011853574090e-01,4.6259292692714858e-17,9.0826207277738187e-17,3.7007434154171886e-16,2.7362541204226620e-01,-1.3289343780007453e-17
60,1.9037652909608820e+00,5.2876325148627723e-01,8.7436242036523337e-02,-7.7715611723760958e-15,7.7715611723760958e-15,0.0000000000000000e+00,4.2382750452865745e-17,-3.7802431242024404e-01,1.9172001496727439e-01,-5.6974432738751846e-01,-3.7802431242024409e-01,5.5511151231257827e-17,-6.5196009098210188e-19,-3.7802431242024409e-01,1.9172001496727437e-01,-5.6974432738751846e-01,0.0000000000000000e+00,-2.6096538423376903e-01,3.7802431242024409e-01,2.6096538423376903e-01,0.0000000000000000e+00,7.0420009837813413e-01,4.8815395465076106e-01,-7.0420009837813413e-01,3.5667522415184422e-01,-1.0608753225299785e+00,-7.0420009837813413e-01,3.5667522415184422e-01,-1.0608753225299785e+00,-1.4434169682093313e-17,-5.2223291907887402e-18,5.1582901342279538e-02,6.5731880513826252e-02,2.3942235616957316e-01,6.1913873834751332e-05,1.0609372364038130e+00,0.0000000000000000e+00,-2.1604614372737307e-01,4.6259292692714858e-17,7.7854540775851461e-17,3.7007434154171886e-16,2.7221237306677459e-01,-7.7901604692663046e-18
61,1.9947048541340691e+00,5.5402135412135900e-01,9.0939563173187077e-02,-3.8857805861880479e-15,3.8857805861880479e-15,0.0000000000000000e+00,5.1764124940212829e-17,-3.7461044387986503e-01,1.8978301885778107e-01,-5.6439346273764612e-01,-3.7461044387986503e-01,0.0000000000000000e+00,-9.0528403330505497e-18,-3.7461044387986503e-01,1.8978301885778107e-01,-5.6439346273764612e-01,0.0000000000000000e+00,-2.5855606779213686e-01,3.7461044387986503e-01,2.5855606779213691e-01,0.0000000000000000e+00,7.3842223636157911e-01,5.1177648160392897e-01,-7.3842223636157911e-01,3.7402208377449231e-01,-1.1124443201360716e+00,-7.3842223636157911e-01,3.7402208377449231e-01,-1.1124443201360716e+00,-1.4875444837715558e-17,-5.2223291907887402e-18,5.3158872644250850e-02,7.0840622599869771e-02,2.5007788189272895e-01,5.5293362357267117e-05,1.1124996134984286e+00,0.0000000000000000e+00,-2.2664575475765014e-01,4.6259292692714858e-17,9.2402864783061498e-17,3.7007434154171886e-16,2.7058992462726694e-01,-1.1368741592817963e-17
62,2.0900870907044000e+00,5.8051339165478089e-01,9.5382236570330958e-02,-1.5543122344752192e-14,1.5543122344752192e-14,0.0000000000000000e+00,2.1397447381238390e-17,-3.7094407399825824e-01,1.8770638882976451e-01,-5.5865046282802278e-01,-3.7094407399825824e-01,0.0000000000000000e+00,-9.3419360288415071e-18,-3.7094407399825824e-01,1.8770638882976451e-01,-5.5865046282802278e-01,0.0000000000000000e+00,-2.5597445024166365e-01,3.7094407399825824e-01,2.5597445024166371e-01,0.0000000000000000e+00,7.7397856506174423e-01,5.3631501740080645e-01,-7.7397856506174423e-01,3.9202497576791612e-01,-1.1660035408296605e+00,-7.7397856506174423e-01,3.9202497576791612e-01,-1.1660035408296605e+00,-1.5752712293019719e-17,-5.2223291907887402e-18,5.4729279224386237e-02,7.6309145900467446e-02,2.6103444050297875e-01,4.7889859916327993e-05,1.1660514306895766e+00,0.0000000000000000e+00,-2.3766354766093778e-01,9.2518585385429716e-17,1.2617852778345908e-16,3.7007434154171886e-16,2.6874041944823956e-01,-1.2023626392055495e-17
63,2.1892840495107260e+00,6.0806495314454279e-01,9.9196958806325952e-02,-1.1657341758564144e-14,1.1657341758564144e-14,0.0000000000000000e+00,4.5882555789620685e-17,-3.6705323462173767e-01,1.8550488267999118e-01,-5.5255811730172888e-01,-3.6705323462173767e-01,0.0000000000000000e+00,-1.8083505873754375e-17,-3.6705323462173767e-01,1.8550488267999121e-01,-5.5255811730172888e-01,0.0000000000000000e+00,-2.5324045090537767e-01,3.6705323462173767e-01,2.5324045090537761e-01,0.0000000000000000e+00,8.1058210937292285e-01,5.6157130218713169e-01,-8.1058210937292285e-01,4.1053568733092100e-01,-1.2211177967038440e+00,-8.1058210937292285e-01,4.1053568733092100e-01,-1.2211177967038440e+00,-1.7112972508348262e-17,-5.2223291907887402e-18,5.6274436915440443e-02,8.2109929546364230e-02,2.7219104120646831e-01,3.9720337352000534e-05,1.2211575170411959e+00,0.0000000000000000e+00,-2.4901080718579116e-01,9.2518585385429716e-17,1.3075923700388357e-16,3.7007434154171886e-16,2.6667548276907560e-01,-8.2561590998431658e-18
64,2.2906288159300088e+00,6.3621305967186070e-01,1.0134476641928281e-01,-7.7715611723760958e-15,7.7715611723760958e-15,0.0000000000000000e+00,1.2022263411320344e-17,-3.6300966577970872e-01,1.8321854149002845e-01,-5.4622820726973720e-01,-3.6300966577970867e-01,-5.5511151231257827e-17,-1.3166048737051396e-19,-3.6300966577970872e-01,1.8321854149002842e-01,-5.4622820726973709e-01,5.5511151231257827e-17,-2.5040444323712924e-01,3.6300966577970872e-01,2.5040444323712929e-01,0.0000000000000000e+00,8.4757613642920726e-01,5.8709218926470008e-01,-8.4757613642920726e-01,4.2921978197883537e-01,-1.2767959184080429e+00,-8.4757613642920726e-01,4.2921978197883537e-01,-1.2767959184080429e+00,-1.8035978398426551e-17,-2.4094468631900864e-18,5.7762291721739814e-02,8.8149400921249718e-02,2.8333910846208066e-01,3.1019126234821393e-05,1.2768269375342776e+00,0.0000000000000000e+00,-2.6048394716450718e-01,4.6259292692714858e-17,6.8144193355954172e-17,3.7007434154171886e-16,2.6443476197788118e-01,-1.1418298471878044e-17
65,2.3938141856302591e+00,6.6487238645314661e-01,1.0318536970025027e-01,-7.7715611723760958e-15,7.7715611723760958e-15,0.0000000000000000e+00,6.5038384268489961e-17,-3.5883171324120100e-01,1.8086015103196409e-01,-5.3969186427316507e-01,-3.5883171324120100e-01,0.0000000000000000e+00,-1.6260878471980269e-18,-3.5883171324120106e-01,1.8086015103196407e-01,-5.3969186427316518e-01,5.5511151231257827e-17,-2.4747912607900494e-01,3.5883171324120106e-01,2.4747912607900491e-01,0.0000000000000000e+00,8.8481787120881283e-01,6.1277933934848283e-01,-8.8481787120881283e-01,4.4800357922276812e-01,-1.3328214504315812e+00,-8.8481787120881283e-01,4.4800357922276812e-01,-1.3328214504315812e+00,-1.8126665354297777e-17,3.3184917990937557e-18,5.9185198097806653e-02,9.4409250374588111e-02,2.9443104336835957e-01,2.1912617986230565e-05,1.3328433630495673e+00,0.0000000000000000e+00,-2.7203853186033000e-01,9.2518585385429716e-17,9.8565950552680160e-17,3.7007434154171886e-16,2.6203367192320903e-01,-1.7246140919294022e-17
66,2.4991979243125275e+00,6.9414230149151335e-01,1.0538373868226847e-01,-1.5543122344752192e-14,1.5543122344752192e-14,0.0000000000000000e+00,5.0444881294181322e-17,-3.5451096511920094e-01,1.7842649058513130e-01,-5.3293745570433226e-01,-3.5451096511920099e-01,5.5511151231257827e-17,-3.0380194541618802e-17,-3.5451096511920094e-01,1.7842649058513130e-01,-5.3293745570433226e-01,0.0000000000000000e+00,-2.4445844394425267e-01,3.5451096511920094e-01,2.4445844394425265e-01,0.0000000000000000e+00,9.2240523041243383e-01,6.3870044951214344e-01,-9.2240523041243383e-01,4.6693506399887102e-01,-1.3893402944113051e+00,-9.2240523041243383e-01,4.6693506399887102e-01,-1.3893402944113051e+00,-1.9813136204024759e-17,6.2434781267471359e-18,6.0545207081501858e-02,1.0091072084212224e-01,3.0549152035724708e-01,1.2384282000177382e-05,1.3893526786933050e+00,0.0000000000000000e+00,-2.8370478090029039e-01,9.2518585385429716e-17,1.1490569929230976e-16,5.5511151231257827e-16,2.5947191497807115e-01,-2.2548073424167976e-17
67,2.6072215291133105e+00,7.2414542886384881e-01,1.0802360480078299e-01,-7.7715611723760958e-15,7.7715611723760958e-15,0.0000000000000000e+00,5.5682974460819728e-17,-3.5003495982007993e-01,1.7591135204958164e-01,-5.2594631186966156e-01,-3.5003495982007993e-01,0.0000000000000000e+00,-6.2442537926022905e-18,-3.5003495982007993e-01,1.7591135204958161e-01,-5.2594631186966156e-01,0.0000000000000000e+00,-2.4133356487627242e-01,3.5003495982007993e-01,2.4133356487627242e-01,0.0000000000000000e+00,9.6045902569225539e-01,6.6493895150024684e-01,-9.6045902569225539e-01,4.8607348953823815e-01,-1.4465325152304938e+00,-9.6045902569225539e-01,4.8607348953823815e-01,-1.4465325152304938e+00,-2.1791288670476055e-17,6.2434781267471359e-18,6.1844401873197244e-02,1.0768119367301532e-01,3.1655026704196310e-01,2.3730499374985392e-06,1.4465348882804310e+00,0.0000000000000000e+00,-2.9552007419200854e-01,9.2518585385429716e-17,1.2777952137992575e-16,3.7007434154171886e-16,2.5674523172109753e-01,-2.4274828699904729e-17
68,2.7179007312087800e+00,7.5488613784188097e-01,1.1067920209546944e-01,-3.8857805861880479e-15,3.8857805861880479e-15,0.0000000000000000e+00,6.3939431025854592e-17,-3.4540872634539538e-01,1.7331773980101986e-01,-5.1872646614641527e-01,-3.4540872634539538e-01,0.0000000000000000e+00,6.2744147573108131e-17,-3.4540872634539549e-01,1.7331773980101983e-01,-5.1872646614641527e-01,5.5511151231257827e-17,-2.3810789531158397e-01,3.4540872634539549e-01,2.3810789531158402e-01,0.0000000000000000e+00,9.9894460183581879e-01,6.9147105063278624e-01,-9.9894460183581879e-01,5.0539968815551317e-01,-1.5043442899913322e+00,-9.9894460183581879e-01,5.0539968815551317e-01,-1.5043442899913322e+00,-1.8664607089423472e-17,9.3154430895854121e-18,6.3079099133476882e-02,1.1472172906979833e-01,3.2759073157962432e-01,-8.1283726136582857e-06,1.5043361616187183e+00,0.0000000000000000e+00,-3.0747355120303255e-01,9.2518585385429716e-17,1.5398161428419727e-16,3.7007434154171886e-16,2.5385898606604274e-01,-2.4341347401119221e-17
69,2.8279827908697515e+00,7.8546099287942761e-01,1.1008205966097151e-01,-3.8857805861880479e-15,3.8857805861880479e-15,0.0000000000000000e+00,2.6885982726956133e-17,-3.4077762643468362e-01,1.7072344122339100e-01,-5.1150106765807468e-01,-3.4077762643468362e-01,0.0000000000000000e+00,3.3138058866296376e-17,-3.4077762643468368e-01,1.7072344122339100e-01,-5.1150106765807468e-01,0.0000000000000000e+00,-2.3488248766057193e-01,3.4077762643468368e-01,2.3488248766057193e-01,0.0000000000000000e+00,1.0367130053484594e+00,7.1750492841148961e-01,-1.0367130053484592e+00,5.2433606906319330e-01,-1.5610490744116530e+00,-1.0367130053484594e+00,5.2433606906319330e-01,-1.5610490744116530e+00,-1.3387151704579416e-17,1.2370834020429680e-17,6.4213624342074629e-02,1.2182049309233144e-01,3.3828332754848173e-01,-1.8624080305507107e-05,1.5610304503313470e+00,0.0000000000000000e+00,-3.1920807693696984e-01,9.2518585385429716e-17,1.1991779233329541e-16,3.7007434154171886e-16,2.5090729679060630e-01,-2.5673352892641883e-17
70,2.9397294736433883e+00,8.1649819037784965e-01,1.1174668277363686e-01,3.8857805861880479e-15,0.0000000000000000e+00,0.0000000000000000e+00,3.6474038198059192e-17,-3.3604857696512541e-01,1.6808389771982177e-01,-5.0413247468494715e-01,-3.3604857696512547e-01,5.5511151231257827e-17,3.4228041269527462e-17,-3.3604857696512547e-01,1.6808389771982177e-01,-5.0413247468494726e-01,-5.5511151231257827e-17,-2.3159226447297324e-01,3.3604857696512547e-01,2.3159226447297329e-01,0.0000000000000000e+00,1.0745295468705611e+00,7.4356843148577867e-01,-1.0745295468705609e+00,5.4326636717632693e-01,-1.6177959140468883e+00,-1.0745295468705611e+00,5.4326636717632693e-01,-1.6177959140468883e+00,-9.6231825937919346e-18,9.2692405169103053e-18,6.5273361633242516e-02,1.2911673219219785e-01,3.4884700249019973e-01,-2.9270860686825273e-05,1.6177666431862010e+00,0.0000000000000000e+00,-3.3096111538478246e-01,9.2518585385429716e-17,1.8864491916814314e-16,7.4014868308343773e-16,2.4783918815114916e-01,-2.5260285314512329e-17
71,3.0577585891775123e+00,8.4928030863381021e-01,1.1802911553412399e-01,-1.1657341758564144e-14,1.1657341758564144e-14,0.0000000000000000e+00,2.6925822382700504e-17,-3.3102866305943196e-01,1.6529526095106009e-01,-4.9632392401049208e-01,-3.3102866305943202e-01,5.5511151231257827e-17,2.0823315264927052e-17,-3.3102866305943202e-01,1.6529526095106012e-01,-4.9632392401049213e-01,0.0000000000000000e+00,-2.2810304017486990e-01,3.3102866305943202e-01,2.2810304017486990e-01,0.0000000000000000e+00,1.1138968151870827e+00,7.7069714659716593e-01,-1.1138968151870825e+00,5.6294059079404424e-01,-1.6768374059811271e+00,-1.1138968151870827e+00,5.6294059079404424e-01,-1.6768374059811271e+00,-6.3743511334342427e-18,5.9932744758571258e-18,6.6295930106495649e-02,1.3691293261693580e-01,3.5969088451647718e-01,-4.0843554135583382e-05,1.6767965624269912e+00,0.0000000000000000e+00,-3.4319966858991680e-01,9.2518585385429716e-17,1.5145945186686901e-16,2.2204460492503131e-16,2.4453084431444438e-01,-2.9354833189913069e-17
72,3.1803036542868557e+00,8.8331671395566003e-01,1.2254506510934338e-01,-7.7715611723760958e-15,7.7715611723760958e-15,0.0000000000000000e+00,3.7488514338134757e-17,-3.2580256476267694e-01,1.6239767804841285e-01,-4.8820024281108976e-01,-3.2580256476267699e-01,5.5511151231257827e-17,3.3345870942258815e-17,-3.2580256476267699e-01,1.6239767804841285e-01,-4.8820024281108987e-01,-5.5511151231257827e-17,-2.2447372544552535e-01,3.2580256476267699e-01,2.2447372544552532e-01,0.0000000000000000e+00,1.1541425279767379e+00,7.9842767120212965e-01,-1.1541425279767377e+00,5.8301916706682544e-01,-1.7371616950435635e+00,-1.1541425279767379e+00,5.8301916706682544e-01,-1.7371616950435635e+00,-3.0552679080943739e-18,2.5919656548925772e-18,6.7256753027905458e-02,1.4509530896767020e-01,3.7061380594561372e-01,-5.3299125636119271e-05,1.7371083959179270e+00,0.0000000000000000e+00,-3.5571485677460823e-01,4.6259292692714858e-17,7.3725180823738008e-17,3.7007434154171886e-16,2.4103312640269831e-01,-2.6360436172910103e-17
73,3.3027679375412888e+00,9.1733068243801807e-01,1.2246428325443315e-01,-1.9428902930940239e-14,1.9428902930940239e-14,0.0000000000000000e+00,4.3341193181020877e-17,-3.2057447239873826e-01,1.5950173834370643e-01,-4.8007621074244466e-01,-3.2057447239873832e-01,5.5511151231257827e-17,-2.2435505859220771e-17,-3.2057447239873826e-01,1.5950173834370643e-01,-4.8007621074244466e-01,-5.5511151231257827e-17,-2.2084593906350453e-01,3.2057447239873826e-01,2.2084593906350447e-01,0.0000000000000000e+00,1.1937215782607864e+00,8.2569554796873113e-01,-1.1937215782607862e+00,6.0272975772106607e-01,-1.7964513359818526e+00,-1.1937215782607864e+00,6.0272975772106607e-01,-1.7964513359818526e+00,-2.3872028881251500e-18,-4.2061676932718567e-18,6.8118728996623676e-02,1.5335180871163051e-01,3.8119341131593687e-01,-6.5808696875002681e-05,1.7963855272849774e+00,0.0000000000000000e+00,-3.6802603029205527e-01,9.2518585385429716e-17,1.5138879198344939e-16,5.5511151231257827e-16,2.3748399705131040e-01,-2.2140280803107896e-17
74,3.4246542784534775e+00,9.5118412972928812e-01,1.2188634091218864e-01,-3.8857805861880479e-15,3.8857805861880479e-15,0.0000000000000000e+00,2.5029255212771282e-17,-3.1536861550788292e-01,1.5662620473106673e-01,-4.7199482023894967e-01,-3.1536861550788298e-01,5.5511151231257827e-17,2.2075073945442082e-17,-3.1536861550788298e-01,1.5662620473106670e-01,-4.7199482023894967e-01,0.0000000000000000e+00,-2.1723620149771022e-01,3.1536861550788298e-01,2.1723620149771022e-01,0.0000000000000000e+00,1.2324779662674545e+00,8.5239366253472393e-01,-1.2324779662674543e+00,6.2199559684180650e-01,-1.8544735631092613e+00,-1.2324779662674545e+00,6.2199559684180650e-01,-1.8544735631092613e+00,-2.4091687516843811e-18,-7.5891932449724325e-18,6.8883530879619265e-02,1.6163848290311311e-01,3.9139553741003474e-01,-7.8045649039348852e-05,1.8543955174602216e+00,0.0000000000000000e+00,-3.8008430373273061e-01,1.3877787807814457e-17,1.9626155733547190e-17,3.7007434154171886e-16,2.3390748809809042e-01,-1.8672722732967946e-17
75,3.5452133101102876e+00,9.8466892214438517e-01,1.2055903165681014e-01,-3.8857805861880479e-15,3.8857805861880479e-15,0.0000000000000000e+00,3.0867522973357686e-17,-3.1022289157332239e-01,1.5379162720814579e-01,-4.6401451878146815e-01,-3.1022289157332245e-01,5.5511151231257827e-17,-8.7113047607484375e-20,-3.1022289157332245e-01,1.5379162720814579e-01,-4.6401451878146827e-01,0.0000000000000000e+00,-2.1367046557264627e-01,3.1022289157332245e-01,2.1367046557264627e-01,0.0000000000000000e+00,1.2701883194206718e+00,8.7836850779295672e-01,-1.2701883194206716e+00,6.4070743345560544e-01,-1.9108957528762776e+00,-1.2701883194206718e+00,6.4070743345560544e-01,-1.9108957528762776e+00,-1.0837451147090085e-18,-7.5891932449724325e-18,6.9552811988851576e-02,1.6989345493316871e-01,4.0117130475051999e-01,-8.9861783065137146e-05,1.9108058910932120e+00,0.0000000000000000e+00,-3.9181981162771506e-01,4.6259292692714858e-17,8.5922822657803818e-17,2.2204460492503131e-16,2.3033471658352594e-01,-1.7799869922657494e-17
76,3.6657446029257001e+00,1.0181460102064093e+00,1.2053129281541253e-01,-3.8857805861880479e-15,3.8857805861880479e-15,0.0000000000000000e+00,3.0890457035883269e-17,-3.0508530224263108e-01,1.5097177668115347e-01,-4.5605707892378455e-01,-3.0508530224263120e-01,1.1102230246251565e-16,-2.7517849992274334e-17,-3.0508530224263114e-01,1.5097177668115347e-01,-4.5605707892378461e-01,-5.5511151231257827e-17,-2.1011244381789190e-01,3.0508530224263114e-01,2.1011244381789190e-01,0.0000000000000000e+00,1.3072702654609485e+00,9.0390805876391589e-01,-1.3072702654609483e+00,6.5907419699240688e-01,-1.9663444624533557e+00,-1.3072702654609485e+00,6.5907419699240688e-01,-1.9663444624533557e+00,-2.7473760563683263e-18,-1.0934608656760125e-17,7.0139287149912133e-02,1.7819573484398801e-01,4.1063776431328508e-01,-1.0141068522162566e-04,1.9662430517681335e+00,0.0000000000000000e+00,-4.0336220669703260e-01,4.1633363423443370e-17,5.3748441061865729e-17,2.2204460492503131e-16,2.2673502512818544e-01,-2.2607595324314317e-17
77,3.7910683129899336e+00,1.0529541731330696e+00,1.2532371006423348e-01,-3.8857805861880479e-15,3.8857805861880479e-15,0.0000000000000000e+00,2.1223659111427055e-17,-2.9975333723367692e-01,1.4806006984322573e-01,-4.4781340707690265e-01,-2.9975333723367698e-01,5.5511151231257827e-17,-1.5511842856568290e-18,-2.9975333723367698e-01,1.4806006984322573e-01,-4.4781340707690270e-01,0.0000000000000000e+00,-2.0642181642970883e-01,2.9975333723367698e-01,2.0642181642970889e-01,0.0000000000000000e+00,1.3451705766056357e+00,9.3000886819546102e-01,-1.3451705766056354e+00,6.7781208720930375e-01,-2.0229826638149397e+00,-1.3451705766056357e+00,6.7781208720930375e-01,-2.0229826638149397e+00,-4.5688956682156813e-18,-1.4413040367879112e-17,7.0665644134382435e-02,1.8687091062123332e-01,4.2016208648912656e-01,-1.1344596456142053e-04,2.0228692178503778e+00,0.0000000000000000e+00,-4.1516170841017463e-01,4.6259292692714858e-17,7.1064873873211223e-17,3.7007434154171886e-16,2.2296986552679493e-01,-1.7806643566127660e-17
78,3.9207871315655565e+00,1.0889830599998878e+00,1.2971881857562284e-01,-7.7715611723760958e-15,7.7715611723760958e-15,0.0000000000000000e+00,4.9602473849082310e-17,-2.9425457611640016e-01,1.4506633822099055e-01,-4.3932091433739073e-01,-2.9425457611640021e-01,5.5511151231257827e-17,-2.8629115637321220e-17,-2.9425457611640021e-01,1.4506633822099055e-01,-4.3932091433739073e-01,5.5511151231257827e-17,-2.0261764218881945e-01,2.9425457611640021e-01,2.0261764218881945e-01,0.0000000000000000e+00,1.3836975789778072e+00,9.5653892585686495e-01,-1.3836975789778070e+00,6.9682409288300673e-01,-2.0805216718608142e+00,-1.3836975789778072e+00,6.9682409288300673e-01,-2.0805216718608142e+00,-6.5263720933490178e-18,-1.0812619890133363e-17,7.1125357505493925e-02,1.9588634288372783e-01,4.2968627744690513e-01,-1.2611504687987107e-04,2.0803955568139338e+00,0.0000000000000000e+00,-4.2715865312094226e-01,4.6259292692714858e-17,9.9538131400946614e-17,5.5511151231257827e-16,2.1905574573553133e-01,-1.5644030414743820e-17
79,4.0530224410237086e+00,1.1257108922186880e+00,1.3223530945815209e-01,-7.7715611723760958e-15,7.7715611723760958e-15,0.0000000000000000e+00,4.0926374650149087e-17,-2.8867646036389549e-01,1.4203739824196984e-01,-4.3071385860586531e-01,-2.8867646036389555e-01,5.5511151231257827e-17,-4.9137842179680915e-18,-2.8867646036389549e-01,1.4203739824196984e-01,-4.3071385860586531e-01,-5.5511151231257827e-17,-1.9876035767134884e-01,2.8867646036389549e-01,1.9876035767134881e-01,0.0000000000000000e+00,1.4222396119786738e+00,9.8307709786746666e-01,-1.4222396119786735e+00,7.1580671860189238e-01,-2.1380463305805666e+00,-1.4222396119786738e+00,7.1580671860189238e-01,-2.1380463305805666e+00,-8.7441499645930104e-18,-1.0812619890133363e-17,7.1509579207078205e-02,2.0510405152694722e-01,4.3905400153567126e-01,-1.3908633219572586e-04,2.1379072442483702e+00,0.0000000000000000e+00,-4.3916251411120710e-01,9.2518585385429716e-17,1.4953991633171472e-16,3.7007434154171886e-16,2.1505503025826242e-01,-1.5037787928606459e-17
80,4.1866239558600951e+00,1.1628181825573642e+00,1.3360151483638649e-01,-7.7715611723760958e-15,7.7715611723760958e-15,0.0000000000000000e+00,3.4550451841324336e-17,-2.8307265032686740e-01,1.3900370833485529e-01,-4.2207635866172266e-01,-2.8307265032686751e-01,1.1102230246251565e-16,5.5090325370002566e-18,-2.8307265032686746e-01,1.3900370833485531e-01,-4.2207635866172277e-01,-5.5511151231257827e-17,-1.9488695160470307e-01,2.8307265032686746e-01,1.9488695160470307e-01,0.0000000000000000e+00,1.4604328856259952e+00,1.0093730362827407e+00,-1.4604328856259949e+00,7.3458047738687149e-01,-2.1950133630128672e+00,-1.4604328856259952e+00,7.3458047738687149e-01,-2.1950133630128672e+00,-8.7043869260297562e-18,-1.8228993784941150e-17,7.1815977322205682e-02,2.1443463668577789e-01,4.4817779408336533e-01,-1.5206929552258330e-04,2.1948612937173437e+00,0.0000000000000000e+00,-4.5105984934325449e-01,4.6259292692714858e-17,8.3651332712676834e-17,3.7007434154171886e-16,2.1100848899270225e-01,-2.0165518791724523e-17
81,4.3157711376416650e+00,1.1986882995740713e+00,1.2914718178156992e-01,-1.1657341758564144e-14,1.1657341758564144e-14,0.0000000000000000e+00,3.6765582369671567e-17,-2.7769383036613182e-01,1.3609575497136031e-01,-4.1378958533749211e-01,-2.7769383036613188e-01,5.5511151231257827e-17,-1.9767481396403863e-17,-2.7769383036613188e-01,1.3609575497136031e-01,-4.1378958533749222e-01,0.0000000000000000e+00,-1.9117046269872484e-01,2.7769383036613188e-01,1.9117046269872476e-01,0.0000000000000000e+00,1.4966435909355302e+00,1.0343021498143246e+00,-1.4966435909355300e+00,7.5234463758468162e-01,-2.2489882285202123e+00,-1.4966435909355302e+00,7.5234463758468162e-01,-2.2489882285202123e+00,-9.6251061694140638e-18,-2.1813548154424887e-17,7.2038392620727143e-02,2.2346148516971873e-01,4.5668061042944963e-01,-1.6414936478614806e-04,2.2488240791554253e+00,0.0000000000000000e+00,-4.6234144112120568e-01,9.2518585385429716e-17,1.2702367137523689e-16,5.5511151231257827e-16,2.0709851458107723e-01,-2.0927423375297166e-17
82,4.4450703326417305e+00,1.2346006376587126e+00,1.2929919500006548e-01,-3.8857805861880479e-15,3.8857805861880479e-15,0.0000000000000000e+00,3.1031284779991752e-17,-2.7234283112560437e-01,1.3321763247726845e-01,-4.0556046360287279e-01,-2.7234283112560448e-01,1.1102230246251565e-16,1.0810927961113552e-17,-2.7234283112560448e-01,1.3321763247726845e-01,-4.0556046360287290e-01,0.0000000000000000e+00,-1.8747450058017323e-01,2.7234283112560448e-01,1.8747450058017323e-01,0.0000000000000000e+00,1.5322032397112328e+00,1.0587813942857200e+00,-1.5322032397112326e+00,7.6975563968460581e-01,-2.3019588793958392e+00,-1.5322032397112328e+00,7.6975563968460581e-01,-2.3019588793958392e+00,-1.0204143743993118e-17,-2.1813548154424887e-17,7.2192559121922906e-02,2.3249716920736488e-01,4.6489016666753130e-01,-1.7574468778669416e-04,2.3017831347080517e+00,0.0000000000000000e+00,-4.7342184542551280e-01,9.2518585385429716e-17,1.4824641846472647e-16,4.4408920985006262e-16,2.0319064685411956e-01,-1.8596667813789201e-17
83,4.5758108222399496e+00,1.2709132895959534e+00,1.3074048959821916e-01,-1.1657341758564144e-14,1.1657341758564144e-14,0.0000000000000000e+00,1.5526889621611329e-17,-2.6697290819506159e-01,1.3034054098429051e-01,-3.9731344917935207e-01,-2.6697290819506159e-01,0.0000000000000000e+00,-8.8899446577775226e-18,-2.6697290819506159e-01,1.3034054098429051e-01,-3.9731344917935207e-01,0.0000000000000000e+00,-1.8376665796105759e-01,2.6697290819506159e-01,1.8376665796105757e-01,0.0000000000000000e+00,1.5674584416146375e+00,1.0830495196990653e+00,-1.5674584416146373e+00,7.8698450200259407e-01,-2.3544429436172321e+00,-1.5674584416146375e+00,7.8698450200259407e-01,-2.3544429436172321e+00,-1.0078568595199040e-17,-2.1813548154424887e-17,7.2282770922443867e-02,2.4162306329280514e-01,4.7289143810995354e-01,-1.8722967739148721e-04,2.3542557139398399e+00,0.0000000000000000e+00,-4.8440892191557228e-01,9.2518585385429716e-17,1.3303065912321968e-16,3.7007434154171886e-16,1.9925077982704392e-01,-1.8452083379931344e-17
84,4.7081963476718389e+00,1.3076828437050914e+00,1.3238552543188931e-01,-7.7715611723760958e-15,7.7715611723760958e-15,0.0000000000000000e+00,1.5538104643461906e-17,-2.6158124467723126e-01,1.2746197221311381e-01,-3.8904321689034504e-01,-2.6158124467723137e-01,1.1102230246251565e-16,1.0143622217770503e-17,-2.6158124467723132e-01,1.2746197221311381e-01,-3.8904321689034516e-01,-5.5511151231257827e-17,-1.8004491048891891e-01,2.6158124467723132e-01,1.8004491048891891e-01,0.0000000000000000e+00,1.6024449012382405e+00,1.1071312125227901e+00,-1.6024449012382402e+00,8.0404916258624404e-01,-2.4064940638244847e+00,-1.6024449012382405e+00,8.0404916258624404e-01,-2.4064940638244847e+00,-9.9955842139481196e-18,-2.5487984615964455e-17,7.2310841188394384e-02,2.5084444608439793e-01,4.8069520438369467e-01,-1.9867092975700551e-04,2.4062953928947275e+00,0.0000000000000000e+00,-4.9531368871545034e-01,4.6259292692714858e-17,8.6202550438453301e-17,3.7007434154171886e-16,1.9527764575459067e-01,-2.0316012180384487e-17
85,4.8462777442685336e+00,1.3460344034172569e+00,1.3808139659669472e-01,-3.8857805861880479e-15,3.8857805861880479e-15,0.0000000000000000e+00,2.0147469217398106e-17,-2.5600773073991429e-01,1.2450060375141919e-01,-3.8050833449133348e-01,-2.5600773073991434e-01,5.5511151231257827e-17,4.3006089287174411e-18,-2.5600773073991434e-01,1.2450060375141919e-01,-3.8050833449133353e-01,0.0000000000000000e+00,-1.7619873637514416e-01,2.5600773073991434e-01,1.7619873637514416e-01,0.0000000000000000e+00,1.6381796055325664e+00,1.1317265226666349e+00,-1.6381796055325661e+00,8.2144483477588581e-01,-2.4596244403084522e+00,-1.6381796055325664e+00,8.2144483477588581e-01,-2.4596244403084522e+00,-8.9983444092118534e-18,-2.9320513260315660e-17,7.2276512850824842e-02,2.6043284925713517e-01,4.8852488202020122e-01,-2.1059064772455116e-04,2.4594138496607272e+00,0.0000000000000000e+00,-5.0645308286593149e-01,2.7755575615628914e-17,3.7367087251761353e-17,2.2204460492503131e-16,1.9115550226102146e-01,-2.3216033761841410e-17
86,4.9897695640276893e+00,1.3858886866830469e+00,1.4349181975915570e-01,-7.7715611723760958e-15,7.7715611723760958e-15,0.0000000000000000e+00,3.8835142786400364e-17,-2.5027646775648887e-01,1.2146598904968833e-01,-3.7174245680617723e-01,-2.5027646775648893e-01,5.5511151231257827e-17,1.8353150083129540e-18,-2.5027646775648893e-01,1.2146598904968833e-01,-3.7174245680617723e-01,0.0000000000000000e+00,-1.7224476870212202e-01,2.5027646775648893e-01,1.7224476870212196e-01,0.0000000000000000e+00,1.6745034260113436e+00,1.1567259189800327e+00,-1.6745034260113434e+00,8.3909193177638086e-01,-2.5135953577877244e+00,-1.6745034260113436e+00,8.3909193177638086e-01,-2.5135953577877244e+00,-8.5581169633977262e-18,-2.9320513260315660e-17,7.2176568868801860e-02,2.7035529678820991e-01,4.9633697320240400e-01,-2.2309291696509526e-04,2.5133722648707590e+00,0.0000000000000000e+00,-5.1777750703131087e-01,9.2518585385429716e-17,1.1624804705076600e-16,5.5511151231257827e-16,1.8690008185123530e-01,-2.4958501481664910e-17
87,5.1373282628114740e+00,1.4268725294521403e+00,1.4755869878378469e-01,-3.8857805861880479e-15,3.8857805861880479e-15,0.0000000000000000e+00,5.4408574327075434e-17,-2.4445100383953480e-01,1.1839172533616828e-01,-3.6284272917570309e-01,-2.4445100383953489e-01,8.3266726846886741e-17,2.8482388709553866e-17,-2.4445100383953494e-01,1.1839172533616826e-01,-3.6284272917570320e-01,2.7755575615628914e-17,-1.6822684269040847e-01,2.4445100383953494e-01,1.6822684269040847e-01,0.0000000000000000e+00,1.7110040969919942e+00,1.1818456929549828e+00,-1.7110040969919940e+00,8.5678847789039569e-01,-2.5677925748823895e+00,-1.7110040969919942e+00,8.5678847789039569e-01,-2.5677925748823895e+00,-6.3212965080373561e-18,-2.7272724949397087e-17,7.2010280465691190e-02,2.8050478457748323e-01,5.0403746768185387e-01,-2.3594516536740162e-04,2.5675566297170223e+00,0.0000000000000000e+00,-5.2915840403701142e-01,9.2518585385429716e-17,1.4372055751893362e-16,3.7007434154171886e-16,1.8255856978188334e-01,-2.4501045469087775e-17
88,5.2873300771821219e+00,1.4685349378761494e+00,1.5000181437064786e-01,3.8857805861880479e-15,0.0000000000000000e+00,0.0000000000000000e+00,2.1390361774681188e-17,-2.3860308229685323e-01,1.1531601065432846e-01,-3.5391909295118168e-01,-2.3860308229685329e-01,5.5511151231257827e-17,1.5956984012148246e-17,-2.3860308229685329e-01,1.1531601065432845e-01,-3.5391909295118174e-01,-2.7755575615628914e-17,-1.6419440474294988e-01,2.3860308229685329e-01,1.6419440474294994e-01,0.0000000000000000e+00,1.7472335916718009e+00,1.2067775880801617e+00,-1.7472335916718007e+00,8.7431677010591113e-01,-2.6215503617777118e+00,-1.7472335916718009e+00,8.7431677010591113e-01,-2.6215503617777118e+00,-2.9883032391629598e-18,-2.7272724949397087e-17,7.1780145219337732e-02,2.9075601012928715e-01,5.1153178236519570e-01,-2.4883239209061436e-04,2.6213015293856214e+00,0.0000000000000000e+00,-5.4045600359163926e-01,4.6259292692714858e-17,1.0551277192661768e-16,9.2518585385429718e-16,1.7818537733588533e-01,-2.6883710329881132e-17
89,5.4384073653481488e+00,1.5104960548771207e+00,1.5107728816602695e-01,-1.1657341758564144e-14,1.1657341758564144e-14,0.0000000000000000e+00,4.0865720323599888e-17,-2.3279117853283676e-01,1.1226998600939370e-01,-3.4506116454223046e-01,-2.3279117853283685e-01,8.3266726846886741e-17,-2.6630984455217967e-17,-2.3279117853283682e-01,1.1226998600939368e-01,-3.4506116454223051e-01,0.0000000000000000e+00,-1.6018771487322228e-01,2.3279117853283682e-01,1.6018771487322225e-01,0.0000000000000000e+00,1.7828420749633902e+00,1.2312809735607413e+00,-1.7828420749633900e+00,8.9150830770616996e-01,-2.6743503826695596e+00,-1.7828420749633902e+00,8.9150830770616996e-01,-2.6743503826695596e+00,-3.7946027595739314e-18,-2.9369343497145247e-17,7.1490963245553346e-02,3.0100340228251315e-01,5.1875246393438679e-01,-2.6147824371669515e-04,2.6740889044258433e+00,0.0000000000000000e+00,-5.5156110140264891e-01,9.2518585385429716e-17,1.2278335237413580e-16,5.5511151231257827e-16,1.7382582464739293e-01,-2.8657582797523110e-17
90,5.5903477299435851e+00,1.5526968879298879e+00,1.5194036459543625e-01,-1.1657341758564144e-14,1.1657341758564144e-14,0.0000000000000000e+00,3.6582713726633526e-17,-2.2702679923480512e-01,1.0926049113224257e-01,-3.3628729036704769e-01,-2.2702679923480518e-01,5.5511151231257827e-17,-3.3836395053613052e-17,-2.2702679923480518e-01,1.0926049113224257e-01,-3.3628729036704774e-01,2.7755575615628914e-17,-1.5621463712810404e-01,2.2702679923480518e-01,1.5621463712810404e-01,0.0000000000000000e+00,1.8177745305581661e+00,1.2553181179217088e+00,-1.8177745305581658e+00,9.0833801843912054e-01,-2.7261125489972859e+00,-1.8177745305581661e+00,9.0833801843912054e-01,-2.7261125489972859e+00,-8.3883206039251291e-18,-2.7260747357847819e-17,7.1146762904539959e-02,3.1122167809705503e-01,5.2569579049462378e-01,-2.7378694290169925e-04,2.7258387620543845e+00,0.0000000000000000e+00,-5.6245641263645729e-01,9.2518585385429716e-17,1.7316367769549437e-16,3.7007434154171886e-16,1.6949058643946696e-01,-3.3092844052976463e-17
91,5.7418349236203330e+00,1.5947718545591092e+00,1.5148719367674790e-01,-3.8857805861880479e-15,3.8857805861880479e-15,0.0000000000000000e+00,3.5077536076893079e-17,-2.2136291363546146e-01,1.0631396592044902e-01,-3.2767687955591046e-01,-2.2136291363546157e-01,1.1102230246251565e-16,9.9218350290911538e-18,-2.2136291363546157e-01,1.0631396592044903e-01,-3.2767687955591063e-01,0.0000000000000000e+00,-1.5231159738252489e-01,2.2136291363546157e-01,1.5231159738252492e-01,0.0000000000000000e+00,1.8517371801962859e+00,1.2786870046425434e+00,-1.8517371801962856e+00,9.2466640320277094e-01,-2.7764035833990559e+00,-1.8517371801962859e+00,9.2466640320277094e-01,-2.7764035833990559e+00,-1.0199695396989610e-17,-2.5158440228400620e-17,7.0754812027068500e-02,3.2131316442799096e-01,5.3231284175207372e-01,-2.8558499563779982e-04,2.7761179984034188e+00,0.0000000000000000e+00,-5.7305017555374249e-01,4.6259292692714858e-17,8.9101690304933455e-17,3.7007434154171886e-16,1.6522069980873683e-01,-3.5589293792991391e-17
92,5.8907572639714330e+00,1.6361344433597744e+00,1.4892234035109997e-01,-3.8857805861880479e-15,3.8857805861880479e-15,0.0000000000000000e+00,2.1450951265786842e-17,-2.1587813301856973e-01,1.0347004036781315e-01,-3.1934817338638288e-01,-2.1587813301856978e-01,5.5511151231257827e-17,3.3184920856500163e-18,-2.1587813301856978e-01,1.0347004036781315e-01,-3.1934817338638294e-01,0.0000000000000000e+00,-1.4853266840484028e-01,2.1587813301856978e-01,1.4853266840484031e-01,0.0000000000000000e+00,1.8842946601789272e+00,1.3010882207136747e+00,-1.8842946601789270e+00,9.4028716579510985e-01,-2.8245818259740361e+00,-1.8842946601789272e+00,9.4028716579510985e-01,-2.8245818259740361e+00,-9.2138051465189186e-18,-2.5158440228400620e-17,7.0326156014494809e-02,3.3113208157835655e-01,5.3853233331672745e-01,-2.9659488553102076e-04,2.8242852310885058e+00,0.0000000000000000e+00,-5.8320643946525252e-01,4.6259292692714858e-17,6.2621141469861881e-17,7.4014868308343773e-16,1.6107695291143354e-01,-3.8493600512561550e-17
93,6.0430000654700589e+00,1.6784192770617075e+00,1.5224280149862590e-01,-7.7715611723760958e-15,7.7715611723760958e-15,0.0000000000000000e+00,1.9552395973181616e-17,-2.1035413712284498e-01,1.0062083434806460e-01,-3.1097497147090958e-01,-2.1035413712284506e-01,8.3266726846886741e-17,-8.0246754658990458e-18,-2.1035413712284504e-01,1.0062083434806460e-01,-3.1097497147090963e-01,-2.7755575615628914e-17,-1.4472739057590592e-01,2.1035413712284504e-01,1.4472739057590589e-01,0.0000000000000000e+00,1.9167400576266513e+00,1.3234115871871153e+00,-1.9167400576266511e+00,9.5582284905863502e-01,-2.8725629066852854e+00,-1.9167400576266513e+00,9.5582284905863502e-01,-2.8725629066852854e+00,-9.5720464176066116e-18,-2.7271233522865767e-17,6.9847515057955833e-02,3.4105799464519826e-01,5.4460991192596164e-01,-3.0742742951928026e-04,2.8722554792557666e+00,0.0000000000000000e+00,-5.9332847043953607e-01,4.6259292692714858e-17,7.1252826790386343e-17,5.5511151231257827e-16,1.5689855747677509e-01,-3.9745267789114915e-17
94,6.2017714099822046e+00,1.7225173876668847e+00,1.5877134451214570e-01,-3.8857805861880479e-15,3.8857805861880479e-15,0.0000000000000000e+00,2.7338264947404251e-17,-2.0468597633272276e-01,9.7710450861928339e-02,-3.0239642719465110e-01,-2.0468597633272287e-01,1.1102230246251565e-16,-1.3445526171184606e-17,-2.0468597633272284e-01,9.7710450861928325e-02,-3.0239642719465115e-01,-2.7755575615628914e-17,-1.4082345309609900e-01,2.0468597633272284e-01,1.4082345309609900e-01,0.0000000000000000e+00,1.9496882960465582e+00,1.3460802328753061e+00,-1.9496882960465580e+00,9.7156751146444120e-01,-2.9212558075109984e+00,-1.9496882960465582e+00,9.7156751146444120e-01,-2.9212558075109984e+00,-1.1276472808039933e-17,-3.1678023581067695e-17,6.9308923724816993e-02,3.5128119526561596e-01,5.5065877698247234e-01,-3.1861549153588964e-04,2.9209371920194633e+00,0.0000000000000000e+00,-6.0360806317125215e-01,9.2518585385429716e-17,1.2317486804316276e-16,5.5511151231257827e-16,1.5260563396731225e-01,-3.7729913089291979e-17
95,6.3632432965906185e+00,1.7673655631179637e+00,1.6147188660841394e-01,-7.7715611723760958e-15,7.7715611723760958e-15,0.0000000000000000e+00,1.9580323131628927e-17,-1.9902287839708119e-01,9.4811400143111763e-02,-2.9383427854019295e-01,-1.9902287839708127e-01,8.3266726846886741e-17,3.3917421264614826e-18,-1.9902287839708127e-01,9.4811400143111735e-02,-2.9383427854019301e-01,0.0000000000000000e+00,-1.3692360470278100e-01,1.9902287839708127e-01,1.3692360470278098e-01,0.0000000000000000e+00,1.9822821112534301e+00,1.3685044035866667e+00,-1.9822821112534299e+00,9.8711094471200511e-01,-2.9693930559654342e+00,-1.9822821112534301e+00,9.8711094471200511e-01,-2.9693930559654342e+00,-1.2088174546667441e-17,-3.3918896160346741e-17,6.8724049199953480e-02,3.6153612900755350e-01,5.5652095942095259e-01,-3.2980708354557464e-04,2.9690632488818895e+00,0.0000000000000000e+00,-6.1377770766676343e-01,4.6259292692714858e-17,6.9696652029898080e-17,5.5511151231257827e-16,1.4830971060291004e-01,-3.6646282093955751e-17
96,6.5181417372025683e+00,1.8103879900405542e+00,1.5489844061194979e-01,-7.7715611723760958e-15,7.7715611723760958e-15,0.0000000000000000e+00,4.6889039744823191e-17,-1.9368935398637463e-01,9.2086045098332028e-02,-2.8577539908470667e-01,-1.9368935398637471e-01,8.3266726846886741e-17,-4.5281008095289837e-18,-1.9368935398637471e-01,9.2086045098332028e-02,-2.8577539908470673e-01,0.0000000000000000e+00,-1.3325122063921088e-01,1.9368935398637471e-01,1.3325122063921091e-01,0.0000000000000000e+00,2.0126973674561475e+00,1.3894292331557070e+00,-2.0126973674561475e+00,1.0015860061231336e+00,-3.0142833735792802e+00,-2.0126973674561475e+00,1.0015860061231336e+00,-3.0142833735792802e+00,-1.2176184640658943e-17,-3.3918896160346741e-17,6.8131516729742977e-02,3.7123208528314966e-01,5.6188250724528421e-01,-3.3989686495683458e-04,3.0139434767143243e+00,0.0000000000000000e+00,-6.2326813430044048e-01,9.2518585385429716e-17,1.1511502064658809e-16,5.5511151231257827e-16,1.4425693759791114e-01,-3.7109945415827649e-17
97,6.6716138022845231e+00,1.8530142468224966e+00,1.5347206508195477e-01,-7.7715611723760958e-15,7.7715611723760958e-15,0.0000000000000000e+00,4.6115083479573183e-17,-1.8849557616918741e-01,8.9445081367765425e-02,-2.7794065753695285e-01,-1.8849557616918752e-01,1.1102230246251565e-16,-1.7278869018133191e-17,-1.8849557616918750e-01,8.9445081367765425e-02,-2.7794065753695291e-01,0.0000000000000000e+00,-1.2967553337774454e-01,1.8849557616918750e-01,1.2967553337774451e-01,0.0000000000000000e+00,2.0420247226932360e+00,1.4096051891078456e+00,-2.0420247226932360e+00,1.0155159845508364e+00,-3.0575407072440712e+00,-2.0420247226932360e+00,1.0155159845508364e+00,-3.0575407072440712e+00,-1.3849564986974539e-17,-3.3918896160346741e-17,6.7517313504452753e-02,3.8069603134595148e-01,5.6695344919577217e-01,-3.4919050465997969e-04,3.0571915167394126e+00,0.0000000000000000e+00,-6.3241953358539038e-01,9.2518585385429716e-17,1.0642151114355201e-16,3.7007434154171886e-16,1.4030896242875124e-01,-3.7899090732770270e-17
98,6.8272209579304182e+00,1.8962335165321182e+00,1.5560715564589511e-01,-3.8857805861880479e-15,3.8857805861880479e-15,0.0000000000000000e+00,4.6412222280687602e-17,-1.8332299918283360e-01,8.6826516527946984e-02,-2.7014951571078061e-01,-1.8332299918283368e-01,8.3266726846886741e-17,-1.9597235774430105e-17,-1.8332299918283365e-01,8.6826516527946970e-02,-2.7014951571078061e-01,0.0000000000000000e+00,-1.2611487430861681e-01,1.8332299918283365e-01,1.2611487430861681e-01,0.0000000000000000e+00,2.0709535381566546e+00,1.4295065979986350e+00,-2.0709535381566546e+00,1.0292305455356907e+00,-3.1001840836923442e+00,-2.0709535381566546e+00,1.0292305455356907e+00,-3.1001840836923442e+00,-1.6718657876009908e-17,-3.3918896160346741e-17,6.6870030784753010e-02,3.9014100777714555e-01,5.7186130567604021e-01,-3.5820129775188114e-04,3.0998258823945934e+00,0.0000000000000000e+00,-6.4144694015801962e-01,9.2518585385429716e-17,1.6203963992949169e-16,2.2204460492503131e-16,1.3637595515610718e-01,-3.5739567164531877e-17
99,6.9921192319819729e+00,1.9420333574925379e+00,1.6489827405155477e-01,-7.7715611723760958e-15,7.7715611723760958e-15,0.0000000000000000e+00,4.6188537376904964e-17,-1.7794379684742068e-01,8.4117031303315409e-02,-2.6206082815073606e-01,-1.7794379684742079e-01,1.1102230246251565e-16,1.7869899142346129e-17,-1.7794379684742079e-01,8.4117031303315437e-02,-2.6206082815073622e-01,-2.7755575615628914e-17,-1.2241241195844821e-01,1.7794379684742079e-01,1.2241241195844822e-01,0.0000000000000000e+00,2.1007396737254167e+00,1.4499974582787130e+00,-2.1007396737254167e+00,1.0433246935345031e+00,-3.1440643672599187e+00,-2.1007396737254167e+00,1.0433246935345031e+00,-3.1440643672599187e+00,-1.6861075290678245e-17,-3.6207319417509054e-17,6.6160262292880995e-02,3.9997864571558284e-01,5.7681813497349055e-01,-3.6765055254872614e-04,3.1436967167073711e+00,0.0000000000000000e+00,-6.5074221544670374e-01,4.6259292692714858e-17,8.8408515941460821e-17,5.5511151231257827e-16,1.3228614304269551e-01,-3.6109025885965177e-17
100,7.1720950167799398e+00,1.9920209172040269e+00,1.7997578479796683e-01,-1.1657341758564144e-14,1.1657341758564144e-14,0.0000000000000000e+00,4.7150669403110783e-17,-1.7219448357048153e-01,8.1234580521388391e-02,-2.5342906409186994e-01,-1.7219448357048164e-01,1.1102230246251565e-16,-1.5345661914724950e-17,-1.7219448357048162e-01,8.1234580521388405e-02,-2.5342906409187005e-01,0.0000000000000000e+00,-1.1845564747611101e-01,1.7219448357048162e-01,1.1845564747611095e-01,0.0000000000000000e+00,2.1322478796284279e+00,1.4716726672934619e+00,-2.1322478796284279e+00,1.0582043365873830e+00,-3.1904522162158098e+00,-2.1322478796284279e+00,1.0582043365873830e+00,-3.1904522162158098e+00,-1.6633924502649562e-17,-3.8704985169480117e-17,6.5361211469756500e-02,4.1050815489275599e-01,5.8195682939374971e-01,-3.7814083112075458e-04,3.1900740753846901e+00,0.0000000000000000e+00,-6.6057521233496597e-01,9.2518585385429716e-17,1.1870714985388739e-16,5.5511151231257827e-16,1.2791525554906530e-01,-3.6974780385660811e-17
101,7.3579717674017164e+00,2.0436474467458421e+00,1.8587675062177667e-01,-3.8857805861880479e-15,3.8857805861880479e-15,0.0000000000000000e+00,2.7206898480121868e-17,-1.6639492992615934e-01,7.8333853350498930e-02,-2.4472878327665826e-01,-1.6639492992615942e-01,8.3266726846886741e-17,1.3807471969620549e-17,-1.6639492992615945e-01,7.8333853350498944e-02,-2.4472878327665840e-01,2.7755575615628914e-17,-1.1446470421681100e-01,1.6639492992615945e-01,1.1446470421681099e-01,0.0000000000000000e+00,2.1637158296162724e+00,1.4933199063566427e+00,-2.1637158296162724e+00,1.0730343675823391e+00,-3.2367501971986101e+00,-2.1637158296162724e+00,1.0730343675823391e+00,-3.2367501971986101e+00,-1.6776881377067110e-17,-3.6125427065945056e-17,6.4512924839791319e-02,4.2114874233921967e-01,5.8698371815572592e-01,-3.8898224760219868e-04,3.2363612149510095e+00,0.0000000000000000e+00,-6.7039592325962971e-01,9.2518585385429716e-17,1.3939330405979616e-16,5.5511151231257827e-16,1.2350389459875361e-01,-3.4314644959433166e-17
102,7.5403794127093215e+00,2.0943104460592310e+00,1.8240764530760512e-01,-3.8857805861880479e-15,3.8857805861880479e-15,0.0000000000000000e+00,2.1379684955752114e-17,-1.6083934788451612e-01,7.5562262814422951e-02,-2.3640161069893906e-01,-1.6083934788451620e-01,8.3266726846886741e-17,-3.4401885863557573e-18,-1.6083934788451620e-01,7.5562262814422965e-02,-2.3640161069893917e-01,0.0000000000000000e+00,-1.1064198710194044e-01,1.6083934788451620e-01,1.1064198710194043e-01,0.0000000000000000e+00,2.1935608466559624e+00,1.5138504971098623e+00,-2.1935608466559624e+00,1.0870702816681537e+00,-3.2806311283241145e+00,-2.1935608466559624e+00,1.0870702816681537e+00,-3.2806311283241145e+00,-1.5831345501978113e-17,-3.3594012469843030e-17,6.3661108094927393e-02,4.3135335439255340e-01,5.9165676786935451e-01,-3.9905131131834359e-04,3.2802320770127977e+00,0.0000000000000000e+00,-6.7971034954610010e-01,4.6259292692714858e-17,9.0294537106290646e-17,5.5511151231257827e-16,1.1927724049632916e-01,-3.3409829919986168e-17
103,7.7217198904877051e+00,2.1446770438281066e+00,1.8134047777838358e-01,0.0000000000000000e+00,-0.0000000000000000e+00,0.0000000000000000e+00,4.5180464862605820e-17,-1.5544555011084649e-01,7.2883079132015152e-02,-2.2832862924286162e-01,-1.5544555011084654e-01,5.5511151231257827e-17,1.6867816633760202e-17,-1.5544555011084657e-01,7.2883079132015166e-02,-2.2832862924286174e-01,0.0000000000000000e+00,-1.0693088856672960e-01,1.5544555011084657e-01,1.0693088856672962e-01,0.0000000000000000e+00,2.2222384739142456e+00,1.5335778817225489e+00,-2.2222384739142456e+00,1.1005298562844250e+00,-3.3227683301986688e+00,-2.2222384739142456e+00,1.1005298562844250e+00,-3.3227683301986692e+00,-1.4613859259204741e-17,-3.3594012469843030e-17,6.2798218867210681e-02,4.4125985981423987e-01,5.9606343170523024e-01,-4.0834589774418895e-04,3.3223599843009266e+00,0.0000000000000000e+00,-6.8866059219169662e-01,4.6259292692714858e-17,8.7036339812305572e-17,5.5511151231257827e-16,1.1517631346290508e-01,-3.1919765728954810e-17
104,7.9107564535123540e+00,2.1971811987201488e+00,1.8903656302464888e-01,-1.1657341758564144e-14,1.1657341758564144e-14,0.0000000000000000e+00,6.6228705143853191e-17,-1.4995794099749676e-01,7.0171362263857687e-02,-2.2012930326135444e-01,-1.4995794099749687e-01,1.1102230246251565e-16,-3.2673679711291366e-17,-1.4995794099749685e-01,7.0171362263857673e-02,-2.2012930326135452e-01,0.0000000000000000e+00,-1.0315551495769701e-01,1.4995794099749685e-01,1.0315551495769698e-01,0.0000000000000000e+00,2.2511046870616704e+00,1.5534348875527826e+00,-2.2511046870616704e+00,1.1140511162478683e+00,-3.3651558033095372e+00,-2.2511046870616704e+00,1.1140511162478683e+00,-3.3651558033095377e+00,-1.6107802275112087e-17,-3.3594012469843030e-17,6.1884433353312882e-02,4.5132879711462837e-01,6.0042027308106893e-01,-4.1761269885820518e-04,3.3647381906106806e+00,0.0000000000000000e+00,-6.9766979950888786e-01,9.2518585385429716e-17,1.5653149439306615e-16,9.2518585385429718e-16,1.1100876131003884e-01,-3.1185046363757021e-17
105,8.1082634236060969e+00,2.2520379755475379e+00,1.9750697009374285e-01,0.0000000000000000e+00,-0.0000000000000000e+00,0.0000000000000000e+00,3.4717457376334284e-17,-1.4437342808216416e-01,6.7422653641082561e-02,-2.1179608172324671e-01,-1.4437342808216425e-01,8.3266726846886741e-17,-2.7653314260925503e-18,-1.4437342808216422e-01,6.7422653641082547e-02,-2.1179608172324677e-01,-2.7755575615628914e-17,-9.9313700181399248e-02,1.4437342808216422e-01,9.9313700181399261e-02,0.0000000000000000e+00,2.2801709355169040e+00,1.5734294281624732e+00,-2.2801709355169040e+00,1.1276390048400760e+00,-3.4078099403569784e+00,-2.2801709355169040e+00,1.1276390048400760e+00,-3.4078099403569788e+00,-1.9607528131543639e-17,-3.6334972291368349e-17,6.0916831971359352e-02,4.6156288939320256e-01,6.0473221207042105e-01,-4.2707140509290475e-04,3.4073828689518870e+00,0.0000000000000000e+00,-7.0674150735443075e-01,9.2518585385429716e-17,1.3431136888747396e-16,5.5511151231257827e-16,1.0677153182788948e-01,-3.0993463355047202e-17
106,8.3053404085272469e+00,2.3067753257003099e+00,1.9707698492115000e-01,-7.7715611723760958e-15,7.7715611723760958e-15,0.0000000000000000e+00,4.2891846132592056e-17,-1.3895369534334845e-01,6.4762455616556011e-02,-2.0371615095990447e-01,-1.3895369534334853e-01,8.3266726846886741e-17,-4.5042876073488293e-17,-1.3895369534334848e-01,6.4762455616556025e-02,-2.0371615095990450e-01,0.0000000000000000e+00,-9.5585413682133122e-02,1.3895369534334848e-01,9.5585413682133108e-02,0.0000000000000000e+00,2.3080895631324454e+00,1.5926344930244876e+00,-2.3080895631324454e+00,1.1406643262320602e+00,-3.4487538893645038e+00,-2.3080895631324454e+00,1.1406643262320602e+00,-3.4487538893645042e+00,-2.4318476825794690e-17,-3.9069964869907918e-17,5.9940657653614171e-02,4.7147930490931167e-01,6.0880830425375254e-01,-4.3605941538160664e-04,3.4483178299491239e+00,0.0000000000000000e+00,-7.1545507010795784e-01,1.3877787807814457e-16,2.1349553160936315e-16,7.4014868308343773e-16,1.0266239975213391e-01,-3.1918936522955706e-17
107,8.4916194626781056e+00,2.3585135934501551e+00,1.8627905415085877e-01,-7.7715611723760958e-15,7.7715611723760958e-15,0.0000000000000000e+00,5.0760560167864315e-17,-1.3396990698734315e-01,6.2322291565618491e-02,-1.9629219855296165e-01,-1.3396990698734321e-01,5.5511151231257827e-17,-6.0817699976904694e-17,-1.3396990698734315e-01,6.2322291565618498e-02,-1.9629219855296165e-01,0.0000000000000000e+00,-9.2157130077316698e-02,1.3396990698734315e-01,9.2157130077316698e-02,0.0000000000000000e+00,2.3335095383812487e+00,1.6101207447621808e+00,-2.3335095383812487e+00,1.1525009394831085e+00,-3.4860104778643550e+00,-2.3335095383812487e+00,1.1525009394831085e+00,-3.4860104778643555e+00,-3.4178280815060822e-17,-3.9069964869907918e-17,5.9010059755888702e-02,4.8057811276631746e-01,6.1246900985852037e-01,-4.4375710238186983e-04,3.4855667207619754e+00,0.0000000000000000e+00,-7.2338879361906794e-01,4.6259292692714858e-17,9.8565950552680160e-17,9.2518585385429718e-16,9.8886991170933719e-02,-3.2161292162162093e-17
108,8.6798721863835802e+00,2.4108000400831924e+00,1.8825272370547452e-01,-3.8857805861880479e-15,3.8857805861880479e-15,0.0000000000000000e+00,5.0762260115325422e-17,-1.2906430833712654e-01,5.9933093967878770e-02,-1.8899740230500531e-01,-1.2906430833712659e-01,5.5511151231257827e-17,5.2105404417020537e-17,-1.2906430833712668e-01,5.9933093967878770e-02,-1.8899740230500545e-01,2.7755575615628914e-17,-8.8782729737833924e-02,1.2906430833712668e-01,8.8782729737833924e-02,0.0000000000000000e+00,2.3582679921125305e+00,1.6271519554807252e+00,-2.3582679921125305e+00,1.1640083941402803e+00,-3.5222763862528086e+00,-2.3582679921125305e+00,1.1640083941402803e+00,-3.5222763862528090e+00,-3.4998337499498475e-17,-3.6457433516080220e-17,5.8063359564958020e-02,4.8950019229979491e-01,6.1599398811588313e-01,-4.5085415964418729e-04,3.5218255320931666e+00,0.0000000000000000e+00,-7.3111603663180524e-01,9.2518585385429716e-17,1.3581652706099086e-16,3.7007434154171886e-16,9.5178011052098929e-02,-2.9611910523967308e-17
109,8.8669562752786462e+00,2.4627619030371983e+00,1.8708408889506600e-01,-3.8857805861880479e-15,3.8857805861880479e-15,0.0000000000000000e+00,4.9851821873890477e-17,-1.2432158402566798e-01,5.7630432527189739e-02,-1.8195201655285773e-01,-1.2432158402566806e-01,8.3266726846886741e-17,-3.2991522503210976e-17,-1.2432158402566802e-01,5.7630432527189732e-02,-1.8195201655285775e-01,-1.3877787807814457e-17,-8.5520414322547006e-02,1.2432158402566802e-01,8.5520414322547020e-02,0.0000000000000000e+00,2.3819702265183089e+00,1.6434566279297662e+00,-2.3819702265183089e+00,1.1750055267610908e+00,-3.5569757532793975e+00,-2.3819702265183089e+00,1.1750055267610908e+00,-3.5569757532793980e+00,-3.3210385907952006e-17,-3.5159276872128209e-17,5.7117621467465983e-02,4.9809322975787146e-01,6.1933722330582375e-01,-4.5745222992965573e-04,3.5565183010494703e+00,0.0000000000000000e+00,-7.3851359858854271e-01,5.5511151231257827e-17,1.4591855775151119e-16,7.4014868308343773e-16,9.1597104409115684e-02,-2.9658115051939432e-17
110,9.0495470021829583e+00,2.5134757525372260e+00,1.8259072690431211e-01,-3.8857805861880479e-15,3.8857805861880479e-15,0.0000000000000000e+00,3.1563837444283649e-17,-1.1981858730350098e-01,5.5450681996677312e-02,-1.7526926930017828e-01,-1.1981858730350105e-01,6.9388939039072284e-17,-2.5295514375333771e-17,-1.1981858730350103e-01,5.5450681996677305e-02,-1.7526926930017833e-01,1.3877787807814457e-17,-8.2423017778076854e-02,1.1981858730350103e-01,8.2423017778076854e-02,0.0000000000000000e+00,2.4042590921930769e+00,1.6587890846027951e+00,-2.4042590921930769e+00,1.1853293082111223e+00,-3.5895884004041969e+00,-2.4042590921930769e+00,1.1853293082111223e+00,-3.5895884004041974e+00,-3.8531722124327974e-17,-3.5159276872128209e-17,5.6190870122233519e-02,5.0621579952693163e-01,6.2245920685702660e-01,-4.6343170493035046e-04,3.5891249686992688e+00,0.0000000000000000e+00,-7.4547000759028181e-01,4.6259292692714858e-17,1.2062947687412801e-16,7.4014868308343773e-16,8.8202135749224794e-02,-3.3582592402096929e-17
111,9.2467083831017387e+00,2.5682365433432821e+00,1.9716138091878044e-01,-3.8857805861880479e-15,3.8857805861880479e-15,0.0000000000000000e+00,4.7371254689469085e-17,-1.1509018515832585e-01,5.3174236554443727e-02,-1.6826442171276956e-01,-1.1509018515832593e-01,8.3266726846886741e-17,-2.2583255840532830e-17,-1.1509018515832592e-01,5.3174236554443741e-02,-1.6826442171276967e-01,1.3877787807814457e-17,-7.9170589433563754e-02,1.1509018515832592e-01,7.9170589433563768e-02,0.0000000000000000e+00,2.4274165611773317e+00,1.6747190939755421e+00,-2.4274165611773317e+00,1.1960376276829867e+00,-3.6234541888603160e+00,-2.4274165611773317e+00,1.1960376276829867e+00,-3.6234541888603164e+00,-4.3251644350554593e-17,-3.2423113063841696e-17,5.5187172903462249e-02,5.1469304153187301e-01,6.2568786649036978e-01,-4.6954675728172468e-04,3.6229846421030367e+00,0.0000000000000000e+00,-7.5269746720178965e-01,4.6259292692714858e-17,1.1902220255922145e-16,7.4014868308343773e-16,8.4645716307466354e-02,-3.0268154238886121e-17
112,9.4632621144579705e+00,2.6283834824943852e+00,2.1655373135623179e-01,-7.7715611723760958e-15,7.7715611723760958e-15,0.0000000000000000e+00,3.0360833260801579e-17,-1.1005843099196645e-01,5.0760622977200714e-02,-1.6081905396916718e-01,-1.1005843099196652e-01,6.9388939039072284e-17,1.7511506335333485e-17,-1.1005843099196655e-01,5.0760622977200714e-02,-1.6081905396916726e-01,1.3877787807814457e-17,-7.5709472421110008e-02,1.1005843099196655e-01,7.5709472421109980e-02,0.0000000000000000e+00,2.4517949476458507e+00,1.6914890216291989e+00,-2.4517949476458507e+00,1.2072913685077684e+00,-3.6590863161536165e+00,-2.4517949476458507e+00,1.2072913685077684e+00,-3.6590863161536169e+00,-4.3800797490482112e-17,-2.9417826331089455e-17,5.4082171363323529e-02,5.2365290979132428e-01,6.2907995924373461e-01,-4.7632810938602610e-04,3.6586099880442333e+00,0.0000000000000000e+00,-7.6030592601665181e-01,5.5511151231257827e-17,1.2291399616251052e-16,9.2518585385429718e-16,8.0868610159384069e-02,-2.9197208134538958e-17
113,9.6900614538376022e+00,2.6913760985982251e+00,2.2679933937963170e-01,-7.7715611723760958e-15,7.7715611723760958e-15,0.0000000000000000e+00,4.6361505217134966e-17,-1.0496911646668679e-01,4.8325883337077352e-02,-1.5329499980376415e-01,-1.0496911646668686e-01,6.9388939039072284e-17,-1.0418363453337659e-17,-1.0496911646668684e-01,4.8325883337077352e-02,-1.5329499980376421e-01,0.0000000000000000e+00,-7.2208694555259065e-02,1.0496911646668684e-01,7.2208694555259065e-02,0.0000000000000000e+00,2.4761790005018733e+00,1.7082628929054422e+00,-2.4761790005018733e+00,1.2185277455945254e+00,-3.6947067460963958e+00,-2.4761790005018733e+00,1.2185277455945254e+00,-3.6947067460963963e+00,-4.2996437430601117e-17,-2.7844089777657942e-17,5.2923095011648838e-02,5.3264345350621012e-01,6.3247786355792146e-01,-4.8333351874485508e-04,3.6942234125776539e+00,0.0000000000000000e+00,-7.6791610759643114e-01,9.2518585385429716e-17,1.3149361602859858e-16,7.4014868308343773e-16,7.7055235324426319e-02,-3.0911691254932640e-17
114,9.9172871806600771e+00,2.7544871421215276e+00,2.2722572682247488e-01,-7.7715611723760958e-15,7.7715611723760958e-15,0.0000000000000000e+00,4.9430650919070123e-17,-1.0005172629786720e-01,4.5979951225130482e-02,-1.4603167752299767e-01,-1.0005172629786729e-01,9.7144514654701197e-17,5.9524560443863247e-18,-1.0005172629786729e-01,4.5979951225130482e-02,-1.4603167752299778e-01,0.0000000000000000e+00,-6.8826087348899348e-02,1.0005172629786729e-01,6.8826087348899348e-02,0.0000000000000000e+00,2.4994720055073394e+00,1.7242862583181531e+00,-2.4994720055073394e+00,1.2292421014955242e+00,-3.7287141070028609e+00,-2.4994720055073394e+00,1.2292421014955242e+00,-3.7287141070028613e+00,-4.3503821959061536e-17,-2.7844089777657942e-17,5.1761011312105851e-02,5.4124933934436881e-01,6.3574182948908542e-01,-4.8992134996406200e-04,3.7282241856528993e+00,0.0000000000000000e+00,-7.7518574718918631e-01,1.3877787807814457e-16,2.0153342800877073e-16,7.4014868308343773e-16,7.3377973474827482e-02,-3.1858807107633510e-17
115,1.0133124430892314e+01,2.8144350814849206e+00,2.1583725023223721e-01,-7.7715611723760958e-15,7.7715611723760958e-15,0.0000000000000000e+00,4.8085693493839387e-17,-9.5545907837211952e-02,4.3835809193354558e-02,-1.3938171703056651e-01,-9.5545907837212049e-02,9.7144514654701197e-17,-1.6672272595774409e-17,-9.5545907837212007e-02,4.3835809193354558e-02,-1.3938171703056657e-01,-2.7755575615628914e-17,-6.5726494674287497e-02,9.5545907837212007e-02,6.5726494674287511e-02,0.0000000000000000e+00,2.5205806332591627e+00,1.7388069879759191e+00,-2.5205806332591627e+00,1.2389348948736458e+00,-3.7595155281328059e+00,-2.5205806332591627e+00,1.2389348948736458e+00,-3.7595155281328063e+00,-4.4660689822784352e-17,-3.0839433337403082e-17,5.0657220479880610e-02,5.4905426032628557e-01,6.3872789646296524e-01,-4.9551760451427285e-04,3.7590200105282943e+00,0.0000000000000000e+00,-7.8177364528324356e-01,5.5511151231257827e-17,1.2212803715035679e-16,1.2952601953960161e-15,7.0015032021751591e-02,-2.9799501935410027e-17
116,1.0349631114670563e+01,2.8745689533580214e+00,2.1650668377824900e-01,-1.1657341758564144e-14,1.1657341758564144e-14,0.0000000000000000e+00,4.2139399589898588e-17,-9.1181886674009283e-02,4.1767947812149285e-02,-1.3294983448615857e-01,-9.1181886674009352e-02,6.9388939039072284e-17,-4.3012205190751342e-18,-9.1181886674009338e-02,4.1767947812149285e-02,-1.3294983448615863e-01,-1.3877787807814457e-17,-6.2724348836525640e-02,9.1181886674009338e-02,6.2724348836525626e-02,0.0000000000000000e+00,2.5407945410385882e+00,1.7527122210544417e+00,-2.5407945410385882e+00,1.2482017876477562e+00,-3.7889963286863417e+00,-2.5407945410385882e+00,1.2482017876477562e+00,-3.7889963286863422e+00,-4.6931140543555360e-17,-3.5346384062075268e-17,4.9550757782427492e-02,5.5652489516970316e-01,6.4162559492958127e-01,-5.0053976604447215e-04,3.7884957889202999e+00,0.0000000000000000e+00,-7.8808231998414646e-01,1.3877787807814457e-16,2.1795933556870606e-16,9.2518585385429718e-16,6.6766107243525247e-02,-2.7969900144501421e-17
117,1.0572988705655622e+01,2.9366056375092442e+00,2.2335759098505825e-01,0.0000000000000000e+00,-0.0000000000000000e+00,0.0000000000000000e+00,5.0383652567146633e-17,-8.6840940406366432e-02,3.9718388068873636e-02,-1.2655932847524007e-01,-8.6840940406366501e-02,6.9388939039072284e-17,1.1761578833089251e-17,-8.6840940406366501e-02,3.9718388068873643e-02,-1.2655932847524015e-01,-1.3877787807814457e-17,-5.9737964132504727e-02,8.6840940406366501e-02,5.9737964132504741e-02,0.0000000000000000e+00,2.5606759159370993e+00,1.7663886646600522e+00,-2.5606759159370993e+00,1.2573020834880486e+00,-3.8179779994251453e+00,-2.5606759159370993e+00,1.2573020834880486e+00,-3.8179779994251457e+00,-4.6097976713103587e-17,-3.8446093315030517e-17,4.8410752623807091e-02,5.6385988851596380e-01,6.4452607454397803e-01,-5.0536780429966122e-04,3.8174726316208485e+00,0.0000000000000000e+00,-7.9428725127704713e-01,1.8503717077085943e-16,2.1314442865328305e-16,5.5511151231257827e-16,6.3541951568353516e-02,-2.8304071758826075e-17
118,1.0793968923796996e+01,2.9979820157914663e+00,2.2098021814137425e-01,-3.8857805861880479e-15,3.8857805861880479e-15,0.0000000000000000e+00,4.7186076394563950e-17,-8.2705340262307470e-02,3.7770530468724917e-02,-1.2047587073103239e-01,-8.2705340262307539e-02,6.9388939039072284e-17,-2.1621819931570649e-17,-8.2705340262307525e-02,3.7770530468724930e-02,-1.2047587073103246e-01,1.3877787807814457e-17,-5.6892726288901033e-02,8.2705340262307525e-02,5.6892726288901047e-02,0.0000000000000000e+00,2.5794091029807102e+00,1.7792752023657028e+00,-2.5794091029807102e+00,1.2658638425490374e+00,-3.8452729455297452e+00,-2.5794091029807102e+00,1.2658638425490374e+00,-3.8452729455297456e+00,-4.7187435827538067e-17,-3.8446093315030517e-17,4.7285007181418037e-02,5.7074993282250785e-01,6.4731912190597807e-01,-5.0978063913342808e-04,3.8447631648906144e+00,0.0000000000000000e+00,-8.0013390061500744e-01,2.3129646346357430e-16,3.3549948679339552e-16,2.0354088784794539e-15,6.0476467509368304e-02,-2.6985841982307737e-17
119,1.1013030465402629e+01,3.0588254892831634e+00,2.1906154160563318e-01,-7.7715611723760958e-15,7.7715611723760958e-15,0.0000000000000000e+00,5.0403603182848299e-17,-7.8757528968877347e-02,3.5916685527321149e-02,-1.1467421449619850e-01,-7.8757528968877416e-02,6.9388939039072284e-17,2.1975021426491479e-17,-7.8757528968877444e-02,3.5916685527321156e-02,-1.1467421449619861e-01,0.0000000000000000e+00,-5.4176568342973186e-02,7.8757528968877444e-02,5.4176568342973186e-02,0.0000000000000000e+00,2.5970942555036363e+00,1.7914407078192571e+00,-2.5970942555036363e+00,1.2739348601153979e+00,-3.8710291156190317e+00,-2.5970942555036363e+00,1.2739348601153979e+00,-3.8710291156190322e+00,-4.7148749395550680e-17,-3.6926048519402670e-17,4.6171758235946603e-02,5.7722556540215064e-01,6.5002379792542064e-01,-5.1373855188008299e-04,3.8705153770671541e+00,0.0000000000000000e+00,-8.0565354768437913e-01,9.2518585385429716e-17,1.5937652287682529e-16,1.1102230246251565e-15,5.7556522517978409e-02,-2.7548082736452930e-17
120,1.1243505434066385e+01,3.1228389968281696e+00,2.3047496866375639e-01,-1.5543122344752192e-14,1.5543122344752192e-14,0.0000000000000000e+00,5.7054043517770119e-17,-7.4762619819976450e-02,3.4047574158002983e-02,-1.0881019397797943e-01,-7.4762619819976492e-02,4.1633363423443370e-17,3.7523606113516452e-17,-7.4762619819976533e-02,3.4047574158002997e-02,-1.0881019397797953e-01,0.0000000000000000e+00,-5.1427887951484889e-02,7.4762619819976533e-02,5.1427887951484882e-02,0.0000000000000000e+00,2.6147855312443196e+00,1.8036102996968661e+00,-2.6147855312443196e+00,1.2819973653946770e+00,-3.8967828966389937e+00,-2.6147855312443196e+00,1.2819973653946770e+00,-3.8967828966389941e+00,-4.0292277236640759e-17,-3.6926048519402670e-17,4.5004124846583032e-02,5.8366433254233996e-01,6.5281129091349110e-01,-5.1761709226294528e-04,3.8962652795467339e+00,0.0000000000000000e+00,-8.1117523154745341e-01,1.8503717077085943e-16,2.6020595142312463e-16,9.2518585385429718e-16,5.4608783496568433e-02,-2.7138905787459006e-17
121,1.1492230934053337e+01,3.1919215169923389e+00,2.4872549998695170e-01,-7.7715611723760958e-15,7.7715611723760958e-15,0.0000000000000000e+00,4.2665835224782842e-17,-7.0630184787783837e-02,3.2120181870531360e-02,-1.0275036665831519e-01,-7.0630184787783906e-02,6.9388939039072284e-17,3.4870895800163405e-18,-7.0630184787783906e-02,3.2120181870531360e-02,-1.0275036665831527e-01,0.0000000000000000e+00,-4.8584449694936936e-02,7.0630184787783906e-02,4.8584449694936929e-02,0.0000000000000000e+00,2.6328669802546050e+00,1.8160481090398513e+00,-2.6328669802546045e+00,1.2902261694952830e+00,-3.9230931497498847e+00,-2.6328669802546050e+00,1.2902261694952830e+00,-3.9230931497498851e+00,-3.5192074341047421e-17,-3.6926048519402670e-17,4.3749039587453284e-02,5.9019143905705007e-01,6.5576402572516779e-01,-5.2166512561191425e-04,3.9225714846242754e+00,0.0000000000000000e+00,-8.1681887121475372e-01,9.2518585385429716e-17,1.7059584221736345e-16,1.4802973661668755e-15,5.1566459527491074e-02,-2.7340771085620826e-17
122,1.1741105634463068e+01,3.2610454769815993e+00,2.4887470040973092e-01,-1.5543122344752192e-14,1.5543122344752192e-14,0.0000000000000000e+00,4.5651596943639886e-17,-6.6677582285211784e-02,3.0280267242435450e-02,-9.6957849527647230e-02,-6.6677582285211853e-02,6.9388939039072284e-17,4.7528686132267374e-17,-6.6677582285211895e-02,3.0280267242435453e-02,-9.6957849527647355e-02,0.0000000000000000e+00,-4.5864614141110219e-02,6.6677582285211895e-02,4.5864614141110226e-02,0.0000000000000000e+00,2.6499531949517157e+00,1.8278011002729391e+00,-2.6499531949517148e+00,1.2979911160344941e+00,-3.9479443109862062e+00,-2.6499531949517157e+00,1.2979911160344941e+00,-3.9479443109862067e+00,-2.8843806392765103e-17,-3.6926048519402670e-17,4.2499358317754692e-02,5.9629493739690920e-01,6.5867136088230904e-01,-5.2545943752124735e-04,3.9474188515486874e+00,0.0000000000000000e+00,-8.2215209467877659e-01,2.3129646346357430e-16,3.2102749297579083e-16,5.5511151231257827e-16,4.8661993031605552e-02,-2.9156365181382625e-17
123,1.1977104369711128e+01,3.3265931887656657e+00,2.3599873524806014e-01,-1.1657341758564144e-14,1.1657341758564144e-14,0.0000000000000000e+00,1.9907716793763875e-17,-6.3092746136470784e-02,2.8615111075055034e-02,-9.1707857211525814e-02,-6.3092746136470840e-02,5.5511151231257827e-17,-9.6070406388153212e-18,-6.3092746136470826e-02,2.8615111075055037e-02,-9.1707857211525856e-02,0.0000000000000000e+00,-4.3397729781327901e-02,6.3092746136470826e-02,4.3397729781327901e-02,0.0000000000000000e+00,2.6652660116418367e+00,1.8383340004084254e+00,-2.6652660116418359e+00,1.3049407334319361e+00,-3.9702067450737695e+00,-2.6652660116418367e+00,1.3049407334319361e+00,-3.9702067450737699e+00,-2.4369076205275111e-17,-3.6926048519402670e-17,4.1320938685361117e-02,6.0169812535288880e-01,6.6139305304464124e-01,-5.2861634904499688e-04,3.9696781287247269e+00,0.0000000000000000e+00,-8.2693201123341131e-01,9.2518585385429716e-17,2.2869127137019375e-16,1.8503717077085944e-15,4.6032608286953478e-02,-2.9955706207365902e-17
124,1.2205046797870747e+01,3.3899032932400064e+00,2.2794242815961852e-01,-7.7715611723760958e-15,7.7715611723760958e-15,0.0000000000000000e+00,5.6364369450156992e-17,-5.9776003774146720e-02,2.7078767938844731e-02,-8.6854771712991455e-02,-5.9776003774146783e-02,6.2450045135165055e-17,1.2564139031891702e-17,-5.9776003774146796e-02,2.7078767938844735e-02,-8.6854771712991524e-02,0.0000000000000000e+00,-4.1115242070357348e-02,5.9776003774146796e-02,4.1115242070357355e-02,0.0000000000000000e+00,2.6792695122416181e+00,1.8479660464158547e+00,-2.6792695122416172e+00,1.3112882324399642e+00,-3.9905577446815790e+00,-2.6792695122416181e+00,1.3112882324399642e+00,-3.9905577446815794e+00,-2.4032052111262744e-17,-3.6926048519402670e-17,4.0189704451566485e-02,6.0657166237233107e-01,6.6399561574358690e-01,-5.3124987247987754e-04,3.9900264948091015e+00,0.0000000000000000e+00,-8.3130346582576342e-01,2.7755575615628914e-16,3.4344214866978110e-16,2.2204460492503131e-15,4.3604528390894376e-02,-3.3131105539512167e-17
125,1.2439168644341924e+01,3.4549297066176705e+00,2.3412184647117762e-01,-1.9428902930940239e-14,1.9428902930940239e-14,0.0000000000000000e+00,5.1799653036645335e-17,-5.6513833766192303e-02,2.5572248727964448e-02,-8.2086082494156748e-02,-5.6513833766192359e-02,5.5511151231257827e-17,1.0044801861109778e-17,-5.6513833766192359e-02,2.5572248727964451e-02,-8.2086082494156803e-02,-6.9388939039072284e-18,-3.8870229462324393e-02,5.6513833766192359e-02,3.8870229462324393e-02,0.0000000000000000e+00,2.6928825079870067e+00,1.8573292195589044e+00,-2.6928825079870058e+00,1.3174516090602733e+00,-4.0103341170472770e+00,-2.6928825079870067e+00,1.3174516090602733e+00,-4.0103341170472770e+00,-2.1385428616949134e-17,-3.7738321846027849e-17,3.9035798144178846e-02,6.1123502919408013e-01,6.6664709570608671e-01,-5.3368601592773679e-04,4.0098004310313513e+00,0.0000000000000000e+00,-8.3555328842810228e-01,1.1102230246251565e-16,1.7916147020621911e-16,1.4802973661668755e-15,4.1220948173382635e-02,-3.3181868570053204e-17
126,1.2681121981620079e+01,3.5221312854754192e+00,2.4195333727815438e-01,-1.9428902930940239e-14,1.9428902930940239e-14,0.0000000000000000e+00,5.6071288257734790e-17,-5.3292565302417980e-02,2.4088084741321254e-02,-7.7380650043739230e-02,-5.3292565302418021e-02,4.1633363423443370e-17,-1.8133415027540746e-17,-5.3292565302418007e-02,2.4088084741321250e-02,-7.7380650043739257e-02,6.9388939039072284e-18,-3.6653289266569508e-02,5.3292565302418007e-02,3.6653289266569508e-02,0.0000000000000000e+00,2.7061665203415801e+00,1.8664658032586270e+00,-2.7061665203415792e+00,1.3234593507668930e+00,-4.0296258711084700e+00,-2.7061665203415801e+00,1.3234593507668930e+00,-4.0296258711084700e+00,-2.2363962091734132e-17,-3.7738321846027849e-17,3.7852771285173642e-02,6.1570199900089739e-01,6.6936855480713209e-01,-5.3602567368993270e-04,4.0290898454347825e+00,0.0000000000000000e+00,-8.3970071708295313e-01,1.3877787807814457e-16,2.1795933556870606e-16,1.4802973661668755e-15,3.8871088431886788e-02,-3.4493492362183782e-17
127,1.2935912787031338e+01,3.5928984201415135e+00,2.5479080541125931e-01,-3.8857805861880479e-14,3.8857805861880479e-14,0.0000000000000000e+00,4.3862254749635055e-17,-5.0059941281082855e-02,2.2602261260754177e-02,-7.2662202541837029e-02,-5.0059941281082904e-02,4.8572257327350599e-17,1.7358091709589490e-17,-5.0059941281082918e-02,2.2602261260754181e-02,-7.2662202541837098e-02,-6.9388939039072284e-18,-3.4428465217474301e-02,5.0059941281082918e-02,3.4428465217474294e-02,0.0000000000000000e+00,2.7193331545384214e+00,1.8755212919961444e+00,-2.7193331545384205e+00,1.3294074861982925e+00,-4.0487406407367112e+00,-2.7193331545384214e+00,1.3294074861982925e+00,-4.0487406407367112e+00,-2.2462734718051597e-17,-3.7738321846027849e-17,3.6618503699214572e-02,6.2003313982833619e-01,6.7221750843560091e-01,-5.3833423514082490e-04,4.0482023065015724e+00,0.0000000000000000e+00,-8.4381186254227702e-01,1.8503717077085943e-16,3.6495034630094477e-16,2.2204460492503131e-15,3.6516686268826849e-02,-3.5480045399809760e-17
128,1.3204508088531126e+01,3.6674996987914050e+00,2.6859530149978816e-01,-2.3314683517128287e-14,2.3314683517128287e-14,0.0000000000000000e+00,3.4861865125627398e-17,-4.6823565206786835e-02,2.1118021257448719e-02,-6.7941586464235551e-02,-4.6823565206786884e-02,4.8572257327350599e-17,5.3913447102943789e-18,-4.6823565206786891e-02,2.1118021257448719e-02,-6.7941586464235607e-02,0.0000000000000000e+00,-3.2200998048682435e-02,4.6823565206786891e-02,3.2200998048682421e-02,0.0000000000000000e+00,2.7323443818561546e+00,1.8844694723835156e+00,-2.7323443818561537e+00,1.3352790174306088e+00,-4.0676233992867603e+00,-2.7323443818561546e+00,1.3352790174306088e+00,-4.0676233992867603e+00,-1.9407538850977111e-17,-3.8670198996125351e-17,3.5331463158332098e-02,6.2420205537203399e-01,6.7520487696107701e-01,-5.4062193916570855e-04,4.0670827773475970e+00,0.0000000000000000e+00,-8.4787490947263899e-01,1.8503717077085943e-16,3.2684080872601987e-16,3.5157062446463292e-15,3.4162986426691112e-02,-3.4538495665747762e-17
129,1.3460228370601058e+01,3.7385249919093599e+00,2.5572028206993203e-01,-7.7715611723760958e-15,7.7715611723760958e-15,0.0000000000000000e+00,4.3892858279929379e-17,-4.3900651258660293e-02,1.9779365767272867e-02,-6.3680017025933164e-02,-4.3900651258660335e-02,4.1633363423443370e-17,1.9095520836013936e-17,-4.3900651258660356e-02,1.9779365767272870e-02,-6.3680017025933233e-02,0.0000000000000000e+00,-3.0189228617695445e-02,4.3900651258660356e-02,3.0189228617695452e-02,0.0000000000000000e+00,2.7439443929687135e+00,1.8924466955642822e+00,-2.7439443929687126e+00,1.3405081631035514e+00,-4.0844525560722618e+00,-2.7439443929687135e+00,1.3405081631035514e+00,-4.0844525560722618e+00,-1.6276644768721880e-17,-3.8670198996125351e-17,3.4120805627114045e-02,6.2780948877371601e-01,6.7803531834816710e-01,-5.4255035455419431e-04,4.0839100057177102e+00,0.0000000000000000e+00,-8.5149769740443126e-01,2.3129646346357430e-16,3.0934983273705085e-16,1.1102230246251565e-15,3.2039518393239458e-02,-3.5829469068361136e-17
130,1.3708252983584202e+01,3.8074128434907908e+00,2.4802461298314427e-01,-1.1657341758564144e-14,1.1657341758564144e-14,0.0000000000000000e+00,4.1800549327347725e-17,-4.1207012787431885e-02,1.8548400224779750e-02,-5.9755413012211635e-02,-4.1207012787431926e-02,4.1633363423443370e-17,-4.7398612320025504e-18,-4.1207012787431926e-02,1.8548400224779750e-02,-5.9755413012211676e-02,6.9388939039072284e-18,-2.8335238412322834e-02,4.1207012787431926e-02,2.8335238412322827e-02,0.0000000000000000e+00,2.7544987906871792e+00,1.8997044497068647e+00,-2.7544987906871783e+00,1.3452612777668951e+00,-4.0997600684540716e+00,-2.7544987906871792e+00,1.3452612777668951e+00,-4.0997600684540716e+00,-1.4496366310020540e-17,-3.7809690758601506e-17,3.2961376019985694e-02,6.3098762075076942e-01,6.8076813850091333e-01,-5.4414249522660718e-04,4.0992159259588465e+00,0.0000000000000000e+00,-8.5479434098031448e-01,1.3877787807814457e-16,2.7036963771898972e-16,1.1102230246251565e-15,3.0084913683793145e-02,-3.4040783899049655e-17
131,1.3957849724945333e+01,3.8767373474877509e+00,2.4959674136113108e-01,-2.7200464103316335e-14,2.7200464103316335e-14,0.0000000000000000e+00,5.1904121134004019e-17,-3.8631642067157190e-02,1.7373970629396104e-02,-5.6005612696553297e-02,-3.8631642067157232e-02,4.1633363423443370e-17,1.3346061672372038e-17,-3.8631642067157246e-02,1.7373970629396107e-02,-5.6005612696553353e-02,0.0000000000000000e+00,-2.6562637263259338e-02,3.8631642067157246e-02,2.6562637263259324e-02,0.0000000000000000e+00,2.7644625247303600e+00,1.9065556151450016e+00,-2.7644625247303591e+00,1.3497443311204793e+00,-4.1142068558508367e+00,-2.7644625247303600e+00,1.3497443311204793e+00,-4.1142068558508367e+00,-1.3422326517312063e-17,-3.6943728105068575e-17,3.1810323530337928e-02,6.3388310624544242e-01,6.8350535332824724e-01,-5.4554801645156914e-04,4.1136613078343869e+00,0.0000000000000000e+00,-8.5790690958535842e-01,2.7755575615628914e-16,3.6670520661893750e-16,1.2952601953960161e-15,2.8218053883429316e-02,-3.3577253293793021e-17
132,1.4214093696038699e+01,3.9479080931528832e+00,2.5624397109336527e-01,-2.3314683517128287e-14,2.3314683517128287e-14,0.0000000000000000e+00,5.9337490461090175e-17,-3.6123839797648619e-02,1.6232492194606797e-02,-5.2356331992255416e-02,-3.6123839797648660e-02,4.1633363423443370e-17,-1.7721785188925556e-17,-3.6123839797648639e-02,1.6232492194606801e-02,-5.2356331992255437e-02,0.0000000000000000e+00,-2.4836540670846060e-02,3.6123839797648639e-02,2.4836540670846070e-02,0.0000000000000000e+00,2.7740403454973781e+00,1.9131409798773864e+00,-2.7740403454973772e+00,1.3540500578646912e+00,-4.1280904033620667e+00,-2.7740403454973781e+00,1.3540500578646912e+00,-4.1280904033620667e+00,-1.3982952902456212e-17,-3.6943728105068575e-17,3.0646020823681293e-02,6.3655659048089697e-01,6.8630059898531370e-01,-5.4684757479916968e-04,4.1275435557872697e+00,0.0000000000000000e+00,-8.6089936561999170e-01,2.3129646346357430e-16,4.5154377799477578e-16,2.7755575615628914e-15,2.6401699763688578e-02,-3.4078788158267978e-17
133,1.4476915371958398e+01,4.0209057702195929e+00,2.6282167591969952e-01,-2.7200464103316335e-14,2.7200464103316335e-14,0.0000000000000000e+00,3.9414573675945977e-17,-3.3689551612219773e-02,1.5126322704950715e-02,-4.8815874317170486e-02,-3.3689551612219808e-02,3.4694469519536142e-17,2.4120932815882404e-18,-3.3689551612219808e-02,1.5126322704950719e-02,-4.8815874317170528e-02,0.0000000000000000e+00,-2.3161052186242884e-02,3.3689551612219808e-02,2.3161052186242884e-02,0.0000000000000000e+00,2.7832145817633678e+00,1.9194483837747922e+00,-2.7832145817633669e+00,1.3581709460080700e+00,-4.1413855277714351e+00,-2.7832145817633678e+00,1.3581709460080700e+00,-4.1413855277714351e+00,-1.5994812344906539e-17,-3.6943728105068575e-17,2.9471120227389076e-02,6.3900200243607697e-01,6.8914977098582042e-01,-5.4805235878352399e-04,4.1408374754126536e+00,0.0000000000000000e+00,-8.6376619798857557e-01,2.7755575615628914e-16,5.2840991994183892e-16,2.4054832200211726e-15,2.4639750155063755e-02,-3.0965205784362877e-17
134,1.4745525235031351e+01,4.0955110932886205e+00,2.6860986307295320e-01,-5.8286708792820718e-14,5.8286708792820718e-14,0.0000000000000000e+00,3.3623943215464581e-17,-3.1340127081425820e-02,1.4060416443091958e-02,-4.5400543524517778e-02,-3.1340127081425855e-02,3.4694469519536142e-17,1.7450655018004987e-18,-3.1340127081425861e-02,1.4060416443091960e-02,-4.5400543524517820e-02,6.9388939039072284e-18,-2.1543995179573561e-02,3.1340127081425861e-02,2.1543995179573578e-02,0.0000000000000000e+00,2.7919483883081568e+00,1.9254524921005931e+00,-2.7919483883081559e+00,1.3620908690111209e+00,-4.1540392573192753e+00,-2.7919483883081568e+00,1.3620908690111209e+00,-4.1540392573192753e+00,-1.5436485419117253e-17,-3.6011800434365440e-17,2.8291452418367034e-02,6.4121018599150015e-01,6.9204007510044874e-01,-5.4915550080480990e-04,4.1534901018184716e+00,0.0000000000000000e+00,-8.6649589620756373e-01,1.1102230246251565e-15,1.5996888811043617e-15,3.7007434154171887e-15,2.2940088474145935e-02,-3.1897124277093257e-17
135,1.5023045594341747e+01,4.1725912713123199e+00,2.7752035931039565e-01,-3.1086244689504383e-14,3.1086244689504383e-14,0.0000000000000000e+00,4.2755686344796852e-17,-2.9053551006904436e-02,1.3024686990246564e-02,-4.2078237997150998e-02,-2.9053551006904467e-02,3.1225022567582528e-17,-2.7056050897400547e-17,-2.9053551006904446e-02,1.3024686990246562e-02,-4.2078237997151005e-02,6.9388939039072284e-18,-1.9970229098713585e-02,2.9053551006904446e-02,1.9970229098713595e-02,0.0000000000000000e+00,2.8003286259297315e+00,1.9312130133196943e+00,-2.8003286259297306e+00,1.3658492028295106e+00,-4.1661778287592401e+00,-2.8003286259297315e+00,1.3658492028295106e+00,-4.1661778287592401e+00,-1.8948642299860805e-17,-3.4086116104936392e-17,2.7095927437233075e-02,6.4320357650405213e-01,6.9499952498659168e-01,-5.5017390163381030e-04,4.1656276548576070e+00,0.0000000000000000e+00,-8.6911561261003722e-01,5.5511151231257827e-16,8.5853059872004533e-16,2.4054832200211726e-15,2.1286515116440384e-02,-3.2789277545478305e-17
136,1.5294469779649216e+01,4.2479782612089334e+00,2.7142418530746859e-01,-3.4972025275692431e-14,3.4972025275692431e-14,0.0000000000000000e+00,5.7811603330723761e-17,-2.6949824568393749e-02,1.2072943205513258e-02,-3.9022767773907008e-02,-2.6949824568393781e-02,3.1225022567582528e-17,5.1652151842252035e-17,-2.6949824568393829e-02,1.2072943205513258e-02,-3.9022767773907091e-02,-3.4694469519536142e-18,-1.8522354100332847e-02,2.6949824568393829e-02,1.8522354100332858e-02,0.0000000000000000e+00,2.8079289612247282e+00,1.9364369223372848e+00,-2.8079289612247273e+00,1.3692552547440267e+00,-4.1771842159687527e+00,-2.8079289612247282e+00,1.3692552547440267e+00,-4.1771842159687527e+00,-1.5610653969512517e-17,-3.3615270198735650e-17,2.5950256705894584e-02,6.4489038244759889e-01,6.9786357955099854e-01,-5.5103603953465807e-04,4.1766331799292189e+00,0.0000000000000000e+00,-8.7149203888744342e-01,6.4763009769800805e-16,1.3017203860718702e-15,3.3306690738754696e-15,1.9765353699226079e-02,-3.1877011921259680e-17
137,1.5565128355459002e+01,4.3231526061070875e+00,2.7065857580978658e-01,-5.0515147620444623e-14,5.0515147620444623e-14,0.0000000000000000e+00,5.5255819959349767e-17,-2.4976665903491378e-02,1.1181581914289118e-02,-3.6158247817780494e-02,-2.4976665903491409e-02,3.1225022567582528e-17,1.3945342522037391e-17,-2.4976665903491426e-02,1.1181581914289120e-02,-3.6158247817780542e-02,3.4694469519536142e-18,-1.7164392933267599e-02,2.4976665903491426e-02,1.7164392933267599e-02,0.0000000000000000e+00,2.8149561362036888e+00,1.9412663844009841e+00,-2.8149561362036879e+00,1.3724022730690559e+00,-4.1873584092727425e+00,-2.8149561362036888e+00,1.3724022730690559e+00,-4.1873584092727425e+00,-6.7333917688479783e-18,-3.3615270198735650e-17,2.4831602157721192e-02,6.4633362939415406e-01,7.0068527495834920e-01,-5.5176655883149017e-04,4.1868066427139121e+00,0.0000000000000000e+00,-8.7368975180270469e-01,3.2381504884900402e-16,4.5267973897978013e-16,3.1456319031046105e-15,1.8338699894547814e-02,-3.3461000614516542e-17
138,1.5844616901263862e+01,4.4007794401157891e+00,2.7948854580485971e-01,-8.1601392309949006e-14,8.1601392309949006e-14,0.0000000000000000e+00,3.6894568018943651e-17,-2.3063939401177888e-02,1.0318752837189559e-02,-3.3382692238367449e-02,-2.3063939401177919e-02,3.1225022567582528e-17,-9.8560207639886417e-18,-2.3063939401177909e-02,1.0318752837189561e-02,-3.3382692238367470e-02,0.0000000000000000e+00,-1.5848084267412819e-02,2.3063939401177909e-02,1.5848084267412830e-02,0.0000000000000000e+00,2.8216695356617825e+00,1.9458796890241012e+00,-2.8216695356617816e+00,1.3754068217160602e+00,-4.1970763573778402e+00,-2.8216695356617825e+00,1.3754068217160602e+00,-4.1970763573778402e+00,-6.1619324731053696e-18,-3.3130434857061341e-17,2.3701810917535322e-02,6.4759421756115576e-01,7.0355836996207277e-01,-5.5242327529625435e-04,4.1965239341025455e+00,0.0000000000000000e+00,-8.7578984663768122e-01,6.0137080500529316e-16,1.1925929165932395e-15,5.3660779523549235e-15,1.6955622187358330e-02,-3.4677070236187723e-17
139,1.6128847038643666e+01,4.4797232323599907e+00,2.8423013737980440e-01,-8.1601392309949006e-14,8.1601392309949006e-14,0.0000000000000000e+00,3.7647933862125412e-17,-2.1243027945976774e-02,9.4982993489837256e-03,-3.0741327294960499e-02,-2.1243027945976801e-02,2.7755575615628914e-17,-5.4747576492468991e-18,-2.1243027945976795e-02,9.4982993489837256e-03,-3.0741327294960520e-02,0.0000000000000000e+00,-1.4595032985514506e-02,2.1243027945976795e-02,1.4595032985514497e-02,0.0000000000000000e+00,2.8279662233697644e+00,1.9502061147236358e+00,-2.8279662233697636e+00,1.3782231234487297e+00,-4.2061893468184914e+00,-2.8279662233697644e+00,1.3782231234487297e+00,-4.2061893468184914e+00,-8.3406671003720082e-18,-3.3130434857061341e-17,2.2579594676395066e-02,6.4865766414536674e-01,7.0643285888193807e-01,-5.5300574502981092e-04,4.2056363410734630e+00,0.0000000000000000e+00,-8.7776010864612863e-01,7.8640797577615262e-16,1.4281465644496336e-15,3.3306690738754696e-15,1.5638516691657951e-02,-3.3814206150331802e-17
140,1.6416122969593932e+01,4.5595129816763782e+00,2.8727593095026549e-01,-1.7097434579227411e-13,1.7097434579227411e-13,0.0000000000000000e+00,5.2010537103656987e-17,-1.9523967362803589e-02,8.7246223439197152e-03,-2.8248589706723302e-02,-1.9523967362803613e-02,2.4286128663675299e-17,-6.4547842589621467e-17,-1.9523967362803547e-02,8.7246223439197169e-03,-2.8248589706723264e-02,0.0000000000000000e+00,-1.3412150284382940e-02,1.9523967362803547e-02,1.3412150284382933e-02,0.0000000000000000e+00,2.8338219116344519e+00,1.9542290095472130e+00,-2.8338219116344510e+00,1.3808406268457110e+00,-4.2146625384801606e+00,-2.8338219116344519e+00,1.3808406268457110e+00,-4.2146625384801606e+00,-1.8398570935961603e-17,-3.3130434857061341e-17,2.1472959845838045e-02,6.4952964502433963e-01,7.0928451108041546e-01,-5.5351089511779250e-04,4.2141090275850441e+00,0.0000000000000000e+00,-8.7959290208723884e-01,6.9388939039072284e-16,1.0769576644201025e-15,5.9211894646675018e-15,1.4394488456238155e-02,-3.2541207323889082e-17
141,1.6713270883097437e+01,4.6420446349544848e+00,2.9714791350350467e-01,-9.7144514654701197e-14,9.7144514654701197e-14,0.0000000000000000e+00,3.8789605050246835e-17,-1.7868019831599923e-02,7.9802235896602510e-03,-2.5848243421260172e-02,-1.7868019831599951e-02,2.7755575615628914e-17,-1.7002345540883893e-17,-1.7868019831599937e-02,7.9802235896602510e-03,-2.5848243421260186e-02,3.4694469519536142e-18,-1.2272787132733769e-02,1.7868019831599937e-02,1.2272787132733762e-02,0.0000000000000000e+00,2.8393773871227350e+00,1.9580451223281952e+00,-2.8393773871227341e+00,1.3833225319029914e+00,-4.2226999190257244e+00,-2.8393773871227350e+00,1.3833225319029914e+00,-4.2226999190257244e+00,-3.0514805060360573e-17,-3.2614965395669286e-17,2.0357609871076848e-02,6.5023888565052834e-01,7.1217207529147997e-01,-5.5396108990612980e-04,4.2221459579358189e+00,0.0000000000000000e+00,-8.8133226479453985e-01,7.4014868308343773e-16,1.3195174370247930e-15,6.8463753185217992e-15,1.3195369353529791e-02,-3.1757257486416725e-17
142,1.7018748122131285e+01,4.7268897253306532e+00,3.0547723903384849e-01,-5.4400928206632670e-14,5.4400928206632670e-14,0.0000000000000000e+00,4.0380796484395899e-17,-1.6288868157395862e-02,7.2710795879199477e-03,-2.3559947745315810e-02,-1.6288868157395886e-02,2.4286128663675299e-17,-5.2946267053588806e-18,-1.6288868157395883e-02,7.2710795879199486e-03,-2.3559947745315831e-02,3.4694469519536142e-18,-1.1186365667168619e-02,1.6288868157395883e-02,1.1186365667168624e-02,0.0000000000000000e+00,2.8445944630411684e+00,1.9616282409418888e+00,-2.8445944630411675e+00,1.3856519948961690e+00,-4.2302464579373353e+00,-2.8445944630411684e+00,1.3856519948961690e+00,-4.2302464579373353e+00,-3.3920413820658867e-17,-3.1555128319812095e-17,1.9242111429790494e-02,6.5078619666620496e-01,7.1506932518161781e-01,-5.5436161855570987e-04,4.2296920963187805e+00,0.0000000000000000e+00,-8.8296622209927955e-01,1.1102230246251565e-15,1.9380601055884758e-15,2.5905203907920322e-15,1.2050860887283382e-02,-2.9405504184512773e-17
143,1.7315560829005051e+01,4.8093282762981424e+00,2.9681270687376582e-01,-7.3829831137572910e-14,7.3829831137572910e-14,0.0000000000000000e+00,4.2787493039241270e-17,-1.4868256610497598e-02,6.6336717530476085e-03,-2.1501928363545208e-02,-1.4868256610497625e-02,2.6020852139652106e-17,-3.8953421166959272e-17,-1.4868256610497586e-02,6.6336717530476094e-03,-2.1501928363545197e-02,0.0000000000000000e+00,-1.0209121211272718e-02,1.4868256610497586e-02,1.0209121211272730e-02,0.0000000000000000e+00,2.8492183783115492e+00,1.9648034671295249e+00,-2.8492183783115483e+00,1.3877155483381285e+00,-4.2369339266496757e+00,-2.8492183783115492e+00,1.3877155483381285e+00,-4.2369339266496757e+00,-4.0487105252090230e-17,-3.1040240349229950e-17,1.8188472805053348e-02,6.5116208710794488e-01,7.1781029967378984e-01,-5.5468875134034867e-04,4.2363792378983369e+00,0.0000000000000000e+00,-8.8441491118202431e-01,1.3415194880887309e-15,1.9237860010980770e-15,8.3266726846886741e-15,1.1020123345563508e-02,-2.7442178882803640e-17
144,1.7613573105600814e+01,4.8921000029935424e+00,2.9801227659576313e-01,-5.8286708792820718e-14,5.8286708792820718e-14,0.0000000000000000e+00,3.8178025822388914e-17,-1.3548973735856619e-02,6.0423204377232000e-03,-1.9591294173579819e-02,-1.3548973735856642e-02,2.2551405187698492e-17,1.6324156209216378e-17,-1.3548973735856659e-02,6.0423204377232018e-03,-1.9591294173579861e-02,1.7347234759768071e-18,-9.3016900106801265e-03,1.3548973735856659e-02,9.3016900106801317e-03,0.0000000000000000e+00,2.8534527200665809e+00,1.9677106977647671e+00,-2.8534527200665800e+00,1.3896043489835694e+00,-4.2430570690501481e+00,-2.8534527200665809e+00,1.3896043489835694e+00,-4.2430570690501481e+00,-4.3859004635963076e-17,-3.0781755903059968e-17,1.7160544035118814e-02,6.5140444384372631e-01,7.2048439761308325e-01,-5.5496349164108061e-04,4.2425021055585086e+00,0.0000000000000000e+00,-8.8574202230181376e-01,1.6190752442450200e-15,2.4752828383326069e-15,3.8857805861880479e-15,1.0061746577666033e-02,-3.0851544238916999e-17
145,1.7921070928259201e+01,4.9775063024495720e+00,3.0749782265838732e-01,-7.7715611723760958e-14,7.7715611723760958e-14,0.0000000000000000e+00,3.8183570515641208e-17,-1.2294560435719569e-02,5.4805574211772082e-03,-1.7775117856896776e-02,-1.2294560435719592e-02,2.2551405187698492e-17,-5.2195845028284525e-18,-1.2294560435719587e-02,5.4805574211772082e-03,-1.7775117856896797e-02,0.0000000000000000e+00,-8.4389958219360465e-03,1.2294560435719587e-02,8.4389958219360413e-03,0.0000000000000000e+00,2.8574261353103596e+00,1.9704383088977651e+00,-2.8574261353103587e+00,1.3913759789097546e+00,-4.2488021142201120e+00,-2.8574261353103596e+00,1.3913759789097546e+00,-4.2488021142201120e+00,-4.2151688825328965e-17,-3.0515044057171337e-17,1.6131416090515046e-02,6.5153179700010544e-01,7.2315755515600144e-01,-5.5521066313257705e-04,4.2482469035569803e+00,0.0000000000000000e+00,-8.8698782641259455e-01,6.4763009769800805e-16,1.0374465045533696e-15,1.7023419710919068e-14,9.1491667590406188e-03,-3.4255331511183073e-17
146,1.8231979846630384e+01,5.0638600201975468e+00,3.1090891837118306e-01,-9.7144514654701197e-14,9.7144514654701197e-14,0.0000000000000000e+00,3.8803195890342870e-17,-1.1131011523491370e-02,4.9598856508404846e-03,-1.6090897174331854e-02,-1.1131011523491392e-02,2.2551405187698492e-17,1.8570129877304787e-17,-1.1131011523491410e-02,4.9598856508404864e-03,-1.6090897174331896e-02,-1.7347234759768071e-18,-7.6389174307671392e-03,1.1131011523491410e-02,7.6389174307671384e-03,0.0000000000000000e+00,2.8610677449303918e+00,1.9729376922072970e+00,-2.8610677449303910e+00,1.3929989923411732e+00,-4.2540667372715628e+00,-2.8610677449303918e+00,1.3929989923411732e+00,-4.2540667372715628e+00,-4.0076287014307048e-17,-3.0784714556965861e-17,1.5123538178265257e-02,6.5155228264505471e-01,7.2576773990595755e-01,-5.5543161189564039e-04,4.2535113056596687e+00,0.0000000000000000e+00,-8.8813005272309486e-01,8.7892656116158229e-16,1.8465745496231658e-15,9.9920072216264089e-15,8.3012078364006828e-03,-3.0008231880608447e-17
147,1.8538755496719226e+01,5.1490657390894592e+00,3.0677565008884145e-01,-1.6320278461989801e-13,1.6320278461989801e-13,0.0000000000000000e+00,5.6794141074372976e-17,-1.0080882589006898e-02,4.4903038499698126e-03,-1.4571186438976711e-02,-1.0080882589006919e-02,2.0816681711721685e-17,-3.8676090465597732e-17,-1.0080882589006881e-02,4.4903038499698126e-03,-1.4571186438976693e-02,0.0000000000000000e+00,-6.9169564420686041e-03,1.0080882589006881e-02,6.9169564420685963e-03,0.0000000000000000e+00,2.8643213912333807e+00,1.9751703860422722e+00,-2.8643213912333798e+00,1.3944485363549601e+00,-4.2587699275883386e+00,-2.8643213912333807e+00,1.3944485363549601e+00,-4.2587699275883386e+00,-4.3160296579374145e-17,-3.1050800017999437e-17,1.4161469307415280e-02,6.5148266246405073e-01,7.2824878266886717e-01,-5.5562191462699140e-04,4.2582143056737127e+00,0.0000000000000000e+00,-8.8915100519110846e-01,1.5265566588595902e-15,2.4883715893199289e-15,1.2582527612418442e-14,7.5343727763299354e-03,-2.9798027329372088e-17
148,1.8844972031480534e+01,5.2341161659188753e+00,3.0621653476130817e-01,-1.5543122344752192e-14,1.5543122344752192e-14,0.0000000000000000e+00,4.4055618891138841e-17,-9.1246729245302409e-03,4.0630270681652958e-03,-1.3187699992695538e-02,-9.1246729245302582e-03,1.7347234759768071e-17,1.9027625466603507e-17,-9.1246729245302773e-03,4.0630270681652966e-03,-1.3187699992695574e-02,0.0000000000000000e+00,-6.2596945752272431e-03,9.1246729245302773e-03,6.2596945752272605e-03,0.0000000000000000e+00,2.8672619205621412e+00,1.9771878402494099e+00,-2.8672619205621404e+00,1.3957581220321691e+00,-4.2630200425943086e+00,-2.8672619205621412e+00,1.3957581220321691e+00,-4.2630200425943086e+00,-4.6168639012059573e-17,-3.1050800017999437e-17,1.3233582838864538e-02,6.5133954685744644e-01,7.3062920294194533e-01,-5.5578939391276450e-04,4.2624642532003971e+00,0.0000000000000000e+00,-8.9007408031273139e-01,2.7755575615628914e-15,4.0943106663799851e-15,1.8873791418627661e-14,6.8345500942988951e-03,-2.6590386601821606e-17
149,1.9161952232587858e+01,5.3221561583434065e+00,3.1698020110732372e-01,-1.7486012637846216e-13,1.7486012637846216e-13,0.0000000000000000e+00,5.2070202245107574e-17,-8.2266132189838560e-03,3.6620151339433471e-03,-1.1888628352927203e-02,-8.2266132189838716e-03,1.5612511283791264e-17,-5.0497134941090631e-18,-8.2266132189838664e-03,3.6620151339433480e-03,-1.1888628352927214e-02,0.0000000000000000e+00,-5.6425426924235460e-03,8.2266132189838664e-03,5.6425426924235512e-03,0.0000000000000000e+00,2.8700119276477620e+00,1.9790742270307733e+00,-2.8700119276477611e+00,1.3969824647475626e+00,-4.2669943923953229e+00,-2.8700119276477620e+00,1.3969824647475626e+00,-4.2669943923953229e+00,-4.3953278338008696e-17,-3.1050800017999437e-17,1.2307671318043542e-02,6.5112876174031098e-01,7.3299008175112690e-01,-5.5594993808116833e-04,4.2664384424572424e+00,0.0000000000000000e+00,-8.9093770061698874e-01,2.6367796834847468e-15,3.9681845751169964e-15,8.6967470262303940e-15,6.1755752019451889e-03,-2.5486477945063079e-17
150,1.9482301827916000e+01,5.4111319866360459e+00,3.2034959532814256e-01,-4.2743586448068527e-14,4.2743586448068527e-14,0.0000000000000000e+00,4.2804979308429351e-17,-7.4087958697990463e-03,3.2970476483722170e-03,-1.0705843518171262e-02,-7.4087958697990628e-03,1.6479873021779667e-17,-1.6937921802346323e-17,-7.4087958697990463e-03,3.2970476483722179e-03,-1.0705843518171264e-02,8.6736173798840355e-19,-5.0806818306324874e-03,7.4087958697990463e-03,5.0806818306324865e-03,0.0000000000000000e+00,2.8725163261349529e+00,1.9807918173490602e+00,-2.8725163261349520e+00,1.3980971312206516e+00,-4.2706134573556023e+00,-2.8725163261349529e+00,1.3980971312206516e+00,-4.2706134573556023e+00,-4.7475143372729832e-17,-3.0911870527115589e-17,1.1408270880704738e-02,6.5086490484647563e-01,7.3526785565356778e-01,-5.5609983990345668e-04,4.2700573575157001e+00,0.0000000000000000e+00,-8.9172450878589271e-01,4.9497443181204898e-15,6.2608906512744558e-15,1.4432899320127035e-14,5.5736354956781951e-03,-2.4076760376748939e-17
151,1.9806053079679746e+01,5.5010526114988663e+00,3.2375125176374553e-01,-4.8572257327350599e-13,4.8572257327350599e-13,0.0000000000000000e+00,5.4337032561243953e-17,-6.6689269515636043e-03,2.9670583819304910e-03,-9.6359853334940949e-03,-6.6689269515636208e-03,1.6479873021779667e-17,2.4735616556619411e-18,-6.6689269515636217e-03,2.9670583819304914e-03,-9.6359853334941140e-03,-1.7347234759768071e-18,-4.5725284872690924e-03,6.6689269515636217e-03,4.5725284872690855e-03,0.0000000000000000e+00,2.8747951663276523e+00,1.9823544368110400e+00,-2.8747951663276514e+00,1.3991111373048972e+00,-4.2739063036325478e+00,-2.8747951663276523e+00,1.3991111373048972e+00,-4.2739063036325478e+00,-4.9816570724455185e-17,-3.1052275251318454e-17,1.0537174608155467e-02,6.5055936619187649e-01,7.3745835838275176e-01,-5.5623812211358370e-04,4.2733500655104351e+00,0.0000000000000000e+00,-8.9244072951661235e-01,4.6721885619642007e-15,5.6562007275564558e-15,3.8487731520338762e-14,5.0271281949138512e-03,-2.7096404931783561e-17
152,2.0139975952857601e+01,5.5937983638274238e+00,3.3392287317785474e-01,-2.9531932455029164e-13,2.9531932455029164e-13,0.0000000000000000e+00,3.5957446518605752e-17,-5.9918297588511032e-03,2.6652378475212593e-03,-8.6570676063723630e-03,-5.9918297588511162e-03,1.3010426069826053e-17,-2.8721054819362435e-17,-5.9918297588510867e-03,2.6652378475212598e-03,-8.6570676063723456e-03,-8.6736173798840355e-19,-4.1076551323436048e-03,5.9918297588510867e-03,4.1076551323436144e-03,0.0000000000000000e+00,2.8769090244563262e+00,1.9838036927380263e+00,-2.8769090244563253e+00,1.4000515135746610e+00,-4.2769605380309850e+00,-2.8769090244563262e+00,1.4000515135746610e+00,-4.2769605380309850e+00,-5.4198889889924667e-17,-3.1486723136768892e-17,9.6794239354839919e-03,6.5021575879500904e-01,7.3959996098075265e-01,-5.5636986341522920e-04,4.2764041681675709e+00,0.0000000000000000e+00,-8.9310533171829998e-01,1.2027416100105863e-15,3.0960567380833507e-15,1.5173048003210475e-14,4.5248812573797448e-03,-2.6429913644292940e-17
153,2.0478742651943321e+01,5.6878894695715712e+00,3.3876669908572055e-01,-5.6732396558345499e-13,5.6732396558345499e-13,0.0000000000000000e+00,2.4565588837934236e-17,-5.3888589596373226e-03,2.3965981635553184e-03,-7.7854571231926410e-03,-5.3888589596373356e-03,1.3010426069826053e-17,2.8459416644881870e-18,-5.3888589596373382e-03,2.3965981635553197e-03,-7.7854571231926583e-03,0.0000000000000000e+00,-3.6938538968135292e-03,5.3888589596373382e-03,3.6938538968135154e-03,0.0000000000000000e+00,2.8788367236315686e+00,1.9851251384688737e+00,-2.8788367236315677e+00,1.4009089043130538e+00,-4.2797456279446200e+00,-2.8788367236315686e+00,1.4009089043130538e+00,-4.2797456279446200e+00,-5.8581703225897796e-17,-3.1633639773214686e-17,8.8523972099958138e-03,6.4984921802660212e-01,7.4165080139240169e-01,-5.5648768405425209e-04,4.2791891402605673e+00,0.0000000000000000e+00,-8.9371158516269489e-01,2.7755575615628914e-15,5.1485906977761800e-15,1.7208456881689926e-14,4.0753494335964893e-03,-2.5773926193671963e-17
154,2.0818812438849360e+01,5.7823425027844655e+00,3.4006978690603873e-01,-1.7486012637846216e-13,1.7486012637846216e-13,0.0000000000000000e+00,3.8815075601283569e-17,-4.8633139989687759e-03,2.1625720013364038e-03,-7.0258860003051798e-03,-4.8633139989687890e-03,1.3010426069826053e-17,-2.6480312641173170e-17,-4.8633139989687621e-03,2.1625720013364038e-03,-7.0258860003051659e-03,0.0000000000000000e+00,-3.3333738613981270e-03,4.8633139989687621e-03,3.3333738613981322e-03,0.0000000000000000e+00,2.8805799507682472e+00,1.9863200123920113e+00,-2.8805799507682464e+00,1.4016841223262753e+00,-4.2822640730945203e+00,-2.8805799507682472e+00,1.4016841223262753e+00,-4.2822640730945203e+00,-6.2600370976747559e-17,-3.1633639773214686e-17,8.0668264684582956e-03,6.4947358882247119e-01,7.4358712248350356e-01,-5.5658455184226518e-04,4.2817074885426791e+00,0.0000000000000000e+00,-8.9425993837623596e-01,3.6082248300317588e-15,6.3435710636316991e-15,2.1834386150961414e-14,3.6811699225795394e-03,-2.5837080819775045e-17
155,2.1163050773462174e+01,5.8779533335734966e+00,3.4423833461281461e-01,-3.2251978865360797e-13,3.2251978865360797e-13,0.0000000000000000e+00,3.4225396548316811e-17,-4.4074208195874825e-03,1.9596666869165927e-03,-6.3670875065040752e-03,-4.4074208195874947e-03,1.2143064331837650e-17,-1.6529464983778393e-17,-4.4074208195874773e-03,1.9596666869165932e-03,-6.3670875065040700e-03,-8.6736173798840355e-19,-3.0208752348521170e-03,4.4074208195874773e-03,3.0208752348521062e-03,0.0000000000000000e+00,2.8821756219255357e+00,1.9874137004553154e+00,-2.8821756219255348e+00,1.4023936386167357e+00,-4.2845692605422689e+00,-2.8821756219255357e+00,1.4023936386167357e+00,-4.2845692605422689e+00,-7.0003178087587974e-17,-3.1782929353310687e-17,7.3180044290949223e-03,6.4909500811137222e-01,7.4542396793159171e-01,-5.5665814467675823e-04,4.2840126023975937e+00,0.0000000000000000e+00,-8.9476192147022027e-01,5.5511151231257827e-15,7.9292044130305894e-15,2.0724163126336258e-14,3.3366424476839983e-03,-2.5318195826702174e-17
156,2.1513282477280143e+01,5.9752287988651753e+00,3.5023170381796831e-01,-3.6914915568786455e-13,3.6914915568786455e-13,0.0000000000000000e+00,4.1054767913139849e-17,-4.0167573850366234e-03,1.7858790024898902e-03,-5.8026363875265134e-03,-4.0167573850366355e-03,1.2143064331837650e-17,-3.8023453748064302e-17,-4.0167573850365974e-03,1.7858790024898909e-03,-5.8026363875264882e-03,0.0000000000000000e+00,-2.7532742517325532e-03,4.0167573850365974e-03,2.7532742517325610e-03,0.0000000000000000e+00,2.8836508290684715e+00,1.9884248455617084e+00,-2.8836508290684706e+00,1.4030495430410002e+00,-4.2867003721094692e+00,-2.8836508290684715e+00,1.4030495430410002e+00,-4.2867003721094692e+00,-7.9556258925436183e-17,-3.1934818142971783e-17,6.6047122139394482e-03,6.4872013887379043e-01,7.4716798823266950e-01,-5.5670372060068196e-04,4.2861436683888705e+00,0.0000000000000000e+00,-8.9522598350676308e-01,6.7075974404436546e-15,1.0506714602129084e-14,1.9428902930940239e-14,3.0389017319852928e-03,-2.8395237562852613e-17
157,2.1871056753639355e+01,6.0745991837356570e+00,3.5777427635921200e-01,-2.6423307986078726e-13,2.6423307986078726e-13,0.0000000000000000e+00,5.4342028514733517e-17,-3.6884444701296318e-03,1.6399194116902397e-03,-5.3283638818198715e-03,-3.6884444701296430e-03,1.1275702593849246e-17,2.6908092988804305e-17,-3.6884444701296695e-03,1.6399194116902406e-03,-5.3283638818199097e-03,-4.3368086899420177e-19,-2.5286676019187957e-03,3.6884444701296695e-03,2.5286676019187953e-03,0.0000000000000000e+00,2.8850291905774386e+00,1.9893697170239393e+00,-2.8850291905774377e+00,1.4036623743152932e+00,-4.2886915648927291e+00,-2.8850291905774386e+00,1.4036623743152932e+00,-4.2886915648927291e+00,-8.1544654001494098e-17,-3.2012398072509400e-17,5.9270877411716875e-03,6.4835579722971182e-01,7.4882277322862201e-01,-5.5671611578755886e-04,4.2881348487769433e+00,0.0000000000000000e+00,-8.9565947355349929e-01,4.9497443181204898e-15,8.9053980508313287e-15,2.8495724298712353e-14,2.7852704013377073e-03,-2.5447193698691149e-17
158,2.2223296569337201e+01,6.1724323941296309e+00,3.5223981569784613e-01,-2.9920510513647969e-13,2.9920510513647969e-13,0.0000000000000000e+00,4.2324141175079066e-17,-3.4296471615647760e-03,1.5249396760141020e-03,-4.9545868375788782e-03,-3.4296471615647859e-03,9.9746599868666408e-18,-3.8083634262462736e-17,-3.4296471615647478e-03,1.5249396760141022e-03,-4.9545868375788504e-03,0.0000000000000000e+00,-2.3518556160483741e-03,3.4296471615647478e-03,2.3518556160483832e-03,0.0000000000000000e+00,2.8862828282196729e+00,1.9902292743233423e+00,-2.8862828282196720e+00,1.4042197690061744e+00,-4.2905025972258448e+00,-2.8862828282196729e+00,1.4042197690061744e+00,-4.2905025972258448e+00,-8.3512889300772661e-17,-3.2088777907192502e-17,5.3104431533522230e-03,6.4802215271001018e-01,7.5033048239814115e-01,-5.5669074467079582e-04,4.2899459064811758e+00,0.0000000000000000e+00,-8.9605355389633057e-01,4.7647071473496307e-15,7.8568872302889419e-15,2.2204460492503131e-14,2.5822235721027916e-03,-2.8635946008761631e-17
159,2.2576124173428195e+01,6.2704288604162404e+00,3.5282760409099367e-01,-6.9555472492766057e-13,6.9555472492766057e-13,0.0000000000000000e+00,2.9266949159204671e-17,-3.2293343757351630e-03,1.4360238211251759e-03,-4.6653581968603385e-03,-3.2293343757351725e-03,9.5409791178724390e-18,1.9351008316625481e-17,-3.2293343757351916e-03,1.4360238211251763e-03,-4.6653581968603679e-03,-4.3368086899420177e-19,-2.2152846741065597e-03,3.2293343757351916e-03,2.2152846741065471e-03,0.0000000000000000e+00,2.8874575644704188e+00,1.9910349809064036e+00,-2.8874575644704179e+00,1.4047421238344227e+00,-4.2921996883048390e+00,-2.8874575644704188e+00,1.4047421238344227e+00,-4.2921996883048390e+00,-8.6817583066173930e-17,-3.2165285198166166e-17,4.7427330236315436e-03,6.4771864623445319e-01,7.5172411845334075e-01,-5.5662612299722802e-04,4.2916430621818433e+00,0.0000000000000000e+00,-8.9642258356401516e-01,5.1810407815840644e-15,1.0021590790906510e-14,4.2003437764985093e-14,2.4214489181296948e-03,-3.1100629404136448e-17
160,2.2935273746694090e+01,6.3701812285425312e+00,3.5914957326589558e-01,-5.2069459854919842e-13,5.2069459854919842e-13,0.0000000000000000e+00,6.0437568256197339e-17,-3.0807760315138023e-03,1.3701706266666422e-03,-4.4509466581804449e-03,-3.0807760315138119e-03,9.5409791178724390e-18,2.9261054536729478e-17,-3.0807760315138405e-03,1.3701706266666426e-03,-4.4509466581804831e-03,-4.3368086899420177e-19,-2.1143335719390043e-03,3.0807760315138405e-03,2.1143335719389909e-03,0.0000000000000000e+00,2.8885907012004308e+00,1.9918124711791394e+00,-2.8885907012004299e+00,1.4052460456036355e+00,-4.2938367468040637e+00,-2.8885907012004308e+00,1.4052460456036355e+00,-4.2938367468040637e+00,-7.8088082251495259e-17,-3.2321041497199017e-17,4.2155072695880137e-03,6.4744630301938677e-01,7.5302771897846466e-01,-5.5651633619602237e-04,4.2932802304678699e+00,0.0000000000000000e+00,-8.9677823002129142e-01,9.1593399531575415e-15,1.7453647684780961e-14,1.9798977272481959e-14,2.2979602932022680e-03,-3.3903636773303341e-17
161,2.3291468021776421e+01,6.4691127743310712e+00,3.5619427508233059e-01,-2.6811886044697530e-13,2.6811886044697530e-13,0.0000000000000000e+00,4.2321700002667532e-17,-2.9835086028081772e-03,1.3271629252126986e-03,-4.3106715280208756e-03,-2.9835086028081850e-03,7.8062556418956319e-18,-2.8355460806015669e-17,-2.9835086028081569e-03,1.3271629252126990e-03,-4.3106715280208556e-03,0.0000000000000000e+00,-2.0486412379473518e-03,2.9835086028081569e-03,2.0486412379473453e-03,0.0000000000000000e+00,2.8896707329350386e+00,1.9925538850764362e+00,-2.8896707329350377e+00,1.4057264329882191e+00,-4.2953971659232550e+00,-2.8896707329350386e+00,1.4057264329882191e+00,-4.2953971659232550e+00,-7.7926798600279908e-17,-3.2398278818573246e-17,3.7419573083735795e-03,6.4721691747819821e-01,7.5421118854352287e-01,-5.5636965812455585e-04,4.2948407962651327e+00,0.0000000000000000e+00,-8.9711684785860246e-01,5.8749301719747872e-15,1.0123131470799648e-14,2.6645352591003757e-14,2.2119657821979468e-03,-3.7202421217142299e-17
162,2.3646735238309233e+01,6.5677868332879692e+00,3.5526721653281257e-01,-7.4995565313429324e-13,7.4995565313429324e-13,0.0000000000000000e+00,4.4074198222124816e-17,-2.9312533981469728e-03,1.3042039442417485e-03,-4.2354573423887213e-03,-2.9312533981469806e-03,7.8062556418956319e-18,7.4595150456626864e-18,-2.9312533981469885e-03,1.3042039442417487e-03,-4.2354573423887369e-03,4.3368086899420177e-19,-2.0138863148663642e-03,2.9312533981469885e-03,2.0138863148663581e-03,0.0000000000000000e+00,2.8907213934513054e+00,1.9932755265043240e+00,-2.8907213934513045e+00,1.4061938521799129e+00,-4.2969152456312152e+00,-2.8907213934513054e+00,1.4061938521799129e+00,-4.2969152456312152e+00,-8.1638620843830529e-17,-3.2321242520977696e-17,3.3170191263752246e-03,6.4703207430297405e-01,7.5528857100426572e-01,-5.5618774629784262e-04,4.2963590578849198e+00,0.0000000000000000e+00,-8.9744586694698136e-01,5.9211894646675018e-15,9.5588490291698388e-15,5.3105668011236659e-14,2.1589488747197857e-03,-4.1653129885698301e-17
163,2.4005303120257469e+01,6.6673776389601338e+00,3.5856788194823608e-01,-1.9040324872321435e-13,1.9040324872321435e-13,0.0000000000000000e+00,4.4073076118368735e-17,-2.9189776338504948e-03,1.2990560524069130e-03,-4.2180336862574080e-03,-2.9189776338505026e-03,7.8062556418956319e-18,3.0930382539439739e-18,-2.9189776338505056e-03,1.2990560524069137e-03,-4.2180336862574193e-03,0.0000000000000000e+00,-2.0066119604344027e-03,2.9189776338505056e-03,2.0066119604344144e-03,0.0000000000000000e+00,2.8917702459263310e+00,1.9939963372797995e+00,-2.8917702459263301e+00,1.4066605748914924e+00,-4.2984308208178206e+00,-2.8917702459263310e+00,1.4066605748914924e+00,-4.2984308208178206e+00,-7.9746717500937611e-17,-3.2243490505659336e-17,2.9341075790355947e-03,6.4689297854503491e-01,7.5627751057323467e-01,-5.5597819418728989e-04,4.2978748426236351e+00,0.0000000000000000e+00,-8.9777390864653150e-01,7.4477461235270928e-15,1.1426007838122015e-14,4.1263289081901654e-14,2.1352020317802578e-03,-4.2429859098330494e-17
164,2.4354093345820029e+01,6.7642527393891392e+00,3.4879022556255990e-01,-3.6526337510167650e-13,3.6526337510167650e-13,0.0000000000000000e+00,4.2317234922808329e-17,-2.9416586380925785e-03,1.3094767133784168e-03,-4.2511353514709952e-03,-2.9416586380925855e-03,6.9388939039072284e-18,-2.8345080425674459e-17,-2.9416586380925573e-03,1.3094767133784171e-03,-4.2511353514709744e-03,0.0000000000000000e+00,-2.0233135730142529e-03,2.9416586380925573e-03,2.0233135730142564e-03,0.0000000000000000e+00,2.8927923122499468e+00,1.9946991365977054e+00,-2.8927923122499459e+00,1.4071154902573753e+00,-4.2999078025073185e+00,-2.8927923122499468e+00,1.4071154902573753e+00,-4.2999078025073185e+00,-8.4150550243434189e-17,-3.2243490505659336e-17,2.6037138567948392e-03,6.4680569975760871e-01,7.5715032828549633e-01,-5.5574835747540519e-04,4.2993520541498462e+00,0.0000000000000000e+00,-8.9809317565224145e-01,3.8395212934953333e-15,6.7383706318357895e-15,2.6090241078691179e-14,2.1377208013709697e-03,-4.1882554632444477e-17
165,2.4684009389341767e+01,6.8558856106880981e+00,3.2991604352173809e-01,-4.1189274213593308e-13,4.1189274213593308e-13,0.0000000000000000e+00,5.1070405263988380e-17,-2.9906748920545860e-03,1.3316193729586148e-03,-4.3222942650132006e-03,-2.9906748920545930e-03,6.9388939039072284e-18,1.5148535617861852e-17,-2.9906748920546086e-03,1.3316193729586154e-03,-4.3222942650132240e-03,4.3368086899420177e-19,-2.0580304202247241e-03,2.9906748920546086e-03,2.0580304202247280e-03,0.0000000000000000e+00,2.8937708982535058e+00,1.9953723870289557e+00,-2.8937708982535049e+00,1.4075511602430577e+00,-4.3013220584965595e+00,-2.8937708982535058e+00,1.4075511602430577e+00,-4.3013220584965595e+00,-8.6327426169009620e-17,-3.2171951367434519e-17,2.3271126472672369e-03,6.4676831058071360e-01,7.5790020053043450e-01,-5.5553648464234939e-04,4.3007665220119202e+00,0.0000000000000000e+00,-8.9839851122455006e-01,4.1633363423443370e-15,7.0917773923958020e-15,1.7393494052460788e-14,2.1606374244381244e-03,-4.2501291520898430e-17
166,2.5029862947213179e+01,6.9519450633246587e+00,3.4585355787141125e-01,-3.4583447217073626e-13,3.4583447217073626e-13,0.0000000000000000e+00,6.0427555022106754e-17,-3.0670334671566422e-03,1.3659560883305059e-03,-4.4329895554871476e-03,-3.0670334671566496e-03,7.3725747729014302e-18,5.0743514748796805e-17,-3.0670334671566999e-03,1.3659560883305065e-03,-4.4329895554872066e-03,-4.3368086899420177e-19,-2.1115557286346784e-03,3.0670334671566999e-03,2.1115557286346654e-03,0.0000000000000000e+00,2.8948184382477962e+00,1.9960934201311729e+00,-2.8948184382477953e+00,1.4080176432785145e+00,-4.3028360815263067e+00,-2.8948184382477962e+00,1.4080176432785145e+00,-4.3028360815263067e+00,-7.4932926141634062e-17,-3.2171951367434519e-17,2.0720906618434155e-03,6.4677747688735254e-01,7.5861279783373226e-01,-5.5527789558640350e-04,4.3022808036307234e+00,0.0000000000000000e+00,-8.9872501811662331e-01,2.0816681711721685e-15,4.2472782600924886e-15,3.7192471324942744e-14,2.2034114121338363e-03,-4.3168515875703863e-17
167,2.5409014342557608e+01,7.0572528581246630e+00,3.7915139534442943e-01,-9.0927265716800321e-13,9.0927265716800321e-13,0.0000000000000000e+00,1.0247268703298434e-16,-3.1757104886642479e-03,1.4147277643045803e-03,-4.5904382529688287e-03,-3.1757104886642549e-03,6.9388939039072284e-18,9.8287728404376476e-17,-3.1757104886643538e-03,1.4147277643045810e-03,-4.5904382529689345e-03,4.3368086899420177e-19,-2.1873462753357873e-03,3.1757104886643538e-03,2.1873462753357843e-03,0.0000000000000000e+00,2.8960019107886099e+00,1.9969083874778000e+00,-2.8960019107886090e+00,1.4085447933598836e+00,-4.3045467041484899e+00,-2.8960019107886099e+00,1.4085447933598836e+00,-4.3045467041484899e+00,-4.6680224245913764e-17,-3.2171951367434519e-17,1.8303338228199352e-03,6.4684534764607937e-01,7.5931418502121117e-01,-5.5492686977309802e-04,4.3039917772787195e+00,0.0000000000000000e+00,-8.9909352331080994e-01,9.8069700508555505e-15,1.6995288919696641e-14,2.0169051614023679e-14,2.2692402974779286e-03,-4.2526888418158730e-17
168,2.5802968709696120e+01,7.1666721195716656e+00,3.9395436713851240e-01,-6.7224004141053229e-13,6.7224004141053229e-13,0.0000000000000000e+00,6.0996239963923867e-17,-3.3113429354852072e-03,1.4755440507133186e-03,-4.7868869861985262e-03,-3.3113429354852146e-03,7.3725747729014302e-18,-1.2396736340593490e-17,-3.3113429354852016e-03,1.4755440507133186e-03,-4.7868869861985202e-03,-4.3368086899420177e-19,-2.2816448091579045e-03,3.3113429354852016e-03,2.2816448091578989e-03,0.0000000000000000e+00,2.8972797123017622e+00,1.9977886767550197e+00,-2.8972797123017613e+00,1.4091141109617553e+00,-4.3063938232635142e+00,-2.8972797123017622e+00,1.4091141109617553e+00,-4.3063938232635142e+00,-2.9761658535220452e-17,-3.2171951367434519e-17,1.6170502835505460e-03,6.4698044137676125e-01,7.5996209216108956e-01,-5.5452714035397754e-04,4.3058392961231622e+00,0.0000000000000000e+00,-8.9949103554674248e-01,1.4525417905512466e-14,2.1959359815504913e-14,2.2759572004815709e-14,2.3551100732279425e-03,-3.4566675439112891e-17
169,2.6197404040906950e+01,7.2762249668802950e+00,3.9443533121082908e-01,-4.0412118096355698e-13,4.0412118096355698e-13,0.0000000000000000e+00,6.0868711911039075e-17,-3.4653311977291229e-03,1.5445632174301085e-03,-5.0098944151592316e-03,-3.4653311977291290e-03,6.0715321659188248e-18,5.4771304668714485e-17,-3.4653311977291840e-03,1.5445632174301087e-03,-5.0098944151592932e-03,4.3368086899420177e-19,-2.3884905536567694e-03,3.4653311977291840e-03,2.3884905536567772e-03,0.0000000000000000e+00,2.8986161921548832e+00,1.9987097099493354e+00,-2.8986161921548823e+00,1.4097097294670564e+00,-4.3083259216219361e+00,-2.8986161921548832e+00,1.4097097294670564e+00,-4.3083259216219361e+00,-2.1404645088511296e-17,-3.2171951367434519e-17,1.4379176871555852e-03,6.4718155708960701e-01,7.6053612741176346e-01,-5.5412727853032528e-04,4.3077717943434086e+00,0.0000000000000000e+00,-8.9990648220554781e-01,9.8994886362409797e-15,1.7528548821695910e-14,1.9058828589398523e-14,2.4553562918477548e-03,-2.3169928414022310e-17
170,2.6592582677353803e+01,7.3859842642672566e+00,3.9517863644685391e-01,-4.2355008389449722e-13,4.2355008389449722e-13,0.0000000000000000e+00,2.4559493321328680e-17,-3.6330819720929650e-03,1.6197360556183035e-03,-5.2528180277112684e-03,-3.6330819720929710e-03,6.0715321659188248e-18,3.0218591761386818e-18,-3.6330819720929745e-03,1.6197360556183041e-03,-5.2528180277112788e-03,4.3368086899420177e-19,-2.5047208074238914e-03,3.6330819720929745e-03,2.5047208074238862e-03,0.0000000000000000e+00,2.9000187627735765e+00,1.9996765562460945e+00,-2.9000187627735756e+00,1.4103349612030729e+00,-4.3103537239766458e+00,-2.9000187627735765e+00,1.4103349612030729e+00,-4.3103537239766458e+00,-9.9853332464319481e-18,-3.2000569952972302e-17,1.2886611089871710e-03,6.4744843103942684e-01,7.6104413328295861e-01,-5.5373577170025889e-04,4.3097999882049480e+00,0.0000000000000000e+00,-9.0034220652748198e-01,1.0917193075480707e-14,1.9146251270368149e-14,1.9613940101711101e-14,2.5666839998597503e-03,-2.3850517574777852e-17
171,2.6989050917856893e+01,7.4961017440610220e+00,3.9646824050308993e-01,-6.1395333261771157e-13,6.1395333261771157e-13,0.0000000000000000e+00,7.6101087049437714e-17,-3.8104215150824810e-03,1.6992035858372186e-03,-5.5096251009196994e-03,-3.8104215150824867e-03,5.6378512969246231e-18,-1.6487133844566219e-17,-3.8104215150824706e-03,1.6992035858372193e-03,-5.5096251009196899e-03,4.3368086899420177e-19,-2.6274630155279817e-03,3.8104215150824706e-03,2.6274630155279938e-03,0.0000000000000000e+00,2.9014943191389460e+00,2.0006939301912068e+00,-2.9014943191389451e+00,1.4109928882830649e+00,-4.3124872074220075e+00,-2.9014943191389460e+00,1.4109928882830649e+00,-4.3124872074220075e+00,-1.2654610124273095e-17,-3.1828629261902323e-17,1.1651142522990934e-03,6.4778061291068456e-01,7.6149380247444443e-01,-5.5335864563677006e-04,4.3119338487763734e+00,0.0000000000000000e+00,-9.0080038894773917e-01,1.7208456881689926e-14,2.4185313825127820e-14,3.1641356201816961e-14,2.6860831235126421e-03,-2.9180687202414346e-17
172,2.7394834051636558e+01,7.6088063984815948e+00,4.0578313377966424e-01,-4.1577852272212112e-13,4.1577852272212112e-13,0.0000000000000000e+00,5.3727505884749296e-17,-3.9969244589579192e-03,1.7827813867283572e-03,-5.7797058456862766e-03,-3.9969244589579261e-03,6.9388939039072284e-18,2.6823080207839073e-17,-3.9969244589579530e-03,1.7827813867283583e-03,-5.7797058456863113e-03,0.0000000000000000e+00,-2.7564354833666200e-03,3.9969244589579530e-03,2.7564354833666330e-03,0.0000000000000000e+00,2.9030783637968702e+00,2.0017862777936233e+00,-2.9030783637968693e+00,1.4116993536700355e+00,-4.3147777174669022e+00,-2.9030783637968702e+00,1.4116993536700355e+00,-4.3147777174669022e+00,-1.0557533771339404e-17,-3.1740639070861945e-17,1.0617004744526465e-03,6.4818542929114342e-01,7.6189924205928050e-01,-5.5298184515883975e-04,4.3142247356217460e+00,0.0000000000000000e+00,-9.0129208600324695e-01,8.3266726846886741e-15,1.5319602734855728e-14,2.0169051614023679e-14,2.8131086206893740e-03,-3.1241265447223136e-17
173,2.7813399414420473e+01,7.7250612662617764e+00,4.1856536278391587e-01,-4.0800696154974503e-13,4.0800696154974503e-13,0.0000000000000000e+00,7.6093316322879397e-17,-4.1902347394755478e-03,1.8694238345014283e-03,-6.0596585739769761e-03,-4.1902347394755521e-03,4.3368086899420177e-18,-1.6430170440769686e-17,-4.1902347394755365e-03,1.8694238345014283e-03,-6.0596585739769648e-03,8.6736173798840355e-19,-2.8900161652082074e-03,4.1902347394755365e-03,2.8900161652082017e-03,0.0000000000000000e+00,2.9047917944269011e+00,2.0029679823349871e+00,-2.9047917944269002e+00,1.4124636969717281e+00,-4.3172554913986261e+00,-2.9047917944269011e+00,1.4124636969717281e+00,-4.3172554913986261e+00,-8.3824777478224538e-18,-3.1559115280598946e-17,9.7533285186414301e-04,6.4866892805112830e-01,7.6226683152950658e-01,-5.5260453922922892e-04,4.3167028868593995e+00,0.0000000000000000e+00,-9.0182381209191398e-01,4.9034850254277752e-15,7.5265333458373276e-15,1.9613940101711101e-14,2.9460686789517885e-03,-3.6648350669743848e-17
174,2.8237710905052321e+01,7.8429120982392018e+00,4.2431149063184748e-01,-3.6526337510167650e-13,3.6526337510167650e-13,0.0000000000000000e+00,6.6054712807770493e-17,-4.3829421838499569e-03,1.9558215875467191e-03,-6.3387637713966764e-03,-4.3829421838499629e-03,6.0715321659188248e-18,-3.5918600148197276e-17,-4.3829421838499274e-03,1.9558215875467191e-03,-6.3387637713966469e-03,0.0000000000000000e+00,-3.0230927142337891e-03,4.3829421838499274e-03,3.0230927142337761e-03,0.0000000000000000e+00,2.9066106431667946e+00,2.0042224823564392e+00,-2.9066106431667937e+00,1.4132752447652590e+00,-4.3198858879320507e+00,-2.9066106431667946e+00,1.4132752447652590e+00,-4.3198858879320507e+00,-1.9488570188497046e-17,-3.1375099504617500e-17,9.0490772086720636e-04,6.4922386163389356e-01,7.6259422339887972e-01,-5.5225201161857029e-04,4.3193336359204340e+00,0.0000000000000000e+00,-9.0238816081035544e-01,4.1633363423443370e-15,8.0877967225283868e-15,2.5165055224836884e-14,3.0797662247440110e-03,-3.8733973314846867e-17
175,2.8669615526823605e+01,7.9628718922453565e+00,4.3190462177128452e-01,-4.8572257327350599e-13,4.8572257327350599e-13,0.0000000000000000e+00,6.6174402871700838e-17,-4.5717282989827662e-03,2.0404883812289048e-03,-6.6122166802116706e-03,-4.5717282989827723e-03,6.0715321659188248e-18,-1.6294809109900870e-17,-4.5717282989827558e-03,2.0404883812289048e-03,-6.6122166802116602e-03,0.0000000000000000e+00,-3.1533828305658337e-03,4.5717282989827558e-03,3.1533828305658263e-03,0.0000000000000000e+00,2.9085444249507817e+00,2.0055563065234674e+00,-2.9085444249507808e+00,1.4141382571380314e+00,-4.3226826820888107e+00,-2.9085444249507817e+00,1.4141382571380314e+00,-4.3226826820888107e+00,-3.0764176577001130e-17,-3.1375099504617500e-17,8.4731148531558612e-04,6.4985140082741000e-01,7.6288761887431256e-01,-5.5192595099318176e-04,4.3221307561378186e+00,0.0000000000000000e+00,-9.0298811842731430e-01,8.1416355139178157e-15,1.1785938198360687e-14,2.8495724298712353e-14,3.2117775944717304e-03,-4.3665441319972644e-17
176,2.9116028462502594e+01,8.0868613128403801e+00,4.4641293567898899e-01,-3.7692071686024065e-13,3.7692071686024065e-13,0.0000000000000000e+00,6.7385081682994578e-17,-4.7552000151708154e-03,2.1228022192219900e-03,-6.8780022343928049e-03,-4.7552000151708214e-03,6.0715321659188248e-18,7.3914028706987757e-18,-4.7552000151708292e-03,2.1228022192219900e-03,-6.8780022343928188e-03,0.0000000000000000e+00,-3.2799315567746219e-03,4.7552000151708292e-03,3.2799315567746241e-03,0.0000000000000000e+00,2.9106262556755760e+00,2.0069922639043667e+00,-2.9106262556755751e+00,1.4150675305275475e+00,-4.3256937862031215e+00,-2.9106262556755760e+00,1.4150675305275475e+00,-4.3256937862031215e+00,-3.2751474435393547e-17,-3.1375099504617500e-17,7.9937505842332169e-04,6.5056123023121659e-01,7.6315530714732494e-01,-5.5161809058268396e-04,4.3251421681125404e+00,0.0000000000000000e+00,-9.0363399177120929e-01,3.8857805861880479e-15,6.9020848981829877e-15,1.1657341758564144e-14,3.3410437557400089e-03,-4.1007315860277884e-17
177,2.9578812147922999e+01,8.2153976441830885e+00,4.6278368542040482e-01,-2.7977620220553945e-13,2.7977620220553945e-13,0.0000000000000000e+00,7.6203178369941908e-17,-4.9291966314363462e-03,2.2009041494359832e-03,-7.1301007808723289e-03,-4.9291966314363523e-03,6.0715321659188248e-18,3.1362496825965676e-17,-4.9291966314363826e-03,2.2009041494359832e-03,-7.1301007808723654e-03,-8.6736173798840355e-19,-3.3998731750051752e-03,4.9291966314363826e-03,3.3998731750051756e-03,0.0000000000000000e+00,2.9128671460611710e+00,2.0085379162301975e+00,-2.9128671460611701e+00,1.4160680009115292e+00,-4.3289351469726984e+00,-2.9128671460611710e+00,1.4160680009115292e+00,-4.3289351469726984e+00,-2.3784138172376005e-17,-3.1575799935466961e-17,7.5906616624047448e-04,6.5135649368470649e-01,7.6340110930636462e-01,-5.5133175421762104e-04,4.3283838152184817e+00,0.0000000000000000e+00,-9.0432922983097352e-01,1.2582527612418442e-14,1.7671185437436420e-14,1.7393494052460788e-14,3.4645799390359030e-03,-3.9894892766833908e-17
178,3.0057984076571177e+01,8.3484857450198682e+00,4.7917192864817792e-01,-3.3806291099836017e-13,3.3806291099836017e-13,0.0000000000000000e+00,8.2132401643960170e-17,-5.0885002532634841e-03,2.2724578189136108e-03,-7.3609580721770949e-03,-5.0885002532634893e-03,5.2041704279304213e-18,2.2597609564795717e-17,-5.0885002532635127e-03,2.2724578189136117e-03,-7.3609580721771244e-03,8.6736173798840355e-19,-3.5096143368811001e-03,5.0885002532635127e-03,3.5096143368811101e-03,0.0000000000000000e+00,2.9152672456295985e+00,2.0101933324587180e+00,-2.9152672456295972e+00,1.4171397556524870e+00,-4.3324070012820837e+00,-2.9152672456295985e+00,1.4171397556524870e+00,-4.3324070012820837e+00,-1.0856054047715002e-17,-3.1575799935466961e-17,7.2468163883231606e-04,6.5223623483094695e-01,7.6362776615560302e-01,-5.5107302710455386e-04,4.3318559282549796e+00,0.0000000000000000e+00,-9.0507391317088048e-01,3.2381504884900400e-15,6.4932229871772361e-15,2.3314683517128287e-14,3.5786334283423732e-03,-4.4791376718915403e-17
179,3.0556604169881112e+01,8.4869754963809090e+00,4.9862009330993473e-01,-1.3600232051658168e-13,1.3600232051658168e-13,0.0000000000000000e+00,7.6196117896841551e-17,-5.2285733995347788e-03,2.3354288480404296e-03,-7.5640022475752088e-03,-5.2285733995347831e-03,4.3368086899420177e-18,3.1369871771989104e-17,-5.2285733995348152e-03,2.3354288480404292e-03,-7.5640022475752444e-03,8.6736173798840355e-19,-3.6060315907218495e-03,5.2285733995348152e-03,3.6060315907218694e-03,0.0000000000000000e+00,2.9178393957433202e+00,2.0119673344769091e+00,-2.9178393957433189e+00,1.4182885480924061e+00,-4.3361279438357245e+00,-2.9178393957433202e+00,1.4182885480924061e+00,-4.3361279438357245e+00,2.5985812422099027e-18,-3.1143315944737719e-17,6.9450048797710189e-04,6.5320385775469969e-01,7.6383934730034486e-01,-5.5084254938453370e-04,4.3355771012863400e+00,0.0000000000000000e+00,-9.0587206126641107e-01,5.8286708792820718e-15,8.7382028442440095e-15,1.2582527612418442e-14,3.6799206160137068e-03,-4.4490227554845054e-17
180,3.1078893296320967e+01,8.6320392277261071e+00,5.2228912643985481e-01,-2.4868995751603507e-13,2.4868995751603507e-13,0.0000000000000000e+00,8.5534985752200095e-17,-5.3443774154434843e-03,2.3875578474218707e-03,-7.7319352628653550e-03,-5.3443774154434895e-03,5.2041704279304213e-18,-2.0714029832873016e-17,-5.3443774154434687e-03,2.3875578474218712e-03,-7.7319352628653394e-03,0.0000000000000000e+00,-3.6856563078796925e-03,5.3443774154434687e-03,3.6856563078796882e-03,0.0000000000000000e+00,2.9206004643658434e+00,2.0138715191283256e+00,-2.9206004643658421e+00,1.4195219303900861e+00,-4.3401223947559275e+00,-2.9206004643658434e+00,1.4195219303900861e+00,-4.3401223947559275e+00,5.3812964311409573e-18,-3.0916809142517058e-17,6.6704408778642363e-04,6.5426439478875098e-01,7.6403984662412272e-01,-5.5064488942613288e-04,4.3395717498665025e+00,0.0000000000000000e+00,-9.0672894523751779e-01,5.0885221961986344e-15,9.4497488537180178e-15,1.7393494052460788e-14,3.7647970804583807e-03,-3.9115199126294426e-17
181,3.1630834645713566e+01,8.7853387462750838e+00,5.5194134939259953e-01,-3.3417713041217212e-13,3.3417713041217212e-13,0.0000000000000000e+00,8.5771212819036726e-17,-5.4301763849863658e-03,2.4262737000457437e-03,-7.8564500850321090e-03,-5.4301763849863710e-03,5.2041704279304213e-18,3.3064109407901762e-18,-5.4301763849863745e-03,2.4262737000457441e-03,-7.8564500850321177e-03,0.0000000000000000e+00,-3.7445386071143305e-03,5.4301763849863745e-03,3.7445386071143488e-03,0.0000000000000000e+00,2.9235739252476995e+00,2.0159220350321414e+00,-2.9235739252476982e+00,1.4208504067301151e+00,-4.3444243319778124e+00,-2.9235739252476995e+00,1.4208504067301151e+00,-4.3444243319778124e+00,5.7730410063680181e-19,-3.0916809142517058e-17,6.4106561951340197e-04,6.5542558927481898e-01,7.6423327859594847e-01,-5.5047323983425933e-04,4.3438738587379788e+00,0.0000000000000000e+00,-9.0765189021555814e-01,1.0639637319324418e-14,1.7200954277002979e-14,2.3129646346357429e-14,3.8291312116606538e-03,-4.5525198790398281e-17
182,3.2217586859495306e+01,8.9483068442066358e+00,5.8675221378173958e-01,-2.9531932455029164e-13,2.9531932455029164e-13,0.0000000000000000e+00,8.7942035476188609e-17,-5.4786596558432238e-03,2.4482972721277182e-03,-7.9269569279709420e-03,-5.4786596558432281e-03,4.3368086899420177e-18,3.1887089600592044e-18,-5.4786596558432325e-03,2.4482972721277187e-03,-7.9269569279709507e-03,8.6736173798840355e-19,-3.7776448016755043e-03,5.4786596558432325e-03,3.7776448016755317e-03,0.0000000000000000e+00,2.9267743170960689e+00,2.0181288639159312e+00,-2.9267743170960676e+00,1.4222804893846945e+00,-4.3490548064807610e+00,-2.9267743170960689e+00,1.4222804893846945e+00,-4.3490548064807610e+00,2.4828170909374051e-18,-3.0662345932559923e-17,6.1563356294877742e-04,6.5669178830318808e-01,7.6442274086932682e-01,-5.5032664923082564e-04,4.3485044798315311e+00,0.0000000000000000e+00,-9.0864545318013779e-01,1.4895492247054186e-14,2.4239410304952372e-14,1.5913196686293911e-14,3.8676504397591530e-03,-5.9178738987512423e-17
183,3.2842733452505904e+01,9.1219388285406993e+00,6.2514659301059794e-01,-2.0206059048177849e-13,2.0206059048177849e-13,0.0000000000000000e+00,1.0243944195669423e-16,-5.4814610642484746e-03,2.4498737543216030e-03,-7.9313348185700780e-03,-5.4814610642484798e-03,5.2041704279304213e-18,3.1466288432136805e-17,-5.4814610642485110e-03,2.4498737543216030e-03,-7.9313348185701144e-03,0.0000000000000000e+00,-3.7792167858377930e-03,5.4814610642485110e-03,3.7792167858378316e-03,0.0000000000000000e+00,2.9302001581596442e+00,2.0204909370535744e+00,-2.9302001581596429e+00,1.4238115268492786e+00,-4.3540116850089206e+00,-2.9302001581596442e+00,1.4238115268492786e+00,-4.3540116850089206e+00,1.3315043866198652e-17,-3.0391231814854323e-17,5.9011355068082361e-04,6.5806082244228647e-01,7.6461038683520854e-01,-5.5020402110272926e-04,4.3534614809878187e+00,0.0000000000000000e+00,-9.0970922110606978e-01,1.9428902930940239e-14,3.2878074953466295e-14,1.1287267417022425e-14,3.8742924167454191e-03,-5.5772525185401177e-17
184,3.3507059884931877e+01,9.3064528577257466e+00,6.6432643242597322e-01,-5.5178084323870280e-13,5.5178084323870280e-13,0.0000000000000000e+00,1.1583752105169521e-16,-5.4303726525563780e-03,2.4273153256957904e-03,-7.8576879782521689e-03,-5.4303726525563832e-03,5.2041704279304213e-18,-1.6574289396689258e-17,-5.4303726525563659e-03,2.4273153256957904e-03,-7.8576879782521567e-03,-8.6736173798840355e-19,-3.7436102113747520e-03,5.4303726525563659e-03,3.7436102113747542e-03,0.0000000000000000e+00,2.9338246679417992e+00,2.0229897434639823e+00,-2.9338246679417979e+00,1.4254315496601759e+00,-4.3592562176019731e+00,-2.9338246679417992e+00,1.4254315496601759e+00,-4.3592562176019731e+00,1.8261618161653604e-17,-3.0679337479364640e-17,5.6416852072748943e-04,6.5952005168322059e-01,7.6479722597379662e-01,-5.5010348243134111e-04,4.3587061141195420e+00,0.0000000000000000e+00,-9.1083492447781689e-01,1.5265566588595902e-14,2.3782135873179264e-14,2.4054832200211727e-14,3.8430488391383993e-03,-5.6362856071234600e-17
185,3.4203166852666321e+01,9.4997938044218273e+00,6.9610696773444403e-01,-1.7874590696465020e-13,1.7874590696465020e-13,0.0000000000000000e+00,5.3634085334482959e-17,-5.3202901952111390e-03,2.3783200035680219e-03,-7.6986101987791614e-03,-5.3202901952111442e-03,5.2041704279304213e-18,1.1717828301499881e-17,-5.3202901952111546e-03,2.3783200035680215e-03,-7.6986101987791761e-03,-1.7347234759768071e-18,-3.6673278021640741e-03,5.3202901952111546e-03,3.6673278021640866e-03,0.0000000000000000e+00,2.9375664735998468e+00,2.0255691462583187e+00,-2.9375664735998455e+00,1.4271041677787215e+00,-4.3646706413785665e+00,-2.9375664735998468e+00,1.4271041677787215e+00,-4.3646706413785665e+00,1.6571309958207316e-17,-3.1585002303404620e-17,5.3789393405662166e-04,6.6103439053942115e-01,7.6498185988386647e-01,-5.5002342137733251e-04,4.3641206179571892e+00,0.0000000000000000e+00,-9.1199732734152805e-01,1.0454600148553558e-14,1.9239310459890108e-14,2.8495724298712353e-14,3.7700227705913013e-03,-6.4165418316122905e-17
186,3.4923577850097089e+01,9.6998850988774077e+00,7.2041099743076842e-01,-2.4480417692984702e-13,2.4480417692984702e-13,0.0000000000000000e+00,1.0419214749768327e-16,-5.1509528689145595e-03,2.3027550213817138e-03,-7.4537078902962729e-03,-5.1509528689145647e-03,5.2041704279304213e-18,-1.0314737611829180e-16,-5.1509528689144615e-03,2.3027550213817138e-03,-7.4537078902961757e-03,0.0000000000000000e+00,-3.5502117670482372e-03,5.1509528689144615e-03,3.5502117670482402e-03,0.0000000000000000e+00,2.9413382729299302e+00,2.0281689436983448e+00,-2.9413382729299289e+00,1.4287903167426077e+00,-4.3701285896725359e+00,-2.9413382729299302e+00,1.4287903167426077e+00,-4.3701285896725359e+00,-1.6362115910462283e-17,-3.2209859238202131e-17,5.1141764070830945e-04,6.6256603197651298e-01,7.6516290498633299e-01,-5.4996213905345037e-04,4.3695786275334836e+00,0.0000000000000000e+00,-9.1316932923158545e-01,7.4940054162198066e-15,1.1566865803154877e-14,1.9058828589398523e-14,3.6547521702363604e-03,-6.3869856839890012e-17
187,3.5662997928724565e+01,9.9052560901680220e+00,7.3942007862747516e-01,-6.0618177144533547e-13,6.0618177144533547e-13,0.0000000000000000e+00,1.1676807074921796e-16,-4.9263462581853115e-03,2.2023957788356308e-03,-7.1287420370209423e-03,-4.9263462581853150e-03,3.4694469519536142e-18,1.1766810749784862e-16,-4.9263462581854330e-03,2.2023957788356321e-03,-7.1287420370210654e-03,0.0000000000000000e+00,-3.3950287777018561e-03,4.9263462581854330e-03,3.3950287777018656e-03,0.0000000000000000e+00,2.9450639515863868e+00,2.0307366688531876e+00,-2.9450639515863855e+00,1.4304559162220705e+00,-4.3755198678084550e+00,-2.9450639515863868e+00,1.4304559162220705e+00,-4.3755198678084550e+00,-1.0993655741262107e-17,-3.2209859238202131e-17,4.8476495122580987e-04,6.6408182532502102e-01,7.6533940634566533e-01,-5.4991960015815522e-04,4.3749699482082978e+00,0.0000000000000000e+00,-9.1432728273319919e-01,3.5342099617234154e-14,4.4442789147300527e-14,2.5535129566378600e-14,3.4998317715542273e-03,-6.6882643826428462e-17
188,3.6442092771238315e+01,1.0121646589616530e+01,7.7909484251375005e-01,-1.6048273820956638e-12,1.6048273820956638e-12,0.0000000000000000e+00,2.0440042249090653e-16,-4.6444459991116446e-03,2.0763392916821584e-03,-6.7207852907938031e-03,-4.6444459991116472e-03,2.6020852139652106e-18,7.9159050194205450e-17,-4.6444459991117270e-03,2.0763392916821584e-03,-6.7207852907938855e-03,8.6736173798840355e-19,-3.2003901972323819e-03,4.6444459991117270e-03,3.2003901972323459e-03,0.0000000000000000e+00,2.9487922290296020e+00,2.0333058973069820e+00,-2.9487922290296007e+00,1.4321226864350320e+00,-4.3809149154646319e+00,-2.9487922290296020e+00,1.4321226864350320e+00,-4.3809149154646319e+00,6.5679855970997835e-17,-3.1871980709871870e-17,4.5699666790956412e-04,6.6559980215942338e-01,7.6551599111481550e-01,-5.4989649288361697e-04,4.3803650189717489e+00,0.0000000000000000e+00,-9.1548633172262006e-01,4.4593958155777123e-14,5.6652954801156812e-14,3.2011430543358684e-14,3.3037554626319200e-03,-6.5883349938057666e-17
189,3.7274019718461950e+01,1.0352710996401148e+01,8.3192694722363569e-01,-5.5178084323870280e-13,5.5178084323870280e-13,0.0000000000000000e+00,2.2933876136457339e-16,-4.3057968534475398e-03,1.9248373727346604e-03,-6.2306342261822002e-03,-4.3057968534475442e-03,4.3368086899420177e-18,6.4643146427316976e-19,-4.3057968534475450e-03,1.9248373727346595e-03,-6.2306342261822046e-03,0.0000000000000000e+00,-2.9666858048480022e-03,4.3057968534475450e-03,2.9666858048479927e-03,0.0000000000000000e+00,2.9525152031362221e+00,2.0358711756628356e+00,-2.9525152031362207e+00,1.4337870297788975e+00,-4.3863022329151171e+00,-2.9525152031362221e+00,1.4337870297788975e+00,-4.3863022329151171e+00,9.8876021334922817e-17,-3.1511189908460230e-17,4.2741899811579839e-04,6.6711528232730000e-01,7.6569442945038180e-01,-5.4989900309987405e-04,4.3857523339120181e+00,0.0000000000000000e+00,-9.1664402747338647e-01,6.5503158452884236e-14,8.2369520512577625e-14,4.6999441375798298e-14,3.0667539266456996e-03,-8.9861868017130646e-17
190,3.8143235297660233e+01,1.0594132172678311e+01,8.6921557919828274e-01,-8.0047080075473787e-13,8.0047080075473787e-13,0.0000000000000000e+00,1.7989224885996306e-16,-3.9268630407180011e-03,1.7552687645270028e-03,-5.6821318052450043e-03,-3.9268630407180045e-03,3.4694469519536142e-18,3.1034640513594282e-17,-3.9268630407180358e-03,1.7552687645270028e-03,-5.6821318052450390e-03,0.0000000000000000e+00,-2.7052874942088624e-03,3.9268630407180358e-03,2.7052874942088429e-03,0.0000000000000000e+00,2.9560931812553468e+00,2.0383362594410039e+00,-2.9560931812553455e+00,1.4353864325727030e+00,-4.3914796138280474e+00,-2.9560931812553468e+00,1.4353864325727030e+00,-4.3914796138280474e+00,1.1264486199935510e-16,-3.1511189908460230e-17,3.9635789216566314e-04,6.6857014649318780e-01,7.6586999239132614e-01,-5.4993579602347076e-04,4.3909296780320251e+00,0.0000000000000000e+00,-9.1775692181434287e-01,2.8865798640254070e-14,5.8647711525512121e-14,2.9976021664879227e-14,2.8002524070398173e-03,-1.0198658945250230e-16
191,3.9034484799599056e+01,1.0841673183520482e+01,8.9124950193882313e-01,-5.9841021027295938e-13,5.9841021027295938e-13,0.0000000000000000e+00,1.7990025635927787e-16,-3.5294565382673524e-03,1.5774140614574124e-03,-5.1068705997247650e-03,-3.5294565382673554e-03,3.0357660829594124e-18,-1.6588194726671557e-17,-3.5294565382673389e-03,1.5774140614574128e-03,-5.1068705997247520e-03,0.0000000000000000e+00,-2.4312438139724507e-03,3.5294565382673389e-03,2.4312438139724355e-03,0.0000000000000000e+00,2.9594159018108805e+00,2.0406252249260590e+00,-2.9594159018108792e+00,1.4368715585270924e+00,-4.3962874603379705e+00,-2.9594159018108805e+00,1.4368715585270924e+00,-4.3962874603379705e+00,1.1908255580554565e-16,-3.1511189908460230e-17,3.6425018019080389e-04,6.6991867559910157e-01,7.6603862437972914e-01,-5.5000836807095332e-04,4.3957374519699002e+00,0.0000000000000000e+00,-9.1879067688482152e-01,5.4956039718945249e-14,6.8661208169664030e-14,5.4771002548174394e-14,2.5195896994335046e-03,-1.0958075629320121e-16
192,3.9949580437604830e+01,1.1095837363984462e+01,9.1509563800577354e-01,-8.7041485130612273e-13,8.7041485130612273e-13,0.0000000000000000e+00,1.5146639627591702e-16,-3.1297902064947344e-03,1.3985526367196444e-03,-4.5283428432143788e-03,-3.1297902064947375e-03,3.0357660829594124e-18,2.2540037868977475e-17,-3.1297902064947600e-03,1.3985526367196455e-03,-4.5283428432144057e-03,0.0000000000000000e+00,-2.1557329388953270e-03,3.1297902064947600e-03,2.1557329388953344e-03,0.0000000000000000e+00,2.9624628256351486e+00,2.0427239861351505e+00,-2.9624628256351473e+00,1.4382332055992686e+00,-4.4006960312344150e+00,-2.9624628256351486e+00,1.4382332055992686e+00,-4.4006960312344150e+00,1.2180580865435502e-16,-3.1511189908460230e-17,3.3114338000135438e-04,6.7115208113924651e-01,7.6619986901266912e-01,-5.5011206735144924e-04,4.4001459191670644e+00,0.0000000000000000e+00,-9.1973883949999813e-01,3.2751579226442118e-14,6.4462127677863379e-14,3.4786988104921576e-14,2.2362605226648041e-03,-9.3635578267368907e-17
193,4.0900618028537245e+01,1.1359984279181811e+01,9.5103759093241536e-01,-1.3405943022348765e-12,1.3405943022348765e-12,0.0000000000000000e+00,1.5147627074921703e-16,-2.7400863240761527e-03,1.2241737644908930e-03,-3.9642600885670459e-03,-2.7400863240761549e-03,2.1684043449710089e-18,-2.4798468926102975e-17,-2.7400863240761302e-03,1.2241737644908934e-03,-3.9642600885670233e-03,0.0000000000000000e+00,-1.8871781956544020e-03,2.7400863240761302e-03,1.8871781956544037e-03,0.0000000000000000e+00,2.9652540622525012e+00,2.0446464663680284e+00,-2.9652540622524999e+00,1.4394803612984097e+00,-4.4047344235509085e+00,-2.9652540622525012e+00,1.4394803612984097e+00,-4.4047344235509085e+00,1.2073188223842723e-16,-3.1511189908460230e-17,2.9697858938149667e-04,6.7227839014766322e-01,7.6635475211839210e-01,-5.5024044297291574e-04,4.4041841831079367e+00,0.0000000000000000e+00,-9.2060759588447283e-01,5.0145073278902906e-14,8.9843357268073042e-14,4.1633363423443370e-14,1.9589719579268059e-03,-7.1679949091663446e-17
194,4.1914337266985356e+01,1.1641540773126227e+01,1.0137192384481111e+00,-5.3623772089395061e-13,5.3623772089395061e-13,0.0000000000000000e+00,1.8840772624465717e-16,-2.3684718199763720e-03,1.0579276542303092e-03,-3.4263994742066810e-03,-2.3684718199763746e-03,2.6020852139652106e-18,-7.7370337127436970e-18,-2.3684718199763668e-03,1.0579276542303086e-03,-3.4263994742066753e-03,0.0000000000000000e+00,-1.6311796138281033e-03,2.3684718199763668e-03,1.6311796138281218e-03,0.0000000000000000e+00,2.9678433840881797e+00,2.0464297798676365e+00,-2.9678433840881784e+00,1.4406370663545334e+00,-4.4084804504427106e+00,-2.9678433840881797e+00,1.4406370663545334e+00,-4.4084804504427106e+00,1.0424094975963815e-16,-3.1511189908460230e-17,2.6149876643663311e-04,6.7331945337254751e-01,7.6650572570289754e-01,-5.5038851265165611e-04,4.4079300619300597e+00,0.0000000000000000e+00,-9.2141360422054319e-01,4.2928623618839388e-14,7.4262763805653613e-14,4.2558549277297672e-14,1.6935253472288780e-03,-2.9436866925794754e-17
195,4.3010006507203556e+01,1.1945858554715185e+01,1.0956692402182000e+00,-6.2522209631765691e-12,6.2522209631765691e-12,0.0000000000000000e+00,8.5626176668490596e-17,-2.0294225278510917e-03,9.0629338985209968e-04,-2.9357159177031914e-03,-2.0294225278510935e-03,1.7347234759768071e-18,-2.4924212518684685e-17,-2.0294225278510688e-03,9.0629338985210033e-04,-2.9357159177031689e-03,0.0000000000000000e+00,-1.3977089293358332e-03,2.0294225278510688e-03,1.3977089293357864e-03,0.0000000000000000e+00,2.9702527028675019e+00,2.0480891098720337e+00,-2.9702527028675005e+00,1.4417131346440286e+00,-4.4119658375115280e+00,-2.9702527028675019e+00,1.4417131346440286e+00,-4.4119658375115280e+00,8.6347988338153796e-17,-3.1511189908460230e-17,2.2514936673572518e-04,6.7428465437202112e-01,7.6665278691761385e-01,-5.5054398765785884e-04,4.4114152935238717e+00,0.0000000000000000e+00,-9.2216359299546813e-01,9.2148511043887993e-14,1.8976325362343312e-13,1.5524618627675107e-13,1.4502799965006145e-03,-2.7250247277285557e-17
196,4.4196978253418585e+01,1.2275535244867585e+01,1.1869717462150291e+00,-2.1993518117824351e-12,2.1993518117824351e-12,0.0000000000000000e+00,2.2937350328480348e-16,-1.7414068126040195e-03,7.7752349522455929e-04,-2.5189303078285786e-03,-1.7414068126040212e-03,1.7347234759768071e-18,1.2662533108975230e-16,-1.7414068126041476e-03,7.7752349522455908e-04,-2.5189303078287069e-03,-2.1684043449710089e-19,-1.1994757334770991e-03,1.7414068126041476e-03,1.1994757334770939e-03,0.0000000000000000e+00,2.9724906368109614e+00,2.0496305022792649e+00,-2.9724906368109600e+00,1.4427124561782214e+00,-4.4152030929891808e+00,-2.9724906368109614e+00,1.4427124561782214e+00,-4.4152030929891808e+00,1.4670616548931471e-16,-3.1639881643052754e-17,1.8915042234506676e-04,6.7517886315803810e-01,7.6679376036294145e-01,-5.5068223489684875e-04,4.4146524107542842e+00,0.0000000000000000e+00,-9.2286013453169646e-01,1.3970306393199888e-13,1.9941481219173033e-13,6.7908641672905417e-14,1.2425484419391658e-03,-6.7046712198527943e-17
197,4.5472045075308372e+01,1.2629679992545187e+01,1.2750668218897871e+00,-2.2498669594028797e-12,2.2498669594028797e-12,0.0000000000000000e+00,2.2882314129485529e-16,-1.5201323689689864e-03,6.7862453471214757e-04,-2.1987569036811339e-03,-1.5201323689689880e-03,1.5178830414797062e-18,-1.8145463104893565e-16,-1.5201323689688065e-03,6.7862453471214616e-04,-2.1987569036809526e-03,0.0000000000000000e+00,-1.0472711592679649e-03,1.5201323689688065e-03,1.0472711592679740e-03,0.0000000000000000e+00,2.9745699770103200e+00,2.0510628784893266e+00,-2.9745699770103187e+00,1.4436407991985876e+00,-4.4182107762089053e+00,-2.9745699770103200e+00,1.4436407991985876e+00,-4.4182107762089053e+00,1.1175065486661585e-16,-3.1778124664888461e-17,1.5529198407181603e-04,6.7600973929079544e-01,7.6692499366303746e-01,-5.5077426068272928e-04,4.4176600019482235e+00,0.0000000000000000e+00,-9.2350709852099344e-01,1.3045120539345589e-13,1.7429694140134311e-13,2.0446607370179967e-13,1.0820113751171495e-03,-9.4419084539510662e-17
198,4.6842740776232553e+01,1.3010385281721417e+01,1.3706957009241805e+00,-2.6850743850559411e-12,2.6850743850559411e-12,0.0000000000000000e+00,1.6297857004752978e-16,-1.3687939346269553e-03,6.1100306664611369e-04,-1.9797970012730690e-03,-1.3687939346269569e-03,1.5178830414797062e-18,-1.8791475141162820e-16,-1.3687939346267689e-03,6.1100306664611218e-04,-1.9797970012728813e-03,0.0000000000000000e+00,-9.4324874345720763e-04,1.3687939346267689e-03,9.4324874345717293e-04,0.0000000000000000e+00,2.9765498964426325e+00,2.0524270770259614e+00,-2.9765498964426316e+00,1.4445246427030751e+00,-4.4210745391457058e+00,-2.9765498964426325e+00,1.4445246427030751e+00,-4.4210745391457058e+00,-1.4139585742924127e-16,-3.1778124664888461e-17,1.2490231382604157e-04,6.7680441033538852e-01,7.6704453351392765e-01,-5.5079653993295175e-04,4.4205237426057735e+00,0.0000000000000000e+00,-9.2412281941667107e-01,1.4340380734741606e-13,2.9300448967292161e-13,1.1657341758564144e-13,9.7140815868592269e-04,-9.7833968865204524e-17
199,4.8311777641182246e+01,1.3418404438784600e+01,1.4690368649496932e+00,-2.1527224447481785e-12,2.1527224447481785e-12,0.0000000000000000e+00,2.5782724346210422e-16,-1.2783917108419415e-03,5.7061974781962021e-04,-1.8490114586615617e-03,-1.2783917108419428e-03,1.3010426069826053e-18,8.1925804313366813e-17,-1.2783917108420248e-03,5.7061974781962021e-04,-1.8490114586616449e-03,0.0000000000000000e+00,-8.8115642660518067e-04,1.2783917108420248e-03,8.8115642660521515e-04,0.0000000000000000e+00,2.9784943030934121e+00,2.0537671362516745e+00,-2.9784943030934112e+00,1.4453925664405329e+00,-4.4238868695339431e+00,-2.9784943030934121e+00,1.4453925664405329e+00,-4.4238868695339431e+00,-2.1924669271151566e-16,-3.1778124664888461e-17,9.8980471820065918e-05,6.7759220444916934e-01,7.6715063933240724e-01,-5.5074218713624390e-04,4.4233361273468077e+00,0.0000000000000000e+00,-9.2472716684173761e-01,2.1908401019269757e-13,3.8365566292638856e-13,1.0510111299784816e-13,9.0496077922352111e-04,-1.7651242127798555e-16
200,4.9861435097147393e+01,1.3848815644933079e+01,1.5496574559651464e+00,-5.9180438327643969e-12,5.9180438327643969e-12,0.0000000000000000e+00,3.9239526751713361e-16,-1.2277536875969230e-03,5.4800647105957814e-04,-1.7757601586565011e-03,-1.2277536875969245e-03,1.5178830414797062e-18,-3.0613312178418314e-17,-1.2277536875968940e-03,5.4800647105957890e-04,-1.7757601586564729e-03,0.0000000000000000e+00,-8.4636377451066669e-04,1.2277536875968940e-03,8.4636377451068154e-04,0.0000000000000000e+00,2.9804361365446241e+00,2.0551056685316693e+00,-2.9804361365446228e+00,1.4462593101707950e+00,-4.4266954467154171e+00,-2.9804361365446241e+00,1.4462593101707950e+00,-4.4266954467154171e+00,-1.7948829970097773e-16,-3.1778124664888461e-17,7.8075005681377746e-05,6.7838904231733443e-01,7.6724156331700022e-01,-5.5062953077888999e-04,4.4261448171846389e+00,0.0000000000000000e+00,-9.2533046801295482e-01,3.2714571792287949e-13,6.5290868899732882e-13,1.2193949553799638e-13,8.6806289203544883e-04,-2.1090968365242157e-16
201,5.1460392293319572e+01,1.4292919658200729e+01,1.5989571961721794e+00,-6.5941696547611173e-12,6.5941696547611173e-12,0.0000000000000000e+00,4.3598887936651877e-16,-1.1885529089450371e-03,5.3050820063446039e-04,-1.7190611095794974e-03,-1.1885529089450384e-03,1.3010426069826053e-18,3.1325937847925377e-17,-1.1885529089450697e-03,5.3050820063446473e-04,-1.7190611095795343e-03,0.0000000000000000e+00,-8.1934202051475811e-04,1.1885529089450697e-03,8.1934202051477708e-04,0.0000000000000000e+00,2.9823679219549737e+00,2.0564373646655003e+00,-2.9823679219549724e+00,1.4471215595685363e+00,-4.4294894815235075e+00,-2.9823679219549737e+00,1.4471215595685363e+00,-4.4294894815235075e+00,-1.7891857072976006e-16,-3.1778124664888461e-17,6.1940344833878676e-05,6.7919217399329179e-01,7.6731694561353680e-01,-5.5049961687392290e-04,4.4289389819066347e+00,0.0000000000000000e+00,-9.2593055728947338e-01,4.2151467501601780e-13,6.9748825677850025e-13,1.6560826783991919e-13,8.4061884673475101e-04,-2.1034437078486312e-16
202,5.3110043982259270e+01,1.4751103865573963e+01,1.6496516889396986e+00,-6.3454796972450822e-12,6.3454796972450822e-12,0.0000000000000000e+00,3.6973252306879764e-16,-1.1367072368743661e-03,5.0736731407017080e-04,-1.6440745509445369e-03,-1.1367072368743672e-03,1.0842021724855044e-18,2.5726103822375550e-16,-1.1367072368746246e-03,5.0736731407017243e-04,-1.6440745509447969e-03,2.1684043449710089e-19,-7.8352080306890207e-04,1.1367072368746246e-03,7.8352080306883648e-04,0.0000000000000000e+00,2.9842858566183614e+00,2.0577594473475318e+00,-2.9842858566183601e+00,1.4479776261164070e+00,-4.4322634827347658e+00,-2.9842858566183614e+00,1.4479776261164070e+00,-4.4322634827347658e+00,5.9115425511564314e-17,-3.1599269070389183e-17,4.9500599833897827e-05,6.7999844950910482e-01,7.6737929468422106e-01,-5.5038132324725098e-04,4.4317131014115194e+00,0.0000000000000000e+00,-9.2652640927082963e-01,4.0116058623122325e-13,6.7929815497973380e-13,1.7523020072000389e-13,8.0516024985262467e-04,-1.2949623419320959e-16
203,5.4858908085918600e+01,1.5236843927255517e+01,1.7488641036593293e+00,-4.6124215558052128e-12,4.6124215558052128e-12,0.0000000000000000e+00,4.4435781235779933e-16,-1.0568760519958692e-03,4.7173045465234866e-04,-1.5286065066482178e-03,-1.0568760519958701e-03,8.6736173798840355e-19,1.6216004792676522e-16,-1.0568760519960323e-03,4.7173045465235001e-04,-1.5286065066483822e-03,0.0000000000000000e+00,-7.2836719168526418e-04,1.0568760519960323e-03,7.2836719168520498e-04,0.0000000000000000e+00,2.9862039961545079e+00,2.0590814906689214e+00,-2.9862039961545062e+00,1.4488337805872529e+00,-4.4350377767417575e+00,-2.9862039961545079e+00,1.4488337805872529e+00,-4.4350377767417584e+00,4.2587066645479069e-16,-3.1409656844332245e-17,3.9533800445045514e-05,6.8081165601124860e-01,7.6743230772388205e-01,-5.5028305167703628e-04,4.4344874936900815e+00,0.0000000000000000e+00,-9.2712250548558650e-01,3.2677564358133776e-13,5.4697997738127097e-13,1.3211653993039363e-13,7.5029064890493340e-04,-1.6432113093967782e-16
204,5.6788044150827382e+01,1.5772653810482121e+01,1.9291360649087821e+00,-2.4752422334017865e-12,2.4752422334017865e-12,0.0000000000000000e+00,4.3626909123886528e-16,-9.4232551175906388e-04,4.2058936228933831e-04,-1.3629148740484022e-03,-9.4232551175906496e-04,1.0842021724855044e-18,-7.3387672860679798e-17,-9.4232551175899167e-04,4.2058936228933619e-04,-1.3629148740483279e-03,1.0842021724855044e-19,-6.4928331739951971e-04,9.4232551175899167e-04,6.4928331739957771e-04,0.0000000000000000e+00,2.9881323620733387e+00,2.0604103283098789e+00,-2.9881323620733369e+00,1.4496944837574004e+00,-4.4378268458307355e+00,-2.9881323620733387e+00,1.4496944837574004e+00,-4.4378268458307364e+00,5.1149766160858792e-16,-3.1305078168702533e-17,3.1123811670451262e-05,6.8163411376072491e-01,7.6747904017130208e-01,-5.5020601370303623e-04,4.4372766398170338e+00,0.0000000000000000e+00,-9.2772203376345974e-01,5.8249701358666550e-13,9.3953242379325125e-13,2.0613140823873741e-13,6.7070182384937750e-04,-1.7068893642808876e-16
205,5.8985303859190161e+01,1.6382933971208910e+01,2.1972597083627790e+00,-3.1008529077780622e-12,3.1008529077780622e-12,0.0000000000000000e+00,2.4050758103547389e-16,-7.9781882214275735e-04,3.5607344716747155e-04,-1.1538922693102290e-03,-7.9781882214275833e-04,9.7578195523695399e-19,-1.0739725136697160e-16,-7.9781882214265099e-04,3.5607344716747182e-04,-1.1538922693101229e-03,1.0842021724855044e-19,-5.4959779605055607e-04,7.9781882214265099e-04,5.4959779605072694e-04,0.0000000000000000e+00,2.9900441365891477e+00,2.0617274548927296e+00,-2.9900441365891459e+00,1.4505477487065019e+00,-4.4405918852956461e+00,-2.9900441365891477e+00,1.4505477487065019e+00,-4.4405918852956470e+00,3.1288194666616975e-16,-3.1066850793770355e-17,2.3773720624706586e-05,6.8245274939168477e-01,7.6752107385868251e-01,-5.5015173550998497e-04,4.4400417335601379e+00,0.0000000000000000e+00,-9.2831668169641812e-01,1.3874087064399041e-12,2.4110026511193491e-12,4.5167573385166787e-13,5.6923666798764662e-04,-1.6147181863559442e-16
206,6.1516462590794042e+01,1.7085953260039012e+01,2.5311587316038811e+00,-1.1498024754530434e-11,1.1498024754530434e-11,0.0000000000000000e+00,3.6904512881023430e-16,-6.4459700302387174e-04,2.8767221314994631e-04,-9.3226921617381811e-04,-6.4459700302387250e-04,7.5894152073985310e-19,-4.8219006497131100e-17,-6.4459700302382426e-04,2.8767221314994961e-04,-9.3226921617377387e-04,0.0000000000000000e+00,-4.4398520855918477e-04,6.4459700302382426e-04,4.4398520855921052e-04,0.0000000000000000e+00,2.9918696282943844e+00,2.0629849130415754e+00,-2.9918696282943831e+00,1.4513624599310242e+00,-4.4432320882254057e+00,-2.9918696282943844e+00,1.4513624599310242e+00,-4.4432320882254057e+00,1.1593722173004740e-16,-3.0929636403984825e-17,1.7387374093942186e-05,6.8323648211527543e-01,7.6755847307085889e-01,-5.5011737079602163e-04,4.4426819708546113e+00,0.0000000000000000e+00,-9.2888471525280902e-01,1.2349380777247159e-12,2.1048445901661869e-12,3.6748382115092681e-13,4.6059365336340231e-04,-5.0885670831594541e-16
207,6.4421130025376158e+01,1.7892713108266282e+01,2.9046674345821160e+00,-9.3608454321270074e-12,9.3608454321270074e-12,0.0000000000000000e+00,3.6937498812350133e-16,-5.1220833874504352e-04,2.2858084167964166e-04,-7.4078918042468512e-04,-5.1220833874504417e-04,6.5052130349130266e-19,2.5779052559487710e-16,-5.1220833874530199e-04,2.2858084167964296e-04,-7.4078918042494489e-04,0.0000000000000000e+00,-3.5280608638003761e-04,5.1220833874530199e-04,3.5280608638011806e-04,0.0000000000000000e+00,2.9935496956965779e+00,2.0641421199048597e+00,-2.9935496956965766e+00,1.4521122316492077e+00,-4.4456619273457827e+00,-2.9935496956965779e+00,1.4521122316492077e+00,-4.4456619273457827e+00,4.2030500509961078e-16,-3.0929636403984825e-17,1.2129705451059260e-05,6.8395945027753424e-01,7.6759056834990713e-01,-5.5008331631523077e-04,4.4451118440294692e+00,0.0000000000000000e+00,-9.2940757579171818e-01,2.3618144477192499e-12,3.9014652041125247e-12,8.9058390292014644e-13,3.6585422679286003e-04,-8.1938992453576483e-16
208,6.7770186376646947e+01,1.8822900213849508e+01,3.3490563512707894e+00,-2.2996049509060867e-11,2.2996049509060867e-11,0.0000000000000000e+00,4.9758199941300133e-16,-4.1560544112474496e-04,1.8547038306775538e-04,-6.0107582419250034e-04,-4.1560544112474534e-04,3.7947076036992655e-19,-2.8388409075563186e-16,-4.1560544112446155e-04,1.8547038306775430e-04,-6.0107582419221585e-04,1.0842021724855044e-19,-2.8631914040474777e-04,4.1560544112446155e-04,2.8631914040483017e-04,0.0000000000000000e+00,2.9951033460127126e+00,2.0652123531048705e+00,-2.9951033460127112e+00,1.4528055720912034e+00,-4.4479089181039129e+00,-2.9951033460127126e+00,1.4528055720912034e+00,-4.4479089181039129e+00,3.7661059503514879e-16,-3.0748083695393619e-17,8.1243991746105891e-06,6.8463026651229220e-01,7.6761715362386707e-01,-5.5002755586963659e-04,4.4473588905480455e+00,0.0000000000000000e+00,-9.2989099290784205e-01,3.8354504757383747e-12,6.1599818700161072e-12,6.2727600891321345e-13,2.9621539500973679e-04,-4.8586545600809292e-16
209,7.1554883835279568e+01,1.9874084907477560e+01,3.7846974586326212e+00,-3.1513680553985068e-11,3.1513680553985068e-11,0.0000000000000000e+00,7.0274524821350990e-16,-3.4496643223129372e-04,1.5394853859264493e-04,-4.9891497082393864e-04,-3.4496643223129404e-04,3.2526065174565133e-19,-3.1696030903718340e-16,-3.4496643223097707e-04,1.5394853859264571e-04,-4.9891497082362281e-04,0.0000000000000000e+00,-2.3769833660211369e-04,3.4496643223097707e-04,2.3769833660216240e-04,0.0000000000000000e+00,2.9965426132308104e+00,2.0662039769116243e+00,-2.9965426132308104e+00,1.4534478710563135e+00,-4.4499904842871221e+00,-2.9965426132308104e+00,1.4534478710563135e+00,-4.4499904842871203e+00,-7.6039654142960639e-16,-3.0542914835051124e-17,5.3418091950439185e-06,6.8525462224068390e-01,7.6763794516208206e-01,-5.4996184435252005e-04,4.4494405224427709e+00,0.0000000000000000e+00,-9.3033863631918612e-01,5.4378723746140167e-12,7.9609679271467806e-12,1.3365234844779177e-12,2.4535913596986883e-04,-5.0893101235462100e-16
210,7.5593853329160211e+01,2.0995892649418419e+01,4.0389694938806429e+00,-3.3169023083701177e-11,3.3169023083701177e-11,0.0000000000000000e+00,6.4119923443275476e-16,-2.8031531486277832e-04,1.2509538313163897e-04,-4.0541069799441729e-04,-2.8031531486277859e-04,2.7105054312137611e-19,4.1094921422123942e-16,-2.8031531486318951e-04,1.2509538313164241e-04,-4.0541069799483189e-04,-5.4210108624275222e-20,-1.9315924663480626e-04,2.8031531486318951e-04,1.9315924663478978e-04,0.0000000000000000e+00,2.9978053601816073e+00,2.0670740872290749e+00,-2.9978053601816073e+00,1.4540113959999621e+00,-4.4518167561815671e+00,-2.9978053601816073e+00,1.4540113959999621e+00,-4.4518167561815654e+00,-5.7058738102878521e-16,-3.0652391322547825e-17,3.5003483467796024e-06,6.8580490414629180e-01,7.6765306719247794e-01,-5.4992431284572874e-04,4.4512668318687236e+00,0.0000000000000000e+00,-9.3073127295253233e-01,6.9388939039072284e-12,8.7967932223655404e-12,1.0756210736910059e-12,1.9927065684455085e-04,-1.1189425479939312e-15
211,8.0019383946831184e+01,2.2225066208818006e+01,4.4255306176709723e+00,-6.9567129834524621e-11,6.9567129834524621e-11,0.0000000000000000e+00,8.4592374255553341e-16,-2.1226688353945077e-04,9.4724325967225390e-05,-3.0699120950667617e-04,-2.1226688353945093e-04,1.6263032587282567e-19,6.6289869159553569e-17,-2.1226688353951723e-04,9.4724325967225864e-05,-3.0699120950674307e-04,0.0000000000000000e+00,-1.4625788156578370e-04,2.1226688353951723e-04,1.4625788156585456e-04,0.0000000000000000e+00,2.9988953289819826e+00,2.0678251376755821e+00,-2.9988953289819817e+00,1.4544978054264543e+00,-4.4533931344084339e+00,-2.9988953289819826e+00,1.4544978054264543e+00,-4.4533931344084330e+00,4.8543070669667962e-16,-3.0772345570299826e-17,2.2009654156425488e-06,6.8628136514270799e-01,7.6766433222329800e-01,-5.4990709503277557e-04,4.4528432273134033e+00,0.0000000000000000e+00,-9.3107019130640056e-01,1.1288747714388592e-11,2.3367031725745982e-11,1.5252613986641943e-12,1.5102882915991699e-04,-1.9995455691763605e-15
212,8.5471141063290801e+01,2.3739270104066915e+01,5.4517571164596177e+00,-1.6917522938086904e-10,1.6917522938086904e-10,0.0000000000000000e+00,6.4123873319277378e-16,-1.4532359719720344e-04,6.4847781618120214e-05,-2.1017137881532366e-04,-1.4532359719720360e-04,1.6263032587282567e-19,3.1477004052696621e-17,-1.4532359719723507e-04,6.4847781618123832e-05,-2.1017137881535890e-04,0.0000000000000000e+00,-1.0012043216609940e-04,1.4532359719723507e-04,1.0012043216602081e-04,0.0000000000000000e+00,2.9998700772060500e+00,2.0684967350381966e+00,-2.9998700772060487e+00,1.4549327796130127e+00,-4.4548028568190592e+00,-2.9998700772060500e+00,1.4549327796130127e+00,-4.4548028568190592e+00,7.5193133009112471e-16,-3.0772345570299826e-17,1.2393259445368887e-06,6.8670824994146384e-01,7.6767340369071069e-01,-5.4988665489363875e-04,4.4542529701641680e+00,0.0000000000000000e+00,-9.3137334216785339e-01,1.9531783597888839e-11,3.6258561771475565e-11,4.0299245422185477e-12,1.0354532600089577e-04,-1.6219111824968761e-15
213,9.2231396546678525e+01,2.5616904225902303e+01,6.7602554833877235e+00,-3.1298019731451632e-10,3.1298019731451632e-10,0.0000000000000000e+00,1.4694666298108274e-15,-9.6417310197501171e-05,4.3022990756113919e-05,-1.3944030095361509e-04,-9.6417310197501280e-05,1.0842021724855044e-19,2.5806334755121801e-16,-9.6417310197759361e-05,4.3022990756113112e-05,-1.3944030095387248e-04,1.3552527156068805e-20,-6.6421949930931082e-05,9.6417310197759361e-05,6.6421949930950557e-05,0.0000000000000000e+00,3.0006871923534382e+00,2.0690596695640906e+00,-3.0006871923534360e+00,1.4552973966032328e+00,-4.4559845889566665e+00,-3.0006871923534382e+00,1.4552973966032328e+00,-4.4559845889566674e+00,1.7306147048873115e-15,-3.0726536297289540e-17,6.3885794885109866e-07,6.8706675772940518e-01,7.6768014386787831e-01,-5.4985614800040494e-04,4.4554347328086683e+00,0.0000000000000000e+00,-9.3162752278934757e-01,6.4142765173376886e-11,1.0271383181940470e-10,7.0415895336850554e-12,6.8774512423296031e-05,-3.7099035653597544e-15
214,9.9929304606705770e+01,2.7754967628354606e+01,7.6979080600272454e+00,-2.7427005111491098e-10,2.7427005111491098e-10,0.0000000000000000e+00,1.4695688294779645e-15,-6.5848511769510677e-05,2.9382325889611603e-05,-9.5230837659122277e-05,-6.5848511769510745e-05,6.7762635780344027e-20,2.5610263190747837e-16,-6.5848511769766847e-05,2.9382325889614581e-05,-9.5230837659381428e-05,0.0000000000000000e+00,-4.5361635872603380e-05,6.5848511769766847e-05,4.5361635872646375e-05,0.0000000000000000e+00,3.0013117460428336e+00,2.0694899194471588e+00,-3.0013117460428291e+00,1.4555760813385308e+00,-4.4568878273813581e+00,-3.0013117460428336e+00,1.4555760813385308e+00,-4.4568878273813608e+00,3.7096159236207631e-15,-3.0674373243275317e-17,3.2599092456946887e-07,6.8734151237808871e-01,7.6768440511275382e-01,-5.4983785676365748e-04,4.4563379895245960e+00,0.0000000000000000e+00,-9.3182182659567481e-01,8.1475567033824827e-12,1.8067248327592393e-11,7.0891440865731665e-12,4.6998889465164689e-05,-4.3782345444271656e-15
215,1.0801234497346434e+02,3.0000000000000000e+01,8.0830403667585671e+00,-5.0759174641257232e-10,5.0759174641257232e-10,0.0000000000000000e+00,8.9379985362001118e-16,-4.3659011192335222e-05,1.9481056688447067e-05,-6.3140067880782289e-05,-4.3659011192335263e-05,4.0657581468206416e-20,2.5870765196817625e-16,-4.3659011192593967e-05,1.9481056688446247e-05,-6.3140067881040221e-05,-6.7762635780344027e-21,-3.0075291967475420e-05,4.3659011192593967e-05,3.0075291967538666e-05,0.0000000000000000e+00,3.0017543229071180e+00,2.0697947993135970e+00,-3.0017543229071113e+00,1.4557735636854481e+00,-4.4575278865925574e+00,-3.0017543229071180e+00,1.4557735636854483e+00,-4.4575278865925627e+00,5.7902320765154395e-15,-3.0701759649293841e-17,1.6810592559084566e-07,6.8753673217214606e-01,7.6768683250571867e-01,-5.4983090165783288e-04,4.4569780556909020e+00,0.0000000000000000e+00,-9.3195952359352097e-01,8.3990592258942343e-11,1.0248118755190382e-10,1.1113887588010130e-11,3.1168568234821640e-05,-5.0801361491227848e-15
