step,t_dless,t_phys_s,dt_dless,min_cone_margin_MPa,max_cone_violation_MPa,max_positive_friction_power,max_abs_normal_power_closed,p_contact_total,p_contact_pert,p_offset,p_contact_metric,p_contact_metric_mismatch,p_normal_total,p_tangent_total,p_tangent_pert,p_tangent_offset,p_cross_metric,p_friction_lumped,d_fric_rate,d_fric_lumped_rate,friction_injection_rate,D_fric,D_fric_lumped,W_contact_total,W_contact_pert,W_offset_external,W_tangent_total,W_tangent_pert,W_tangent_offset,W_normal_total,W_cross_metric,KE,W_elastic,D_vis,bulk_residual_pert,bulk_residual_total,interface_residual_D_fric_plus_W_tangent,coulomb_lumped_residual,endpoint_res_inf,endpoint_res_l2,endpoint_force_res_inf,max_abs_vt,min_gap
0,0.0000000000000000e+00,0.0000000000000000e+00,0.0000000000000000e+00,0.0000000000000000e+00,-0.0000000000000000e+00,0.0000000000000000e+00,0.0000000000000000e+00,0.0000000000000000e+00,0.0000000000000000e+00,0.0000000000000000e+00,0.0000000000000000e+00,0.0000000000000000e+00,0.0000000000000000e+00,0.0000000000000000e+00,0.0000000000000000e+00,0.0000000000000000e+00,0.0000000000000000e+00,0.0000000000000000e+00,-0.0000000000000000e+00,0.0000000000000000e+00,0.0000000000000000e+00,0.0000000000000000e+00,0.0000000000000000e+00,0.0000000000000000e+00,0.0000000000000000e+00,0.0000000000000000e+00,0.0000000000000000e+00,0.0000000000000000e+00,0.0000000000000000e+00,0.0000000000000000e+00,0.0000000000000000e+00,0.0000000000000000e+00,0.0000000000000000e+00,0.0000000000000000e+00,0.0000000000000000e+00,0.0000000000000000e+00,0.0000000000000000e+00,0.0000000000000000e+00,nan,nan,0.0000000000000000e+00,0.0000000000000000e+00,0.0000000000000000e+00
1,1.1021380762353209e-03,3.0611447511099380e-04,1.1021380762353209e-03,-3.1086244689504383e-14,3.1086244689504383e-14,0.0000000000000000e+00,1.9988414466134495e-18,-6.0953562226562716e-03,2.7025215556026813e-03,-8.7978777782589529e-03,-6.0953562226562725e-03,8.6736173798840355e-19,-1.4453513712569548e-18,-6.0953562226562716e-03,2.7025215556026822e-03,-8.7978777782589529e-03,8.6736173798840355e-19,-4.4947219630842774e-03,6.0953562226562716e-03,4.4947219630842748e-03,0.0000000000000000e+00,3.3589620906036879e-06,2.4769021088031740e-06,-3.3589620906036879e-06,1.4892759541382130e-06,-4.8482380447419009e-06,-3.3589620906036879e-06,1.4892759541382134e-06,-4.8482380447419009e-06,-7.9648838990061163e-22,4.7797619865333177e-22,1.4550956436780690e-06,3.3468916591502202e-11,6.7200454400831157e-08,3.3053612857278679e-08,4.8812916575991791e-06,0.0000000000000000e+00,-8.8205998180051388e-07,1.4456028966473393e-18,2.3863396818803605e-18,8.5117098554595340e-15,5.6637392476512286e-03,-4.7384708399333991e-21
2,2.1462911402586418e-03,5.9612384328455975e-04,1.0441530640233209e-03,-3.1086244689504383e-14,3.1086244689504383e-14,0.0000000000000000e+00,3.4615357594538045e-18,-1.1611645553961854e-02,5.1493571601257480e-03,-1.6761002714087602e-02,-1.1611645553961856e-02,1.7347234759768071e-18,-1.6976396027677739e-19,-1.1611645553961856e-02,5.1493571601257480e-03,-1.6761002714087606e-02,0.0000000000000000e+00,-8.5579823276253734e-03,1.1611645553961856e-02,8.5579823276253717e-03,0.0000000000000000e+00,1.2603372170464790e-05,9.2914126982705853e-06,-1.2603372170464788e-05,5.5885575638218816e-06,-1.8191929734286672e-05,-1.2603372170464790e-05,5.5885575638218825e-06,-1.8191929734286672e-05,-1.6397022009866055e-21,9.3080540682192396e-22,5.2870622958199786e-06,2.8525751222323652e-10,3.5486662822086903e-07,5.3656617731188991e-08,1.8245586352017859e-05,0.0000000000000000e+00,-3.3119594721942045e-06,2.6020852139652106e-18,3.5966181724478553e-18,1.6098233857064770e-14,1.0748572913245479e-02,-3.1588886241977289e-22
3,3.2374096531305645e-03,8.9917767841978815e-04,1.0911185128719227e-03,-4.2743586448068527e-14,4.2743586448068527e-14,0.0000000000000000e+00,4.9708182882176320e-18,-1.7131840689334342e-02,7.6028229758476704e-03,-2.4734663665182011e-02,-1.7131840689334342e-02,0.0000000000000000e+00,-2.7387440073606585e-18,-1.7131840689334342e-02,7.6028229758476704e-03,-2.4734663665182011e-02,3.4694469519536142e-18,-1.2619940910682246e-02,1.7131840689334342e-02,1.2619940910682238e-02,0.0000000000000000e+00,2.8284647152734747e-05,2.0845224753019555e-05,-2.8284647152734744e-05,1.2545627476740976e-05,-4.0830274629475723e-05,-2.8284647152734747e-05,1.2545627476740978e-05,-4.0830274629475723e-05,-3.2264656451489542e-21,2.8235943061737501e-21,1.1534021936645622e-05,1.2508940926601703e-09,1.0837026321794735e-06,7.3347986176780863e-08,4.0903622615652500e-05,0.0000000000000000e+00,-7.4394223997151922e-06,8.6736173798840355e-18,1.1383606512641281e-17,3.3306690738754696e-15,1.5799448518264779e-02,-5.9581968138357964e-20
4,4.5374876568549556e-03,1.2602691825558529e-03,1.3000780037243911e-03,-4.2743586448068527e-14,4.2743586448068527e-14,0.0000000000000000e+00,1.4341541162037349e-17,-2.3409213870799053e-02,1.0399519342902499e-02,-3.3808733213701550e-02,-2.3409213870799056e-02,3.4694469519536142e-18,-1.1319311230835197e-17,-2.3409213870799042e-02,1.0399519342902501e-02,-3.3808733213701543e-02,-3.4694469519536142e-18,-1.7233934467816188e-02,2.3409213870799042e-02,1.7233934467816195e-02,0.0000000000000000e+00,5.4637913793444666e-05,4.0251408105777055e-05,-5.4637913793444666e-05,2.4247852108802897e-05,-7.8885765902247576e-05,-5.4637913793444666e-05,2.4247852108802901e-05,-7.8885765902247563e-05,-1.2364749840309397e-20,2.8235943061737501e-21,2.1608351644488193e-05,4.3553239716408115e-09,2.7383965630214967e-06,1.0325142267843157e-07,7.8989017324925998e-05,0.0000000000000000e+00,-1.4386505687667610e-05,2.8912057932946787e-17,3.6159727270910755e-17,3.3306690738754696e-15,2.1495656512232168e-02,-2.6545623664388002e-19
5,6.1633284581221210e-03,1.7118400104088884e-03,1.6258408012671654e-03,3.8857805861880479e-15,0.0000000000000000e+00,0.0000000000000000e+00,2.4737460647394674e-17,-3.0840264396358546e-02,1.3721778136979463e-02,-4.4562042533338009e-02,-3.0840264396358556e-02,1.0408340855860843e-17,-2.1999830871234682e-17,-3.0840264396358529e-02,1.3721778136979463e-02,-4.4562042533337995e-02,-6.9388939039072284e-18,-2.2688589710363079e-02,3.0840264396358529e-02,2.2688589710363111e-02,0.0000000000000000e+00,9.8738421400545225e-05,7.2705242455006460e-05,-9.8738421400545252e-05,4.3856546919950370e-05,-1.4259496832049563e-04,-9.8738421400545225e-05,4.3856546919950377e-05,-1.4259496832049563e-04,-3.9450560186691311e-20,-5.6375583123035330e-21,3.7703136371530552e-05,1.3493603369744389e-08,6.2959823145121707e-06,1.5606536946209811e-07,1.4275103368995771e-04,0.0000000000000000e+00,-2.6033178945538766e-05,2.8912057932946787e-17,4.9344845464080129e-17,2.0354088784794539e-15,2.8171368020323016e-02,-2.3111098531978763e-19
6,8.1669653841519915e-03,2.2683422120383713e-03,2.0036369260298705e-03,1.1657341758564144e-14,0.0000000000000000e+00,0.0000000000000000e+00,2.8616581735261767e-17,-3.9422209749891156e-02,1.7578000504483042e-02,-5.7000210254374198e-02,-3.9422209749891163e-02,6.9388939039072284e-18,2.0395720573295886e-17,-3.9422209749891184e-02,1.7578000504483045e-02,-5.7000210254374226e-02,0.0000000000000000e+00,-2.8977725087733060e-02,3.9422209749891184e-02,2.8977725087733098e-02,0.0000000000000000e+00,1.6912866525736775e-04,1.2446551053568099e-04,-1.6912866525736775e-04,7.5213243051248046e-05,-2.4434190830861579e-04,-1.6912866525736775e-04,7.5213243051248046e-05,-2.4434190830861579e-04,-4.1057587499878788e-20,-1.2589070338139576e-20,6.2088888291397218e-05,3.7641561708443153e-08,1.3329963188782568e-05,2.4324999064018573e-07,2.4458515829925599e-04,0.0000000000000000e+00,-4.4663154721686759e-05,2.8912057932946787e-17,3.4238517907624199e-17,2.0354088784794539e-15,3.5786867164050468e-02,-2.1737150263951669e-19
7,1.0610008856999179e-02,2.9468878375723904e-03,2.4430434728471874e-03,-6.2172489379008766e-14,6.2172489379008766e-14,0.0000000000000000e+00,1.5290044766798146e-17,-4.9129445308900330e-02,2.1969229407375761e-02,-7.1098674716276095e-02,-4.9129445308900337e-02,6.9388939039072284e-18,1.8335861060839958e-17,-4.9129445308900357e-02,2.1969229407375761e-02,-7.1098674716276122e-02,0.0000000000000000e+00,-3.6077718022923935e-02,4.9129445308900357e-02,3.6077718022923942e-02,0.0000000000000000e+00,2.7729643670796591e-04,2.0393214836801708e-04,-2.7729643670796581e-04,1.2352104400392488e-04,-4.0081748071189074e-04,-2.7729643670796591e-04,1.2352104400392491e-04,-4.0081748071189079e-04,6.2538813522830004e-21,-1.2589070338139576e-20,9.7497871044113958e-05,9.6025162446300171e-08,2.6306921535409832e-05,3.7977373804520993e-07,4.0119725444993589e-04,0.0000000000000000e+00,-7.3364288339948839e-05,4.0476881106125503e-17,5.1880833092927383e-17,2.0354088784794539e-15,4.4273623743156576e-02,-1.8878102748331164e-19
8,1.3604548329037664e-02,3.7786092874050447e-03,2.9945394720384856e-03,-1.1657341758564144e-13,1.1657341758564144e-13,0.0000000000000000e+00,4.6286656484559563e-17,-6.0052738464127786e-02,2.6951766111374988e-02,-8.7004504575502767e-02,-6.0052738464127786e-02,0.0000000000000000e+00,7.9835430081167444e-19,-6.0052738464127800e-02,2.6951766111374988e-02,-8.7004504575502795e-02,1.3877787807814457e-17,-4.4049172676449658e-02,6.0052738464127800e-02,4.4049172676449540e-02,0.0000000000000000e+00,4.4077161618381227e-04,3.2390371685351075e-04,-4.4077161618381205e-04,1.9676897005008336e-04,-6.3754058623389544e-04,-4.4077161618381227e-04,1.9676897005008339e-04,-6.3754058623389565e-04,3.4902962935758480e-20,8.1897213493978418e-21,1.4788225466543526e-04,2.2937477274226934e-07,4.9249157632997844e-05,5.9181702109201129e-07,6.3813240325498737e-04,0.0000000000000000e+00,-1.1686789933030152e-04,4.6259292692714858e-17,5.5625477066243048e-17,4.2558549277297670e-15,5.3652492411632238e-02,-8.1519586182373391e-20
9,1.7272727383474604e-02,4.7974314568537619e-03,3.6681790544369399e-03,-7.3829831137572910e-14,7.3829831137572910e-14,0.0000000000000000e+00,5.9876778979627597e-17,-7.2194781298020719e-02,3.2545255923329644e-02,-1.0474003722135036e-01,-7.2194781298020733e-02,1.3877787807814457e-17,1.6346631673431346e-17,-7.2194781298020747e-02,3.2545255923329644e-02,-1.0474003722135039e-01,0.0000000000000000e+00,-5.2886874358915287e-02,7.2194781298020747e-02,5.2886874358915231e-02,0.0000000000000000e+00,6.8332540718018652e-04,5.0169310553103031e-04,-6.8332540718018630e-04,3.0589183506462170e-04,-9.8921724224480790e-04,-6.8332540718018652e-04,3.0589183506462170e-04,-9.8921724224480833e-04,6.6348402155425159e-20,3.3642826628670507e-20,2.1805032373013969e-04,5.1869116167381727e-07,8.8194425163402792e-05,8.7160499059456709e-07,9.9008884723540257e-04,0.0000000000000000e+00,-1.8163230164915621e-04,2.3129646346357429e-17,3.8464991306836222e-17,2.4054832200211726e-15,6.3848484287958335e-02,6.0519392334662004e-20
10,2.1601674586883238e-02,5.9997793563847284e-03,4.3289472034086333e-03,-2.7200464103316335e-14,2.7200464103316335e-14,0.0000000000000000e+00,5.7832495133176215e-17,-8.5099674322667393e-02,3.8559758527682689e-02,-1.2365943285035008e-01,-8.5099674322667407e-02,1.3877787807814457e-17,-4.2073654156107739e-17,-8.5099674322667365e-02,3.8559758527682689e-02,-1.2365943285035005e-01,0.0000000000000000e+00,-6.2253159694005758e-02,8.5099674322667365e-02,6.2253159694005758e-02,0.0000000000000000e+00,1.0237851040656172e-03,7.5091066973791381e-04,-1.0237851040656169e-03,4.5979676179264183e-04,-1.4835818658582587e-03,-1.0237851040656172e-03,4.5979676179264183e-04,-1.4835818658582591e-03,1.0662941141218652e-20,3.3642826628670507e-20,3.1056301471642640e-04,1.0916131916870481e-06,1.4942785113517465e-04,1.2857172506462581e-06,1.4848675831089051e-03,0.0000000000000000e+00,-2.7287443432770335e-04,9.2518585385429716e-17,1.5570049189059852e-16,1.6653345369377348e-15,7.4409420790623654e-02,-1.5395438618903248e-19
11,2.6603786706297781e-02,7.3890961388256874e-03,5.0021121194145438e-03,-2.7200464103316335e-14,2.7200464103316335e-14,0.0000000000000000e+00,1.2074898115476043e-16,-9.8460022204859943e-02,4.4860311029865499e-02,-1.4332033323472543e-01,-9.8460022204859957e-02,1.3877787807814457e-17,5.6861573087565704e-17,-9.8460022204860012e-02,4.4860311029865506e-02,-1.4332033323472551e-01,0.0000000000000000e+00,-7.1921229538801326e-02,9.8460022204860012e-02,7.1921229538801368e-02,0.0000000000000000e+00,1.4828781953838174e-03,1.0864883389861482e-03,-1.4828781953838172e-03,6.6843503226074984e-04,-2.1513132276445666e-03,-1.4828781953838174e-03,6.6843503226074984e-04,-2.1513132276445674e-03,4.7648355395201481e-20,3.3642826628670507e-20,4.2799900287679416e-04,2.1424667375532431e-06,2.4013773867609525e-04,1.8441760296927529e-06,2.1531574036742600e-03,0.0000000000000000e+00,-3.9638985639766917e-04,1.3877787807814457e-16,1.7994359446785096e-16,1.4802973661668755e-15,8.5020177284523990e-02,2.1529972374603158e-19
12,3.2378904182425415e-02,8.9931120902096949e-03,5.7751174761276336e-03,-4.2743586448068527e-14,4.2743586448068527e-14,0.0000000000000000e+00,6.0304958806041599e-17,-1.1223682099631271e-01,5.1431728803038271e-02,-1.6366854979935097e-01,-1.1223682099631271e-01,0.0000000000000000e+00,3.0550126795337855e-17,-1.1223682099631276e-01,5.1431728803038278e-02,-1.6366854979935103e-01,1.3877787807814457e-17,-8.1860757495124142e-02,1.1223682099631276e-01,8.1860757495124156e-02,0.0000000000000000e+00,2.0912777060518258e-03,1.5305428594027766e-03,-2.0912777060518254e-03,9.4648395328624023e-04,-3.0377616593380650e-03,-2.0912777060518258e-03,9.4648395328624023e-04,-3.0377616593380663e-03,3.0005477320109158e-19,7.3715754078120648e-20,5.7497041625215477e-04,3.9789717942691569e-06,3.7011185401496205e-04,2.5772887751457493e-06,3.0403389481132113e-03,0.0000000000000000e+00,-5.6073484664904928e-04,5.7824115865893574e-17,9.0980692494695317e-17,2.2204460492503131e-15,9.5591964721714745e-02,-1.4246911501362447e-19
13,3.9014414078918896e-02,1.0836098620533700e-02,6.6355098964934814e-03,-3.8857805861880479e-14,3.8857805861880479e-14,0.0000000000000000e+00,1.0596976447627748e-16,-1.2634198383853204e-01,5.8235267452492225e-02,-1.8457725129102426e-01,-1.2634198383853204e-01,0.0000000000000000e+00,7.0761111787239162e-17,-1.2634198383853212e-01,5.8235267452492231e-02,-1.8457725129102437e-01,0.0000000000000000e+00,-9.2006579809156233e-02,1.2634198383853212e-01,9.2006579809156247e-02,0.0000000000000000e+00,2.8828237163394258e-03,2.1073920780825379e-03,-2.8828237163394249e-03,1.3103321727723834e-03,-4.1931558891118072e-03,-2.8828237163394258e-03,1.3103321727723834e-03,-4.1931558891118090e-03,6.3618063632144259e-19,1.1975885324821535e-19,7.5611907123179951e-04,7.0506393753796293e-06,5.5067877282808080e-04,3.5163106628765661e-06,4.1966721997746849e-03,0.0000000000000000e+00,-7.7543163825688792e-04,2.3129646346357429e-17,4.4565853017184997e-17,9.2518585385429718e-16,1.0600184266730873e-01,-6.0710513803192537e-19
14,4.6566102928141950e-02,1.2933550217685386e-02,7.5516888492230538e-03,-1.9428902930940239e-14,1.9428902930940239e-14,0.0000000000000000e+00,1.6784881708273629e-16,-1.4062273581472423e-01,6.5199795689305090e-02,-2.0582253150402932e-01,-1.4062273581472426e-01,2.7755575615628914e-17,1.1047327070423281e-16,-1.4062273581472437e-01,6.5199795689305090e-02,-2.0582253150402946e-01,0.0000000000000000e+00,-1.0224770175462723e-01,1.4062273581472437e-01,1.0224770175462725e-01,0.0000000000000000e+00,3.8908409646101535e-03,2.8408660240820676e-03,-3.8908409646101517e-03,1.7764037677379105e-03,-5.6672447323480616e-03,-3.8908409646101535e-03,1.7764037677379105e-03,-5.6672447323480642e-03,1.3204934689997799e-18,1.1975885324821535e-19,9.7527235233417172e-04,1.1969559889548081e-05,7.9377802238674966e-04,4.6161668725587784e-06,5.6718608992206206e-03,0.0000000000000000e+00,-1.0499749405280859e-03,1.6190752442450201e-16,2.4121460059892483e-16,9.2518585385429718e-16,1.1608892401656588e-01,2.9389105583287741e-19
15,5.4988443645497487e-02,1.5272821914663542e-02,8.4223407173555365e-03,-8.5487172896137054e-14,8.5487172896137054e-14,0.0000000000000000e+00,8.0447116719789430e-17,-1.5481220759021833e-01,7.2192594336750460e-02,-2.2700480192696879e-01,-1.5481220759021833e-01,0.0000000000000000e+00,-8.5432317637770481e-17,-1.5481220759021824e-01,7.2192594336750474e-02,-2.2700480192696870e-01,0.0000000000000000e+00,-1.1239372661918512e-01,1.5481220759021824e-01,1.1239372661918501e-01,0.0000000000000000e+00,5.1349678411946919e-03,3.7447576449941228e-03,-5.1349678411946901e-03,2.3549865281235309e-03,-7.4899543693182202e-03,-5.1349678411946919e-03,2.3549865281235309e-03,-7.4899543693182228e-03,1.4259451883063072e-18,1.1975885324821535e-19,1.2331136897413453e-03,1.9447263856171360e-05,1.1083981700567335e-03,5.9725955307192782e-06,7.4959269648489403e-03,0.0000000000000000e+00,-1.3902101962005690e-03,4.6259292692714858e-17,8.8650234823040025e-17,2.0354088784794539e-15,1.2564452240427690e-01,-3.0420698377907883e-19
16,6.4055735620429932e-02,1.7791226262933186e-02,9.0672919749324454e-03,-5.8286708792820718e-14,5.8286708792820718e-14,0.0000000000000000e+00,1.1950860906085968e-16,-1.6845599373418590e-01,7.8989343483130456e-02,-2.4744533721731637e-01,-1.6845599373418590e-01,0.0000000000000000e+00,5.8971170781816142e-17,-1.6845599373418596e-01,7.8989343483130456e-02,-2.4744533721731643e-01,0.0000000000000000e+00,-1.2212147044073901e-01,1.6845599373418596e-01,1.2212147044073904e-01,0.0000000000000000e+00,6.6005514250045000e-03,4.8079665271446980e-03,-6.6005514250044982e-03,3.0403919138980019e-03,-9.6409433389024989e-03,-6.6005514250045000e-03,3.0403919138980019e-03,-9.6409433389025023e-03,1.3059797160390553e-18,1.1975885324821535e-19,1.5235233769643245e-03,3.0067536283264800e-05,1.4942952810352880e-03,7.4942803848752904e-06,9.6484376192873759e-03,0.0000000000000000e+00,-1.7925848978598020e-03,6.9388939039072284e-17,1.4644920570939366e-16,1.4802973661668755e-15,1.3437932252794038e-01,1.5615652993676369e-19
17,7.3958196791938255e-02,2.0541595539873083e-02,9.9024611715083227e-03,-1.1657341758564144e-14,1.1657341758564144e-14,0.0000000000000000e+00,5.7533718002888736e-17,-1.8181382725792244e-01,8.5702201814232729e-02,-2.6751602907215516e-01,-1.8181382725792244e-01,0.0000000000000000e+00,6.8987846435687435e-17,-1.8181382725792256e-01,8.5702201814232729e-02,-2.6751602907215527e-01,5.5511151231257827e-17,-1.3161824198118779e-01,1.8181382725792256e-01,1.3161824198118788e-01,0.0000000000000000e+00,8.3348180759672628e-03,6.0642903521086079e-03,-8.3348180759672610e-03,3.8558177301894233e-03,-1.2190635806156681e-02,-8.3348180759672628e-03,3.8558177301894233e-03,-1.2190635806156687e-02,1.9395343158094023e-18,3.9460736307484388e-19,1.8529396320512998e-03,4.4952203831771339e-05,1.9671294874917342e-03,9.2035931853820530e-06,1.2199839399342067e-02,0.0000000000000000e+00,-2.2705277238586549e-03,5.7824115865893574e-17,1.1543987722654359e-16,9.2518585385429718e-16,1.4248568838847181e-01,3.2876026876633561e-19
18,8.4581177958295284e-02,2.3492086384868664e-02,1.0622981166357029e-02,-1.9428902930940239e-14,1.9428902930940239e-14,0.0000000000000000e+00,8.9734211040160065e-17,-1.9468582397002548e-01,9.2233045288966559e-02,-2.8691886925899202e-01,-1.9468582397002548e-01,0.0000000000000000e+00,5.8678277100503422e-17,-1.9468582397002557e-01,9.2233045288966559e-02,-2.8691886925899213e-01,2.7755575615628914e-17,-1.4074363478449570e-01,1.9468582397002557e-01,1.4074363478449586e-01,0.0000000000000000e+00,1.0334592428034504e-02,7.5109378957663644e-03,-1.0334592428034502e-02,4.8009191195936083e-03,-1.5135511547628107e-02,-1.0334592428034504e-02,4.8009191195936083e-03,-1.5135511547628114e-02,2.6176317287627849e-18,8.3687779861418040e-19,2.2177070527641131e-03,6.4985460674123647e-05,2.5292912806694767e-03,1.1064674514105026e-05,1.5146576222142216e-02,0.0000000000000000e+00,-2.8236545322681394e-03,1.1564823173178715e-16,1.9098422244922177e-16,2.0354088784794539e-15,1.4987787937136537e-01,5.4962626496075616e-19
19,9.6266811614817122e-02,2.6737724740204621e-02,1.1685633656521838e-02,-1.9428902930940239e-14,1.9428902930940239e-14,0.0000000000000000e+00,4.3378955604961576e-17,-2.0742544453847411e-01,9.8747772489008429e-02,-3.0617321702748257e-01,-2.0742544453847414e-01,2.7755575615628914e-17,-2.9020986259177675e-18,-2.0742544453847411e-01,9.8747772489008429e-02,-3.0617321702748257e-01,-2.7755575615628914e-17,-1.4974907368318391e-01,2.0742544453847411e-01,1.4974907368318391e-01,0.0000000000000000e+00,1.2684054914509310e-02,9.2082335812884164e-03,-1.2684054914509309e-02,5.9167850555817926e-03,-1.8600839970091099e-02,-1.2684054914509310e-02,5.9167850555817926e-03,-1.8600839970091106e-02,2.9435217229701783e-18,8.3687779861418040e-19,2.6296842388901886e-03,9.2156248935287060e-05,3.2080937303444750e-03,1.3149162588157841e-05,1.8613989132679261e-02,0.0000000000000000e+00,-3.4758213332208941e-03,9.2518585385429716e-17,1.5627495530605781e-16,7.4014868308343773e-16,1.5721940064962886e-01,7.5396844743489758e-20
20,1.0917139839567448e-01,3.0321922486497694e-02,1.2904586780857361e-02,-1.1657341758564144e-14,1.1657341758564144e-14,0.0000000000000000e+00,5.8753231886782528e-17,-2.2006532363364473e-01,1.0526771367091128e-01,-3.2533303730455598e-01,-2.2006532363364473e-01,0.0000000000000000e+00,1.9426127942830394e-17,-2.2006532363364473e-01,1.0526771367091128e-01,-3.2533303730455598e-01,-2.7755575615628914e-17,-1.5865771311733154e-01,2.2006532363364473e-01,1.5865771311733165e-01,0.0000000000000000e+00,1.5442350772455551e-02,1.1198164653324731e-02,-1.5442350772455551e-02,7.2331528284765361e-03,-2.2675503600932085e-02,-1.5442350772455551e-02,7.2331528284765361e-03,-2.2675503600932092e-02,3.0501396081149432e-18,4.7870356442964862e-19,3.0946724245008721e-03,1.2870689086557215e-04,4.0252819223003788e-03,1.5508409190286704e-05,2.2691012010122375e-02,0.0000000000000000e+00,-4.2441861191308203e-03,1.3877787807814457e-16,1.7078389574741664e-16,1.2952601953960161e-15,1.6721439847209849e-01,2.3419087708670826e-19
21,1.2427992538730431e-01,3.4518255876539804e-02,1.5108526991629831e-02,-4.2743586448068527e-14,4.2743586448068527e-14,0.0000000000000000e+00,7.4105307420808785e-17,-2.3330078184799025e-01,1.1214249332928745e-01,-3.4544327517727769e-01,-2.3330078184799030e-01,5.5511151231257827e-17,-2.7657252537923229e-17,-2.3330078184799025e-01,1.1214249332928745e-01,-3.4544327517727769e-01,-2.7755575615628914e-17,-1.6795696494154302e-01,2.3330078184799025e-01,1.6795696494154300e-01,0.0000000000000000e+00,1.8867197793335240e-02,1.3665497992982230e-02,-1.8867197793335240e-02,8.8755268188357023e-03,-2.7742724612170939e-02,-1.8867197793335240e-02,8.8755268188357023e-03,-2.7742724612170946e-02,2.9879595240567292e-18,5.9357701072696422e-20,3.6488774199091504e-03,1.8059309708653971e-04,5.0644497772227527e-03,1.8393475382740346e-05,2.7761118087553681e-02,0.0000000000000000e+00,-5.2016998003530102e-03,6.9388939039072284e-17,8.3041550816362526e-17,9.2518585385429718e-16,1.7747970992261317e-01,-8.3488784257582272e-19
22,1.4200672625073144e-01,3.9441804439747673e-02,1.7726800863427122e-02,-1.5543122344752192e-14,1.5543122344752192e-14,0.0000000000000000e+00,1.0337850406290628e-16,-2.4706664067705275e-01,1.1935930655400234e-01,-3.6642594723105509e-01,-2.4706664067705275e-01,0.0000000000000000e+00,6.1128639904438344e-17,-2.4706664067705283e-01,1.1935930655400234e-01,-3.6642594723105515e-01,2.7755575615628914e-17,-1.7759774145894847e-01,2.4706664067705283e-01,1.7759774145894849e-01,0.0000000000000000e+00,2.3124886613524839e-02,1.6728287726873001e-02,-2.3124886613524836e-02,1.0927419971863719e-02,-3.4052306585388555e-02,-2.3124886613524839e-02,1.0927419971863719e-02,-3.4052306585388561e-02,3.2846298332911510e-18,5.9357701072696422e-20,4.3084892803564728e-03,2.5442482361912695e-04,6.3868050476320430e-03,2.2299179743924535e-05,3.4074605765132479e-02,0.0000000000000000e+00,-6.3965988866518386e-03,6.9388939039072284e-17,1.1245861446835832e-16,3.7007434154171886e-16,1.8792159183727650e-01,-2.4380356602705402e-18
23,1.6118831569696879e-01,4.4769414756221149e-02,1.9181589446237352e-02,-1.5543122344752192e-14,1.5543122344752192e-14,0.0000000000000000e+00,6.5824207593028133e-17,-2.6017931577160336e-01,1.2632860659400810e-01,-3.8650792236561149e-01,-2.6017931577160336e-01,0.0000000000000000e+00,-7.7312417495033777e-17,-2.6017931577160325e-01,1.2632860659400810e-01,-3.8650792236561138e-01,-5.5511151231257827e-17,-1.8675182392619349e-01,2.6017931577160325e-01,1.8675182392619355e-01,0.0000000000000000e+00,2.7989778455955898e-02,2.0222689615939406e-02,-2.7989778455955891e-02,1.3283762312817696e-02,-4.1273540768773591e-02,-2.7989778455955898e-02,1.3283762312817696e-02,-4.1273540768773598e-02,3.1294145445751420e-18,-2.0684032707879875e-19,5.0286682619435589e-03,3.5053854316632362e-04,7.9312435317234441e-03,2.6688024015630168e-05,4.1300228792789218e-02,0.0000000000000000e+00,-7.7670888400164922e-03,9.2518585385429716e-17,1.6024689053196368e-16,3.7007434154171886e-16,1.9763989779402186e-01,-2.8874230542579271e-18
24,1.8097289142473980e-01,5.0264502118493919e-02,1.9784575727771009e-02,-3.1086244689504383e-14,3.1086244689504383e-14,0.0000000000000000e+00,4.2011721002586197e-17,-2.7211704353114946e-01,1.3274910474954066e-01,-4.0486614828069012e-01,-2.7211704353114952e-01,5.5511151231257827e-17,2.0708684390795341e-17,-2.7211704353114952e-01,1.3274910474954066e-01,-4.0486614828069017e-01,0.0000000000000000e+00,-1.9506067851236358e-01,2.7211704353114952e-01,1.9506067851236344e-01,0.0000000000000000e+00,3.3255407271076953e-02,2.3999688800092098e-02,-3.3255407271076953e-02,1.5846633612544715e-02,-4.9102040883621668e-02,-3.3255407271076953e-02,1.5846633612544715e-02,-4.9102040883621675e-02,2.5694741225374700e-18,-7.5597261471408343e-19,5.7741290135287469e-03,4.6775269145493274e-04,9.6358199517169556e-03,3.1068044155920654e-05,4.9133108927777586e-02,0.0000000000000000e+00,-9.2557184709848549e-03,4.6259292692714858e-17,8.8861199474166826e-17,9.2518585385429718e-16,2.0628029997667091e-01,-3.3521129480932882e-18
25,2.0147439119175331e-01,5.5958712286428937e-02,2.0501499767013515e-02,-7.7715611723760958e-15,7.7715611723760958e-15,0.0000000000000000e+00,9.4765355210494918e-17,-2.8308612842786340e-01,1.3870061853814114e-01,-4.2178674696600454e-01,-2.8308612842786340e-01,0.0000000000000000e+00,-4.0519232856106449e-17,-2.8308612842786340e-01,1.3870061853814114e-01,-4.2178674696600454e-01,5.5511151231257827e-17,-2.0267422864807610e-01,2.8308612842786340e-01,2.0267422864807627e-01,0.0000000000000000e+00,3.8946656121358385e-02,2.8076769853333548e-02,-3.8946656121358385e-02,1.8629196831913861e-02,-5.7575852953272250e-02,-3.8946656121358385e-02,1.8629196831913861e-02,-5.7575852953272257e-02,2.3664011451644773e-18,-1.8694168769694127e-19,6.5456340140674207e-03,6.0891778250147122e-04,1.1510024397699208e-02,3.5379362354238941e-05,5.7611232315626482e-02,0.0000000000000000e+00,-1.0869886268024837e-02,9.2518585385429716e-17,1.9923743643196519e-16,9.2518585385429718e-16,2.1403636985453070e-01,-1.0070171079747065e-18
26,2.2320251961031803e-01,6.1993613692532860e-02,2.1728128418564724e-02,-3.4972025275692431e-14,3.4972025275692431e-14,0.0000000000000000e+00,9.6145979185336826e-17,-2.9340847241438561e-01,1.4434360030565144e-01,-4.3775207272003702e-01,-2.9340847241438556e-01,-5.5511151231257827e-17,-5.7808091206251507e-17,-2.9340847241438550e-01,1.4434360030565144e-01,-4.3775207272003691e-01,0.0000000000000000e+00,-2.0982062970847615e-01,2.9340847241438550e-01,2.0982062970847626e-01,0.0000000000000000e+00,4.5209730481213184e-02,3.2558140480517965e-02,-4.5209730481213184e-02,2.1704207399498993e-02,-6.6913937880712177e-02,-4.5209730481213184e-02,2.1704207399498993e-02,-6.6913937880712190e-02,1.2981667830241058e-18,4.1613502361062741e-19,7.3588324255912186e-03,7.8068170306625525e-04,1.3604479659930172e-02,3.9786389088653645e-05,6.6953724269800827e-02,0.0000000000000000e+00,-1.2651590000695219e-02,6.9388939039072284e-17,1.1693631858900543e-16,9.2518585385429718e-16,2.2117422050173213e-01,9.3173256827110783e-20
27,2.4588283054692031e-01,6.8292980012792145e-02,2.2680310936602277e-02,-3.8857805861880479e-15,3.8857805861880479e-15,0.0000000000000000e+00,1.1615973137460381e-16,-3.0296554928305969e-01,1.4961695749681303e-01,-4.5258250677987272e-01,-3.0296554928305969e-01,0.0000000000000000e+00,-7.5018727155330121e-17,-3.0296554928305963e-01,1.4961695749681303e-01,-4.5258250677987266e-01,0.0000000000000000e+00,-2.1642180603010153e-01,3.0296554928305963e-01,2.1642180603010175e-01,0.0000000000000000e+00,5.1972704604518208e-02,3.7391795968980797e-02,-5.1972704604518208e-02,2.5037765826527461e-02,-7.7010470431045669e-02,-5.1972704604518208e-02,2.5037765826527461e-02,-7.7010470431045683e-02,-2.0810998755602603e-19,4.1613502361062741e-19,8.1998122632575571e-03,9.8447213771723423e-04,1.5897701274289789e-02,4.4219848737120371e-05,7.7054690279782789e-02,0.0000000000000000e+00,-1.4580908635537411e-02,9.2518585385429716e-17,1.3644531064035612e-16,1.4802973661668755e-15,2.2765213419368563e-01,-2.6622446355681684e-18
28,2.6900496488902725e-01,7.4715061029861279e-02,2.3122134342106943e-02,-5.8286708792820718e-14,5.8286708792820718e-14,0.0000000000000000e+00,9.5137206459634524e-17,-3.1161581426524876e-01,1.5443465456406724e-01,-4.6605046882931600e-01,-3.1161581426524881e-01,5.5511151231257827e-17,-5.6902460337644644e-17,-3.1161581426524876e-01,1.5443465456406724e-01,-4.6605046882931600e-01,0.0000000000000000e+00,-2.2238391759681003e-01,3.1161581426524876e-01,2.2238391759680998e-01,0.0000000000000000e+00,5.9077921030577837e-02,4.2464858414874247e-02,-5.9077921030577837e-02,2.8552926937030390e-02,-8.7630847967608227e-02,-5.9077921030577837e-02,2.8552926937030390e-02,-8.7630847967608241e-02,-1.7332596974474465e-18,4.1613502361062741e-19,9.0465470456995607e-03,1.2180850904156592e-03,1.8336772057899742e-02,4.8477256984570671e-05,8.7679325224592791e-02,0.0000000000000000e+00,-1.6613062615703590e-02,1.3877787807814457e-16,1.7240510087690660e-16,1.2952601953960161e-15,2.3341247727042830e-01,-1.5288268568079220e-18
29,2.9204943460701949e-01,8.1115571005916404e-02,2.3044469717992233e-02,-1.1657341758564144e-14,1.1657341758564144e-14,0.0000000000000000e+00,9.6944516059722649e-17,-3.1929232815541636e-01,1.5874719520758673e-01,-4.7803952336300309e-01,-3.1929232815541636e-01,0.0000000000000000e+00,1.6343001049124114e-17,-3.1929232815541636e-01,1.5874719520758673e-01,-4.7803952336300309e-01,0.0000000000000000e+00,-2.2766464340203746e-01,3.1929232815541636e-01,2.2766464340203746e-01,0.0000000000000000e+00,6.6347392822001708e-02,4.7650423632656209e-02,-6.6347392822001708e-02,3.2161481763674227e-02,-9.8508874585675935e-02,-6.6347392822001708e-02,3.2161481763674227e-02,-9.8508874585675948e-02,-2.2005953131236713e-18,4.1613502361062741e-19,9.8780646697088619e-03,1.4768824325717049e-03,2.0858912221545987e-02,5.2377560152326585e-05,9.8561252145828254e-02,0.0000000000000000e+00,-1.8696969189345498e-02,9.2518585385429716e-17,1.6131166563777087e-16,1.1102230246251565e-15,2.3844650645393131e-01,-2.1322697769727540e-18
30,3.1672568732199408e-01,8.7969302231093546e-02,2.4676252714974589e-02,-5.0515147620444623e-14,5.0515147620444623e-14,0.0000000000000000e+00,9.6867701571843186e-17,-3.2662163766156849e-01,1.6287531753175433e-01,-4.8949695519332281e-01,-3.2662163766156854e-01,5.5511151231257827e-17,2.5448553103839534e-17,-3.2662163766156860e-01,1.6287531753175435e-01,-4.8949695519332292e-01,5.5511151231257827e-17,-2.3269722467159779e-01,3.2662163766156860e-01,2.3269722467159748e-01,0.0000000000000000e+00,7.4316760948317392e-02,5.3330426531117615e-02,-7.4316760948317392e-02,3.6129700965264785e-02,-1.1044646191358218e-01,-7.4316760948317392e-02,3.6129700965264785e-02,-1.1044646191358219e-01,-1.6849658373086329e-18,1.1010386217514729e-18,1.0753521815292559e-02,1.7826471739846878e-03,2.3649845510572889e-02,5.6313534585350489e-05,1.1050277544816753e-01,0.0000000000000000e+00,-2.0986334417199777e-02,9.2518585385429716e-17,1.6302709355362949e-16,1.4802973661668755e-15,2.4317856579568600e-01,-3.2727751379756772e-18
31,3.4440816027073529e-01,9.5657999191299914e-02,2.7682472948741210e-02,-4.2743586448068527e-14,4.2743586448068527e-14,0.0000000000000000e+00,1.1640834899770571e-16,-3.3388540961429275e-01,1.6698446759935703e-01,-5.0086987721364973e-01,-3.3388540961429281e-01,5.5511151231257827e-17,1.1779551577433268e-16,-3.3388540961429292e-01,1.6698446759935703e-01,-5.0086987721364995e-01,0.0000000000000000e+00,-2.3767548240144767e-01,3.3388540961429292e-01,2.3767548240144762e-01,0.0000000000000000e+00,8.3458995182650875e-02,5.9840966400805488e-02,-8.3458995182650875e-02,4.0695368254649575e-02,-1.2415436343730045e-01,-8.3458995182650875e-02,4.0695368254649575e-02,-1.2415436343730046e-01,2.9770919358517981e-19,1.8693815929078613e-18,1.1716340572169684e-02,2.1606606649948353e-03,2.6879065128923105e-02,6.0698111438051150e-05,1.2421506154873850e-01,0.0000000000000000e+00,-2.3618028781845386e-02,1.8503717077085943e-16,2.2030305172320775e-16,9.2518585385429718e-16,2.4780295197543772e-01,-3.8445449275825036e-18
32,3.7364115112282476e-01,1.0377734634349939e-01,2.9232990852089469e-02,-1.5543122344752192e-14,1.5543122344752192e-14,0.0000000000000000e+00,8.5336852375779500e-17,-3.4058627434851668e-01,1.7081601557911924e-01,-5.1140228992763592e-01,-3.4058627434851668e-01,0.0000000000000000e+00,-3.1516402139726546e-17,-3.4058627434851668e-01,1.7081601557911924e-01,-5.1140228992763592e-01,5.5511151231257827e-17,-2.4225895532206043e-01,3.4058627434851668e-01,2.4225895532206063e-01,0.0000000000000000e+00,9.3317407466289970e-02,6.6855925914592496e-02,-9.3317407466289970e-02,4.5632827471943471e-02,-1.3895023493823344e-01,-9.3317407466289970e-02,4.5632827471943471e-02,-1.3895023493823347e-01,1.5588074633885942e-18,2.6807600809740188e-18,1.2710542038213023e-02,2.5995746469080604e-03,3.0387914530723578e-02,6.5203743901190436e-05,1.3901543868213462e-01,0.0000000000000000e+00,-2.6461481551697474e-02,1.8503717077085943e-16,2.7198733258384324e-16,1.1102230246251565e-15,2.5202330013746127e-01,-3.5225249021809385e-18
33,4.0316836184761040e-01,1.1197841189726725e-01,2.9527210724785646e-02,-3.4972025275692431e-14,3.4972025275692431e-14,0.0000000000000000e+00,5.6861877133013213e-17,-3.4648267601656157e-01,1.7421882642389624e-01,-5.2070150244045776e-01,-3.4648267601656157e-01,0.0000000000000000e+00,7.4269719137882363e-17,-3.4648267601656169e-01,1.7421882642389624e-01,-5.2070150244045799e-01,5.5511151231257827e-17,-2.4628395963844754e-01,3.4648267601656169e-01,2.4628395963844751e-01,0.0000000000000000e+00,1.0346102230623345e-01,7.4068580713662471e-02,-1.0346102230623344e-01,5.0726785715551552e-02,-1.5418780802178500e-01,-1.0346102230623345e-01,5.0726785715551552e-02,-1.5418780802178503e-01,2.1900005634826477e-18,4.3198495409548129e-18,1.3691429933261681e-02,3.0837026768692748e-03,3.4021029686137065e-02,6.9376580716470904e-05,1.5425718460250146e-01,0.0000000000000000e+00,-2.9392441592570984e-02,9.2518585385429716e-17,1.5328517645723046e-16,9.2518585385429718e-16,2.5570101790900107e-01,-4.5373070612777662e-18
34,4.3314291180915110e-01,1.2030372414807652e-01,2.9974549961540697e-02,-1.1657341758564144e-14,1.1657341758564144e-14,0.0000000000000000e+00,7.1474210566307910e-17,-3.5169737624829323e-01,1.7724392669723915e-01,-5.2894130294553232e-01,-3.5169737624829323e-01,0.0000000000000000e+00,5.8419581990696766e-17,-3.5169737624829328e-01,1.7724392669723915e-01,-5.2894130294553243e-01,0.0000000000000000e+00,-2.4983603142415525e-01,3.5169737624829328e-01,2.4983603142415542e-01,0.0000000000000000e+00,1.1392483873561544e-01,8.1504067443175024e-02,-1.1392483873561543e-01,5.5994254642076607e-02,-1.6991909337769204e-01,-1.1392483873561544e-01,5.5994254642076607e-02,-1.6991909337769207e-01,4.1786516065029049e-18,5.1518104289568024e-18,1.4663894605574561e-02,3.6163006584620234e-03,3.7787224731935729e-02,7.3165353895704444e-05,1.6999225873158774e-01,0.0000000000000000e+00,-3.2420771292440420e-02,1.3877787807814457e-16,1.6439956473857894e-16,1.2952601953960161e-15,2.5892217645383514e-01,-4.2007434490865842e-18
35,4.6463651794010519e-01,1.2905094821918373e-01,3.1493606130954088e-02,-3.4972025275692431e-14,3.4972025275692431e-14,0.0000000000000000e+00,9.6508192434601133e-17,-3.5645072058073568e-01,1.8000929465112700e-01,-5.3646001523186271e-01,-3.5645072058073574e-01,5.5511151231257827e-17,3.8492611826692126e-17,-3.5645072058073579e-01,1.8000929465112703e-01,-5.3646001523186282e-01,0.0000000000000000e+00,-2.5306621939448021e-01,3.5645072058073579e-01,2.5306621939448010e-01,0.0000000000000000e+00,1.2507590735757454e-01,8.9423170148001219e-02,-1.2507590735757451e-01,6.1619850763156611e-02,-1.8669575812073114e-01,-1.2507590735757454e-01,6.1619850763156611e-02,-1.8669575812073116e-01,5.7047088371886699e-18,5.1518104289568024e-18,1.5661492195198762e-02,4.2195166188510099e-03,4.1815613418645821e-02,7.6771469538980397e-05,1.8677252959027010e-01,0.0000000000000000e+00,-3.5652737209573321e-02,1.3877787807814457e-16,1.9456418739842988e-16,1.1102230246251565e-15,2.6183047001731741e-01,-4.0085123364292036e-18
36,4.9864456497531839e-01,1.3849654826894695e-01,3.4008047035213207e-02,-3.8857805861880479e-14,3.8857805861880479e-14,0.0000000000000000e+00,5.4856268698120285e-17,-3.6085511407653831e-01,1.8258033405311139e-01,-5.4343544812964972e-01,-3.6085511407653831e-01,0.0000000000000000e+00,-5.4277206252218204e-17,-3.6085511407653825e-01,1.8258033405311136e-01,-5.4343544812964961e-01,0.0000000000000000e+00,-2.5605091203531155e-01,3.6085511407653825e-01,2.5605091203531133e-01,0.0000000000000000e+00,1.3727299263940326e-01,9.8080209824049802e-02,-1.3727299263940324e-01,6.7785333336883732e-02,-2.0505832597628698e-01,-1.3727299263940326e-01,6.7785333336883732e-02,-2.0505832597628701e-01,5.4363072223611420e-18,5.1518104289568024e-18,1.6712555148509958e-02,4.9197396896645011e-03,4.6233408407617888e-02,8.0369908908611842e-05,2.0513869588519557e-01,0.0000000000000000e+00,-3.9192782815353461e-02,9.2518585385429716e-17,1.9571562705032446e-16,1.1102230246251565e-15,2.6450165295866468e-01,-1.6211095815633124e-18
37,5.3354362342296757e-01,1.4818962320113815e-01,3.4899058447649178e-02,-2.7200464103316335e-14,2.7200464103316335e-14,0.0000000000000000e+00,8.5375651905246000e-17,-3.6468402421673107e-01,1.8483473860140459e-01,-5.4951876281813572e-01,-3.6468402421673107e-01,0.0000000000000000e+00,-3.5770704644855569e-17,-3.6468402421673096e-01,1.8483473860140459e-01,-5.4951876281813550e-01,-5.5511151231257827e-17,-2.5863672447658820e-01,3.6468402421673096e-01,2.5863672447658809e-01,0.0000000000000000e+00,1.4993330903608018e-01,1.0706126677850540e-01,-1.4993330903608015e-01,7.4196553384442337e-02,-2.2412986242052252e-01,-1.4993330903608018e-01,7.4196553384442337e-02,-2.2412986242052252e-01,3.8650135696183009e-18,4.1831669732988226e-18,1.7764837312420820e-02,5.6894197108513624e-03,5.0826011244848639e-02,8.3714883678476237e-05,2.2421357730420097e-01,0.0000000000000000e+00,-4.2872042257574780e-02,9.2518585385429716e-17,1.5522732854251134e-16,7.4014868308343773e-16,2.6680938395501497e-01,5.0867918550288921e-19
38,5.6871951660047526e-01,1.5795958788049477e-01,3.5175893177507689e-02,3.8857805861880479e-15,0.0000000000000000e+00,0.0000000000000000e+00,9.7150749770979294e-17,-3.6793348732206477e-01,1.8675891228098226e-01,-5.5469239960304706e-01,-3.6793348732206477e-01,0.0000000000000000e+00,-3.9711475026082060e-17,-3.6793348732206477e-01,1.8675891228098224e-01,-5.5469239960304706e-01,5.5511151231257827e-17,-2.6082214801322329e-01,3.6793348732206477e-01,2.6082214801322362e-01,0.0000000000000000e+00,1.6281854669901027e-01,1.1619748168291050e-01,-1.6281854669901025e-01,8.0732122668881801e-02,-2.4355066936789208e-01,-1.6281854669901027e-01,8.0732122668881801e-02,-2.4355066936789208e-01,2.5374370251631288e-18,4.1831669732988226e-18,1.8800575678245651e-02,6.5157867960091813e-03,5.5502395328960431e-02,8.6635134333462593e-05,2.4363730450222551e-01,0.0000000000000000e+00,-4.6621065016099777e-02,9.2518585385429716e-17,1.4392514204601273e-16,1.2952601953960161e-15,2.6875564135177282e-01,-3.0325311024351633e-18
39,6.0576027506876173e-01,1.6824751149072276e-01,3.7040758468286472e-02,-1.5543122344752192e-14,1.5543122344752192e-14,0.0000000000000000e+00,4.8325777854089477e-17,-3.7078680202392367e-01,1.8845030434243326e-01,-5.5923710636635693e-01,-3.7078680202392367e-01,0.0000000000000000e+00,-2.2346461090511663e-17,-3.7078680202392367e-01,1.8845030434243326e-01,-5.5923710636635693e-01,0.0000000000000000e+00,-2.6273123194613446e-01,3.7078680202392367e-01,2.6273123194613446e-01,0.0000000000000000e+00,1.7649992660565400e-01,1.2589388882907529e-01,-1.7649992660565397e-01,8.7681139652893259e-02,-2.6418106625854726e-01,-1.7649992660565400e-01,8.7681139652893259e-02,-2.6418106625854726e-01,1.3881005137955788e-18,5.2112545458255948e-18,1.9866456842883767e-02,7.4387651696883449e-03,6.0465206753836799e-02,8.9289113515661489e-05,2.6427035537206289e-01,0.0000000000000000e+00,-5.0606037776578711e-02,4.6259292692714858e-17,8.6913320189248468e-17,5.5511151231257827e-16,2.7045297448384686e-01,6.5648072926887648e-20
40,6.4525173742047182e-01,1.7921610837511001e-01,3.9491462351710083e-02,-2.7200464103316335e-14,2.7200464103316335e-14,0.0000000000000000e+00,1.4686249452219048e-16,-3.7327002605511694e-01,1.8992817043695823e-01,-5.6319819649207514e-01,-3.7327002605511700e-01,5.5511151231257827e-17,-4.4197080690100984e-17,-3.7327002605511694e-01,1.8992817043695820e-01,-5.6319819649207514e-01,0.0000000000000000e+00,-2.6438112588103418e-01,3.7327002605511694e-01,2.6438112588103413e-01,0.0000000000000000e+00,1.9119187271246213e-01,1.3630210774620166e-01,-1.9119187271246210e-01,9.5152499298617174e-02,-2.8634437201107932e-01,-1.9119187271246213e-01,9.5152499298617174e-02,-2.8634437201107932e-01,7.4149626306323322e-20,5.2112545458255948e-18,2.0977322552187271e-02,8.4800014667459726e-03,6.5786934091727464e-02,9.1758812043526983e-05,2.8643613082312280e-01,0.0000000000000000e+00,-5.4889764966260468e-02,4.6259292692714858e-17,8.5922822657803818e-17,5.5511151231257827e-16,2.7192382237043117e-01,-3.2602460641969678e-18
41,6.8627785018163845e-01,1.9061094831805700e-01,4.1026112761166633e-02,-1.1657341758564144e-14,1.1657341758564144e-14,0.0000000000000000e+00,8.4962247369020820e-17,-3.7532137902728707e-01,1.9115804538719491e-01,-5.6647942441448196e-01,-3.7532137902728713e-01,5.5511151231257827e-17,-3.4079460056401474e-17,-3.7532137902728702e-01,1.9115804538719491e-01,-5.6647942441448196e-01,-5.5511151231257827e-17,-2.6573077702242270e-01,3.7532137902728702e-01,2.6573077702242281e-01,0.0000000000000000e+00,2.0654777041093758e-01,1.4717632309847858e-01,-2.0654777041093755e-01,1.0296974232968117e-01,-3.0951751274061873e-01,-2.0654777041093758e-01,1.0296974232968117e-01,-3.0951751274061873e-01,-1.5315414673037089e-18,4.0725511708677160e-18,2.2105974524893338e-02,9.6214144615720289e-03,7.1336292472278226e-02,9.3939129062414750e-05,3.0961145186968114e-01,0.0000000000000000e+00,-5.9371447312458997e-02,9.2518585385429716e-17,1.3067738457833281e-16,9.2518585385429718e-16,2.7313829734510031e-01,-6.9522786822915122e-19
42,7.2889777082912222e-01,2.0244846207390249e-01,4.2619920647483767e-02,-2.7200464103316335e-14,2.7200464103316335e-14,0.0000000000000000e+00,1.1515118008617622e-16,-3.7696530694399494e-01,1.9214981997531341e-01,-5.6911512691930832e-01,-3.7696530694399499e-01,5.5511151231257827e-17,-7.3293821827590415e-17,-3.7696530694399488e-01,1.9214981997531341e-01,-5.6911512691930832e-01,-5.5511151231257827e-17,-2.6679701730556432e-01,3.7696530694399488e-01,2.6679701730556432e-01,0.0000000000000000e+00,2.2257896984106487e-01,1.5852446926689776e-01,-2.2257896984106484e-01,1.1113801773233442e-01,-3.3371698757339929e-01,-2.2257896984106487e-01,1.1113801773233442e-01,-3.3371698757339929e-01,-3.8196618440815295e-18,1.7066703103410367e-18,2.3253584109850126e-02,1.0868514519387300e-02,7.7111699908866599e-02,9.5780805769607458e-05,3.3381276837916884e-01,0.0000000000000000e+00,-6.4054500574167117e-02,9.2518585385429716e-17,1.6838636710167773e-16,7.4014868308343773e-16,2.7411509990923366e-01,-3.0958407936086791e-18
43,7.7359042060676730e-01,2.1486166811677421e-01,4.4692649777645088e-02,-1.9428902930940239e-14,1.9428902930940239e-14,0.0000000000000000e+00,3.5856454753016620e-17,-3.7823370775333170e-01,1.9292103495978391e-01,-5.7115474271311562e-01,-3.7823370775333165e-01,-5.5511151231257827e-17,3.4649684506389703e-17,-3.7823370775333170e-01,1.9292103495978391e-01,-5.7115474271311562e-01,0.0000000000000000e+00,-2.6760115929720224e-01,3.7823370775333170e-01,2.6760115929720224e-01,0.0000000000000000e+00,2.3945489237921000e-01,1.7046630454125755e-01,-2.3945489237920997e-01,1.1974293616193077e-01,-3.5919782854114074e-01,-2.3945489237921000e-01,1.1974293616193077e-01,-3.5919782854114074e-01,-4.6832162917093533e-18,4.6620008997478767e-19,2.4432196647323955e-02,1.2239997852859584e-02,8.3168034524823936e-02,9.7292863076706149e-05,3.5929512140421743e-01,0.0000000000000000e+00,-6.8988587837952448e-02,4.6259292692714858e-17,9.0294537106290646e-17,5.5511151231257827e-16,2.7487828568627892e-01,-3.9579035099649943e-18
44,8.1880368528618430e-01,2.2741947288173639e-01,4.5213264679416998e-02,-7.7715611723760958e-15,7.7715611723760958e-15,0.0000000000000000e+00,2.6729090369957521e-17,-3.7911064955530421e-01,1.9346306316033596e-01,-5.7257371271564017e-01,-3.7911064955530416e-01,-5.5511151231257827e-17,-1.4717958605358371e-17,-3.7911064955530416e-01,1.9346306316033596e-01,-5.7257371271564006e-01,0.0000000000000000e+00,-2.6813477876379427e-01,3.7911064955530416e-01,2.6813477876379438e-01,0.0000000000000000e+00,2.5657589781943912e-01,1.8257748992417136e-01,-2.5657589781943912e-01,1.2847777941004218e-01,-3.8505367722948131e-01,-2.5657589781943912e-01,1.2847777941004218e-01,-3.8505367722948131e-01,-4.2326270923688928e-18,4.6620008997478767e-19,2.5600869402048979e-02,1.3690373920459683e-02,8.9284950854337922e-02,9.8414766804388876e-05,3.8515209199628569e-01,0.0000000000000000e+00,-7.3998407895267765e-02,4.6259292692714858e-17,1.1236343153596968e-16,1.1102230246251565e-15,2.7542339721646725e-01,-1.5102957894468641e-18
45,8.6242351439397380e-01,2.3953470724272699e-01,4.3619829107789498e-02,-1.1657341758564144e-14,1.1657341758564144e-14,0.0000000000000000e+00,9.3902213430859187e-17,-3.7962630465210850e-01,1.9379101422982903e-01,-5.7341731888193759e-01,-3.7962630465210861e-01,1.1102230246251565e-16,4.3221479182640023e-17,-3.7962630465210867e-01,1.9379101422982903e-01,-5.7341731888193770e-01,0.0000000000000000e+00,-2.6842207950338931e-01,3.7962630465210867e-01,2.6842207950338931e-01,0.0000000000000000e+00,2.7312388595958514e-01,1.9427974915628485e-01,-2.7312388595958514e-01,1.3692375774856902e-01,-4.1004764370815416e-01,-2.7312388595958514e-01,1.3692375774856902e-01,-4.1004764370815416e-01,-3.6109677440931993e-18,4.6620008997478767e-19,2.6707493926980203e-02,1.5146464113029562e-02,9.5168915804117377e-02,9.9116095558127171e-05,4.1014675980371229e-01,0.0000000000000000e+00,-7.8844136803300297e-02,9.2518585385429716e-17,1.4000602483300925e-16,3.7007434154171886e-16,2.7576867412712941e-01,-5.0148589802749708e-18
46,9.0468578839179636e-01,2.5127288606151071e-01,4.2262273997822564e-02,-3.4972025275692431e-14,3.4972025275692431e-14,0.0000000000000000e+00,6.3566167012628497e-17,-3.7986130410536351e-01,1.9395026921227346e-01,-5.7381157331763699e-01,-3.7986130410536356e-01,5.5511151231257827e-17,3.6774836450912311e-17,-3.7986130410536356e-01,1.9395026921227349e-01,-5.7381157331763699e-01,-5.5511151231257827e-17,-2.6851828837135666e-01,3.7986130410536356e-01,2.6851828837135661e-01,0.0000000000000000e+00,2.8917272266921484e-01,2.0562590963009192e-01,-2.8917272266921479e-01,1.4511717192911777e-01,-4.3428989459833262e-01,-2.8917272266921484e-01,1.4511717192911777e-01,-4.3428989459833262e-01,-1.9205546390324569e-18,-7.0681365166020416e-19,2.7761393070605569e-02,1.6607731621822042e-02,1.0084752350489866e-01,9.9476268208498198e-05,4.3438937086654106e-01,0.0000000000000000e+00,-8.3546813039122925e-02,9.2518585385429716e-17,1.5453650478253262e-16,9.2518585385429718e-16,2.7596120356089215e-01,-1.0564504484901811e-17
47,9.5123348192870461e-01,2.6420132314386746e-01,4.6547693536908241e-02,-1.1657341758564144e-14,1.1657341758564144e-14,0.0000000000000000e+00,5.7301309287614648e-17,-3.7986131417269303e-01,1.9397056940095164e-01,-5.7383188357364467e-01,-3.7986131417269298e-01,-5.5511151231257827e-17,-2.9060477653308287e-17,-3.7986131417269303e-01,1.9397056940095164e-01,-5.7383188357364467e-01,1.1102230246251565e-16,-2.6844612096018544e-01,3.7986131417269303e-01,2.6844612096018555e-01,0.0000000000000000e+00,3.0685439047354707e-01,2.1812313701298772e-01,-3.0685439047354701e-01,1.5414558208529219e-01,-4.6099997255883929e-01,-3.0685439047354707e-01,1.5414558208529219e-01,-4.6099997255883929e-01,-1.7410118344601450e-18,5.8514437603657380e-19,2.8902478965036945e-02,1.8271698059747606e-02,1.0707099004819391e-01,9.9584987686279769e-05,4.6109955754652548e-01,0.0000000000000000e+00,-8.8731253460559351e-02,5.5511151231257827e-17,1.1140712962147224e-16,7.4014868308343773e-16,2.7603735769464988e-01,-1.4467514295130972e-17
48,1.0041701210672915e+00,2.7890426450254047e-01,5.2936639138586927e-02,-3.8857805861880479e-15,3.8857805861880479e-15,0.0000000000000000e+00,5.7347249021075114e-17,-3.7957623050651301e-01,1.9382598654976677e-01,-5.7340221705627981e-01,-3.7957623050651301e-01,0.0000000000000000e+00,-2.6323209197110522e-17,-3.7957623050651301e-01,1.9382598654976677e-01,-5.7340221705627981e-01,0.0000000000000000e+00,-2.6816803749960955e-01,3.7957623050651301e-01,2.6816803749960971e-01,0.0000000000000000e+00,3.2695542609903588e-01,2.3232641204450905e-01,-3.2695542609903583e-01,1.6440990525606719e-01,-4.9136533135510313e-01,-3.2695542609903588e-01,1.6440990525606719e-01,-4.9136533135510313e-01,-3.2069249569427064e-18,3.5237181569331948e-18,3.0176249083149587e-02,2.0229812938457690e-02,1.1410319041359543e-01,9.9347179135511610e-05,4.9146467853423853e-01,0.0000000000000000e+00,-9.4629014054526839e-02,4.6259292692714858e-17,7.2259325152189462e-17,5.5511151231257827e-16,2.7597949803517863e-01,-1.9625094986562562e-17
49,1.0596470163446174e+00,2.9431275191875805e-01,5.5476895277325911e-02,-2.7200464103316335e-14,2.7200464103316335e-14,0.0000000000000000e+00,6.8178778098510893e-17,-3.7900388864736012e-01,1.9351355364342962e-01,-5.7251744229078971e-01,-3.7900388864736007e-01,-5.5511151231257827e-17,1.2456234861149184e-17,-3.7900388864736001e-01,1.9351355364342965e-01,-5.7251744229078971e-01,-5.5511151231257827e-17,-2.6768890168237791e-01,3.7900388864736001e-01,2.6768890168237780e-01,0.0000000000000000e+00,3.4799726101391631e-01,2.4719025169382280e-01,-3.4799726101391626e-01,1.7515410281009997e-01,-5.2315136382401628e-01,-3.4799726101391631e-01,1.7515410281009997e-01,-5.2315136382401628e-01,-3.5915732984674528e-18,1.9839249951430489e-18,3.1484890496764804e-02,2.2352843954337943e-02,1.2141509889595922e-01,9.8730536962021720e-05,5.2325009436097825e-01,0.0000000000000000e+00,-1.0080700932009351e-01,9.2518585385429716e-17,1.1226816790584160e-16,5.5511151231257827e-16,2.7578289672272899e-01,-2.2948303867281429e-17
50,1.1158867050351156e+00,3.0993310217714232e-01,5.6239688690498113e-02,-1.5543122344752192e-14,1.5543122344752192e-14,0.0000000000000000e+00,4.9712921476303482e-17,-3.7818474525164286e-01,1.9305464355657456e-01,-5.7123938880821745e-01,-3.7818474525164286e-01,0.0000000000000000e+00,-5.0605312988369307e-17,-3.7818474525164281e-01,1.9305464355657453e-01,-5.7123938880821734e-01,0.0000000000000000e+00,-2.6703946652026622e-01,3.7818474525164281e-01,2.6703946652026617e-01,0.0000000000000000e+00,3.6928928753914803e-01,2.6222673017467019e-01,-3.6928928753914803e-01,1.8602434034418763e-01,-5.5531362788333571e-01,-3.6928928753914803e-01,1.8602434034418763e-01,-5.5531362788333571e-01,-4.6643194373196281e-18,4.2296006309449830e-19,3.2784877446441887e-02,2.4574983609910128e-02,1.2876223580532073e-01,9.7756517485114713e-05,5.5541138440082083e-01,0.0000000000000000e+00,-1.0706255736447784e-01,5.5511151231257827e-17,1.0229476704359800e-16,3.7007434154171886e-16,2.7546705686517270e-01,-2.6083210422850949e-17
51,1.1734818063674237e+00,3.2592991291570866e-01,5.7595101332308163e-02,-1.5543122344752192e-14,1.5543122344752192e-14,0.0000000000000000e+00,4.8774724490941564e-17,-3.7713648435786495e-01,1.9246120845781436e-01,-5.6959769281567929e-01,-3.7713648435786501e-01,5.5511151231257827e-17,-1.3146895972706581e-17,-3.7713648435786495e-01,1.9246120845781436e-01,-5.6959769281567929e-01,-5.5511151231257827e-17,-2.6623116142130965e-01,3.7713648435786495e-01,2.6623116142130959e-01,0.0000000000000000e+00,3.9104068891804961e-01,2.7758361810158949e-01,-3.9104068891804961e-01,1.9712625262517755e-01,-5.8816694154322724e-01,-3.9104068891804961e-01,1.9712625262517755e-01,-5.8816694154322724e-01,-6.5002269049554537e-18,-1.1756251270241905e-18,3.4088893637394674e-02,2.6919554948506300e-02,1.3621424864798856e-01,9.6444608711970803e-05,5.8826338615193907e-01,0.0000000000000000e+00,-1.1345707081646011e-01,5.5511151231257827e-17,1.0134903240813530e-16,3.7007434154171886e-16,2.7504337423264991e-01,-2.3335711897803327e-17
52,1.2310924693600840e+00,3.4193104584365691e-01,5.7610662992660266e-02,-3.1086244689504383e-14,3.1086244689504383e-14,0.0000000000000000e+00,6.5882605472938417e-17,-3.7591078951004064e-01,1.9176229818204180e-01,-5.6767308769208247e-01,-3.7591078951004053e-01,-1.1102230246251565e-16,1.2648580985337878e-17,-3.7591078951004059e-01,1.9176229818204177e-01,-5.6767308769208236e-01,5.5511151231257827e-17,-2.6530179915244989e-01,3.7591078951004059e-01,2.6530179915244978e-01,0.0000000000000000e+00,4.1273246527422230e-01,2.9289460123214239e-01,-4.1273246527422236e-01,2.0819393810262102e-01,-6.2092640337684346e-01,-4.1273246527422230e-01,2.0819393810262102e-01,-6.2092640337684346e-01,-6.5145810333561992e-18,-1.1756251270241905e-18,3.5365886199948543e-02,2.9330760278658306e-02,1.4359216164394631e-01,9.4870019932136174e-05,6.2102127339677549e-01,0.0000000000000000e+00,-1.1983786404207991e-01,9.2518585385429716e-17,1.2702367137523689e-16,7.4014868308343773e-16,2.7453510864914177e-01,-2.1553224829880333e-17
53,1.2887829583326380e+00,3.5795435012060611e-01,5.7690488972554022e-02,-1.5543122344752192e-14,1.5543122344752192e-14,0.0000000000000000e+00,4.3069745122912737e-17,-3.7453352685258895e-01,1.9097437639734027e-01,-5.6550790324992928e-01,-3.7453352685258889e-01,-5.5511151231257827e-17,7.3454040490467109e-19,-3.7453352685258895e-01,1.9097437639734027e-01,-5.6550790324992928e-01,5.5511151231257827e-17,-2.6426918585215131e-01,3.7453352685258895e-01,2.6426918585215131e-01,0.0000000000000000e+00,4.3437921505303934e-01,3.0817020576743864e-01,-4.3437921505303945e-01,2.1923407105472795e-01,-6.5361328610776748e-01,-4.3437921505303934e-01,2.1923407105472795e-01,-6.5361328610776748e-01,-6.1285416248651295e-18,2.0268403309364678e-18,3.6617281739892801e-02,3.1808075509938083e-02,1.5090179780955990e-01,9.3084004662818964e-05,6.5370637011243016e-01,0.0000000000000000e+00,-1.2620900928560069e-01,9.2518585385429716e-17,1.2993839250119563e-16,7.4014868308343773e-16,2.7395471985525011e-01,-1.9521047660931699e-17
54,1.3483925421891123e+00,3.7451067538262650e-01,5.9609583856474302e-02,-1.1657341758564144e-14,1.1657341758564144e-14,0.0000000000000000e+00,4.2129579308319186e-17,-3.7297639187701997e-01,1.9008364420207188e-01,-5.6306003607909183e-01,-3.7297639187702003e-01,5.5511151231257827e-17,4.5640738230272752e-17,-3.7297639187702003e-01,1.9008364420207186e-01,-5.6306003607909183e-01,-5.5511151231257827e-17,-2.6311127355832659e-01,3.7297639187702003e-01,2.6311127355832664e-01,0.0000000000000000e+00,4.5665859264506881e-01,3.2388867062718607e-01,-4.5665859264506892e-01,2.3059142607127933e-01,-6.8725001871634828e-01,-4.5665859264506881e-01,2.3059142607127933e-01,-6.8725001871634828e-01,-4.7463360945296445e-18,2.0268403309364678e-18,3.7881468792463020e-02,3.4430560684685946e-02,1.5837041456827972e-01,9.1017974149343317e-05,6.8734103669049762e-01,0.0000000000000000e+00,-1.3276992201788274e-01,9.2518585385429716e-17,1.2927796437506412e-16,5.5511151231257827e-16,2.7329072147831796e-01,-2.2098579393240567e-17
55,1.4135699191094708e+00,3.9261343306362234e-01,6.5177376920358521e-02,-1.5543122344752192e-14,1.5543122344752192e-14,0.0000000000000000e+00,3.5350814452566411e-17,-3.7114111327182131e-01,1.8903651110398806e-01,-5.6017762437580942e-01,-3.7114111327182120e-01,-1.1102230246251565e-16,2.6103099235116742e-17,-3.7114111327182125e-01,1.8903651110398806e-01,-5.6017762437580931e-01,5.5511151231257827e-17,-2.6175548331813525e-01,3.7114111327182125e-01,2.6175548331813531e-01,0.0000000000000000e+00,4.8090840619813024e-01,3.4099338985013772e-01,-4.8090840619813036e-01,2.4294645470152329e-01,-7.2385486089965367e-01,-4.8090840619813024e-01,2.4294645470152329e-01,-7.2385486089965367e-01,-2.4082985264323293e-18,2.0268403309364678e-18,3.9229989738358402e-02,3.7367507019448534e-02,1.6643736678506516e-01,8.8408841348808220e-05,7.2394326974100243e-01,0.0000000000000000e+00,-1.3991501634799253e-01,9.2518585385429716e-17,1.0619505537202512e-16,5.5511151231257827e-16,2.7249978744247305e-01,-2.3886382914496759e-17
56,1.4843081913346605e+00,4.1226070733840126e-01,7.0738272225189691e-02,-1.1657341758564144e-14,1.1657341758564144e-14,0.0000000000000000e+00,4.0412757305117826e-17,-3.6902035735932787e-01,1.8782594795819960e-01,-5.5684630531752743e-01,-3.6902035735932776e-01,-1.1102230246251565e-16,-3.2816836243945005e-17,-3.6902035735932781e-01,1.8782594795819960e-01,-5.5684630531752743e-01,1.1102230246251565e-16,-2.6019740942527431e-01,3.6902035735932781e-01,2.6019740942527425e-01,0.0000000000000000e+00,5.0708727799818176e-01,3.5945441275794199e-01,-5.0708727799818187e-01,2.5627575431182098e-01,-7.6336303231000291e-01,-5.0708727799818176e-01,2.5627575431182098e-01,-7.6336303231000291e-01,-2.6457576045217416e-18,7.9169847219320529e-18,4.0653353912727334e-02,4.0633307419054514e-02,1.7507419702301738e-01,8.5104042978234595e-05,7.6344813635298103e-01,0.0000000000000000e+00,-1.4763286524023977e-01,4.6259292692714858e-17,8.4794684143793362e-17,3.7007434154171886e-16,2.7157396405170475e-01,-2.4031415684530945e-17
57,1.5552090600040269e+00,4.3195314213003128e-01,7.0900868669366401e-02,-7.7715611723760958e-15,7.7715611723760958e-15,0.0000000000000000e+00,5.7165132443444554e-17,-3.6678649855308038e-01,1.8654512052196259e-01,-5.5333161907504302e-01,-3.6678649855308038e-01,0.0000000000000000e+00,-5.4818161262262566e-17,-3.6678649855308032e-01,1.8654512052196259e-01,-5.5333161907504291e-01,0.0000000000000000e+00,-2.5856364574777657e-01,3.6678649855308032e-01,2.5856364574777663e-01,0.0000000000000000e+00,5.3317195062671430e-01,3.7784471747974518e-01,-5.3317195062671441e-01,2.6954737129178213e-01,-8.0271932191849660e-01,-5.3317195062671430e-01,2.6954737129178213e-01,-8.0271932191849660e-01,-5.7524563290356792e-18,1.1852773565064801e-17,4.2037654014520962e-02,4.3984593573401266e-02,1.8360661097996644e-01,8.1487276106517736e-05,8.0280080919460306e-01,0.0000000000000000e+00,-1.5532723314696911e-01,5.5511151231257827e-17,9.8348605303505879e-17,5.5511151231257827e-16,2.7058316871748667e-01,-2.5131123688395472e-17
58,1.6249509998421781e+00,4.5132368903981779e-01,6.9741939838151135e-02,-1.1657341758564144e-14,1.1657341758564144e-14,0.0000000000000000e+00,4.9882655765982570e-17,-3.6449903910809528e-01,1.8523267876926217e-01,-5.4973171787735742e-01,-3.6449903910809528e-01,0.0000000000000000e+00,5.0879209565243774e-19,-3.6449903910809522e-01,1.8523267876926217e-01,-5.4973171787735742e-01,-5.5511151231257827e-17,-2.5689684906505017e-01,3.6449903910809522e-01,2.5689684906505017e-01,0.0000000000000000e+00,5.5867258661275221e-01,3.9581932488883509e-01,-5.5867258661275232e-01,2.8251162374744654e-01,-8.4118421036019886e-01,-5.5867258661275221e-01,2.8251162374744654e-01,-8.4118421036019886e-01,-7.6462767075685117e-18,9.9170458803063548e-18,4.3357633013494580e-02,4.7353858483903243e-02,1.9187795920859760e-01,7.7826958548854464e-05,8.4126203731874771e-01,0.0000000000000000e+00,-1.6285326172391712e-01,4.6259292692714858e-17,1.0699805399306056e-16,5.5511151231257827e-16,2.6955257253401810e-01,-2.5501901583727921e-17
59,1.6960269134399923e+00,4.7106474186538388e-01,7.1075913597814289e-02,-1.9428902930940239e-14,1.9428902930940239e-14,0.0000000000000000e+00,4.9864372041991913e-17,-3.6208777794269531e-01,1.8385331256466422e-01,-5.4594109050735951e-01,-3.6208777794269525e-01,-5.5511151231257827e-17,3.3526219727930184e-17,-3.6208777794269531e-01,1.8385331256466425e-01,-5.4594109050735962e-01,0.0000000000000000e+00,-2.5514534667666994e-01,3.6208777794269531e-01,2.5514534667666988e-01,0.0000000000000000e+00,5.8449399752775866e-01,4.1401625832032191e-01,-5.8449399752775877e-01,2.9562818576255345e-01,-8.8012218329031222e-01,-5.8449399752775866e-01,2.9562818576255345e-01,-8.8012218329031222e-01,-6.4367419277317384e-18,7.9442929859923130e-18,4.4660004270961381e-02,5.0858653072666557e-02,2.0018350178155278e-01,7.3973362627266503e-05,8.8019615665293949e-01,0.0000000000000000e+00,-1.7047773920743675e-01,9.2518585385429716e-17,1.1902220255922142e-16,4.4408920985006262e-16,2.6844904933539981e-01,-2.5693490084055217e-17
60,1.7683425378858881e+00,4.9115011945726794e-01,7.2315624445895788e-02,-1.9428902930940239e-14,1.9428902930940239e-14,0.0000000000000000e+00,7.1397156573019959e-17,-3.5956604616289850e-01,1.8241208216253177e-01,-5.4197812832543024e-01,-3.5956604616289856e-01,5.5511151231257827e-17,-9.8749960899035891e-18,-3.5956604616289850e-01,1.8241208216253174e-01,-5.4197812832543024e-01,-5.5511151231257827e-17,-2.5331861675183137e-01,3.5956604616289850e-01,2.5331861675183132e-01,0.0000000000000000e+00,6.1058742098974095e-01,4.3240120283210548e-01,-6.1058742098974106e-01,3.0887154112886328e-01,-9.1945896211860434e-01,-6.1058742098974095e-01,3.0887154112886328e-01,-9.1945896211860445e-01,-5.5815654245850264e-18,5.9371312034928297e-18,4.5940474439889675e-02,5.4495251484603505e-02,2.0850569630009791e-01,6.9881095727808429e-05,9.1952884321433215e-01,0.0000000000000000e+00,-1.7818621815763547e-01,9.2518585385429716e-17,1.1226816790584163e-16,7.4014868308343773e-16,2.6727411177277505e-01,-2.8301306291841630e-17
61,1.8439788788913329e+00,5.1215781289009543e-01,7.5636341005444807e-02,-2.7200464103316335e-14,2.7200464103316335e-14,0.0000000000000000e+00,5.6808498239926906e-17,-3.5686421022697956e-01,1.8087229218742670e-01,-5.3773650241440629e-01,-3.5686421022697956e-01,0.0000000000000000e+00,-2.9503577631244177e-17,-3.5686421022697956e-01,1.8087229218742673e-01,-5.3773650241440629e-01,5.5511151231257827e-17,-2.5136627728053723e-01,3.5686421022697956e-01,2.5136627728053723e-01,0.0000000000000000e+00,6.3768150257920253e-01,4.5148746220476998e-01,-6.3768150257920264e-01,3.2261029153900483e-01,-9.6029179411820742e-01,-6.3768150257920253e-01,3.2261029153900483e-01,-9.6029179411820753e-01,-7.0707910397254166e-18,5.9371312034928297e-18,4.7231456062483357e-02,5.8372064559705610e-02,2.1707213315390222e-01,6.5362237086363795e-05,9.6035715635529384e-01,0.0000000000000000e+00,-1.8619404037443255e-01,9.2518585385429716e-17,1.1490569929230979e-16,5.5511151231257827e-16,2.6599132927765690e-01,-2.3172006876930548e-17
62,1.9245998530474810e+00,5.3454996839119706e-01,8.0620974156148106e-02,-1.5543122344752192e-14,1.5543122344752192e-14,0.0000000000000000e+00,1.2494839465542513e-17,-3.5392347052027756e-01,1.7920038607812186e-01,-5.3312385659839945e-01,-3.5392347052027762e-01,5.5511151231257827e-17,3.1278688930442242e-18,-3.5392347052027756e-01,1.7920038607812189e-01,-5.3312385659839945e-01,-5.5511151231257827e-17,-2.4924621647012826e-01,3.5392347052027756e-01,2.4924621647012821e-01,0.0000000000000000e+00,6.6633370019921911e-01,4.7166739566522864e-01,-6.6633370019921923e-01,3.3712499658339573e-01,-1.0034586967826149e+00,-6.6633370019921911e-01,3.3712499658339573e-01,-1.0034586967826149e+00,-8.1340087059916703e-18,5.9371312034928297e-18,4.8553260588951951e-02,6.2583477367740573e-02,2.2604853817256026e-01,6.0279545857022665e-05,1.0035189763284720e+00,0.0000000000000000e+00,-1.9466630453399048e-01,2.0816681711721685e-17,2.8609792490763984e-17,1.8503717077085943e-16,2.6456550867233036e-01,-1.5864498596073597e-17
63,2.0092926257813462e+00,5.5807304978194139e-01,8.4692772733865107e-02,3.8857805861880479e-15,0.0000000000000000e+00,0.0000000000000000e+00,9.8231210839432103e-17,-3.5077860311528986e-01,1.7741375963561315e-01,-5.2819236275090298e-01,-3.5077860311528986e-01,0.0000000000000000e+00,7.7803546717598699e-17,-3.5077860311528997e-01,1.7741375963561315e-01,-5.2819236275090309e-01,5.5511151231257827e-17,-2.4698392221549625e-01,3.5077860311528997e-01,2.4698392221549637e-01,0.0000000000000000e+00,6.9617528648296945e-01,4.9268094884492664e-01,-6.9617528648296956e-01,3.5222631698170315e-01,-1.0484016034646726e+00,-6.9617528648296945e-01,3.5222631698170315e-01,-1.0484016034646726e+00,-4.7068557113205879e-18,5.9371312034928297e-18,4.9881622938605333e-02,6.7091868280175868e-02,2.3530738066699247e-01,5.4554904070525101e-05,1.0484561583687433e+00,0.0000000000000000e+00,-2.0349433763804281e-01,1.3877787807814457e-16,1.9336439679557805e-16,5.5511151231257827e-16,2.6300460349681720e-01,-9.9978838561117246e-18
64,2.0975192169550700e+00,5.8257763521485606e-01,8.8226591173723889e-02,0.0000000000000000e+00,-0.0000000000000000e+00,0.0000000000000000e+00,4.8771537668616913e-17,-3.4745092196823157e-01,1.7552549496825440e-01,-5.2297641693648600e-01,-3.4745092196823163e-01,5.5511151231257827e-17,1.2206448069376776e-17,-3.4745092196823157e-01,1.7552549496825443e-01,-5.2297641693648600e-01,-5.5511151231257827e-17,-2.4459499165492832e-01,3.4745092196823157e-01,2.4459499165492837e-01,0.0000000000000000e+00,7.2697649191045310e-01,5.1436611477676120e-01,-7.2697649191045322e-01,3.6779563064425030e-01,-1.0947721225547034e+00,-7.2697649191045310e-01,3.6779563064425030e-01,-1.0947721225547034e+00,-7.3621820551083564e-19,5.9371312034928297e-18,5.1200252096870992e-02,7.1876230812146003e-02,2.4476739508332504e-01,4.8247348091723374e-05,1.0948203699027952e+00,0.0000000000000000e+00,-2.1261037713369191e-01,9.2518585385429716e-17,1.4110980016569930e-16,2.2204460492503131e-16,2.6131178523748755e-01,-1.3367359654405319e-17
65,2.1874218240188457e+00,6.0754772740733531e-01,8.9902607063775619e-02,-7.7715611723760958e-15,7.7715611723760958e-15,0.0000000000000000e+00,2.7263669367177393e-17,-3.4401507165707595e-01,1.7357679473103110e-01,-5.1759186638810706e-01,-3.4401507165707595e-01,0.0000000000000000e+00,-4.4392172329750958e-18,-3.4401507165707590e-01,1.7357679473103110e-01,-5.1759186638810695e-01,-5.5511151231257827e-17,-2.4213305237903793e-01,3.4401507165707590e-01,2.4213305237903796e-01,0.0000000000000000e+00,7.5805878967188267e-01,5.3624517482161405e-01,-7.5805878967188278e-01,3.8348823363219992e-01,-1.1415470233040825e+00,-7.5805878967188267e-01,3.8348823363219992e-01,-1.1415470233040825e+00,-3.8707105458150491e-19,9.4653398669123311e-19,5.2476237694117391e-02,7.6839547905411823e-02,2.5421401906245528e-01,4.1571029784581714e-05,1.1415885943338673e+00,0.0000000000000000e+00,-2.2181361485026863e-01,4.6259292692714858e-17,4.8296119459734920e-17,2.2204460492503131e-16,2.5951866442252330e-01,-1.6660021393325428e-17
66,2.2809997723130873e+00,6.3353863103522090e-01,9.3577948294241597e-02,-7.7715611723760958e-15,7.7715611723760958e-15,0.0000000000000000e+00,5.5802003798130276e-17,-3.4039468034440362e-01,1.7152974011485139e-01,-5.1192442045925501e-01,-3.4039468034440368e-01,5.5511151231257827e-17,-4.4942529907109462e-17,-3.4039468034440362e-01,1.7152974011485139e-01,-5.1192442045925501e-01,0.0000000000000000e+00,-2.3954344865747554e-01,3.4039468034440362e-01,2.3954344865747551e-01,0.0000000000000000e+00,7.9008161986431724e-01,5.5878232417588714e-01,-7.9008161986431735e-01,3.9963541436910638e-01,-1.1897170342334236e+00,-7.9008161986431724e-01,3.9963541436910638e-01,-1.1897170342334236e+00,-2.6975923448585776e-18,-1.6507758331450023e-18,5.3732825802825943e-02,8.2095673963545474e-02,2.6384128079802138e-01,3.4366195286406054e-05,1.1897514004287102e+00,0.0000000000000000e+00,-2.3129929568843011e-01,4.6259292692714858e-17,5.4832386738172529e-17,3.7007434154171886e-16,2.5758133893031193e-01,-1.5503870844887759e-17
67,2.3795402585997056e+00,6.6090785988887468e-01,9.8540486286618378e-02,-1.1657341758564144e-14,1.1657341758564144e-14,0.0000000000000000e+00,4.0453630585043495e-17,-3.3654146410003444e-01,1.6935677680368680e-01,-5.0589824090372126e-01,-3.3654146410003444e-01,0.0000000000000000e+00,-2.8546966881533685e-17,-3.3654146410003438e-01,1.6935677680368680e-01,-5.0589824090372115e-01,0.0000000000000000e+00,-2.3679189884602797e-01,3.3654146410003438e-01,2.3679189884602797e-01,0.0000000000000000e+00,8.2343442829358893e-01,5.8225148256513748e-01,-8.2343442829358904e-01,4.1643097594195855e-01,-1.2398654042355475e+00,-8.2343442829358893e-01,4.1643097594195855e-01,-1.2398654042355475e+00,-6.3184377201144659e-18,-1.6507758331450023e-18,5.4978552447401928e-02,8.7724587350813510e-02,2.7375422152043311e-01,2.6385376689974649e-05,1.2398917896122374e+00,0.0000000000000000e+00,-2.4118294572845145e-01,4.6259292692714858e-17,5.7406272541096101e-17,2.2204460492503131e-16,2.5546568594027513e-01,-7.0464227157860646e-18
68,2.4802419878475899e+00,6.8887736539473809e-01,1.0070172924788423e-01,-1.5543122344752192e-14,1.5543122344752192e-14,0.0000000000000000e+00,3.0854670832374012e-17,-3.3257013980020200e-01,1.6711815287915743e-01,-4.9968829267935944e-01,-3.3257013980020195e-01,-5.5511151231257827e-17,2.5398293311407616e-17,-3.3257013980020200e-01,1.6711815287915743e-01,-4.9968829267935944e-01,5.5511151231257827e-17,-2.3396041272874635e-01,3.3257013980020200e-01,2.3396041272874635e-01,0.0000000000000000e+00,8.5712477607987847e-01,6.0595426847664680e-01,-8.5712477607987858e-01,4.3337277957576986e-01,-1.2904975556556484e+00,-8.5712477607987847e-01,4.3337277957576986e-01,-1.2904975556556484e+00,-6.4769761567888679e-18,1.1442586276192383e-18,5.6171241217864223e-02,9.3571141161759047e-02,2.8364830899134480e-01,1.7911795198222169e-05,1.2905154674508466e+00,0.0000000000000000e+00,-2.5117050760323167e-01,4.6259292692714858e-17,1.0050090843982873e-16,3.7007434154171886e-16,2.5322656300022012e-01,-9.4846334485049391e-18
69,2.5823500948172033e+00,7.1723748672939636e-01,1.0210810696961348e-01,-3.8857805861880479e-15,3.8857805861880479e-15,0.0000000000000000e+00,2.0841492549876913e-17,-3.2851250561957873e-01,1.6483488085683429e-01,-4.9334738647641302e-01,-3.2851250561957868e-01,-5.5511151231257827e-17,7.7210954597441734e-18,-3.2851250561957868e-01,1.6483488085683429e-01,-4.9334738647641296e-01,0.0000000000000000e+00,-2.3107152972023873e-01,3.2851250561957868e-01,2.3107152972023876e-01,0.0000000000000000e+00,8.9087572481701749e-01,6.2969603413858088e-01,-8.9087572481701760e-01,4.5032032751457102e-01,-1.3411960523315887e+00,-8.9087572481701749e-01,4.5032032751457102e-01,-1.3411960523315887e+00,-4.7860971110823770e-18,3.9783279115830708e-18,5.7299737833319334e-02,9.9590732456396699e-02,2.9343902381528369e-01,9.1665904287108191e-06,1.3412052189220174e+00,0.0000000000000000e+00,-2.6117969067843660e-01,4.6259292692714858e-17,7.1064873873211223e-17,3.7007434154171886e-16,2.5088009995728106e-01,-5.3693649106294244e-18
70,2.6864339234698282e+00,7.4614635691776099e-01,1.0408382865262489e-01,-1.5543122344752192e-14,1.5543122344752192e-14,0.0000000000000000e+00,3.1618787687391910e-17,-3.2434841081234517e-01,1.6249773915645410e-01,-4.8684614996879927e-01,-3.2434841081234517e-01,0.0000000000000000e+00,-1.1749765254602889e-17,-3.2434841081234511e-01,1.6249773915645410e-01,-4.8684614996879921e-01,-5.5511151231257827e-17,-2.2811075192136077e-01,3.2434841081234511e-01,2.2811075192136074e-01,0.0000000000000000e+00,9.2485185669696546e-01,6.5359275909993364e-01,-9.2485185669696557e-01,4.6735534368150994e-01,-1.3922072003784756e+00,-9.2485185669696546e-01,4.6735534368150994e-01,-1.3922072003784756e+00,-4.9957567993954169e-18,1.0894213350509774e-18,5.8368662772860597e-02,1.0581536267415589e-01,3.0317143686870768e-01,1.1863421423008447e-07,1.3922073190126898e+00,0.0000000000000000e+00,-2.7125909759703182e-01,9.2518585385429716e-17,1.5653149439306615e-16,1.8503717077085943e-16,2.4841332232500024e-01,-4.0538294493572108e-18
71,2.7909886754119939e+00,7.7518602418019811e-01,1.0455475194216568e-01,-1.1657341758564144e-14,1.1657341758564144e-14,0.0000000000000000e+00,5.1217329067446821e-17,-3.2014340615288567e-01,1.6014126350425825e-01,-4.8028466965714389e-01,-3.2014340615288567e-01,0.0000000000000000e+00,1.2982252490251377e-17,-3.2014340615288561e-01,1.6014126350425828e-01,-4.8028466965714389e-01,-5.5511151231257827e-17,-2.2512446592587604e-01,3.2014340615288561e-01,2.2512446592587601e-01,0.0000000000000000e+00,9.5854419772274313e-01,6.7728670698666926e-01,-9.5854419772274324e-01,4.8422206412653918e-01,-1.4427662618492825e+00,-9.5854419772274313e-01,4.8422206412653918e-01,-1.4427662618492825e+00,-4.9313256007978600e-18,-4.7145333119572296e-18,5.9362259980868290e-02,1.1215188618127254e-01,3.1269887619067488e-01,-9.0417737234615991e-06,1.4427572200755590e+00,0.0000000000000000e+00,-2.8125749073607387e-01,9.2518585385429716e-17,1.0966477347634506e-16,1.8503717077085943e-16,2.4586350997165685e-01,-6.4072112582804499e-18
72,2.8921067000375031e+00,8.0327115407447569e-01,1.0111802462550923e-01,-7.7715611723760958e-15,7.7715611723760958e-15,0.0000000000000000e+00,4.2513170941349021e-17,-3.1606151799954757e-01,1.5785430924605667e-01,-4.7391582724560422e-01,-3.1606151799954751e-01,-5.5511151231257827e-17,9.9841330769303965e-18,-3.1606151799954757e-01,1.5785430924605665e-01,-4.7391582724560422e-01,5.5511151231257827e-17,-2.2222868637850751e-01,3.1606151799954757e-01,2.2222868637850746e-01,0.0000000000000000e+00,9.9071009031640112e-01,6.9990444052217615e-01,-9.9071009031640123e-01,5.0029960620462377e-01,-1.4910096965210251e+00,-9.9071009031640112e-01,5.0029960620462377e-01,-1.4910096965210251e+00,-3.7701678301272470e-18,-4.7145333119572296e-18,6.0249310059617506e-02,1.1835401483868752e-01,3.2167856347730073e-01,-1.7717829018049081e-05,1.4909919786920069e+00,0.0000000000000000e+00,-2.9080564979422496e-01,9.2518585385429716e-17,1.3002071014803400e-16,1.8503717077085943e-16,2.4333322459368512e-01,-8.1360497835706465e-18
73,2.9965178015362897e+00,8.3227092299656635e-01,1.0441110149878652e-01,0.0000000000000000e+00,-0.0000000000000000e+00,0.0000000000000000e+00,6.0764086963068497e-17,-3.1182608174667903e-01,1.5549574139536285e-01,-4.6732182314204185e-01,-3.1182608174667903e-01,0.0000000000000000e+00,-4.7306449674791041e-17,-3.1182608174667897e-01,1.5549574139536282e-01,-4.6732182314204179e-01,0.0000000000000000e+00,-2.1922689993089522e-01,3.1182608174667897e-01,2.1922689993089525e-01,0.0000000000000000e+00,1.0234893082698675e+00,7.2295087253685486e-01,-1.0234893082698675e+00,5.1665821817570934e-01,-1.5401475264455771e+00,-1.0234893082698675e+00,5.1665821817570934e-01,-1.5401475264455771e+00,-5.7185999233617830e-18,-1.8165430891965551e-18,6.1091684643876834e-02,1.2482815252303867e-01,3.3071175866913921e-01,-2.6622339654558402e-05,1.5401209041059223e+00,0.0000000000000000e+00,-3.0053843573301264e-01,4.6259292692714858e-17,6.6716100708112020e-17,2.2204460492503131e-16,2.4065871719704438e-01,-6.4214274827987709e-18
74,3.1086037645596845e+00,8.6340235423739287e-01,1.1208596302339480e-01,-1.1657341758564144e-14,1.1657341758564144e-14,0.0000000000000000e+00,3.9909268972668785e-17,-3.0726308899291077e-01,1.5296645096049150e-01,-4.6022953995340227e-01,-3.0726308899291077e-01,0.0000000000000000e+00,-4.6435178893474529e-17,-3.0726308899291077e-01,1.5296645096049150e-01,-4.6022953995340227e-01,5.5511151231257827e-17,-2.1599592970312245e-01,3.0726308899291077e-01,2.1599592970312245e-01,0.0000000000000000e+00,1.0581849112197184e+00,7.4734205753150273e-01,-1.0581849112197184e+00,5.3394535911896612e-01,-1.5921302703386848e+00,-1.0581849112197184e+00,5.3394535911896612e-01,-1.5921302703386848e+00,-1.0972160280089494e-17,1.2944673329498656e-18,6.1915921160559093e-02,1.3185024561433489e-01,3.4014256540597232e-01,-3.6626938099804107e-05,1.5920936434005846e+00,0.0000000000000000e+00,-3.1084285368821563e-01,4.6259292692714858e-17,8.4794684143793362e-17,3.7007434154171886e-16,2.3772304499316113e-01,-6.5622031891988654e-18
75,3.2236731194821542e+00,8.9536241073391809e-01,1.1506935492246972e-01,-7.7715611723760958e-15,7.7715611723760958e-15,0.0000000000000000e+00,3.9936210758426275e-17,-3.0257296088610280e-01,1.5036776505245672e-01,-4.5294072593855950e-01,-3.0257296088610275e-01,-5.5511151231257827e-17,9.0562083528221494e-18,-3.0257296088610280e-01,1.5036776505245675e-01,-4.5294072593855955e-01,5.5511151231257827e-17,-2.1267775019612831e-01,3.0257296088610280e-01,2.1267775019612822e-01,0.0000000000000000e+00,1.0932716316537410e+00,7.7200565944062671e-01,-1.0932716316537410e+00,5.5139759540022759e-01,-1.6446692270539689e+00,-1.0932716316537410e+00,5.5139759540022759e-01,-1.6446692270539689e+00,-1.3122747293978928e-17,7.6820996961343648e-18,6.2679376000906395e-02,1.3912905779640924e-01,3.4954187018348742e-01,-4.7291419424499992e-05,1.6446219356345440e+00,0.0000000000000000e+00,-3.2126597221311426e-01,4.6259292692714858e-17,6.8144193355954172e-17,5.5511151231257827e-16,2.3464573113673551e-01,-7.0485557573096152e-18
76,3.3338800472793855e+00,9.2597194740057576e-01,1.1020692779723129e-01,-1.1657341758564144e-14,1.1657341758564144e-14,0.0000000000000000e+00,2.9017086863602866e-17,-2.9808186132118641e-01,1.4787698712483860e-01,-4.4595884844602501e-01,-2.9808186132118641e-01,0.0000000000000000e+00,1.2097745323994623e-17,-2.9808186132118641e-01,1.4787698712483860e-01,-4.4595884844602501e-01,0.0000000000000000e+00,-2.0950274186365297e-01,2.9808186132118641e-01,2.0950274186365300e-01,0.0000000000000000e+00,1.1263697929647698e+00,7.9526926694354261e-01,-1.1263697929647698e+00,5.6783191433478075e-01,-1.6942017072995508e+00,-1.1263697929647698e+00,5.6783191433478075e-01,-1.6942017072995508e+00,-1.1957091171235467e-17,1.0740956413976574e-17,6.3335367808603715e-02,1.4615918345140858e-01,3.5828008215764351e-01,-5.7280917124979958e-05,1.6941444263824255e+00,0.0000000000000000e+00,-3.3110052602122719e-01,9.2518585385429716e-17,1.4422220147876730e-16,3.7007434154171886e-16,2.3164398062726727e-01,-5.5160769951506701e-18
77,3.4437330355959332e+00,9.5648317878163758e-01,1.0985298831654777e-01,-7.7715611723760958e-15,7.7715611723760958e-15,0.0000000000000000e+00,4.2616443476358082e-17,-2.9360023272121211e-01,1.4540394679428051e-01,-4.3900417951549264e-01,-2.9360023272121205e-01,-5.5511151231257827e-17,1.7593569401235253e-17,-2.9360023272121205e-01,1.4540394679428051e-01,-4.3900417951549253e-01,0.0000000000000000e+00,-2.0633653325307796e-01,2.9360023272121205e-01,2.0633653325307796e-01,0.0000000000000000e+00,1.1588688160467449e+00,8.1810986045902256e-01,-1.1588688160467449e+00,5.8394080783842239e-01,-1.7428096238851674e+00,-1.1588688160467449e+00,5.8394080783842239e-01,-1.7428096238851674e+00,-1.0326251346428657e-17,1.0740956413976574e-17,6.3919235872781338e-02,1.5321688738137287e-01,3.6673779923803745e-01,-6.6885346230782794e-05,1.7427427385389365e+00,0.0000000000000000e+00,-3.4075895558772229e-01,4.6259292692714858e-17,7.1064873873211223e-17,5.5511151231257827e-16,2.2860442732259384e-01,-5.3429192501385743e-18
78,3.5581968048197514e+00,9.8827503625457891e-01,1.1446376922381818e-01,-2.3314683517128287e-14,2.3314683517128287e-14,0.0000000000000000e+00,5.1449140081996252e-17,-2.8892896899458886e-01,1.4283962903679345e-01,-4.3176859803138234e-01,-2.8892896899458892e-01,5.5511151231257827e-17,-6.6233720433835856e-17,-2.8892896899458886e-01,1.4283962903679348e-01,-4.3176859803138234e-01,0.0000000000000000e+00,-2.0303834582779787e-01,2.8892896899458886e-01,2.0303834582779781e-01,0.0000000000000000e+00,1.1922080601024110e+00,8.4153915630159348e-01,-1.1922080601024110e+00,6.0043753091051044e-01,-1.7926455910129218e+00,-1.1922080601024110e+00,6.0043753091051044e-01,-1.7926455910129218e+00,-1.3110018857832286e-17,1.0740956413976574e-17,6.4456575065255456e-02,1.6061662446233402e-01,3.7528737708862936e-01,-7.6954294291664560e-05,1.7925686367186298e+00,0.0000000000000000e+00,-3.5066890380081750e-01,9.2518585385429716e-17,1.4621156719869438e-16,7.4014868308343773e-16,2.2539273760247736e-01,-4.4443517960758579e-18
79,3.6715443438251905e+00,1.0197568652158755e+00,1.1334753900543904e-01,-7.7715611723760958e-15,7.7715611723760958e-15,0.0000000000000000e+00,5.8038679455423426e-17,-2.8431350603489952e-01,1.4030687072748585e-01,-4.2462037676238540e-01,-2.8431350603489947e-01,-5.5511151231257827e-17,4.1176082061360674e-17,-2.8431350603489947e-01,1.4030687072748582e-01,-4.2462037676238529e-01,-5.5511151231257827e-17,-1.9978129585429347e-01,2.8431350603489947e-01,1.9978129585429347e-01,0.0000000000000000e+00,1.2246958720014007e+00,8.6436846382545240e-01,-1.2246958720014007e+00,6.1648451037365304e-01,-1.8411803823750541e+00,-1.2246958720014007e+00,6.1648451037365304e-01,-1.8411803823750541e+00,-1.4530129679236445e-17,7.5949302242656630e-18,6.4920536478063659e-02,1.6798297955413097e-01,3.8349408375694682e-01,-8.6910584511601385e-05,1.8410934717905421e+00,0.0000000000000000e+00,-3.6032740817594833e-01,9.2518585385429716e-17,1.0528436156917493e-16,3.7007434154171886e-16,2.2217333045759974e-01,-5.2697566956428061e-18
80,3.7872590587785302e+00,1.0518961678988514e+00,1.1571471495333974e-01,-1.1657341758564144e-14,1.1657341758564144e-14,0.0000000000000000e+00,3.7208207835924073e-17,-2.7960880002281063e-01,1.3773706280176298e-01,-4.1734586282457364e-01,-2.7960880002281058e-01,-5.5511151231257827e-17,3.4859654902291942e-17,-2.7960880002281063e-01,1.3773706280176296e-01,-4.1734586282457359e-01,0.0000000000000000e+00,-1.9646289044059706e-01,2.7960880002281063e-01,1.9646289044059706e-01,0.0000000000000000e+00,1.2573229264520498e+00,8.8729410535996811e-01,-1.2573229264520498e+00,6.3257139763007419e-01,-1.8898943240821242e+00,-1.2573229264520498e+00,6.3257139763007419e-01,-1.8898943240821242e+00,-1.0130902864728356e-17,4.3832017035372962e-18,6.5327596159514140e-02,1.7553547283924892e-01,3.9161136657597112e-01,-9.6962055340044095e-05,1.8897973620267838e+00,0.0000000000000000e+00,-3.7002882109208168e-01,4.6259292692714858e-17,5.9059911289311363e-17,3.7007434154171886e-16,2.1885246440379430e-01,-6.2372097397822642e-18
81,3.9074193661256289e+00,1.0852702162198888e+00,1.2016030734709870e-01,0.0000000000000000e+00,-0.0000000000000000e+00,0.0000000000000000e+00,1.9331900582966108e-17,-2.7473623353856769e-01,1.3508618807014264e-01,-4.0982242160871030e-01,-2.7473623353856769e-01,0.0000000000000000e+00,-1.1758462484730114e-17,-2.7473623353856763e-01,1.3508618807014264e-01,-4.0982242160871030e-01,-5.5511151231257827e-17,-1.9302761730533166e-01,2.7473623353856763e-01,1.9302761730533169e-01,0.0000000000000000e+00,1.2906280612565864e+00,9.1069475491973229e-01,-1.2906280612565864e+00,6.4896266046817563e-01,-1.9395907217247621e+00,-1.2906280612565864e+00,6.4896266046817563e-01,-1.9395907217247621e+00,-8.7429796742390088e-18,1.0480832069676876e-18,6.5682619890071875e-02,1.8340475928450495e-01,3.9976776380070767e-01,-1.0751749289117374e-04,1.9394832042318708e+00,0.0000000000000000e+00,-3.7993330633685407e-01,9.2518585385429716e-17,1.6144426875563157e-16,2.2204460492503131e-16,2.1537354200958397e-01,-1.0010186452659963e-17
82,4.0314102102284570e+00,1.1197081809173379e+00,1.2399084410282812e-01,-1.1657341758564144e-14,1.1657341758564144e-14,0.0000000000000000e+00,3.7260921132028158e-17,-2.6972825109808518e-01,1.3236976081180035e-01,-4.0209801190988553e-01,-2.6972825109808513e-01,-5.5511151231257827e-17,-4.7776246839425186e-18,-2.6972825109808518e-01,1.3236976081180035e-01,-4.0209801190988553e-01,5.5511151231257827e-17,-1.8949830577508348e-01,2.6972825109808518e-01,1.8949830577508342e-01,0.0000000000000000e+00,1.3243823667736412e+00,9.3440961096670938e-01,-1.3243823667736412e+00,6.6554370489927317e-01,-1.9899260716729146e+00,-1.3243823667736412e+00,6.6554370489927317e-01,-1.9899260716729146e+00,-9.7681413773398409e-18,1.0480832069676876e-18,6.5980437396534988e-02,1.9154498734094141e-01,4.0789971672595438e-01,-1.1856343584237816e-04,1.9898075082370719e+00,0.0000000000000000e+00,-3.8997275580693180e-01,4.6259292692714858e-17,5.2131575304669559e-17,2.2204460492503131e-16,2.1175761943388308e-01,-8.4640417498073406e-18
83,4.1606801295643434e+00,1.1556123878024798e+00,1.2926991933588639e-01,-1.1657341758564144e-14,1.1657341758564144e-14,0.0000000000000000e+00,5.2586366106003225e-17,-2.6453141396825014e-01,1.2956196414614082e-01,-3.9409337811439094e-01,-2.6453141396825014e-01,0.0000000000000000e+00,-3.4525073214759980e-17,-2.6453141396825008e-01,1.2956196414614082e-01,-3.9409337811439094e-01,0.0000000000000000e+00,-1.8583727341078038e-01,2.6453141396825008e-01,1.8583727341078035e-01,0.0000000000000000e+00,1.3589142186774126e+00,9.5866941098933178e-01,-1.3589142186774126e+00,6.8247365137768445e-01,-2.0413878700550971e+00,-1.3589142186774126e+00,6.8247365137768445e-01,-2.0413878700550971e+00,-1.2308469670863832e-17,4.6360442279211324e-18,6.6220895054238199e-02,2.0004444246845790e-01,4.1607806582461715e-01,-1.3024803037120503e-04,2.0412576220247258e+00,0.0000000000000000e+00,-4.0024480768808079e-01,9.2518585385429716e-17,1.0528436156917493e-16,5.5511151231257827e-16,2.0796640705360531e-01,-6.9921209358151310e-18
84,4.2952672710779636e+00,1.1929934320377527e+00,1.3458714151362017e-01,-3.8857805861880479e-15,3.8857805861880479e-15,0.0000000000000000e+00,7.6547812477070053e-18,-2.5915295630929547e-01,1.2666630617684113e-01,-3.8581926248613663e-01,-2.5915295630929547e-01,0.0000000000000000e+00,-1.2919616021953190e-17,-2.5915295630929547e-01,1.2666630617684113e-01,-3.8581926248613663e-01,0.0000000000000000e+00,-1.8204959560054002e-01,2.5915295630929547e-01,1.8204959560054002e-01,0.0000000000000000e+00,1.3941548099029202e+00,9.8342583203964640e-01,-1.3941548099029202e+00,6.9971616661655911e-01,-2.0938709765194794e+00,-1.3941548099029202e+00,6.9971616661655911e-01,-2.0938709765194794e+00,-1.5501192223049456e-17,4.6360442279211324e-18,6.6399679230127837e-02,2.0889744056039816e-01,4.2427643270809084e-01,-1.4261411794225243e-04,2.0937283624015368e+00,0.0000000000000000e+00,-4.1072897786327378e-01,1.3877787807814457e-17,2.4037033579794548e-17,3.7007434154171886e-16,2.0400343657980610e-01,-7.5843567230069210e-18
85,4.4331422454352092e+00,1.2312876587924215e+00,1.3787497435724561e-01,-3.8857805861880479e-15,3.8857805861880479e-15,0.0000000000000000e+00,3.7247654207185840e-17,-2.5368309208674855e-01,1.2373029044730527e-01,-3.7741338253405382e-01,-2.5368309208674850e-01,-5.5511151231257827e-17,-7.9749833969251375e-18,-2.5368309208674850e-01,1.2373029044730527e-01,-3.7741338253405377e-01,0.0000000000000000e+00,-1.7819874640888056e-01,2.5368309208674850e-01,1.7819874640888062e-01,0.0000000000000000e+00,1.4295084384139580e+00,1.0082604474980410e+00,-1.4295084384139580e+00,7.1697787878590702e-01,-2.1464863171998649e+00,-1.4295084384139580e+00,7.1697787878590702e-01,-2.1464863171998649e+00,-1.6941613402590840e-17,4.6360442279211324e-18,6.6511763201199794e-02,2.1796066455480365e-01,4.3235011034721987e-01,-1.5534068268363566e-04,2.1463309765171816e+00,0.0000000000000000e+00,-4.2124799091591703e-01,9.2518585385429716e-17,1.0619505537202512e-16,1.8503717077085943e-16,1.9993445923295991e-01,-9.0749184945044301e-18
86,4.5722129324817988e+00,1.2699139899994947e+00,1.3907068704658965e-01,-3.8857805861880479e-15,3.8857805861880479e-15,0.0000000000000000e+00,3.8334049144902657e-17,-2.4821121238498073e-01,1.2080245147126754e-01,-3.6901366385624829e-01,-2.4821121238498070e-01,-2.7755575615628914e-17,3.4095320337186453e-17,-2.4821121238498076e-01,1.2080245147126756e-01,-3.6901366385624834e-01,2.7755575615628914e-17,-1.7434755779399033e-01,2.4821121238498076e-01,1.7434755779399033e-01,0.0000000000000000e+00,1.4644078312877848e+00,1.0327748758686557e+00,-1.4644078312877848e+00,7.3398154699790819e-01,-2.1983893782856927e+00,-1.4644078312877848e+00,7.3398154699790819e-01,-2.1983893782856927e+00,-1.5125326800505562e-17,6.5660377130406741e-18,6.6556620515874451e-02,2.2708608703814798e-01,4.4017083457756978e-01,-1.6800486631596279e-04,2.1982213734193770e+00,0.0000000000000000e+00,-4.3163295541912916e-01,9.2518585385429716e-17,1.1830084923285172e-16,3.7007434154171886e-16,1.9582814360481399e-01,-1.1271061214757122e-17
87,4.7094008766224205e+00,1.3080173968390532e+00,1.3718794414062163e-01,-3.8857805861880479e-15,3.8857805861880479e-15,0.0000000000000000e+00,3.6445620213936470e-17,-2.4286279834822888e-01,1.1794892979919115e-01,-3.6081172814742002e-01,-2.4286279834822885e-01,-2.7755575615628914e-17,-5.8310333618842772e-17,-2.4286279834822883e-01,1.1794892979919117e-01,-3.6081172814742002e-01,2.7755575615628914e-17,-1.7058419882978818e-01,2.4286279834822883e-01,1.7058419882978818e-01,0.0000000000000000e+00,1.4980925482644740e+00,1.0564351151486704e+00,-1.4980925482644742e+00,7.5035845257652212e-01,-2.2484510008409959e+00,-1.4980925482644740e+00,7.5035845257652212e-01,-2.2484510008409959e+00,-1.6786330745229701e-17,1.0373768070188373e-17,6.6538183516344218e-02,2.3606225222966748e-01,4.4757794175220905e-01,-1.8007507830142266e-04,2.2482709257626947e+00,0.0000000000000000e+00,-4.4165743311580363e-01,4.6259292692714858e-17,7.6152406756228067e-17,1.8503717077085943e-16,1.9178217458594071e-01,-1.3555181352016500e-17
88,4.8446088596077557e+00,1.3455708773283117e+00,1.3520798298533521e-01,0.0000000000000000e+00,-0.0000000000000000e+00,0.0000000000000000e+00,1.9472762533052545e-17,-2.3764144589741873e-01,1.1517391608258740e-01,-3.5281536198000613e-01,-2.3764144589741870e-01,-2.7755575615628914e-17,-1.1713811176569985e-17,-2.3764144589741867e-01,1.1517391608258741e-01,-3.5281536198000607e-01,-2.7755575615628914e-17,-1.6691105716967308e-01,2.3764144589741867e-01,1.6691105716967308e-01,0.0000000000000000e+00,1.5305765531046474e+00,1.0792511415640735e+00,-1.5305765531046478e+00,7.6611848746626032e-01,-2.2966950405709077e+00,-1.5305765531046474e+00,7.6611848746626032e-01,-2.2966950405709077e+00,-2.1520242434260109e-17,1.0373768070188373e-17,6.6463178310179186e-02,2.4487509175196839e-01,4.5458878964501581e-01,-1.9142775909686272e-04,2.2965036128118115e+00,0.0000000000000000e+00,-4.5132541154057382e-01,4.6259292692714858e-17,7.2407246136378803e-17,3.7007434154171886e-16,1.8780525694659944e-01,-1.2871424136986645e-17
89,4.9811981647626125e+00,1.3835080145662118e+00,1.3658930515485679e-01,-1.1657341758564144e-14,1.1657341758564144e-14,0.0000000000000000e+00,2.3052816443758377e-17,-2.3241842183023789e-01,1.1241174020057072e-01,-3.4483016203080863e-01,-2.3241842183023789e-01,0.0000000000000000e+00,1.3724573956479943e-17,-2.3241842183023789e-01,1.1241174020057072e-01,-3.4483016203080863e-01,0.0000000000000000e+00,-1.6323747896216759e-01,2.3241842183023789e-01,1.6323747896216759e-01,0.0000000000000000e+00,1.5626791284616997e+00,1.1017985211381442e+00,-1.5626791284617001e+00,7.8166137079372466e-01,-2.3443404992554244e+00,-1.5626791284616997e+00,7.8166137079372466e-01,-2.3443404992554244e+00,-2.1382918088790533e-17,8.4782106764324534e-18,6.6334031582735806e-02,2.5373556868555314e-01,4.6138926992623591e-01,-2.0250059919979524e-04,2.3441379986562252e+00,0.0000000000000000e+00,-4.6088060732355540e-01,4.6259292692714858e-17,7.5019965888632535e-17,1.8503717077085943e-16,1.8380401551332010e-01,-1.4115383669038387e-17
90,5.1226454109665349e+00,1.4227944256441321e+00,1.4144724620392246e-01,-1.1657341758564144e-14,1.1657341758564144e-14,0.0000000000000000e+00,2.3389418778757619e-17,-2.2706797735427720e-01,1.0959609977249694e-01,-3.3666407712677415e-01,-2.2706797735427714e-01,-5.5511151231257827e-17,-1.1579909629957108e-17,-2.2706797735427714e-01,1.0959609977249696e-01,-3.3666407712677410e-01,0.0000000000000000e+00,-1.5947498168029448e-01,2.2706797735427714e-01,1.5947498168029442e-01,0.0000000000000000e+00,1.5951756713781027e+00,1.1246219155749282e+00,-1.5951756713781031e+00,7.9736256959366048e-01,-2.3925382409717630e+00,-1.5951756713781027e+00,7.9736256959366048e-01,-2.3925382409717630e+00,-2.1231239657281309e-17,8.4782106764324534e-18,6.6147752782858227e-02,2.6285784283643066e-01,4.6814313672613966e-01,-2.1383724823198502e-04,2.3923244037235314e+00,0.0000000000000000e+00,-4.7055375580317449e-01,4.6259292692714858e-17,5.7406272541096089e-17,5.5511151231257827e-16,1.7968318890829332e-01,-1.6262018716658909e-17
91,5.2695402236797779e+00,1.4635938766928056e+00,1.4689481271324301e-01,-7.7715611723760958e-15,7.7715611723760958e-15,0.0000000000000000e+00,5.3871413256533754e-17,-2.2157955709962326e-01,1.0671963060482309e-01,-3.2829918770444633e-01,-2.2157955709962324e-01,-2.7755575615628914e-17,-2.4811399521992194e-17,-2.2157955709962324e-01,1.0671963060482309e-01,-3.2829918770444633e-01,2.7755575615628914e-17,-1.5561612807372835e-01,2.2157955709962324e-01,1.5561612807372832e-01,0.0000000000000000e+00,1.6281276691520346e+00,1.1477645403523906e+00,-1.6281276691520350e+00,8.1325039894401285e-01,-2.4413780680960473e+00,-1.6281276691520346e+00,8.1325039894401285e-01,-2.4413780680960473e+00,-2.3904086928413970e-17,1.0516785717335485e-17,6.5901946783485668e-02,2.7226526650730859e-01,4.7485757755073627e-01,-2.2560810248239971e-04,2.4411524599935657e+00,0.0000000000000000e+00,-4.8036312879964393e-01,9.2518585385429716e-17,1.4084416362486780e-16,5.5511151231257827e-16,1.7543362304373439e-01,-1.7983762694006463e-17
92,5.4170916045941517e+00,1.5045756869527225e+00,1.4755138091437381e-01,-3.8857805861880479e-15,3.8857805861880479e-15,0.0000000000000000e+00,3.1216363331328758e-17,-2.1614220054532465e-01,1.0387763559360305e-01,-3.2001983613892770e-01,-2.1614220054532463e-01,-2.7755575615628914e-17,2.4691002726995893e-18,-2.1614220054532463e-01,1.0387763559360307e-01,-3.2001983613892770e-01,0.0000000000000000e+00,-1.5179378369758731e-01,2.1614220054532463e-01,1.5179378369758731e-01,0.0000000000000000e+00,1.6604208940504239e+00,1.1704439188467024e+00,-1.6604208940504244e+00,8.2878735766619771e-01,-2.4892082517166214e+00,-1.6604208940504239e+00,8.2878735766619771e-01,-2.4892082517166214e+00,-2.5552405481931621e-17,1.2564472472415169e-17,6.5605583062433914e-02,2.8163829490114717e-01,4.8130626998755061e-01,-2.3720971506602240e-04,2.4889710420015563e+00,0.0000000000000000e+00,-4.8997697520372152e-01,9.2518585385429716e-17,1.0888144363840725e-16,2.2204460492503131e-16,1.7120102682970589e-01,-1.8679342930474408e-17
93,5.5673610851941699e+00,1.5463124386092861e+00,1.5026948060001821e-01,-7.7715611723760958e-15,7.7715611723760958e-15,0.0000000000000000e+00,4.6847449179929529e-17,-2.1068160502381533e-01,1.0103677453587911e-01,-3.1171837955969445e-01,-2.1068160502381533e-01,0.0000000000000000e+00,-1.4649563234497178e-17,-2.1068160502381528e-01,1.0103677453587911e-01,-3.1171837955969439e-01,-2.7755575615628914e-17,-1.4795568092869926e-01,2.1068160502381528e-01,1.4795568092869926e-01,0.0000000000000000e+00,1.6924901898357227e+00,1.1929655170264652e+00,-1.6924901898357232e+00,8.4418354865500589e-01,-2.5366737384907285e+00,-1.6924901898357227e+00,8.4418354865500589e-01,-2.5366737384907285e+00,-2.6467581403300162e-17,1.0479064506657625e-17,6.5257046229828253e-02,2.9109676994179240e-01,4.8758105082532516e-01,-2.4868165806013476e-04,2.5364250568326687e+00,0.0000000000000000e+00,-4.9952467280925750e-01,9.2518585385429716e-17,1.2337015994988514e-16,3.7007434154171886e-16,1.6693244261537915e-01,-1.7793636384203122e-17
94,5.7240854958095380e+00,1.5898420214511004e+00,1.5672441061536801e-01,-9.3293317515730223e-10,9.3293317515730223e-10,0.0000000000000000e+00,9.9383386342874529e-12,-2.0507133579431613e-01,9.8132796836235894e-02,-3.0320413263055201e-01,-2.0507133579431611e-01,-2.7755575615628914e-17,-6.9166530016494956e-12,-2.0507133578739944e-01,9.8132796836060271e-02,-3.0320413262345969e-01,0.0000000000000000e+00,-1.4401294306209192e-01,2.0507133578739944e-01,1.4401294306059637e-01,0.0000000000000000e+00,1.7250695071408446e+00,1.2158448222829163e+00,-1.7250695071413871e+00,8.5979091549791098e-01,-2.5848604226392973e+00,-1.7250695071408446e+00,8.5979091549789721e-01,-2.5848604226387417e+00,-5.4203179811075179e-13,8.3040763918327642e-18,6.4847726177277062e-02,3.0085909835315505e-01,4.9382359198807474e-01,-2.6049897940405575e-04,2.5845999236598942e+00,0.0000000000000000e+00,-5.0922468485792827e-01,8.0162265714278647e-12,1.1338605143761463e-11,2.5538275198281706e-11,1.6253045590488935e-01,-2.0479563728444667e-12
95,5.8851011781104638e+00,1.6345634879669371e+00,1.6101568230092589e-01,-7.7715611723760958e-15,7.7715611723760958e-15,0.0000000000000000e+00,1.3761068678568034e-16,-1.9940315125905111e-01,9.5209590537679981e-02,-2.9461274179673108e-01,-1.9940315125905109e-01,-2.7755575615628914e-17,-7.7279796922231834e-17,-1.9940315125905100e-01,9.5209590537679994e-02,-2.9461274179673103e-01,0.0000000000000000e+00,-1.4003003428888341e-01,1.9940315125905100e-01,1.4003003428888339e-01,0.0000000000000000e+00,1.7576328748933951e+00,1.2387125091832729e+00,-1.7576328748944945e+00,8.7535649370826152e-01,-2.6329893686027552e+00,-1.7576328748933951e+00,8.7535649370823354e-01,-2.6329893686016286e+00,-1.0988828208900369e-12,8.3040763918327642e-18,6.4383035741493802e-02,3.1077104767097469e-01,4.9992990848590907e-01,-2.7250180988402928e-04,2.6327168667928720e+00,0.0000000000000000e+00,-5.1892036571012223e-01,9.2518585385429716e-17,1.3323158154420080e-16,7.4014868308343773e-16,1.5806574049731992e-01,-2.0480056001546090e-12
96,6.0456043700748321e+00,1.6791426123264164e+00,1.6050319196436824e-01,-1.1657341758564144e-14,1.1657341758564144e-14,0.0000000000000000e+00,1.1235600758269826e-16,-1.9385253994929441e-01,9.2356084465291421e-02,-2.8620862441458583e-01,-1.9385253994929436e-01,-5.5511151231257827e-17,-8.1451651925110400e-17,-1.9385253994929430e-01,9.2356084465291421e-02,-2.8620862441458572e-01,2.7755575615628914e-17,-1.3613022131216793e-01,1.9385253994929430e-01,1.3613022131216790e-01,0.0000000000000000e+00,1.7891922717419417e+00,1.2608748104421053e+00,-1.7891922717430413e+00,8.9040893847872560e-01,-2.6796012102217661e+00,-1.7891922717419417e+00,8.9040893847869762e-01,-2.6796012102206395e+00,-1.0988955593421394e-12,1.0531505632391177e-17,6.3879693334908963e-02,3.2052443189120688e-01,5.0572078157854627e-01,-2.8403167406343410e-04,2.6793171785477035e+00,0.0000000000000000e+00,-5.2831746129983648e-01,1.3877787807814457e-16,1.7611976526056537e-16,3.7007434154171886e-16,1.5367775338876771e-01,-2.0480469128295848e-12
97,6.2031776555730902e+00,1.7229079667968621e+00,1.5757328549825811e-01,-7.7715611723760958e-15,7.7715611723760958e-15,0.0000000000000000e+00,4.5960122795242270e-17,-1.8850038898037233e-01,8.9614739749952974e-02,-2.7811512873032529e-01,-1.8850038898037230e-01,-2.7755575615628914e-17,-3.3011173687608360e-17,-1.8850038898037225e-01,8.9614739749952974e-02,-2.7811512873032523e-01,-2.7755575615628914e-17,-1.3237026900506654e-01,1.8850038898037225e-01,1.3237026900506652e-01,0.0000000000000000e+00,1.8193165753576066e+00,1.2820290626506952e+00,-1.8193165753587062e+00,9.0474580879693667e-01,-2.7240623841556419e+00,-1.8193165753576066e+00,9.0474580879690869e-01,-2.7240623841545153e+00,-1.0989045774838890e-12,1.0531505632391177e-17,6.3350584086373812e-02,3.2996893772363789e-01,5.1113160330950291e-01,-2.9468367742202517e-04,2.7237677004782208e+00,0.0000000000000000e+00,-5.3728751270691144e-01,4.6259292692714858e-17,8.8408515941460821e-17,5.5511151231257827e-16,1.4943414267649152e-01,-2.0480566887138485e-12
98,6.3624198895090069e+00,1.7671368650700285e+00,1.5924223393591674e-01,-7.7715611723760958e-15,7.7715611723760958e-15,0.0000000000000000e+00,6.3583869205741076e-17,-1.8318776009938598e-01,8.6907725972413363e-02,-2.7009548607179934e-01,-1.8318776009938592e-01,-5.5511151231257827e-17,-5.1901612036276316e-17,-1.8318776009938589e-01,8.6907725972413363e-02,-2.7009548607179923e-01,2.7755575615628914e-17,-1.2863847593637012e-01,1.8318776009938589e-01,1.2863847593637012e-01,0.0000000000000000e+00,1.8489108009510899e+00,1.3028108704613373e+00,-1.8489108009521895e+00,9.1880072468768959e-01,-2.7677115256398781e+00,-1.8489108009510899e+00,9.1880072468766161e-01,-2.7677115256387514e+00,-1.0989113383347333e-12,1.0531505632391177e-17,6.2784445883239157e-02,3.3937484936789108e-01,5.1633654431622422e-01,-3.0488512033510773e-04,2.7674066405195439e+00,0.0000000000000000e+00,-5.4609993048975269e-01,9.2518585385429716e-17,1.1707348733832023e-16,3.7007434154171886e-16,1.4521334792532375e-01,-2.0480808518751720e-12
99,6.5236288758616769e+00,1.8119120210188067e+00,1.6120898635267000e-01,-3.8857805861880479e-15,3.8857805861880479e-15,0.0000000000000000e+00,9.6069364619514912e-17,-1.7791094498556573e-01,8.4230104517176746e-02,-2.6214104950274247e-01,-1.7791094498556567e-01,-5.5511151231257827e-17,-8.4293085750177333e-17,-1.7791094498556559e-01,8.4230104517176746e-02,-2.6214104950274231e-01,0.0000000000000000e+00,-1.2493219564969535e-01,1.7791094498556559e-01,1.2493219564969534e-01,0.0000000000000000e+00,1.8780169790610932e+00,1.3232498059289151e+00,-1.8780169790621930e+00,9.3259520277760055e-01,-2.8106121818397924e+00,-1.8780169790610932e+00,9.3259520277757257e-01,-2.8106121818386658e+00,-1.0989223162393217e-12,1.2768729737706388e-17,6.2182720611229134e-02,3.4874850731576501e-01,5.2134916610113258e-01,-3.1480874947376059e-04,2.8102973730903198e+00,0.0000000000000000e+00,-5.5476717313217816e-01,9.2518585385429716e-17,1.1257747996445928e-16,3.7007434154171886e-16,1.4101247879545781e-01,-2.0481248912604305e-12
100,6.6852880489684781e+00,1.8568122145512727e+00,1.6165917310680111e-01,-1.5543122344752192e-14,1.5543122344752192e-14,0.0000000000000000e+00,1.5107119397078988e-16,-1.7272322104443524e-01,8.1607538333700630e-02,-2.5433075937813587e-01,-1.7272322104443516e-01,-8.3266726846886741e-17,-1.2200133155172743e-16,-1.7272322104443505e-01,8.1607538333700630e-02,-2.5433075937813565e-01,0.0000000000000000e+00,-1.2128880823871252e-01,1.7272322104443505e-01,1.2128880823871248e-01,0.0000000000000000e+00,1.9063585937327945e+00,1.3431517478739783e+00,-1.9063585937338945e+00,9.4599979088422748e-01,-2.8523583846181206e+00,-1.9063585937327945e+00,9.4599979088419950e-01,-2.8523583846169940e+00,-1.0989389909317805e-12,1.2768729737706388e-17,6.1553801258427833e-02,3.5799237134383394e-01,5.2612930112853118e-01,-3.2431715343450573e-04,2.8520340674646874e+00,0.0000000000000000e+00,-5.6320684585881620e-01,1.3877787807814457e-16,2.0502053808399642e-16,5.5511151231257827e-16,1.3687495978711683e-01,-2.0481747682026923e-12
101,6.8397835893389543e+00,1.8997227375313352e+00,1.5449554037047619e-01,-3.8857805861880479e-15,3.8857805861880479e-15,0.0000000000000000e+00,5.2337509482852781e-17,-1.6786490268252208e-01,7.9157341515676535e-02,-2.4702224419819863e-01,-1.6786490268252202e-01,-5.5511151231257827e-17,3.8577462560757929e-17,-1.6786490268252205e-01,7.9157341515676521e-02,-2.4702224419819857e-01,0.0000000000000000e+00,-1.1787702187673636e-01,1.6786490268252205e-01,1.1787702187673638e-01,0.0000000000000000e+00,1.9326682668422759e+00,1.3616267749548983e+00,-1.9326682668433759e+00,9.5841851937668954e-01,-2.8910867862200642e+00,-1.9326682668422759e+00,9.5841851937666156e-01,-2.8910867862189376e+00,-1.0989454352396402e-12,1.2768729737706388e-17,6.0931757213070897e-02,3.6667561185749648e-01,5.3047840664180779e-01,-3.3274366431434999e-04,2.8907540425557512e+00,0.0000000000000000e+00,-5.7104149188737763e-01,9.2518585385429716e-17,1.2414825556768393e-16,3.7007434154171886e-16,1.3299279248346335e-01,-2.0481524959913864e-12
102,6.9959841781586976e+00,1.9431068309490231e+00,1.5620058881974330e-01,0.0000000000000000e+00,-0.0000000000000000e+00,0.0000000000000000e+00,4.3137435002376687e-17,-1.6304647136392580e-01,7.6740943952273558e-02,-2.3978741531619935e-01,-1.6304647136392575e-01,-5.5511151231257827e-17,3.9993469751840495e-17,-1.6304647136392580e-01,7.6740943952273544e-02,-2.3978741531619935e-01,2.7755575615628914e-17,-1.1449348694202077e-01,1.6304647136392580e-01,1.1449348694202083e-01,0.0000000000000000e+00,1.9585125425788785e+00,1.3797749801058148e+00,-1.9585125425799785e+00,9.7059422136973061e-01,-2.9291067639497079e+00,-1.9585125425788785e+00,9.7059422136970264e-01,-2.9291067639485813e+00,-1.0989392988266945e-12,1.4936448364802462e-17,6.0284583612705549e-02,3.7530008415455396e-01,5.3466886761790100e-01,-3.4068598457015487e-04,2.9287660779651388e+00,0.0000000000000000e+00,-5.7873756247306374e-01,4.6259292692714858e-17,7.1739199854994070e-17,3.7007434154171886e-16,1.2914070967983282e-01,-2.0481443789948634e-12
103,7.1624605877882770e+00,1.9893449928009330e+00,1.6647640962957944e-01,-1.1657341758564144e-14,1.1657341758564144e-14,0.0000000000000000e+00,2.4506572073836147e-16,-1.5801545748344134e-01,7.4231326211907200e-02,-2.3224678369534854e-01,-1.5801545748344129e-01,-5.5511151231257827e-17,-1.3970425846790606e-16,-1.5801545748344115e-01,7.4231326211907186e-02,-2.3224678369534835e-01,0.0000000000000000e+00,-1.1096090330813549e-01,1.5801545748344115e-01,1.1096090330813549e-01,0.0000000000000000e+00,1.9852371611705071e+00,1.3985413988178508e+00,-1.9852371611716071e+00,9.8316088211501040e-01,-2.9683980432866162e+00,-1.9852371611705071e+00,9.8316088211498243e-01,-2.9683980432854895e+00,-1.0989475985737479e-12,1.7246772652648565e-17,5.9577258811620168e-02,3.8431620740900785e-01,5.3891839686054477e-01,-3.4901903383754984e-04,2.9680490242527799e+00,0.0000000000000000e+00,-5.8669576235265630e-01,1.8503717077085943e-16,2.4838268032454370e-16,9.2518585385429718e-16,1.2511715181904937e-01,-2.0482367980900674e-12
104,7.3424561208995449e+00,2.0393380375280392e+00,1.7999553311126792e-01,-4.6629367034256575e-14,4.6629367034256575e-14,0.0000000000000000e+00,5.8840118143442754e-16,-1.5269935822998892e-01,7.1590772055372884e-02,-2.2429013028536182e-01,-1.5269935822998887e-01,-5.5511151231257827e-17,-3.7603217577338333e-16,-1.5269935822998848e-01,7.1590772055372884e-02,-2.2429013028536138e-01,0.0000000000000000e+00,-1.0722836025707747e-01,1.5269935822998848e-01,1.0722836025707741e-01,0.0000000000000000e+00,2.0132008006204614e+00,1.4181779452251384e+00,-2.0132008006215614e+00,9.9628454527352184e-01,-3.0094853458950817e+00,-2.0132008006204614e+00,9.9628454527349386e-01,-3.0094853458939550e+00,-1.0989940137009609e-12,1.7246772652648565e-17,5.8794999342501007e-02,3.9385551897596238e-01,5.4327586676769479e-01,-3.5816018736367639e-04,3.0091271857077198e+00,0.0000000000000000e+00,-5.9502285539532296e-01,4.6259292692714859e-16,6.5443412287908150e-16,9.2518585385429718e-16,1.2086308077178334e-01,-2.0484749196422434e-12
105,7.5315821883488603e+00,2.0918670519186939e+00,1.8912606744931537e-01,-5.0515147620444623e-14,5.0515147620444623e-14,0.0000000000000000e+00,7.9182274340097166e-16,-1.4725332971180960e-01,6.8894504390202005e-02,-2.1614783410201160e-01,-1.4725332971180954e-01,-5.5511151231257827e-17,-4.5866775207497567e-16,-1.4725332971180910e-01,6.8894504390202005e-02,-2.1614783410201110e-01,2.7755575615628914e-17,-1.0340478171146497e-01,1.4725332971180910e-01,1.0340478171146493e-01,0.0000000000000000e+00,2.0415652367661035e+00,1.4380960541326402e+00,-2.0415652367672035e+00,1.0095692592078627e+00,-3.0511344959750644e+00,-2.0415652367661035e+00,1.0095692592078347e+00,-3.0511344959739377e+00,-1.0990729454583880e-12,1.9871424085636568e-17,5.7956587956450908e-02,4.0363957202310885e-01,5.4760532493506386e-01,-3.6777429323908706e-04,3.0507667216818271e+00,0.0000000000000000e+00,-6.0346918263346327e-01,6.4763009769800805e-16,8.1084504350128069e-16,7.4014868308343773e-16,1.1650182946380058e-01,-2.0488281770089051e-12
106,7.7222616715315144e+00,2.1448275213621173e+00,1.9067948318265415e-01,-4.6629367034256575e-14,4.6629367034256575e-14,0.0000000000000000e+00,8.7107028594455889e-16,-1.4190688650855934e-01,6.6255564362630415e-02,-2.0816245087118976e-01,-1.4190688650855932e-01,-2.7755575615628914e-17,-5.6440849988575727e-16,-1.4190688650855876e-01,6.6255564362630429e-02,-2.0816245087118918e-01,0.0000000000000000e+00,-9.9651271413354697e-02,1.4190688650855876e-01,9.9651271413354628e-02,0.0000000000000000e+00,2.0691336970590455e+00,1.4574553657661153e+00,-2.0691336970601455e+00,1.0224544318388078e+00,-3.0915881288989517e+00,-2.0691336970590455e+00,1.0224544318387798e+00,-3.0915881288978251e+00,-1.0991704852838783e-12,2.2517633492549168e-17,5.7097193562313422e-02,4.1325099647162516e-01,5.5172914891887326e-01,-3.7709288599585555e-04,3.0912110360129574e+00,0.0000000000000000e+00,-6.1167833129293014e-01,6.9388939039072284e-16,8.6836960500262545e-16,1.2952601953960161e-15,1.1221796674586333e-01,-2.0492051736073957e-12
107,7.9160793489723984e+00,2.1986596118019182e+00,1.9381767744088396e-01,-5.8286708792820718e-14,5.8286708792820718e-14,0.0000000000000000e+00,9.0645840860608597e-16,-1.3661719162657737e-01,6.3655955934580830e-02,-2.0027314756115822e-01,-1.3661719162657732e-01,-5.5511151231257827e-17,-5.3146663843221562e-16,-1.3661719162657676e-01,6.3655955934580816e-02,-2.0027314756115758e-01,-2.7755575615628914e-17,-9.5937719276505545e-02,1.3661719162657676e-01,9.5937719276505490e-02,0.0000000000000000e+00,2.0961251420268030e+00,1.4764096677203731e+00,-2.0961251420279035e+00,1.0350440064072177e+00,-3.1311691484351192e+00,-2.0961251420268030e+00,1.0350440064071897e+00,-3.1311691484339925e+00,-1.0992766852709153e-12,1.9827872891621153e-17,5.6211874112836673e-02,4.2275584393781168e-01,5.5569024868928174e-01,-3.8603966728767425e-04,3.1307831087678335e+00,0.0000000000000000e+00,-6.1971547430642993e-01,6.9388939039072284e-16,9.2025767858262197e-16,2.2204460492503131e-15,1.0798023964954326e-01,-2.0496097768486243e-12
108,8.1137869098475690e+00,2.2535721019224897e+00,1.9770756087517061e-01,-6.9944050551384862e-14,6.9944050551384862e-14,0.0000000000000000e+00,9.9431825357917421e-16,-1.3137043822052549e-01,6.1088157700541504e-02,-1.9245859592106701e-01,-1.3137043822052547e-01,-2.7755575615628914e-17,-6.1663303782682238e-16,-1.3137043822052485e-01,6.1088157700541497e-02,-1.9245859592106634e-01,0.0000000000000000e+00,-9.2254391478551662e-02,1.3137043822052485e-01,9.2254391478551578e-02,0.0000000000000000e+00,2.1226167323476974e+00,1.4950131693170392e+00,-2.1226167323487979e+00,1.0473754336273853e+00,-3.1699921659761809e+00,-2.1226167323476974e+00,1.0473754336273573e+00,-3.1699921659750543e+00,-1.0993901792642327e-12,1.7084129313794976e-17,5.5299020897139034e-02,4.3217256431912771e-01,5.5950915363797538e-01,-3.9469477314302281e-04,3.1695974712030401e+00,0.0000000000000000e+00,-6.2760356303065823e-01,7.8640797577615262e-16,1.0544785222000345e-15,1.6653345369377348e-15,1.0377837481537278e-01,-2.0500546801471617e-12
109,8.3145607555803984e+00,2.3093362404889155e+00,2.0077384573282941e-01,3.8857805861880479e-15,0.0000000000000000e+00,0.0000000000000000e+00,2.5334308555285211e-17,-1.2619492864419121e-01,5.8565156825559336e-02,-1.8476008546975053e-01,-1.2619492864419118e-01,-2.7755575615628914e-17,-1.4295723334612948e-18,-1.2619492864419116e-01,5.8565156825559336e-02,-1.8476008546975048e-01,-2.7755575615628914e-17,-8.8621116397162733e-02,1.2619492864419116e-01,8.8621116397162733e-02,0.0000000000000000e+00,2.1484729269642053e+00,1.5131707049745822e+00,-2.1484729269653062e+00,1.0593870616834278e+00,-3.2078599886487318e+00,-2.1484729269642053e+00,1.0593870616833998e+00,-3.2078599886476047e+00,-1.0994522246678054e-12,1.4297832485355896e-17,5.4364189137630449e-02,4.4144380637929148e-01,5.6317611629988051e-01,-4.0294986662536836e-04,3.2074570387821089e+00,0.0000000000000000e+00,-6.3530222198962316e-01,4.6259292692714858e-17,8.9221692635819096e-17,9.2518585385429718e-16,9.9635682687742783e-02,-2.0500824548697083e-12
110,8.5124656479609815e+00,2.3643035386516957e+00,1.9790489238058306e-01,-6.9944050551384862e-14,6.9944050551384862e-14,0.0000000000000000e+00,8.9398708866008493e-16,-1.2124291603075615e-01,5.6158873812034285e-02,-1.7740178984279042e-01,-1.2124291603075610e-01,-5.5511151231257827e-17,-5.5092503416284460e-16,-1.2124291603075554e-01,5.6158873812034285e-02,-1.7740178984278981e-01,0.0000000000000000e+00,-8.5144738213135757e-02,1.2124291603075554e-01,8.5144738213135701e-02,0.0000000000000000e+00,2.1729575069748446e+00,1.5303652613526177e+00,-2.1729575069759455e+00,1.0707392851518276e+00,-3.2436967921277713e+00,-2.1729575069748446e+00,1.0707392851517996e+00,-3.2436967921266437e+00,-1.0995068815072827e-12,1.1551350382769808e-17,5.3436752761714848e-02,4.5029256458558853e-01,5.6659942295722487e-01,-4.1054484729929897e-04,3.2432862472804738e+00,0.0000000000000000e+00,-6.4259224562222683e-01,6.9388939039072284e-16,9.9168746451134269e-16,1.6653345369377348e-15,9.5673886704606637e-02,-2.0505101897011240e-12
111,8.7160130451627094e+00,2.4208380201274200e+00,2.0354739720172788e-01,0.0000000000000000e+00,-0.0000000000000000e+00,0.0000000000000000e+00,5.9477403112788057e-17,-1.1629956899706419e-01,5.3768347305014209e-02,-1.7006791630207840e-01,-1.1629956899706415e-01,-4.1633363423443370e-17,2.9438383713955718e-17,-1.1629956899706417e-01,5.3768347305014202e-02,-1.7006791630207838e-01,0.0000000000000000e+00,-8.1674416144825124e-02,1.1629956899706417e-01,8.1674416144825138e-02,0.0000000000000000e+00,2.1971330842509662e+00,1.5473430636890959e+00,-2.1971330842520671e+00,1.0819269850218247e+00,-3.2790600692738900e+00,-2.1971330842509662e+00,1.0819269850217967e+00,-3.2790600692727625e+00,-1.0995599551324699e-12,1.1551350382769808e-17,5.2478411537686856e-02,4.5909137064644490e-01,5.6993942117185026e-01,-4.1778166584283127e-04,3.2786422876080490e+00,0.0000000000000000e+00,-6.4979002056187030e-01,4.6259292692714858e-17,8.1184729192904310e-17,5.5511151231257827e-16,9.1723893409559859e-02,-2.0505380030732788e-12
112,8.9316164852637456e+00,2.4807210196551139e+00,2.1560344010103627e-01,-1.1657341758564144e-14,1.1657341758564144e-14,0.0000000000000000e+00,2.7574223459309682e-17,-1.1122755206421435e-01,5.1326327470958839e-02,-1.6255387953517320e-01,-1.1122755206421431e-01,-4.1633363423443370e-17,5.0186914966301230e-18,-1.1122755206421431e-01,5.1326327470958846e-02,-1.6255387953517314e-01,0.0000000000000000e+00,-7.8113700689736595e-02,1.1122755206421431e-01,7.8113700689736595e-02,0.0000000000000000e+00,2.2216608992595144e+00,1.5645684975274947e+00,-2.2216608992606153e+00,1.0932563717308244e+00,-3.3149172709914381e+00,-2.2216608992595144e+00,1.0932563717307964e+00,-3.3149172709903105e+00,-1.0995562406004943e-12,1.1551350382769808e-17,5.1459824378615168e-02,4.6807575654842132e-01,5.7329562065561845e-01,-4.2517014816945142e-04,3.3144921008432702e+00,0.0000000000000000e+00,-6.5709240173201966e-01,5.5511151231257827e-17,9.8348605303505879e-17,3.7007434154171886e-16,8.7676205420689157e-02,-2.0505845903579613e-12
113,9.1249823999792206e+00,2.5344276347914616e+00,1.9336591471547493e-01,-4.2743586448068527e-14,4.2743586448068527e-14,0.0000000000000000e+00,7.6647586700174297e-16,-1.0682569872956921e-01,4.9207341989652674e-02,-1.5603304071922189e-01,-1.0682569872956915e-01,-5.5511151231257827e-17,-4.4915006411784840e-16,-1.0682569872956869e-01,4.9207341989652681e-02,-1.5603304071922136e-01,-1.3877787807814457e-17,-7.5023366500669000e-02,1.0682569872956869e-01,7.5023366500668959e-02,0.0000000000000000e+00,2.2427429324077259e+00,1.5793742420645536e+00,-2.2427429324088268e+00,1.1029762642083014e+00,-3.3457191966171265e+00,-2.2427429324077259e+00,1.1029762642082734e+00,-3.3457191966159989e+00,-1.0995991805350546e-12,1.0209604815927154e-17,5.0544294462973025e-02,4.7583936441706226e-01,5.7616143497422867e-01,-4.3117035403739123e-04,3.3452880262630909e+00,0.0000000000000000e+00,-6.6336869034317236e-01,6.0137080500529316e-16,7.8124810310036562e-16,1.2952601953960161e-15,8.4163547272456285e-02,-2.0509356802013069e-12
114,9.3175250743476532e+00,2.5879055981897383e+00,1.9254267436843264e-01,-3.8857805861880479e-14,3.8857805861880479e-14,0.0000000000000000e+00,6.8490100584881351e-16,-1.0257038121524878e-01,4.7170558534088379e-02,-1.4974093974933717e-01,-1.0257038121524872e-01,-5.5511151231257827e-17,-4.1279559477685760e-16,-1.0257038121524834e-01,4.7170558534088372e-02,-1.4974093974933672e-01,2.7755575615628914e-17,-7.2035822147302961e-02,1.0257038121524834e-01,7.2035822147302919e-02,0.0000000000000000e+00,2.2629017730251464e+00,1.5935318268009198e+00,-2.2629017730262477e+00,1.1122546935667295e+00,-3.3751564665929750e+00,-2.2629017730251464e+00,1.1122546935667015e+00,-3.3751564665918474e+00,-1.0996821611962166e-12,1.1545638005344266e-17,4.9631630733433602e-02,4.8329369161592445e-01,5.7889298640849074e-01,-4.3638480888064102e-04,3.3747200817840968e+00,0.0000000000000000e+00,-6.6936994622422663e-01,5.5511151231257827e-16,6.8946523387185989e-16,1.6653345369377348e-15,8.0774555710929882e-02,-2.0512420968639459e-12
115,9.5145544206211525e+00,2.6426297168972539e+00,1.9702934627349933e-01,-3.8857805861880479e-14,3.8857805861880479e-14,0.0000000000000000e+00,8.0429604782806003e-16,-9.8348435086307084e-02,4.5157344244154164e-02,-1.4350577933046124e-01,-9.8348435086307043e-02,-4.1633363423443370e-17,-4.7356516079278352e-16,-9.8348435086306571e-02,4.5157344244154164e-02,-1.4350577933046074e-01,0.0000000000000000e+00,-6.9071597123061171e-02,9.8348435086306571e-02,6.9071597123061143e-02,0.0000000000000000e+00,2.2826952245401166e+00,1.6074329780875101e+00,-2.2826952245412180e+00,1.1213503467303296e+00,-3.4040455712715456e+00,-2.2826952245401166e+00,1.1213503467303017e+00,-3.4040455712704181e+00,-1.0997694807363327e-12,1.4279969464840287e-17,4.8697297449157739e-02,4.9063705780017569e-01,5.8157461243754727e-01,-4.4137904344876411e-04,3.4036041922280988e+00,0.0000000000000000e+00,-6.7526224645260657e-01,6.0137080500529316e-16,7.8957173391538549e-16,7.4014868308343773e-16,7.7417035510203222e-02,-2.0515871881237400e-12
116,9.7203426883572597e+00,2.6997865912674928e+00,2.0578826773610714e-01,-3.8857805861880479e-15,3.8857805861880479e-15,0.0000000000000000e+00,6.8484728522025243e-17,-9.4079675371709595e-02,4.3129060841982772e-02,-1.3720873621369237e-01,-9.4079675371709554e-02,-4.1633363423443370e-17,2.5857191502442885e-17,-9.4079675371709581e-02,4.3129060841982779e-02,-1.3720873621369237e-01,0.0000000000000000e+00,-6.6074373496486816e-02,9.4079675371709581e-02,6.6074373496486830e-02,0.0000000000000000e+00,2.3024949482975603e+00,1.6213387056801658e+00,-2.3024949482986616e+00,1.1304344999139917e+00,-3.4329294482126516e+00,-2.3024949482975603e+00,1.1304344999139637e+00,-3.4329294482115240e+00,-1.0998155472600586e-12,1.4279969464840287e-17,4.7721659451280589e-02,4.9800077047926677e-01,5.8426574996619862e-01,-4.4632001724576043e-04,3.4324831281954076e+00,0.0000000000000000e+00,-6.8115624261739449e-01,9.2518585385429716e-17,1.2230313120033981e-16,5.5511151231257827e-16,7.4027341212501596e-02,-2.0516123035677201e-12
117,9.9353676001252325e+00,2.7595089068474756e+00,2.1502491176797278e-01,-3.8857805861880479e-15,3.8857805861880479e-15,0.0000000000000000e+00,6.0097538825668541e-17,-8.9770754368017444e-02,4.1088236829811997e-02,-1.3085899119782946e-01,-8.9770754368017375e-02,-6.9388939039072284e-17,1.6211614428368531e-17,-8.9770754368017402e-02,4.1088236829811997e-02,-1.3085899119782940e-01,1.3877787807814457e-17,-6.3048798455174901e-02,8.9770754368017402e-02,6.3048798455174901e-02,0.0000000000000000e+00,2.3222611595142046e+00,1.6352210550082191e+00,-2.3222611595153060e+00,1.1394889084145992e+00,-3.4617500679299034e+00,-2.3222611595142046e+00,1.1394889084145712e+00,-3.4617500679287758e+00,-1.0998110243394168e-12,1.5772004514295263e-17,4.6703028714006771e-02,5.0536299299013587e-01,5.8697160634065215e-01,-4.5128036980424113e-04,3.4612987875601009e+00,0.0000000000000000e+00,-6.8704010450598552e-01,9.2518585385429716e-17,1.2853092654502116e-16,3.7007434154171886e-16,7.0610751897156515e-02,-2.0516565093248072e-12
118,1.0146649842013638e+01,2.8181917107270631e+00,2.1128224188840505e-01,-1.9428902930940239e-14,1.9428902930940239e-14,0.0000000000000000e+00,2.9380804335295570e-17,-8.5685754275603196e-02,3.9157689499012896e-02,-1.2484344377461609e-01,-8.5685754275603154e-02,-4.1633363423443370e-17,5.4942542298499654e-18,-8.5685754275603154e-02,3.9157689499012896e-02,-1.2484344377461605e-01,0.0000000000000000e+00,-6.0180292440537186e-02,8.5685754275603154e-02,6.0180292440537159e-02,0.0000000000000000e+00,2.3407965817642729e+00,1.6482391143033772e+00,-2.3407965817653742e+00,1.1479661780231820e+00,-3.4887627597885547e+00,-2.3407965817642729e+00,1.1479661780231540e+00,-3.4887627597874271e+00,-1.0998087313071207e-12,1.7238069574538570e-17,4.5703441301424841e-02,5.1226933872579528e-01,5.8953758630380748e-01,-4.5581169215447304e-04,3.4883069480964020e+00,0.0000000000000000e+00,-6.9255746746089564e-01,9.7144514654701197e-17,1.9445417088559127e-16,1.2952601953960161e-15,6.7375595346291617e-02,-2.0516895728336223e-12
119,1.0369888130459636e+01,2.8801952590717010e+00,2.2323828844599802e-01,-1.5543122344752192e-14,1.5543122344752192e-14,0.0000000000000000e+00,5.2911674072414731e-17,-8.1523594842337690e-02,3.7199024179238593e-02,-1.1872261902157628e-01,-8.1523594842337621e-02,-6.9388939039072284e-17,2.1047060816982210e-17,-8.1523594842337649e-02,3.7199024179238593e-02,-1.1872261902157624e-01,0.0000000000000000e+00,-5.7257437588546081e-02,8.1523594842337649e-02,5.7257437588546067e-02,0.0000000000000000e+00,2.3594603462189019e+00,1.6613474132287152e+00,-2.3594603462200032e+00,1.1564890490596289e+00,-3.5159493952796308e+00,-2.3594603462189019e+00,1.1564890490596009e+00,-3.5159493952785033e+00,-1.0998057687882485e-12,1.7238069574538570e-17,4.4649210848451491e-02,5.1921735652343104e-01,5.9216220740324665e-01,-4.6027428449968433e-04,3.5154891209951327e+00,0.0000000000000000e+00,-6.9811293299018673e-01,9.2518585385429716e-17,1.3792718371019193e-16,9.2518585385429718e-16,6.4085635778296290e-02,-2.0517379611003098e-12
120,1.0613186201302701e+01,2.9477703323384201e+00,2.4329807084306587e-01,-1.1657341758564144e-14,1.1657341758564144e-14,0.0000000000000000e+00,4.5440417874448196e-17,-7.7164828503329674e-02,3.5155092620843535e-02,-1.1231992112417322e-01,-7.7164828503329619e-02,-5.5511151231257827e-17,4.9482101573398362e-17,-7.7164828503329674e-02,3.5155092620843542e-02,-1.1231992112417322e-01,0.0000000000000000e+00,-5.4196319712678694e-02,7.7164828503329674e-02,5.4196319712678701e-02,0.0000000000000000e+00,2.3787646398514664e+00,1.6749056552985149e+00,-2.3787646398525677e+00,1.1652908575771359e+00,-3.5440554974297021e+00,-2.3787646398514664e+00,1.1652908575771079e+00,-3.5440554974285745e+00,-1.0997971889836747e-12,1.7238069574538570e-17,4.3503072710968364e-02,5.2638661726426283e-01,5.9493614306737186e-01,-4.6502453453300951e-04,3.5435904728951706e+00,0.0000000000000000e+00,-7.0385898455295148e-01,2.3129646346357430e-16,2.7693827873701499e-16,1.2952601953960161e-15,6.0646302469835732e-02,-2.0518246112550858e-12
121,1.0852960442233115e+01,3.0143666758367451e+00,2.3977424093041400e-01,-3.8857805861880479e-15,3.8857805861880479e-15,0.0000000000000000e+00,1.9616766679127870e-17,-7.3048078760799620e-02,3.3228073438176006e-02,-1.0627615219897563e-01,-7.3048078760799606e-02,-1.3877787807814457e-17,1.3196947426602309e-17,-7.3048078760799606e-02,3.3228073438176006e-02,-1.0627615219897561e-01,-1.3877787807814457e-17,-5.1304966834716900e-02,7.3048078760799606e-02,5.1304966834716914e-02,0.0000000000000000e+00,2.3967732327600699e+00,1.6875539007480569e+00,-2.3967732327611713e+00,1.1734891184442457e+00,-3.5702623512054155e+00,-2.3967732327600699e+00,1.1734891184442178e+00,-3.5702623512042879e+00,-1.0997896745729766e-12,1.5574301555832537e-17,4.2377015294229402e-02,5.3304721561055568e-01,5.9759547026083804e-01,-4.6941727862259697e-04,3.5697929339267942e+00,0.0000000000000000e+00,-7.0921933201201304e-01,9.2518585385429716e-17,1.8801998322068836e-16,7.4014868308343773e-16,5.7401891372397901e-02,-2.0518978408244548e-12
122,1.1091210442620865e+01,3.0805396675756840e+00,2.3825000038774924e-01,-1.1657341758564144e-14,1.1657341758564144e-14,0.0000000000000000e+00,4.1519510723504269e-17,-6.9126737275791716e-02,3.1398390884516882e-02,-1.0052512816030859e-01,-6.9126737275791689e-02,-2.7755575615628914e-17,-2.8671292244562180e-17,-6.9126737275791647e-02,3.1398390884516882e-02,-1.0052512816030854e-01,-1.3877787807814457e-17,-4.8550673632743437e-02,6.9126737275791647e-02,4.8550673632743423e-02,0.0000000000000000e+00,2.4137098077479928e+00,1.6994492039381026e+00,-2.4137098077490942e+00,1.1811877460192159e+00,-3.5948975537683086e+00,-2.4137098077479928e+00,1.1811877460191880e+00,-3.5948975537671810e+00,-1.0997915179543061e-12,1.2267918605239641e-17,4.1262146266053561e-02,5.3927490858838290e-01,6.0017736908463082e-01,-4.7332208014871924e-04,3.5944242316881612e+00,0.0000000000000000e+00,-7.1426060380989020e-01,1.3877787807814457e-16,2.1618487454906951e-16,1.1102230246251565e-15,5.4316594027653660e-02,-2.0519666321186415e-12
123,1.1337673690863133e+01,3.1489938562990614e+00,2.4646324824226795e-01,-7.7715611723760958e-15,7.7715611723760958e-15,0.0000000000000000e+00,4.8105900922157462e-17,-6.5242566970957067e-02,2.9592288822290702e-02,-9.4834855793247769e-02,-6.5242566970957039e-02,-2.7755575615628914e-17,1.3195099762447171e-17,-6.5242566970957039e-02,2.9592288822290702e-02,-9.4834855793247741e-02,-1.3877787807814457e-17,-4.5822310160266520e-02,6.5242566970957039e-02,4.5822310160266520e-02,0.0000000000000000e+00,2.4302683553423465e+00,1.7110789400040727e+00,-2.4302683553434479e+00,1.1887037265357376e+00,-3.6189720818791842e+00,-2.4302683553423465e+00,1.1887037265357097e+00,-3.6189720818780566e+00,-1.0997934251106409e-12,8.8475539437087470e-18,4.0113744269286253e-02,5.4531640469511011e-01,6.0279655782622865e-01,-4.7701974511271672e-04,3.6184950621340728e+00,0.0000000000000000e+00,-7.1918941533827385e-01,9.2518585385429716e-17,1.4599186524558625e-16,1.2952601953960161e-15,5.1265773944952214e-02,-2.0520494627299437e-12
124,1.1588803900100379e+01,3.2187442749106401e+00,2.5113020923724605e-01,0.0000000000000000e+00,-0.0000000000000000e+00,0.0000000000000000e+00,4.8127392315905244e-17,-6.1460971673924780e-02,2.7838590758122853e-02,-8.9299562432047633e-02,-6.1460971673924746e-02,-3.4694469519536142e-17,1.0800798751352481e-17,-6.1460971673924759e-02,2.7838590758122859e-02,-8.9299562432047619e-02,0.0000000000000000e+00,-4.3165824390748141e-02,6.1460971673924759e-02,4.3165824390748148e-02,0.0000000000000000e+00,2.4461778984278411e+00,1.7222527444287870e+00,-2.4461778984289424e+00,1.1959150409385919e+00,-3.6420929393675325e+00,-2.4461778984278411e+00,1.1959150409385639e+00,-3.6420929393664050e+00,-1.0997904120631337e-12,7.1049880657454736e-18,3.8949491491723526e-02,5.5106309076479132e-01,6.0542195641852281e-01,-4.8050226355433878e-04,3.6416124371039800e+00,0.0000000000000000e+00,-7.2392515399905411e-01,9.2518585385429716e-17,1.7916147020621908e-16,1.2952601953960161e-15,4.8299797801795719e-02,-2.0521379301898501e-12
125,1.1825552704111180e+01,3.2845003153157335e+00,2.3674880401080145e-01,-7.7715611723760958e-15,7.7715611723760958e-15,0.0000000000000000e+00,1.9790945869679440e-17,-5.8054700790534125e-02,2.6261895158777346e-02,-8.4316595949311471e-02,-5.8054700790534104e-02,-2.0816681711721685e-17,-1.0962232022136514e-17,-5.8054700790534083e-02,2.6261895158777349e-02,-8.4316595949311429e-02,-6.9388939039072284e-18,-4.0772847827624706e-02,5.8054700790534083e-02,4.0772847827624727e-02,0.0000000000000000e+00,2.4603254946860948e+00,1.7321889345577641e+00,-2.4603254946871962e+00,1.2023191536072066e+00,-3.6626446482944011e+00,-2.4603254946860948e+00,1.2023191536071787e+00,-3.6626446482932735e+00,-1.0997904311727006e-12,6.2836006492915349e-18,3.7858128808691591e-02,5.5611239078110442e-01,6.0786523709910589e-01,-4.8339691830490139e-04,3.6621612513760979e+00,0.0000000000000000e+00,-7.2813656012833072e-01,1.8503717077085943e-16,2.8948117693979527e-16,2.7755575615628914e-15,4.5631173873743672e-02,-2.0521937944222445e-12
126,1.2047646621395034e+01,3.3461860191133179e+00,2.2209391728385341e-01,-1.1657341758564144e-14,1.1657341758564144e-14,0.0000000000000000e+00,3.5633773107242991e-17,-5.4994455662892384e-02,2.4848896517451605e-02,-7.9843352180343996e-02,-5.4994455662892350e-02,-3.4694469519536142e-17,1.4046684380591102e-17,-5.4994455662892364e-02,2.4848896517451605e-02,-7.9843352180343968e-02,0.0000000000000000e+00,-3.8622846900117191e-02,5.4994455662892364e-02,3.8622846900117198e-02,0.0000000000000000e+00,2.4728792596872831e+00,1.7410055849865427e+00,-2.4728792596883844e+00,1.2079948515766330e+00,-3.6808741112650156e+00,-2.4728792596872831e+00,1.2079948515766050e+00,-3.6808741112638881e+00,-1.0997900886536471e-12,5.5130575849236316e-18,3.6840509453779681e-02,5.6053336742587356e-01,6.1013527452621741e-01,-4.8570017076232652e-04,3.6803884110942553e+00,0.0000000000000000e+00,-7.3187367470074038e-01,2.3129646346357430e-16,2.8888919027332994e-16,1.2952601953960161e-15,4.3236568699246573e-02,-2.0522290373469925e-12
127,1.2284570990184648e+01,3.4119908219387227e+00,2.3692436878961409e-01,-1.1657341758564144e-14,1.1657341758564144e-14,0.0000000000000000e+00,4.3665615218706087e-17,-5.1868743065127426e-02,2.3410862216049603e-02,-7.5279605281177026e-02,-5.1868743065127398e-02,-2.7755575615628914e-17,4.3863576667632845e-17,-5.1868743065127440e-02,2.3410862216049606e-02,-7.5279605281177053e-02,0.0000000000000000e+00,-3.6426746577180077e-02,5.1868743065127440e-02,3.6426746577180077e-02,0.0000000000000000e+00,2.4855385076400207e+00,1.7498961237678057e+00,-2.4855385076411221e+00,1.2137118080145699e+00,-3.6992503156556902e+00,-2.4855385076400207e+00,1.2137118080145419e+00,-3.6992503156545626e+00,-1.0997832284776244e-12,5.5130575849236316e-18,3.5762321002717493e-02,5.6492292739515759e-01,6.1253863557937105e-01,-4.8792403732367262e-04,3.6987623916183683e+00,0.0000000000000000e+00,-7.3564238387221503e-01,4.6259292692714858e-17,1.0050090843982873e-16,7.4014868308343773e-16,4.0794411231600228e-02,-2.0522789396196839e-12
128,1.2539087344846699e+01,3.4826817289988128e+00,2.5451635466205147e-01,-1.9428902930940239e-14,1.9428902930940239e-14,0.0000000000000000e+00,6.0987345311318709e-17,-4.8667327221619414e-02,2.1941412603339646e-02,-7.0608739824959063e-02,-4.8667327221619372e-02,-4.1633363423443370e-17,-4.2374998102172860e-17,-4.8667327221619330e-02,2.1941412603339646e-02,-7.0608739824958980e-02,0.0000000000000000e+00,-3.4177350462887231e-02,4.8667327221619330e-02,3.4177350462887224e-02,0.0000000000000000e+00,2.4983325447007361e+00,1.7588810724692274e+00,-2.4983325447018374e+00,1.2194832558459012e+00,-3.7178158005477369e+00,-2.4983325447007361e+00,1.2194832558458732e+00,-3.7178158005466093e+00,-1.0997830390438293e-12,5.5130575849236316e-18,3.4613538243817681e-02,5.6927532424777716e-01,6.1510416577691951e-01,-4.9022757738681477e-04,3.7173255729703518e+00,0.0000000000000000e+00,-7.3945147223150864e-01,1.3877787807814457e-16,2.0290909877745317e-16,1.4802973661668755e-15,3.8295715814101891e-02,-2.0523587225942757e-12
129,1.2786381431103745e+01,3.5513666796823107e+00,2.4729408625704608e-01,-1.5543122344752192e-14,1.5543122344752192e-14,0.0000000000000000e+00,5.5475181614895546e-17,-4.5707665857856482e-02,2.0584831530395292e-02,-6.6292497388251770e-02,-4.5707665857856454e-02,-2.7755575615628914e-17,1.5047546231601096e-17,-4.5707665857856475e-02,2.0584831530395292e-02,-6.6292497388251770e-02,6.9388939039072284e-18,-3.2097725602078263e-02,4.5707665857856475e-02,3.2097725602078263e-02,0.0000000000000000e+00,2.5100017335402880e+00,1.7670757896577785e+00,-2.5100017335413893e+00,1.2247415001883992e+00,-3.7347432337297870e+00,-2.5100017335402880e+00,1.2247415001883712e+00,-3.7347432337286595e+00,-1.0997864180024493e-12,6.3710312987242942e-18,3.3507779799933822e-02,5.7315716700488695e-01,6.1758428539799082e-01,-4.9226798558765772e-04,3.7342509657442009e+00,0.0000000000000000e+00,-7.4292594388250954e-01,3.2381504884900402e-16,3.6588731920704388e-16,1.6653345369377348e-15,3.5987261691998368e-02,-2.0524192843090371e-12
130,1.3028167547534578e+01,3.6185218136135942e+00,2.4178611643083237e-01,0.0000000000000000e+00,-0.0000000000000000e+00,0.0000000000000000e+00,4.6263204674552476e-17,-4.2952022836760577e-02,1.9324557744982127e-02,-6.2276580581742708e-02,-4.2952022836760549e-02,-2.7755575615628914e-17,3.7159331206248202e-17,-4.2952022836760584e-02,1.9324557744982127e-02,-6.2276580581742708e-02,0.0000000000000000e+00,-3.0161386331793508e-02,4.2952022836760584e-02,3.0161386331793511e-02,0.0000000000000000e+00,2.5207200744470071e+00,1.7746024841012402e+00,-2.5207200744481084e+00,1.2295662683094091e+00,-3.7502863427575157e+00,-2.5207200744470071e+00,1.2295662683093811e+00,-3.7502863427563882e+00,-1.0997801065533760e-12,7.2098954033999473e-18,3.2437597002538621e-02,5.7663516357724454e-01,6.1999950438979523e-01,-4.9400333983062872e-04,3.7497923394176871e+00,0.0000000000000000e+00,-7.4611759034576686e-01,9.2518585385429716e-17,2.2358126412481646e-16,1.2952601953960161e-15,3.3839719471206481e-02,-2.0524695007005656e-12
131,1.3288870972090622e+01,3.6909311547736512e+00,2.6070342455604489e-01,-1.1657341758564144e-14,1.1657341758564144e-14,0.0000000000000000e+00,3.5446648672017070e-17,-4.0127932571881006e-02,1.8036532449199744e-02,-5.8164465021080747e-02,-4.0127932571880978e-02,-2.7755575615628914e-17,5.2009356767554530e-17,-4.0127932571881027e-02,1.8036532449199744e-02,-5.8164465021080775e-02,0.0000000000000000e+00,-2.8176892008703377e-02,4.0127932571881027e-02,2.8176892008703387e-02,0.0000000000000000e+00,2.5315496888905051e+00,1.7822069785742758e+00,-2.5315496888916065e+00,1.2344363503887943e+00,-3.7659860392803992e+00,-2.5315496888905051e+00,1.2344363503887663e+00,-3.7659860392792717e+00,-1.0997684832622170e-12,7.2098954033999473e-18,3.1296939594496566e-02,5.8004923322460034e-01,6.2259445451967299e-01,-4.9572305002443251e-04,3.7654903162303763e+00,0.0000000000000000e+00,-7.4934271031622934e-01,3.2381504884900402e-16,6.1842290425896780e-16,1.4802973661668755e-15,3.1640824274099158e-02,-2.0525452046733336e-12
132,1.3567963088996173e+01,3.7684478822294198e+00,2.7909211690555047e-01,-3.4972025275692431e-14,3.4972025275692431e-14,0.0000000000000000e+00,4.6292097271810798e-17,-3.7268446400095280e-02,1.6734891184473865e-02,-5.4003337584569142e-02,-3.7268446400095259e-02,-2.0816681711721685e-17,1.6931129549876357e-17,-3.7268446400095273e-02,1.6734891184473865e-02,-5.4003337584569142e-02,0.0000000000000000e+00,-2.6167474117459115e-02,3.7268446400095273e-02,2.6167474117459122e-02,0.0000000000000000e+00,2.5423500485145616e+00,1.7897905206662963e+00,-2.5423500485156629e+00,1.2392885655036652e+00,-3.7816386140193265e+00,-2.5423500485145616e+00,1.2392885655036372e+00,-3.7816386140181990e+00,-1.0997588628890836e-12,7.2098954033999473e-18,3.0092398968716370e-02,5.8333642715790801e-01,6.2536226370071746e-01,-4.9747567632318912e-04,3.7811411383430049e+00,0.0000000000000000e+00,-7.5255952784826530e-01,5.0885221961986348e-16,7.2039844693582395e-16,2.9605947323337509e-15,2.9415572635740225e-02,-2.0526554535455930e-12
133,1.3845632523193043e+01,3.8455694652110002e+00,2.7766943419686996e-01,-4.6629367034256575e-14,4.6629367034256575e-14,0.0000000000000000e+00,3.5696770481057267e-17,-3.4585234608911893e-02,1.5515335910088482e-02,-5.0100570519000374e-02,-3.4585234608911872e-02,-2.0816681711721685e-17,-5.0487796082779636e-18,-3.4585234608911865e-02,1.5515335910088482e-02,-5.0100570519000347e-02,0.0000000000000000e+00,-2.4281893262201107e-02,3.4585234608911865e-02,2.4281893262201100e-02,0.0000000000000000e+00,2.5523258339899284e+00,1.7967946443142464e+00,-2.5523258339910297e+00,1.2437660166586990e+00,-3.7960918506497272e+00,-2.5523258339899284e+00,1.2437660166586710e+00,-3.7960918506485997e+00,-1.0997572132063910e-12,7.2098954033999473e-18,2.8912368509237493e-02,5.8624979160772683e-01,6.2810480916672307e-01,-4.9904737501171859e-04,3.7955928032747170e+00,0.0000000000000000e+00,-7.5553118967568200e-01,4.6259292692714859e-16,8.6330301171410945e-16,2.9605947323337509e-15,2.7328090556923569e-02,-2.0527513939561771e-12
134,1.4119508927221325e+01,3.9216375491218436e+00,2.7387640402828239e-01,-1.9428902930940239e-14,1.9428902930940239e-14,0.0000000000000000e+00,4.8290222872368387e-17,-3.2089738025903300e-02,1.4383185063817239e-02,-4.6472923089720536e-02,-3.2089738025903272e-02,-2.7755575615628914e-17,-4.0090146841777382e-18,-3.2089738025903265e-02,1.4383185063817238e-02,-4.6472923089720501e-02,0.0000000000000000e+00,-2.2528210146268265e-02,3.2089738025903265e-02,2.2528210146268286e-02,0.0000000000000000e+00,2.5614561848618820e+00,1.8032047357110983e+00,-2.5614561848629833e+00,1.2478602663637477e+00,-3.8093164512267297e+00,-2.5614561848618820e+00,1.2478602663637197e+00,-3.8093164512256021e+00,-1.0997584535644556e-12,7.2098954033999473e-18,2.7767660035985145e-02,5.8879498707772004e-01,6.3079723514279851e-01,-5.0038410724395632e-04,3.8088160671194871e+00,0.0000000000000000e+00,-7.5825144915078369e-01,2.3129646346357430e-16,2.8031757299712632e-16,1.6653345369377348e-15,2.5387164192551756e-02,-2.0528340066619819e-12
135,1.4376331175237828e+01,3.9929689089065787e+00,2.5682224801650300e-01,-1.1657341758564144e-14,1.1657341758564144e-14,0.0000000000000000e+00,2.8587183128040814e-17,-2.9880466175795449e-02,1.3382336390111623e-02,-4.3262802565907074e-02,-2.9880466175795425e-02,-2.4286128663675299e-17,1.3567574353972070e-17,-2.9880466175795439e-02,1.3382336390111625e-02,-4.3262802565907060e-02,0.0000000000000000e+00,-2.0975666849407652e-02,2.9880466175795439e-02,2.0975666849407649e-02,0.0000000000000000e+00,2.5694138484384430e+00,1.8087911174548297e+00,-2.5694138484395443e+00,1.2514256681823219e+00,-3.8208395166218647e+00,-2.5694138484384430e+00,1.2514256681822939e+00,-3.8208395166207372e+00,-1.0997572261390644e-12,7.2098954033999473e-18,2.6712549769791160e-02,5.9090338531735942e-01,6.3330830314075170e-01,-5.0142995441970761e-04,3.8203380866674466e+00,0.0000000000000000e+00,-7.6062273098361333e-01,2.3129646346357430e-16,4.0507929009243670e-16,1.4802973661668755e-15,2.3668926373831421e-02,-2.0528885200357047e-12
136,1.4631492535918799e+01,4.0638389638277053e+00,2.5516136068097062e-01,-1.9428902930940239e-14,1.9428902930940239e-14,0.0000000000000000e+00,1.7858915812413109e-17,-2.7805365771210327e-02,1.2444039984677760e-02,-4.0249405755888090e-02,-2.7805365771210309e-02,-1.7347234759768071e-17,-3.1161478106540591e-18,-2.7805365771210303e-02,1.2444039984677760e-02,-4.0249405755888062e-02,-3.4694469519536142e-18,-1.9517422004985303e-02,2.7805365771210303e-02,1.9517422004985310e-02,0.0000000000000000e+00,2.5767734461242489e+00,1.8139572532799608e+00,-2.5767734461253502e+00,1.2547206148509471e+00,-3.8314940609762957e+00,-2.5767734461242489e+00,1.2547206148509191e+00,-3.8314940609751682e+00,-1.0997558927389555e-12,6.7672610008644821e-18,2.5682625431149790e-02,5.9274841362522912e-01,6.3578727095693510e-01,-5.0230483763313849e-04,3.8309917561386642e+00,0.0000000000000000e+00,-7.6281619284428803e-01,2.3129646346357430e-16,4.5971590418876389e-16,1.8503717077085944e-15,2.2055178818578311e-02,-2.0529376172995468e-12
137,1.4906827890070595e+01,4.1403122653432236e+00,2.7533535415179600e-01,-5.0515147620444623e-14,5.0515147620444623e-14,0.0000000000000000e+00,4.6351935239039159e-17,-2.5694690757951597e-02,1.1491407147333155e-02,-3.7186097905284751e-02,-2.5694690757951576e-02,-2.0816681711721685e-17,5.6973400092878035e-18,-2.5694690757951583e-02,1.1491407147333156e-02,-3.7186097905284737e-02,0.0000000000000000e+00,-1.8034200839980086e-02,2.5694690757951583e-02,1.8034200839980089e-02,0.0000000000000000e+00,2.5841386746300476e+00,1.8191268979674575e+00,-2.5841386746311490e+00,1.2580157522573840e+00,-3.8421544268885315e+00,-2.5841386746300476e+00,1.2580157522573561e+00,-3.8421544268874039e+00,-1.0997555373922214e-12,6.2896302982509734e-18,2.4592561502207441e-02,5.9447908717353104e-01,6.3844094575872434e-01,-5.0315782292131850e-04,3.8416512690656117e+00,0.0000000000000000e+00,-7.6501177666259013e-01,5.5511151231257827e-16,9.7404100994175856e-16,1.4802973661668755e-15,2.0413674277883716e-02,-2.0530095095779401e-12
138,1.5184947220067231e+01,4.2175588050970720e+00,2.7811932999663647e-01,-3.8857805861880479e-14,3.8857805861880479e-14,0.0000000000000000e+00,2.7046300348744585e-17,-2.3692657416562339e-02,1.0588823638040140e-02,-3.4281481054602478e-02,-2.3692657416562322e-02,-1.7347234759768071e-17,1.9762241041501884e-17,-2.3692657416562339e-02,1.0588823638040142e-02,-3.4281481054602478e-02,-3.4694469519536142e-18,-1.6627358593142499e-02,2.3692657416562339e-02,1.6627358593142492e-02,0.0000000000000000e+00,2.5910064627223508e+00,1.8239469228105469e+00,-2.5910064627234521e+00,1.2610862217534835e+00,-3.8520926844769341e+00,-2.5910064627223508e+00,1.2610862217534555e+00,-3.8520926844758065e+00,-1.0997519969914094e-12,5.8071701673828675e-18,2.3514576883037756e-02,5.9597281055225648e-01,6.4109490563676341e-01,-5.0392868142590252e-04,3.8515887557955097e+00,0.0000000000000000e+00,-7.6705953991180387e-01,1.8503717077085943e-16,2.9213027189587669e-16,4.4408920985006262e-15,1.8856006676898376e-02,-2.0530819711780603e-12
139,1.5462070538001765e+01,4.2945287064549067e+00,2.7712331793453338e-01,-5.0515147620444623e-14,5.0515147620444623e-14,0.0000000000000000e+00,4.4669620188535995e-17,-2.1821696644004802e-02,9.7464250627812173e-03,-3.1568121706786023e-02,-2.1821696644004778e-02,-2.4286128663675299e-17,1.1523678427218692e-17,-2.1821696644004792e-02,9.7464250627812190e-03,-3.1568121706786009e-02,3.4694469519536142e-18,-1.5312665984366534e-02,2.1821696644004792e-02,1.5312665984366527e-02,0.0000000000000000e+00,2.5973130071278066e+00,1.8283725856034618e+00,-2.5973130071289079e+00,1.2639039075489813e+00,-3.8612169146778874e+00,-2.5973130071278066e+00,1.2639039075489533e+00,-3.8612169146767599e+00,-1.0997476619625056e-12,5.8071701673828675e-18,2.2464062891856360e-02,5.9722692665181976e-01,6.4370833316671916e-01,-5.0458483858606407e-04,3.8607123298393029e+00,0.0000000000000000e+00,-7.6894042152434472e-01,3.2381504884900402e-16,5.8352756076098353e-16,4.0708177569589078e-15,1.7399605722487804e-02,-2.0531486528624363e-12
140,1.5746102873373200e+01,4.3734175599765708e+00,2.8403233537143535e-01,-4.6629367034256575e-14,4.6629367034256575e-14,0.0000000000000000e+00,3.7976515048500945e-17,-2.0026431301031260e-02,8.9392154547915156e-03,-2.8965646755822777e-02,-2.0026431301031242e-02,-1.7347234759768071e-17,4.9994024381680459e-17,-2.0026431301031294e-02,8.9392154547915138e-03,-2.8965646755822808e-02,3.4694469519536142e-18,-1.4051218128763952e-02,2.0026431301031294e-02,1.4051218128763955e-02,0.0000000000000000e+00,2.6032561178833822e+00,1.8325427318935761e+00,-2.6032561178844835e+00,1.2665575706060399e+00,-3.8698136884905217e+00,-2.6032561178833822e+00,1.2665575706060119e+00,-3.8698136884893941e+00,-1.0997389254541077e-12,6.7926052875935606e-18,2.1412190405453616e-02,5.9829029614260520e-01,6.4634992317835160e-01,-5.0516087962959588e-04,3.8693085276108938e+00,0.0000000000000000e+00,-7.7071338598980610e-01,7.4014868308343773e-16,8.6952705404905035e-16,3.3306690738754696e-15,1.6001288518412708e-02,-2.0532199560872916e-12
141,1.6034994329711324e+01,4.4536560150556905e+00,2.8889145633812419e-01,-2.3314683517128287e-14,2.3314683517128287e-14,0.0000000000000000e+00,1.8866020710624116e-17,-1.8321596534681871e-02,8.1735596436983728e-03,-2.6495156178380243e-02,-1.8321596534681853e-02,-1.7347234759768071e-17,7.9988185321810957e-18,-1.8321596534681857e-02,8.1735596436983710e-03,-2.6495156178380226e-02,-3.4694469519536142e-18,-1.2853376525471498e-02,1.8321596534681857e-02,1.2853376525471501e-02,0.0000000000000000e+00,2.6087953266879591e+00,1.8364289856595006e+00,-2.6087953266890604e+00,1.2690294378661346e+00,-3.8778247645551933e+00,-2.6087953266879591e+00,1.2690294378661067e+00,-3.8778247645540658e+00,-1.0997305486356844e-12,6.7926052875935606e-18,2.0368350885323499e-02,5.9916220619127902e-01,6.4899321683956757e-01,-5.0566394996454100e-04,3.8773191006052308e+00,0.0000000000000000e+00,-7.7236634102845847e-01,4.6259292692714859e-16,6.9314884654005049e-16,4.9960036108132044e-15,1.4672321846513077e-02,-2.0532884714384216e-12
142,1.6331803434323763e+01,4.5360935655093977e+00,2.9680910461243926e-01,-8.9372953482325102e-14,8.9372953482325102e-14,0.0000000000000000e+00,6.0217102498004773e-17,-1.6691078490018073e-02,7.4421292260029087e-03,-2.4133207716020982e-02,-1.6691078490018055e-02,-1.7347234759768071e-17,-7.4169679224152466e-18,-1.6691078490018049e-02,7.4421292260029078e-03,-2.4133207716020955e-02,0.0000000000000000e+00,-1.1707826994991004e-02,1.6691078490018049e-02,1.1707826994990990e-02,0.0000000000000000e+00,2.6139913670500428e+00,1.8400739800720569e+00,-2.6139913670511441e+00,1.2713468771817960e+00,-3.8853382442329383e+00,-2.6139913670500428e+00,1.2713468771817680e+00,-3.8853382442318107e+00,-1.0997304622864051e-12,6.2777235659387062e-18,1.9323361619357153e-02,5.9985947539161122e-01,6.5165793502018987e-01,-5.0610515063764794e-04,3.8848321390823024e+00,0.0000000000000000e+00,-7.7391738697798584e-01,1.0177044392397270e-15,2.1288323445868652e-15,1.1287267417022425e-14,1.3400031994387388e-02,-2.0533632584169778e-12
143,1.6639141011205517e+01,4.6214553573371537e+00,3.0733757688175345e-01,-6.2172489379008766e-14,6.2172489379008766e-14,0.0000000000000000e+00,1.8265561889721426e-17,-1.5125551334895413e-02,6.7406197788821669e-03,-2.1866171113777581e-02,-1.5125551334895395e-02,-1.7347234759768071e-17,-1.5814260208185189e-17,-1.5125551334895380e-02,6.7406197788821677e-03,-2.1866171113777547e-02,0.0000000000000000e+00,-1.0608026586574185e-02,1.5125551334895380e-02,1.0608026586574183e-02,0.0000000000000000e+00,2.6188805900075089e+00,1.8435032302549601e+00,-2.6188805900086103e+00,1.2735263230381377e+00,-3.8924069130467465e+00,-2.6188805900075089e+00,1.2735263230381098e+00,-3.8924069130456189e+00,-1.0997340322010860e-12,6.2777235659387062e-18,1.8270651032563194e-02,6.0039210090677875e-01,6.5435707511687979e-01,-5.0649598191587764e-04,3.8919004170648321e+00,0.0000000000000000e+00,-7.7537735975254884e-01,4.6259292692714859e-16,8.2792503672072970e-16,5.7361522938966427e-15,1.2176976681063132e-02,-2.0534499510348796e-12
144,1.6949655621380842e+01,4.7076995575491596e+00,3.1051461017532489e-01,-2.3314683517128287e-14,2.3314683517128287e-14,0.0000000000000000e+00,5.8606757953925180e-17,-1.3664274763659117e-02,6.0864492662673856e-03,-1.9750724029926503e-02,-1.3664274763659105e-02,-1.2143064331837650e-17,2.5237781033165899e-17,-1.3664274763659130e-02,6.0864492662673856e-03,-1.9750724029926517e-02,-1.7347234759768071e-18,-9.5815617439684014e-03,1.3664274763659130e-02,9.5815617439684066e-03,0.0000000000000000e+00,2.6233504208215130e+00,1.8466378113299895e+00,-2.6233504208226144e+00,1.2755178192102610e+00,-3.8988682400328738e+00,-2.6233504208215130e+00,1.2755178192102330e+00,-3.8988682400317463e+00,-1.0997325691306383e-12,6.0083950739862448e-18,1.7237325926685830e-02,6.0075718151141300e-01,6.5701648148318859e-01,-5.0683028897346993e-04,3.8983614097439019e+00,0.0000000000000000e+00,-7.7671260949152354e-01,8.3266726846886741e-16,1.0476683036762589e-15,5.1810407815840644e-15,1.1033691796333046e-02,-2.0535385407990109e-12
145,1.7251289062285643e+01,4.7914770482551265e+00,3.0163344090480138e-01,-5.8286708792820718e-14,5.8286708792820718e-14,0.0000000000000000e+00,2.5829618584275919e-17,-1.2354707091408667e-02,5.5006960297139173e-03,-1.7855403121122583e-02,-1.2354707091408651e-02,-1.5612511283791264e-17,-5.5798801672969142e-18,-1.2354707091408644e-02,5.5006960297139182e-03,-1.7855403121122562e-02,-1.7347234759768071e-18,-8.6617645857592768e-03,1.2354707091408644e-02,8.6617645857592716e-03,0.0000000000000000e+00,2.6272745183344051e+00,1.8493892099771820e+00,-2.6272745183355064e+00,1.2772653544632064e+00,-3.9045398727987108e+00,-2.6272745183344051e+00,1.2772653544631785e+00,-3.9045398727975833e+00,-1.0997296043904988e-12,5.4851444629090229e-18,1.6262606229989790e-02,6.0096583456188390e-01,6.5952981521650500e-01,-5.0709845482788118e-04,3.9040327743438850e+00,0.0000000000000000e+00,-7.7788530835722303e-01,6.9388939039072284e-16,1.0119689467051378e-15,5.9211894646675018e-15,1.0007384726202436e-02,-2.0536056227998095e-12
146,1.7547642726826542e+01,4.8737881020370910e+00,2.9635366454089862e-01,-1.5543122344752192e-14,1.5543122344752192e-14,0.0000000000000000e+00,3.2787076455972847e-17,-1.1168102779801441e-02,4.9704133976931743e-03,-1.6138516177494615e-02,-1.1168102779801427e-02,-1.3877787807814457e-17,-2.3782291094602951e-17,-1.1168102779801403e-02,4.9704133976931734e-03,-1.6138516177494577e-02,0.0000000000000000e+00,-7.8284347707454488e-03,1.1168102779801403e-02,7.8284347707454609e-03,0.0000000000000000e+00,2.6307600537872209e+00,1.8518326754813370e+00,-2.6307600537883222e+00,1.2788169302885168e+00,-3.9095769840768373e+00,-2.6307600537872209e+00,1.2788169302884889e+00,-3.9095769840757097e+00,-1.0997339551840250e-12,5.2280986333735968e-18,1.5332769993540447e-02,6.0104912400575361e-01,6.6192772098604169e-01,-5.0731530318115503e-04,3.9090696687736579e+00,0.0000000000000000e+00,-7.7892737830588388e-01,2.1741867565575985e-15,2.7553923558265380e-15,6.4763009769800801e-15,9.0757426735235559e-03,-2.0536645130710581e-12
147,1.7846627984933416e+01,4.9568300704843997e+00,2.9898525810687460e-01,-1.3600232051658168e-13,1.3600232051658168e-13,0.0000000000000000e+00,3.1299667141220972e-17,-1.0066352153100607e-02,4.4784595158489536e-03,-1.4544811668949560e-02,-1.0066352153100597e-02,-1.0408340855860843e-17,7.7296727783127868e-18,-1.0066352153100604e-02,4.4784595158489527e-03,-1.4544811668949557e-02,0.0000000000000000e+00,-7.0548030808004689e-03,1.0066352153100604e-02,7.0548030808004663e-03,0.0000000000000000e+00,2.6339344482816571e+00,1.8540576098365922e+00,-2.6339344482827585e+00,1.2802294671419541e+00,-3.9141639154247110e+00,-2.6339344482816571e+00,1.2802294671419261e+00,-3.9141639154235834e+00,-1.0997363549321402e-12,5.2280986333735968e-18,1.4422613308752658e-02,6.0102790676122975e-01,6.6427144549357353e-01,-5.0750157839818399e-04,3.9136564138463141e+00,0.0000000000000000e+00,-7.7987683844506495e-01,1.5265566588595902e-15,2.4054832200211726e-15,5.9211894646675018e-15,8.2089341026725139e-03,-2.0537154144879481e-12
148,1.8144471115973438e+01,5.0395548176732126e+00,2.9784313104002180e-01,-1.6320278461989801e-13,1.6320278461989801e-13,0.0000000000000000e+00,5.0385885262381237e-17,-9.0592883181089753e-03,4.0290963890204324e-03,-1.3088384707129409e-02,-9.0592883181089649e-03,-1.0408340855860843e-17,-3.5110214569135655e-18,-9.0592883181089615e-03,4.0290963890204333e-03,-1.3088384707129395e-02,0.0000000000000000e+00,-6.3477699537730099e-03,9.0592883181089615e-03,6.3477699537730064e-03,0.0000000000000000e+00,2.6367826686022027e+00,1.8560535419948971e+00,-2.6367826686033040e+00,1.2814964256860562e+00,-3.9182790942893586e+00,-2.6367826686022027e+00,1.2814964256860282e+00,-3.9182790942882311e+00,-1.0997357266839811e-12,5.2280986333735968e-18,1.3543901437569440e-02,6.0091720068670929e-01,6.6652766040101497e-01,-5.0766316076233942e-04,3.9177714311285978e+00,0.0000000000000000e+00,-7.8072912660730553e-01,1.7115938296304498e-15,3.1263342867383194e-15,1.6283271027835631e-14,7.4147378058722754e-03,-2.0537586053112479e-12
149,1.8444600391625258e+01,5.1229145324518015e+00,3.0012927565181968e-01,-1.2823075934420558e-13,1.2823075934420558e-13,0.0000000000000000e+00,4.1242819256515431e-17,-8.1311832006543110e-03,3.6152443697822574e-03,-1.1746427570436568e-02,-8.1311832006543006e-03,-1.0408340855860843e-17,5.8957767680359397e-17,-8.1311832006543579e-03,3.6152443697822574e-03,-1.1746427570436615e-02,-1.7347234759768071e-18,-5.6962878153035065e-03,8.1311832006543579e-03,5.6962878153035135e-03,0.0000000000000000e+00,2.6393623504847223e+00,1.8578609291619679e+00,-2.6393623504858237e+00,1.2826435709134436e+00,-3.9220059213992662e+00,-2.6393623504847223e+00,1.2826435709134156e+00,-3.9220059213981386e+00,-1.0997274060880904e-12,4.9677779832230338e-18,1.2686845697529314e-02,6.0072976333592498e-01,6.6871915451928521e-01,-5.0780736070410448e-04,3.9214981140385632e+00,0.0000000000000000e+00,-7.8150142132275446e-01,1.6190752442450200e-15,2.0420216261867573e-15,8.5117098554595340e-15,6.6808421186384578e-03,-2.0538035370416862e-12
150,1.8756390614609746e+01,5.2095130290572831e+00,3.1179022298448800e-01,-3.9634961979118088e-13,3.9634961979118088e-13,0.0000000000000000e+00,3.1803992861017383e-17,-7.2543987521390442e-03,3.2245284467118883e-03,-1.0478927198850933e-02,-7.2543987521390338e-03,-1.0408340855860843e-17,4.1853978035618189e-18,-7.2543987521390390e-03,3.2245284467118883e-03,-1.0478927198850928e-02,8.6736173798840355e-19,-5.0809576798439560e-03,7.2543987521390390e-03,5.0809576798439464e-03,0.0000000000000000e+00,2.6417608874986263e+00,1.8595410490500133e+00,-2.6417608874997276e+00,1.2837098580592525e+00,-3.9254707455589788e+00,-2.6417608874986263e+00,1.2837098580592246e+00,-3.9254707455578512e+00,-1.0997175623772674e-12,4.8325605283752251e-18,1.1826971929067507e-02,6.0046874623466273e-01,6.7090619363531889e-01,-5.0794626020334022e-04,3.9249627992987768e+00,0.0000000000000000e+00,-7.8221983844861298e-01,3.5619655373390442e-15,4.9426576823395707e-15,9.2518585385429722e-15,5.9853581651640540e-03,-2.0538529002602237e-12
151,1.9081221281360996e+01,5.2997334571475312e+00,3.2483066675125016e-01,-2.2148949341271873e-13,2.2148949341271873e-13,0.0000000000000000e+00,4.9657884379050777e-17,-6.4305842604661673e-03,2.8576245840829131e-03,-9.2882088445490809e-03,-6.4305842604661587e-03,-8.6736173798840355e-18,5.5985142801228519e-17,-6.4305842604662142e-03,2.8576245840829127e-03,-9.2882088445491277e-03,-8.6736173798840355e-19,-4.5029445818448987e-03,6.4305842604662142e-03,4.5029445818449004e-03,0.0000000000000000e+00,2.6439835385768582e+00,1.8610976217308848e+00,-2.6439835385779595e+00,1.2846976929713907e+00,-3.9286812315493491e+00,-2.6439835385768582e+00,1.2846976929713627e+00,-3.9286812315482216e+00,-1.0997077897588557e-12,4.8325605283752251e-18,1.0964619750823804e-02,6.0013942651734598e-01,6.7308556200161573e-01,-5.0808470160501606e-04,3.9281731468477452e+00,0.0000000000000000e+00,-7.8288591684597342e-01,2.1741867565575985e-15,3.5201589252580476e-15,8.3266726846886741e-15,5.3294399555207260e-03,-2.0539059131877406e-12
152,1.9401917916737748e+01,5.3888056744358988e+00,3.2069663537675197e-01,1.5543122344752192e-14,0.0000000000000000e+00,0.0000000000000000e+00,4.3731688710420619e-17,-5.7020352248325357e-03,2.5333004986153890e-03,-8.2353357234479247e-03,-5.7020352248325270e-03,-8.6736173798840355e-18,4.6028506924119093e-17,-5.7020352248325721e-03,2.5333004986153886e-03,-8.2353357234479611e-03,-8.6736173798840355e-19,-3.9919200490569160e-03,5.7020352248325721e-03,3.9919200490569403e-03,0.0000000000000000e+00,2.6459289837004789e+00,1.8624597589834404e+00,-2.6459289837015803e+00,1.2855621187391855e+00,-3.9314911024407646e+00,-2.6459289837004789e+00,1.2855621187391575e+00,-3.9314911024396371e+00,-1.0996914320417410e-12,4.5544005373478122e-18,1.0147336650104824e-02,5.9977006125704180e-01,6.7513651197233293e-01,-5.0820885970592755e-04,3.9309828935810600e+00,0.0000000000000000e+00,-7.8346922471703850e-01,2.1741867565575985e-15,3.4972392411008938e-15,1.4802973661668755e-14,4.7468095613568406e-03,-2.0539519953677935e-12
153,1.9718102143245932e+01,5.4766245880755928e+00,3.1618422650818445e-01,-2.0206059048177849e-13,2.0206059048177849e-13,0.0000000000000000e+00,5.1394011220705786e-17,-5.0615399481927364e-03,2.2483085546858746e-03,-7.3098485028786110e-03,-5.0615399481927295e-03,-6.9388939039072284e-18,-1.8001683208828546e-17,-5.0615399481927113e-03,2.2483085546858746e-03,-7.3098485028785859e-03,0.0000000000000000e+00,-3.5428073520756952e-03,5.0615399481927113e-03,3.5428073520756827e-03,0.0000000000000000e+00,2.6476306200457516e+00,1.8636509399610790e+00,-2.6476306200468529e+00,1.2863180534191767e+00,-3.9339486734660287e+00,-2.6476306200457516e+00,1.2863180534191487e+00,-3.9339486734649012e+00,-1.0996870012219522e-12,4.4172774872334832e-18,9.3753643636768132e-03,5.9937452179154660e-01,6.7705985027084115e-01,-5.0831699311215672e-04,3.9334403564729175e+00,0.0000000000000000e+00,-7.8397968008467256e-01,1.3415194880887309e-15,2.2349319251355064e-15,1.0177044392397269e-14,4.2320086520967436e-03,-2.0539904680195275e-12
154,2.0047306500250460e+01,5.5680597912698406e+00,3.2920435700452799e-01,-8.9372953482325102e-14,8.9372953482325102e-14,0.0000000000000000e+00,3.8197029769927326e-17,-4.4720190161515894e-03,1.9861173620774010e-03,-6.4581363782289904e-03,-4.4720190161515808e-03,-8.6736173798840355e-18,1.6761629245393287e-17,-4.4720190161515972e-03,1.9861173620774001e-03,-6.4581363782289973e-03,0.0000000000000000e+00,-3.1295997683835363e-03,4.4720190161515972e-03,3.1295997683835389e-03,0.0000000000000000e+00,2.6491998646201624e+00,1.8647492327089605e+00,-2.6491998646212638e+00,1.2870150491497825e+00,-3.9362149137710452e+00,-2.6491998646201624e+00,1.2870150491497545e+00,-3.9362149137699176e+00,-1.0996872053375361e-12,4.4172774872334832e-18,8.6080192416107294e-03,5.9894066211610020e-01,6.7895794579016566e-01,-5.0842200190603926e-04,3.9357064917691402e+00,0.0000000000000000e+00,-7.8445063191120190e-01,1.8041124150158794e-15,3.5311327423923124e-15,2.5535129566378600e-14,3.7553340316436377e-03,-2.0540274147181539e-12
155,2.0392132979878696e+01,5.6638339770019295e+00,3.4482647962823521e-01,-1.5543122344752192e-13,1.5543122344752192e-13,0.0000000000000000e+00,3.4297672673359349e-17,-3.9340393661026181e-03,1.7469379472858121e-03,-5.6809773133884300e-03,-3.9340393661026112e-03,-6.9388939039072284e-18,-7.6803835900108265e-18,-3.9340393661026034e-03,1.7469379472858119e-03,-5.6809773133884153e-03,0.0000000000000000e+00,-2.7527024221713006e-03,3.9340393661026034e-03,2.7527024221713171e-03,0.0000000000000000e+00,2.6506491803799137e+00,1.8657634194871997e+00,-2.6506491803810150e+00,1.2876586773100751e+00,-3.9383078576910888e+00,-2.6506491803799137e+00,1.2876586773100471e+00,-3.9383078576899613e+00,-1.0996856396105512e-12,4.4172774872334832e-18,7.8449423685671774e-03,5.9847296578747844e-01,6.8083224578247092e-01,-5.0852337155848915e-04,3.9377993343195317e+00,0.0000000000000000e+00,-7.8488576089271400e-01,4.1170770496516224e-15,7.1739199854994070e-15,2.8865798640254070e-14,3.3170713627364125e-03,-2.0540678792158612e-12
156,2.0737004408223832e+01,5.7596206470616886e+00,3.4487142834513662e-01,5.4400928206632670e-14,0.0000000000000000e+00,0.0000000000000000e+00,6.2989220933321866e-17,-3.4721751068685315e-03,1.5416607889402237e-03,-5.0138358958087548e-03,-3.4721751068685250e-03,-6.5052130349130266e-18,5.1090872156154487e-17,-3.4721751068685757e-03,1.5416607889402237e-03,-5.0138358958087999e-03,-4.3368086899420177e-19,-2.4293265373872561e-03,3.4721751068685757e-03,2.4293265373872765e-03,0.0000000000000000e+00,2.6519262762618756e+00,1.8666569863517042e+00,-2.6519262762629769e+00,1.2882257491817832e+00,-3.9401520254447591e+00,-2.6519262762618756e+00,1.2882257491817553e+00,-3.9401520254436315e+00,-1.0996781540919526e-12,4.3424954168654880e-18,7.1242398206657837e-03,5.9800158975181017e-01,6.8259131451688593e-01,-5.0860509242123264e-04,3.9396434203523389e+00,0.0000000000000000e+00,-7.8526928991017142e-01,3.6082248300317588e-15,5.1957320595991334e-15,2.3314683517128287e-14,2.9372919207660934e-03,-2.0541026864633830e-12
157,2.1075452971363184e+01,5.8536233918097542e+00,3.3844856313935168e-01,-4.0800696154974503e-13,4.0800696154974503e-13,0.0000000000000000e+00,4.2752672496313059e-17,-3.0880538132486263e-03,1.3709840805460477e-03,-4.4590378937946745e-03,-3.0880538132486202e-03,-6.0715321659188248e-18,1.7563879652620361e-18,-3.0880538132486220e-03,1.3709840805460477e-03,-4.4590378937946692e-03,0.0000000000000000e+00,-2.1605843420570946e-03,3.0880538132486220e-03,2.1605843420570837e-03,0.0000000000000000e+00,2.6530364262878150e+00,1.8674337107227470e+00,-2.6530364262889163e+00,1.2887186394172896e+00,-3.9417550657062050e+00,-2.6530364262878150e+00,1.2887186394172616e+00,-3.9417550657050775e+00,-1.0996692110523255e-12,4.2691060833794315e-18,6.4589706766561127e-03,5.9754402183419941e-01,6.8420698622965725e-01,-5.0866067677679538e-04,3.9412464050294291e+00,0.0000000000000000e+00,-7.8560271556506800e-01,3.2381504884900400e-15,5.9014892653082227e-15,2.6830389761774618e-14,2.6177940587866102e-03,-2.0541296761514852e-12
158,2.1420994546969588e+01,5.9495961926107999e+00,3.4554157560640419e-01,-4.5075054799781356e-13,4.5075054799781356e-13,0.0000000000000000e+00,5.2144296481792225e-17,-2.7616509865922008e-03,1.2259901823228078e-03,-3.9876411689150088e-03,-2.7616509865921951e-03,-5.6378512969246231e-18,-3.2934261932356095e-17,-2.7616509865921622e-03,1.2259901823228074e-03,-3.9876411689149698e-03,0.0000000000000000e+00,-1.9324429993984025e-03,2.7616509865921622e-03,1.9324429993984084e-03,0.0000000000000000e+00,2.6540470843944997e+00,1.8681408662810304e+00,-2.6540470843956010e+00,1.2891673207065901e+00,-3.9432144051021902e+00,-2.6540470843944997e+00,1.2891673207065621e+00,-3.9432144051010627e+00,-1.0996745976781728e-12,4.2691060833794315e-18,5.8232453495967538e-03,5.9708965068082342e-01,6.8574573205951839e-01,-5.0869261665154042e-04,3.9427057124855396e+00,0.0000000000000000e+00,-7.8590621811346928e-01,3.6082248300317588e-15,5.1231910820725547e-15,1.8688754247856803e-14,2.3423070603141010e-03,-2.0541465158324277e-12
159,2.1758923104612045e+01,6.0434545078965600e+00,3.3792855764245644e-01,-2.8366198279172750e-13,2.8366198279172750e-13,0.0000000000000000e+00,5.7334478447502418e-17,-2.5021028042170007e-03,1.1107168211240714e-03,-3.6128196253410721e-03,-2.5021028042169955e-03,-5.2041704279304213e-18,-3.8356066087338338e-17,-2.5021028042169569e-03,1.1107168211240712e-03,-3.6128196253410278e-03,-4.3368086899420177e-19,-1.7512618251435187e-03,2.5021028042169569e-03,1.7512618251435308e-03,0.0000000000000000e+00,2.6549364707576562e+00,1.8687632808100993e+00,-2.6549364707587575e+00,1.2895621407202440e+00,-3.9444986114790006e+00,-2.6549364707576562e+00,1.2895621407202160e+00,-3.9444986114778731e+00,-1.0996866431970336e-12,4.1958295081112626e-18,5.2443304918309199e-03,5.9666411517117524e-01,6.8714499922660599e-01,-5.0869583063173351e-04,3.9439899156483698e+00,0.0000000000000000e+00,-7.8617318994755681e-01,7.0314124892926584e-15,1.2473375445297726e-14,2.2019423321732272e-14,2.1189882561246953e-03,-2.0541600374006836e-12
160,2.2085593187421477e+01,6.1341858264943605e+00,3.2667008280943222e-01,-4.8572257327350599e-13,4.8572257327350599e-13,0.0000000000000000e+00,3.3126710897411921e-17,-2.3031139671905289e-03,1.0223563776125659e-03,-3.3254703448030946e-03,-2.3031139671905241e-03,-4.7704895589362195e-18,-1.5779265135345972e-17,-2.3031139671905085e-03,1.0223563776125657e-03,-3.3254703448030742e-03,0.0000000000000000e+00,-1.6125954563159773e-03,2.3031139671905085e-03,1.6125954563159864e-03,0.0000000000000000e+00,2.6557213310379728e+00,1.8693127165784460e+00,-2.6557213310390742e+00,1.2899105463194789e+00,-3.9456318773585521e+00,-2.6557213310379728e+00,1.2899105463194509e+00,-3.9456318773574246e+00,-1.0996954853936004e-12,4.1249942254176614e-18,4.7249759398973685e-03,5.9627556639724166e-01,6.8840133037412765e-01,-5.0867360821227336e-04,3.9451232037503408e+00,0.0000000000000000e+00,-7.8640861445952681e-01,8.0028576358396711e-15,1.3762567953789905e-14,2.7015426932545477e-14,1.9433244898321715e-03,-2.0541609858002949e-12
161,2.2426879487841980e+01,6.2289767415062549e+00,3.4128630042050290e-01,-2.7589042161935140e-13,2.7589042161935140e-13,0.0000000000000000e+00,2.3477324977420249e-17,-2.1454843735604660e-03,9.5237475303236224e-04,-3.0978591265928284e-03,-2.1454843735604617e-03,-4.3368086899420177e-18,1.0372587509467467e-18,-2.1454843735604625e-03,9.5237475303236213e-04,-3.0978591265928244e-03,0.0000000000000000e+00,-1.5030358700721339e-03,2.1454843735604625e-03,1.5030358700721281e-03,0.0000000000000000e+00,2.6564804538728586e+00,1.8698443777228746e+00,-2.6564804538739599e+00,1.2902475206604305e+00,-3.9467279745343893e+00,-2.6564804538728586e+00,1.2902475206604025e+00,-3.9467279745332617e+00,-1.0996980010160103e-12,4.1249942254176614e-18,4.2244186799818466e-03,5.9589824601758579e-01,6.8961623779762549e-01,-5.0861816523739556e-04,3.9462193563691530e+00,0.0000000000000000e+00,-7.8663607614998399e-01,3.0068540250264659e-15,4.8201117500880651e-15,3.4416913763379853e-14,1.7988569375000344e-03,-2.0541605953772068e-12
162,2.2799612771230446e+01,6.3325019311908335e+00,3.7273328338846667e-01,-6.9555472492766057e-13,6.9555472492766057e-13,0.0000000000000000e+00,1.0873548933767128e-16,-2.0270171553296349e-03,8.9979294870265523e-04,-2.9268101040322899e-03,-2.0270171553296305e-03,-4.3368086899420177e-18,1.0672758114577767e-16,-2.0270171553297372e-03,8.9979294870265502e-04,-2.9268101040323923e-03,0.0000000000000000e+00,-1.4210874144827748e-03,2.0270171553297372e-03,1.4210874144827677e-03,0.0000000000000000e+00,2.6572580689702621e+00,1.8703893367593170e+00,-2.6572580689713634e+00,1.2905927029348574e+00,-3.9478507719062192e+00,-2.6572580689702621e+00,1.2905927029348294e+00,-3.9478507719050921e+00,-1.0996779172447060e-12,4.1249942254176614e-18,3.7261205289241617e-03,5.9552433933970705e-01,6.9083373869813880e-01,-5.0850436808747013e-04,3.9473422675381333e+00,0.0000000000000000e+00,-7.8686873221094511e-01,1.9798977272481959e-14,2.9248254967891449e-14,2.4794980883295164e-14,1.6829494574751064e-03,-2.0541552590689690e-12
163,2.3190091904321438e+01,6.4409559601780533e+00,3.9047913309099158e-01,-2.9143354396410359e-13,2.9143354396410359e-13,0.0000000000000000e+00,7.4383229889608849e-17,-1.9572575822883621e-03,8.6885021518860056e-04,-2.8261077974769625e-03,-1.9572575822883577e-03,-4.3368086899420177e-18,3.4822391976011006e-17,-1.9572575822883929e-03,8.6885021518860067e-04,-2.8261077974769937e-03,4.3368086899420177e-19,-1.3733948862972097e-03,1.9572575822883929e-03,1.3733948862972179e-03,0.0000000000000000e+00,2.6580359570430327e+00,1.8709349302724403e+00,-2.6580359570441341e+00,1.2909380120595493e+00,-3.9489739691036818e+00,-2.6580359570430327e+00,1.2909380120595213e+00,-3.9489739691025547e+00,-1.0996502810893091e-12,4.2096658902991633e-18,3.2569636422100480e-03,5.9518010947002142e-01,6.9199261441037485e-01,-5.0832453694282798e-04,3.9484656445667405e+00,0.0000000000000000e+00,-7.8710102677059246e-01,9.4368957093138306e-15,2.0666282965979890e-14,3.1086244689504383e-14,1.6041107774863585e-03,-2.0541430596144613e-12
164,2.3577007564644077e+01,6.5484202487510945e+00,3.8691566032263935e-01,-8.5487172896137054e-13,8.5487172896137054e-13,0.0000000000000000e+00,8.3260187107974130e-17,-1.9371068340028595e-03,8.5994859221927733e-04,-2.7970554262221367e-03,-1.9371068340028551e-03,-4.3368086899420177e-18,8.4025104336145088e-17,-1.9371068340029393e-03,8.5994859221927723e-04,-2.7970554262222165e-03,2.1684043449710089e-19,-1.3605065099649859e-03,1.9371068340029393e-03,1.3605065099649778e-03,0.0000000000000000e+00,2.6587893523328661e+00,1.8714638249044362e+00,-2.6587893523339674e+00,1.2912724617256159e+00,-3.9500618140595818e+00,-2.6587893523328661e+00,1.2912724617255880e+00,-3.9500618140584547e+00,-1.0996272891105524e-12,4.3355143301463044e-18,2.8435435606041955e-03,5.9489105887715377e-01,6.9302975457589666e-01,-5.0810471196127693e-04,3.9495537093476223e+00,0.0000000000000000e+00,-7.8732552742842987e-01,1.2119934685491293e-14,2.1447444467359039e-14,4.9219887425048611e-14,1.5645909444751993e-03,-2.0541125449662896e-12
165,2.3962937575063027e+01,6.6556107769764825e+00,3.8593001041894937e-01,-5.9452442968677133e-13,5.9452442968677133e-13,0.0000000000000000e+00,6.2932652912783052e-17,-1.9598669830116137e-03,8.7011591406088034e-04,-2.8299828970724940e-03,-1.9598669830116098e-03,-3.9031278209478160e-18,-4.9586542801871211e-17,-1.9598669830115604e-03,8.7011591406088024e-04,-2.8299828970724406e-03,0.0000000000000000e+00,-1.3777149674361771e-03,1.9598669830115604e-03,1.3777149674361641e-03,0.0000000000000000e+00,2.6595413319057672e+00,1.8719922058260876e+00,-2.6595413319068686e+00,1.2916063036320831e+00,-3.9511476355389501e+00,-2.6595413319057672e+00,1.2916063036320551e+00,-3.9511476355378230e+00,-1.0996206436733465e-12,4.3773569457186619e-18,2.4797940456828338e-03,5.9465773430330959e-01,6.9396092750863936e-01,-5.0784777445112006e-04,3.9506397877645005e+00,0.0000000000000000e+00,-7.8754912607967964e-01,1.2952601953960160e-14,1.6765082480108064e-14,4.0153066057276497e-14,1.5591915671833365e-03,-2.0540808674962910e-12
166,2.4358818647875935e+01,6.7655651732753963e+00,3.9588107281290874e-01,-5.8675286851439523e-13,5.8675286851439523e-13,0.0000000000000000e+00,1.1456812584599620e-16,-2.0219575538121832e-03,8.9776810393376943e-04,-2.9197256577459525e-03,-2.0219575538121802e-03,-3.0357660829594124e-18,6.6676127749557676e-17,-2.0219575538122465e-03,8.9776810393376921e-04,-2.9197256577460158e-03,-4.3368086899420177e-19,-1.4225276111975507e-03,2.0219575538122465e-03,1.4225276111975440e-03,0.0000000000000000e+00,2.6603294963904625e+00,1.8725464873441706e+00,-2.6603294963915638e+00,1.2919562395429094e+00,-3.9522857359344719e+00,-2.6603294963904625e+00,1.2919562395428814e+00,-3.9522857359333448e+00,-1.0996172609517349e-12,4.2915139218807323e-18,2.1541392817717407e-03,5.9447822962847341e-01,6.9481633489284933e-01,-5.0753573981499045e-04,3.9517782001946582e+00,0.0000000000000000e+00,-7.8778300904629184e-01,1.4710455076283324e-14,2.1476742388818922e-14,6.4392935428259079e-14,1.5846698440470156e-03,-2.0540297927933624e-12
167,2.4763442262874786e+01,6.8779477759579661e+00,4.0462361499885091e-01,-7.0332628610003667e-13,7.0332628610003667e-13,0.0000000000000000e+00,6.4612707236915193e-17,-2.1201132836197673e-03,9.4146374193171455e-04,-3.0615770255514817e-03,-2.1201132836197634e-03,-3.9031278209478160e-18,-2.6414069238733601e-17,-2.1201132836197369e-03,9.4146374193171444e-04,-3.0615770255514514e-03,0.0000000000000000e+00,-1.4926331896169907e-03,2.1201132836197369e-03,1.4926331896169738e-03,0.0000000000000000e+00,2.6611674862283738e+00,1.8731362587949349e+00,-2.6611674862294752e+00,1.2923283378620569e+00,-3.9534958240915308e+00,-2.6611674862283738e+00,1.2923283378620289e+00,-3.9534958240904037e+00,-1.0996091154619040e-12,4.2037751613965938e-18,1.8674021540204479e-03,5.9435955306705179e-01,6.9559420884020839e-01,-5.0717380077625052e-04,3.9529886502907559e+00,0.0000000000000000e+00,-7.8803122743343890e-01,1.1749860343949574e-14,1.7169953931138709e-14,2.4239869370982586e-14,1.6387867445859633e-03,-2.0539702514037450e-12
168,2.5167197278319048e+01,6.9900891285626479e+00,4.0375501544426129e-01,-1.1152190282359697e-12,1.1152190282359697e-12,0.0000000000000000e+00,1.1006849693758234e-16,-2.2472953760299076e-03,9.9808295520900365e-04,-3.2453783312389115e-03,-2.2472953760299041e-03,-3.4694469519536142e-18,-9.7126872049532612e-17,-2.2472953760298070e-03,9.9808295520900365e-04,-3.2453783312388108e-03,0.0000000000000000e+00,-1.5830496000954137e-03,2.2472953760298070e-03,1.5830496000954039e-03,0.0000000000000000e+00,2.6620491678037879e+00,1.8737571699710660e+00,-2.6620491678048892e+00,1.2927198887153863e+00,-3.9547690565202744e+00,-2.6620491678037879e+00,1.2927198887153584e+00,-3.9547690565191473e+00,-1.0996340555992330e-12,4.2037751613965938e-18,1.6237718942359600e-03,5.9430790444040338e-01,6.9628141740532667e-01,-5.0679497542027718e-04,3.9542622615448551e+00,0.0000000000000000e+00,-7.8829199783272186e-01,1.2027416100105864e-14,2.2422863600033053e-14,5.8656783134362441e-14,1.7167754583508306e-03,-2.0539092847071132e-12
169,2.5569135884262909e+01,7.1017259806398636e+00,4.0193860594386166e-01,-3.0309088572266774e-13,3.0309088572266774e-13,0.0000000000000000e+00,6.2618661514007995e-17,-2.3974664810855091e-03,1.0649476803445243e-03,-3.4624141614300334e-03,-2.3974664810855056e-03,-3.4694469519536142e-18,3.9866014892024033e-17,-2.3974664810855455e-03,1.0649476803445243e-03,-3.4624141614300699e-03,0.0000000000000000e+00,-1.6895259216928539e-03,2.3974664810855455e-03,1.6895259216928716e-03,0.0000000000000000e+00,2.6629826223566830e+00,1.8744148571926027e+00,-2.6629826223577844e+00,1.2931344945442234e+00,-3.9561171169020066e+00,-2.6629826223566830e+00,1.2931344945441954e+00,-3.9561171169008795e+00,-1.0996455632737836e-12,4.2037751613965938e-18,1.4192366393199532e-03,5.9432352034974401e-01,6.9688532512542511e-01,-5.0641242973425982e-04,3.9556107044722735e+00,0.0000000000000000e+00,-7.8856776516408034e-01,1.0269562977782698e-14,1.5320329080808531e-14,3.0716170347962666e-14,1.8141103879438809e-03,-2.0538510157336178e-12
170,2.5975899268131251e+01,7.2147028956309063e+00,4.0676338386834132e-01,-2.3703261575747092e-13,2.3703261575747092e-13,0.0000000000000000e+00,6.2118497098374198e-17,-2.5681870874542335e-03,1.1409793249420282e-03,-3.7091664123962620e-03,-2.5681870874542305e-03,-3.0357660829594124e-18,-3.0606100428239354e-17,-2.5681870874541997e-03,1.1409793249420280e-03,-3.7091664123962277e-03,0.0000000000000000e+00,-1.8103643172141333e-03,2.5681870874541997e-03,1.8103643172141456e-03,0.0000000000000000e+00,2.6639925453810118e+00,1.8751266707909755e+00,-2.6639925453821132e+00,1.2935831397108417e+00,-3.9575756850929538e+00,-2.6639925453810118e+00,1.2935831397108137e+00,-3.9575756850918267e+00,-1.0996436799767128e-12,4.2037751613965938e-18,1.2465280859948935e-03,5.9440751454393459e-01,6.9742307984404994e-01,-5.0601723686227729e-04,3.9570696678560928e+00,0.0000000000000000e+00,-7.8886587459003632e-01,1.3600232051658168e-14,1.9261196295192259e-14,2.4239869370982586e-14,1.9286513744487337e-03,-2.0537762084792229e-12
171,2.6385097487174306e+01,7.3283560764252638e+00,4.0919821904305564e-01,-4.7017945092875379e-13,4.7017945092875379e-13,0.0000000000000000e+00,9.8191670662730237e-17,-2.7538129122647373e-03,1.2236754385340695e-03,-3.9774883507988070e-03,-2.7538129122647338e-03,-3.4694469519536142e-18,-1.0551929291369682e-16,-2.7538129122646280e-03,1.2236754385340693e-03,-3.9774883507986969e-03,-4.3368086899420177e-19,-1.9415767322083968e-03,2.7538129122646280e-03,1.9415767322084050e-03,0.0000000000000000e+00,2.6650814218418279e+00,1.8758943145886646e+00,-2.6650814218429293e+00,1.2940669459697747e+00,-3.9591483678127029e+00,-2.6650814218418279e+00,1.2940669459697467e+00,-3.9591483678115758e+00,-1.0996715311109739e-12,4.1150444417838578e-18,1.1032146157698623e-03,5.9456064013630872e-01,6.9789746510899586e-01,-5.0562610870019675e-04,3.9586427417040038e+00,0.0000000000000000e+00,-7.8918710725316332e-01,1.1379786002407855e-14,1.6043971177956827e-14,4.1078251911130792e-14,2.0563129944693366e-03,-2.0537775326219749e-12
172,2.6785439440937420e+01,7.4395494646980955e+00,4.0034195376311388e-01,-1.0064171718227044e-12,1.0064171718227044e-12,0.0000000000000000e+00,9.8062009252965380e-17,-2.9444177712356300e-03,1.3086223796331970e-03,-4.2530401508688274e-03,-2.9444177712356265e-03,-3.4694469519536142e-18,-1.5519181388103065e-17,-2.9444177712356114e-03,1.3086223796331968e-03,-4.2530401508688084e-03,4.3368086899420177e-19,-2.0761784711267536e-03,2.9444177712356114e-03,2.0761784711267233e-03,0.0000000000000000e+00,2.6662220422442409e+00,1.8766985525725872e+00,-2.6662220422453422e+00,1.2945738384977923e+00,-3.9607958807431332e+00,-2.6662220422442409e+00,1.2945738384977643e+00,-3.9607958807420061e+00,-1.0996957595006151e-12,4.1150444417838578e-18,9.8844467844801933e-04,5.9477587441608215e-01,6.9830424435390137e-01,-5.0527504936059842e-04,3.9602906056937739e+00,0.0000000000000000e+00,-7.8952348967165364e-01,1.0362081563168129e-14,1.6166997390136506e-14,2.4980018054066022e-14,2.1897831345569947e-03,-2.0537726161276639e-12
173,2.7183796166186969e+01,7.5501914636327765e+00,3.9835672524954902e-01,-5.7898130734201914e-13,5.7898130734201914e-13,0.0000000000000000e+00,6.0866348621392606e-17,-3.1387309109247741e-03,1.3952521901778262e-03,-4.5339831011026004e-03,-3.1387309109247707e-03,-3.4694469519536142e-18,-1.5436519800535844e-17,-3.1387309109247551e-03,1.3952521901778260e-03,-4.5339831011025813e-03,0.0000000000000000e+00,-2.2132887486327156e-03,3.1387309109247551e-03,2.2132887486327234e-03,0.0000000000000000e+00,2.6674336738383566e+00,1.8775529216299516e+00,-2.6674336738394580e+00,1.2951123918073499e+00,-3.9625460656468068e+00,-2.6674336738383566e+00,1.2951123918073220e+00,-3.9625460656456797e+00,-1.0997019252064918e-12,4.2014242871718122e-18,8.9544671222235622e-04,5.9505252027677302e-01,6.9865947413127827e-01,-5.0495068707623325e-04,3.9620411149597317e+00,0.0000000000000000e+00,-7.8988075220840503e-01,9.8994886362409797e-15,1.8732315458632310e-14,4.0893214740359937e-14,2.3278037350019142e-03,-2.0537691021805720e-12
174,2.7599426383071073e+01,7.6656311062920155e+00,4.1563021688410373e-01,-3.0697666630885578e-13,3.0697666630885578e-13,0.0000000000000000e+00,6.1111464031760794e-17,-3.3423250489011546e-03,1.4860496758289164e-03,-4.8283747247300710e-03,-3.3423250489011511e-03,-3.4694469519536142e-18,-1.5541381065905271e-17,-3.3423250489011355e-03,1.4860496758289164e-03,-4.8283747247300519e-03,0.0000000000000000e+00,-2.3568474310805272e-03,3.3423250489011355e-03,2.3568474310805467e-03,0.0000000000000000e+00,2.6687805351854670e+00,1.8785026649757337e+00,-2.6687805351865683e+00,1.2957111698670885e+00,-3.9644917050536557e+00,-2.6687805351854670e+00,1.2957111698670605e+00,-3.9644917050525286e+00,-1.0997083628823196e-12,4.2014242871718122e-18,8.1723524589240835e-04,5.9540512370796295e-01,6.9898419641076859e-01,-5.0461450246452877e-04,3.9639870905511922e+00,0.0000000000000000e+00,-7.9027787020973328e-01,7.5865240016052374e-15,1.2222458001603241e-14,2.2019423321732272e-14,2.4741703805535417e-03,-2.0537698930292601e-12
175,2.8034355366792816e+01,7.7864309048229865e+00,4.3492898372174338e-01,-1.2045919817182948e-13,1.2045919817182948e-13,0.0000000000000000e+00,1.0333716713794468e-16,-3.5520920570772342e-03,1.5796412597227786e-03,-5.1317333168000127e-03,-3.5520920570772307e-03,-3.4694469519536142e-18,5.8136911255243083e-18,-3.5520920570772363e-03,1.5796412597227781e-03,-5.1317333168000145e-03,0.0000000000000000e+00,-2.5046629815667822e-03,3.5520920570772363e-03,2.5046629815667887e-03,0.0000000000000000e+00,2.6702798260980956e+00,1.8795598708672965e+00,-2.6702798260991969e+00,1.2963778487885906e+00,-3.9666576748877862e+00,-2.6702798260980956e+00,1.2963778487885627e+00,-3.9666576748866591e+00,-1.0997104783094695e-12,4.2014242871718122e-18,7.5218938511582151e-04,5.9584066269097613e-01,6.9928072624488913e-01,-5.0427046760948002e-04,3.9661534044201781e+00,0.0000000000000000e+00,-7.9071995523079908e-01,7.8640797577615265e-15,1.2263958815835132e-14,2.0169051614023679e-14,2.6266227006837162e-03,-2.0537677902468951e-12
176,2.8470941655999386e+01,7.9076910133727534e+00,4.3658628920656994e-01,-2.2926105458509483e-13,2.2926105458509483e-13,0.0000000000000000e+00,6.6320839467139676e-17,-3.7552426712263200e-03,1.6703320496038771e-03,-5.4255747208301966e-03,-3.7552426712263165e-03,-3.4694469519536142e-18,6.9138455378891059e-17,-3.7552426712263859e-03,1.6703320496038771e-03,-5.4255747208302625e-03,4.3368086899420177e-19,-2.6477288707025910e-03,3.7552426712263859e-03,2.6477288707025932e-03,0.0000000000000000e+00,2.6718749671746056e+00,1.8806846026869568e+00,-2.6718749671757069e+00,1.2970872956821602e+00,-3.9689622628578660e+00,-2.6718749671746056e+00,1.2970872956821322e+00,-3.9689622628567389e+00,-1.0996941167697144e-12,4.2960938478188418e-18,7.0064681240389456e-04,5.9634219517982179e-01,6.9954048983040162e-01,-5.0396385953299649e-04,3.9684582989983341e+00,0.0000000000000000e+00,-7.9119036448764879e-01,6.1987452208237909e-15,9.1498401900966682e-15,3.4231876592608998e-14,2.7757448844387298e-03,-2.0537731728750084e-12
177,2.8911831111893651e+01,8.0301463093861614e+00,4.4088945589426487e-01,-4.3132164506687332e-13,4.3132164506687332e-13,0.0000000000000000e+00,9.1610422537896320e-17,-3.9491409982161732e-03,1.7569383527779460e-03,-5.7060793509941194e-03,-3.9491409982161697e-03,-3.4694469519536142e-18,2.1394935351022716e-17,-3.9491409982161906e-03,1.7569383527779462e-03,-5.7060793509941367e-03,-8.6736173798840355e-19,-2.7841986044125498e-03,3.9491409982161906e-03,2.7841986044125442e-03,0.0000000000000000e+00,2.6735733579366161e+00,1.8818820424614371e+00,-2.6735733579377174e+00,1.2978428193736145e+00,-3.9714161773113310e+00,-2.6735733579366161e+00,1.2978428193735865e+00,-3.9714161773102039e+00,-1.0996741591610247e-12,4.2004911866375390e-18,6.5944904493303884e-04,5.9690923241963223e-01,6.9977044589682269e-01,-5.0369201222633109e-04,3.9709124852991056e+00,0.0000000000000000e+00,-7.9169131547517901e-01,4.6259292692714861e-15,8.1282934947954337e-15,2.8680761469483215e-14,2.9194041352166794e-03,-2.0537740370000807e-12
178,2.9369949738486827e+01,8.1573869391602098e+00,4.5811862659317626e-01,-1.3211653993039363e-13,1.3211653993039363e-13,0.0000000000000000e+00,9.8024332498334071e-17,-4.1351245064468398e-03,1.8400552789495032e-03,-5.9751797853963432e-03,-4.1351245064468363e-03,-3.4694469519536142e-18,-4.7191637492486689e-17,-4.1351245064467886e-03,1.8400552789495030e-03,-5.9751797853962920e-03,-8.6736173798840355e-19,-2.9150184082166676e-03,4.1351245064467886e-03,2.9150184082166724e-03,0.0000000000000000e+00,2.6754251342416215e+00,1.8831875011966781e+00,-2.6754251342427229e+00,1.2986667442648301e+00,-3.9740918785075521e+00,-2.6754251342416215e+00,1.2986667442648021e+00,-3.9740918785064250e+00,-1.0996800681359027e-12,3.8031366184708212e-18,6.2537655336417823e-04,5.9755712566891583e-01,6.9998080505542426e-01,-5.0343698712573826e-04,3.9735884415204272e+00,0.0000000000000000e+00,-7.9223763304494343e-01,4.4408920985006262e-15,7.9294634922024707e-15,2.2759572004815709e-14,3.0584774583664394e-03,-2.0537727258494547e-12
179,2.9848402700342351e+01,8.2902753498246753e+00,4.7845296185552399e-01,-2.6423307986078726e-13,2.6423307986078726e-13,0.0000000000000000e+00,5.3489238925209997e-17,-4.3091498382574478e-03,1.9178834641289267e-03,-6.2270333023863745e-03,-4.3091498382574443e-03,-3.4694469519536142e-18,-2.0457900474959802e-17,-4.3091498382574244e-03,1.9178834641289267e-03,-6.2270333023863511e-03,8.6736173798840355e-19,-3.0373445417526206e-03,4.3091498382574244e-03,3.0373445417526124e-03,0.0000000000000000e+00,2.6774452282770937e+00,1.8846114640384040e+00,-2.6774452282781951e+00,1.2995657427258789e+00,-3.9770109710040731e+00,-2.6774452282770937e+00,1.2995657427258509e+00,-3.9770109710029460e+00,-1.0996962516968070e-12,3.8031366184708212e-18,5.9674771221180202e-04,5.9829073953252188e-01,7.0017505543156511e-01,-5.0320004958015474e-04,3.9765077709544938e+00,0.0000000000000000e+00,-7.9283376423868979e-01,4.9034850254277752e-15,8.8556477902672699e-15,1.7208456881689926e-14,3.1899029313895468e-03,-2.0537761730553395e-12
180,3.0345276324027484e+01,8.4282800261810316e+00,4.9687362368513277e-01,-4.8572257327350599e-13,4.8572257327350599e-13,0.0000000000000000e+00,1.0330885742320551e-16,-4.4649154227027373e-03,1.9876100051322968e-03,-6.4525254278350336e-03,-4.4649154227027329e-03,-4.3368086899420177e-18,6.9208462720278672e-17,-4.4649154227028023e-03,1.9876100051322964e-03,-6.4525254278350987e-03,0.0000000000000000e+00,-3.1467470962140394e-03,4.4649154227028023e-03,3.1467470962140177e-03,0.0000000000000000e+00,2.6796250290774255e+00,1.8861478200490827e+00,-2.6796250290785268e+00,1.3005360110720541e+00,-3.9801610401505800e+00,-2.6796250290774255e+00,1.3005360110720261e+00,-3.9801610401494529e+00,-1.0996841402625474e-12,4.0186212033708875e-18,5.7231262121307464e-04,5.9910608521662079e-01,7.0035462436864615e-01,-5.0298886557409439e-04,3.9796580512850070e+00,0.0000000000000000e+00,-7.9347720902834284e-01,5.7361522938966427e-15,1.1362819135083906e-14,2.4239869370982586e-14,3.3088891435237096e-03,-2.0537758179263155e-12
181,3.0864371783056825e+01,8.5724567290820382e+00,5.1909545902934084e-01,-2.9920510513647969e-13,2.9920510513647969e-13,0.0000000000000000e+00,1.1689368187034145e-16,-4.5977612919313026e-03,2.0471501642796543e-03,-6.6449114562109569e-03,-4.5977612919313000e-03,-2.6020852139652106e-18,-2.5671629081610943e-17,-4.5977612919312740e-03,2.0471501642796547e-03,-6.6449114562109283e-03,0.0000000000000000e+00,-3.2399511428160858e-03,4.5977612919312740e-03,3.2399511428160893e-03,0.0000000000000000e+00,2.6819772262420343e+00,1.8878054730761182e+00,-2.6819772262431356e+00,1.3015832239131613e+00,-3.9835604501562960e+00,-2.6819772262420343e+00,1.3015832239131333e+00,-3.9835604501551689e+00,-1.0996728403762263e-12,4.0186212033708875e-18,5.5067161069396510e-04,6.0000662410914984e-01,7.0052312517303605e-01,-5.0280302028138379e-04,3.9830576471360155e+00,0.0000000000000000e+00,-7.9417175316591604e-01,1.4062824978585317e-14,2.4159499212855303e-14,2.0354088784794538e-14,3.4118607428502011e-03,-2.0537865541715347e-12
182,3.1412533225469225e+01,8.7247063934737525e+00,5.4816144241240039e-01,-5.4400928206632670e-13,5.4400928206632670e-13,0.0000000000000000e+00,8.7406186597130188e-17,-4.7026452182763016e-03,2.0942492468008500e-03,-6.7968944650771516e-03,-4.7026452182762999e-03,-1.7347234759768071e-18,2.1795405532527949e-17,-4.7026452182763207e-03,2.0942492468008504e-03,-6.7968944650771707e-03,-8.6736173798840355e-19,-3.3134114909281654e-03,4.7026452182763207e-03,3.3134114909281402e-03,0.0000000000000000e+00,2.6845262883658627e+00,1.8896016234331006e+00,-2.6845262883669641e+00,1.3027183016505532e+00,-3.9872445900175166e+00,-2.6845262883658627e+00,1.3027183016505253e+00,-3.9872445900163895e+00,-1.0996739027743722e-12,3.7808940726763626e-18,5.3059308831941384e-04,6.0100052672653514e-01,7.0068453953224286e-01,-5.0264230345598016e-04,3.9867419477140613e+00,0.0000000000000000e+00,-7.9492466493276215e-01,1.1194748831636996e-14,1.7974777826727651e-14,1.0362081563168129e-14,3.4949701810164787e-03,-2.0537766923207051e-12
183,3.1995387659765740e+01,8.8865918986277332e+00,5.8285443429651451e-01,-2.9143354396410359e-13,2.9143354396410359e-13,0.0000000000000000e+00,3.4804162802853910e-17,-4.7727772651196213e-03,2.1258721284288370e-03,-6.8986493935484583e-03,-4.7727772651196187e-03,-2.6020852139652106e-18,-1.5158713822650922e-17,-4.7727772651196040e-03,2.1258721284288370e-03,-6.8986493935484410e-03,0.0000000000000000e+00,-3.3623541961805004e-03,4.7727772651196040e-03,3.3623541961804986e-03,0.0000000000000000e+00,2.6872876843715030e+00,1.8915471232496284e+00,-2.6872876843726043e+00,1.3039481598789644e+00,-3.9912358442515679e+00,-2.6872876843715030e+00,1.3039481598789364e+00,-3.9912358442504408e+00,-1.0996719686617760e-12,3.5281212551135263e-18,5.1116515421739206e-04,6.0209264522168948e-01,7.0084184602670618e-01,-5.0250347635127923e-04,3.9907333407752175e+00,0.0000000000000000e+00,-7.9574056112187463e-01,9.8994886362409797e-15,1.3475127898081275e-14,1.0917193075480707e-14,3.5530454717089925e-03,-2.0537716491975393e-12
184,3.2617540157010851e+01,9.0593922847496966e+00,6.2215249724511068e-01,-1.0724754417879012e-12,1.0724754417879012e-12,0.0000000000000000e+00,5.9961928881283985e-17,-4.8000797816528332e-03,2.1384041245152878e-03,-6.9384839061681211e-03,-4.8000797816528298e-03,-3.4694469519536142e-18,-1.0486225324614369e-16,-4.8000797816527257e-03,2.1384041245152878e-03,-6.9384839061680135e-03,8.6736173798840355e-19,-3.3811019946508938e-03,4.8000797816527257e-03,3.3811019946508882e-03,0.0000000000000000e+00,2.6902655728302127e+00,1.8936448523042226e+00,-2.6902655728313145e+00,1.3052746749388204e+00,-3.9955402477701338e+00,-2.6902655728302127e+00,1.3052746749387925e+00,-3.9955402477690067e+00,-1.0997093043339680e-12,3.7979368907656987e-18,4.9171680150075249e-04,6.0328324033259428e-01,7.0099733216099780e-01,-5.0238564372762085e-04,3.9950378621264075e+00,0.0000000000000000e+00,-7.9662072052599009e-01,2.0909200297107116e-14,2.9573837526330152e-14,3.0531133177191805e-14,3.5799023316083088e-03,-2.0537804652311246e-12
185,3.3284037360260591e+01,9.2445092369129380e+00,6.6649720324974027e-01,-3.1474822748123188e-13,3.1474822748123188e-13,0.0000000000000000e+00,9.1567547431221140e-17,-4.7758843613511974e-03,2.1279629678107779e-03,-6.9038473291619749e-03,-4.7758843613511948e-03,-2.6020852139652106e-18,2.7004823908500930e-17,-4.7758843613512209e-03,2.1279629678107787e-03,-6.9038473291619992e-03,-8.6736173798840355e-19,-3.3635645036400675e-03,4.7758843613512209e-03,3.3635645036400514e-03,0.0000000000000000e+00,2.6934567494900787e+00,1.8958925029832041e+00,-2.6934567494911805e+00,1.3066964358063564e+00,-4.0001531852975356e+00,-2.6934567494900787e+00,1.3066964358063284e+00,-4.0001531852964085e+00,-1.0997352502134209e-12,3.7979368907656987e-18,4.7174050771162991e-04,6.0456938608201971e-01,7.0115302245813316e-01,-5.0228675849206539e-04,3.9996508985390449e+00,0.0000000000000000e+00,-7.9756424650687463e-01,7.9565983431469557e-15,1.3093403315387163e-14,1.9613940101711101e-14,3.5688673493119568e-03,-2.0537782759763591e-12
186,3.4000658098598286e+01,9.4435478019530024e+00,7.1662073833769568e-01,-4.6629367034256575e-14,4.6629367034256575e-14,0.0000000000000000e+00,6.7653652344002936e-17,-4.6914227076409552e-03,2.0906185661435819e-03,-6.7820412737845375e-03,-4.6914227076409517e-03,-3.4694469519536142e-18,-2.0095433142495871e-17,-4.6914227076409317e-03,2.0906185661435819e-03,-6.7820412737845132e-03,0.0000000000000000e+00,-3.3035840833178167e-03,4.6914227076409317e-03,3.3035840833178171e-03,0.0000000000000000e+00,2.6968489837810043e+00,1.8982814114547006e+00,-2.6968489837821061e+00,1.3082079973131564e+00,-4.0050569810952608e+00,-2.6968489837810043e+00,1.3082079973131284e+00,-4.0050569810941337e+00,-1.0997327745070648e-12,3.4871521862241403e-18,4.5084457883982871e-04,6.0594429374118108e-01,7.0131065481964372e-01,-5.0220417349189361e-04,4.0045547769217702e+00,0.0000000000000000e+00,-7.9856757232630371e-01,9.6219328800846905e-15,1.5579151820173022e-14,2.5165055224836884e-14,3.5131390958408723e-03,-2.0537614202122830e-12
187,3.4770836738532502e+01,9.6574618615329779e+00,7.7017863993421543e-01,-1.5931700403370996e-13,1.5931700403370996e-13,0.0000000000000000e+00,2.4363878260100952e-16,-4.5393526979847446e-03,2.0230745422266769e-03,-6.5624272402114211e-03,-4.5393526979847429e-03,-1.7347234759768071e-18,-1.9954136909898098e-16,-4.5393526979845434e-03,2.0230745422266760e-03,-6.5624272402112199e-03,0.0000000000000000e+00,-3.1960126838696361e-03,4.5393526979845434e-03,3.1960126838696625e-03,0.0000000000000000e+00,2.7004036568047258e+00,1.9007843367538373e+00,-2.7004036568058276e+00,1.3097921365948120e+00,-4.0101957934006380e+00,-2.7004036568047258e+00,1.3097921365947840e+00,-4.0101957933995109e+00,-1.0998173542938798e-12,3.4871521862241403e-18,4.2877459751223629e-04,6.0739027581654625e-01,7.0147094949462441e-01,-5.0213668612908435e-04,4.0096936567145107e+00,0.0000000000000000e+00,-7.9961932005088854e-01,2.6830389761774618e-14,3.6183336262431104e-14,1.4617936490897897e-14,3.4068921019459733e-03,-2.0537784898685954e-12
188,3.5597161172518611e+01,9.8869701925082332e+00,8.2632443398610889e-01,-7.7715611723760958e-13,7.7715611723760958e-13,0.0000000000000000e+00,1.8607009236984595e-16,-4.3156600605875608e-03,1.9235201819814073e-03,-6.2391802425689679e-03,-4.3156600605875582e-03,-2.6020852139652106e-18,-9.5163129613818573e-18,-4.3156600605875487e-03,1.9235201819814076e-03,-6.2391802425689567e-03,0.0000000000000000e+00,-3.0380489392709872e-03,4.3156600605875487e-03,3.0380489392709377e-03,0.0000000000000000e+00,2.7040622135075592e+00,1.9033600154749253e+00,-2.7040622135086609e+00,1.3114227204206388e+00,-4.0154849339292982e+00,-2.7040622135075592e+00,1.3114227204206108e+00,-4.0154849339281711e+00,-1.0999037290292793e-12,3.4871521862241403e-18,4.0528476579985680e-04,6.0888138398541491e-01,7.0163396519503574e-01,-5.0208647438831910e-04,4.0149828474549114e+00,0.0000000000000000e+00,-8.0070219803263387e-01,1.8133642735544225e-14,3.3254510501641477e-14,3.9597954544963919e-14,3.2467221714384707e-03,-2.0537484249230759e-12
189,3.6479394193954896e+01,1.0132006911686867e+01,8.8223302143628501e-01,-1.1540768340978502e-12,1.1540768340978502e-12,0.0000000000000000e+00,1.6121334135827116e-16,-4.0222405707588914e-03,1.7927878750377184e-03,-5.8150284457966096e-03,-4.0222405707588879e-03,-3.4694469519536142e-18,-1.2556516068226072e-16,-4.0222405707587630e-03,1.7927878750377182e-03,-5.8150284457964812e-03,8.6736173798840355e-19,-2.8310556998932153e-03,4.0222405707587630e-03,2.8310556998932257e-03,0.0000000000000000e+00,2.7077401991407730e+00,1.9059489744343932e+00,-2.7077401991418752e+00,1.3130620452635047e+00,-4.0208022444053784e+00,-2.7077401991407730e+00,1.3130620452634767e+00,-4.0208022444042513e+00,-1.0999633156975957e-12,3.8697597696160086e-18,3.8013293077727496e-04,6.1038111122058913e-01,7.0179873993880570e-01,-5.0206117333240208e-04,4.0203001832320471e+00,0.0000000000000000e+00,-8.0179122470637987e-01,3.5342099617234154e-14,5.9572279608126680e-14,3.8487731520338762e-14,3.0335857848230010e-03,-2.0537421425468799e-12
190,3.7408343561425440e+01,1.0390018910509436e+01,9.2894936747054402e-01,-2.6423307986078726e-13,2.6423307986078726e-13,0.0000000000000000e+00,1.7793463234711983e-16,-3.6712590643576963e-03,1.6363027823450163e-03,-5.3075618467027129e-03,-3.6712590643576937e-03,-2.6020852139652106e-18,-7.2592339588054626e-17,-3.6712590643576213e-03,1.6363027823450161e-03,-5.3075618467026374e-03,0.0000000000000000e+00,-2.5836274108193506e-03,3.6712590643576213e-03,2.5836274108193657e-03,0.0000000000000000e+00,2.7113136349506113e+00,1.9084639576597682e+00,-2.7113136349517135e+00,1.3146547710620922e+00,-4.0259684060138037e+00,-2.7113136349506113e+00,1.3146547710620642e+00,-4.0259684060126766e+00,-1.1000553548398635e-12,4.2726273385522482e-18,3.5327090074024404e-04,6.1183702652309291e-01,7.0196240099096519e-01,-5.0207264729373868e-04,4.0254663333665119e+00,0.0000000000000000e+00,-8.0284967729084311e-01,2.4424906541753444e-14,3.5760193814067252e-14,2.5350092395607742e-14,2.7760850078126943e-03,-2.0537390374571962e-12
191,3.8371606474806015e+01,1.0657561360481397e+01,9.6326291338057501e-01,-4.6629367034256575e-13,4.6629367034256575e-13,0.0000000000000000e+00,1.8545572717962023e-16,-3.2837093445746146e-03,1.4634447601249857e-03,-4.7471541046996005e-03,-3.2837093445746129e-03,-1.7347234759768071e-18,-1.8879847951284317e-16,-3.2837093445744238e-03,1.4634447601249857e-03,-4.7471541046994097e-03,-4.3368086899420177e-19,-2.3105668163516634e-03,3.2837093445744238e-03,2.3105668163516681e-03,0.0000000000000000e+00,2.7146633665166400e+00,1.9108211555547256e+00,-2.7146633665177426e+00,1.3161477069863441e+00,-4.0308110735040845e+00,-2.7146633665166400e+00,1.3161477069863161e+00,-4.0308110735029574e+00,-1.1001812488808325e-12,4.0637529898798611e-18,3.2480947960486609e-04,6.1319913127699655e-01,7.0212163688273566e-01,-5.0212934700688550e-04,4.0303089441570794e+00,0.0000000000000000e+00,-8.0384221096191433e-01,3.1826393372587823e-14,5.3345276056290406e-14,3.2566542055671263e-14,2.4895372703522458e-03,-2.0537489371850776e-12
192,3.9364724452996342e+01,1.0933395936177622e+01,9.9311797819032677e-01,-5.9841021027295938e-13,5.9841021027295938e-13,0.0000000000000000e+00,1.7794651781461873e-16,-2.8819867342761265e-03,1.2842315306600268e-03,-4.1662182649361531e-03,-2.8819867342761243e-03,-2.1684043449710089e-18,3.3425811876859392e-17,-2.8819867342761577e-03,1.2842315306600266e-03,-4.1662182649361843e-03,0.0000000000000000e+00,-2.0276502745392583e-03,2.8819867342761577e-03,2.0276502745392700e-03,0.0000000000000000e+00,2.7177249983286220e+00,1.9129753362478539e+00,-2.7177249983297247e+00,1.3175120903476571e+00,-4.0352370886773796e+00,-2.7177249983286220e+00,1.3175120903476292e+00,-4.0352370886762525e+00,-1.1002584005756069e-12,3.8484048559821883e-18,2.9485354595934661e-04,6.1444035457458845e-01,7.0227465164792358e-01,-5.0223057918574732e-04,4.0347348580981963e+00,0.0000000000000000e+00,-8.0474966208076815e-01,2.5535129566378600e-14,4.2816209916599412e-14,2.5720166737149462e-14,2.1905092456206746e-03,-2.0537448185240362e-12
193,4.0386821809156366e+01,1.1217279419054822e+01,1.0220973561600246e+00,-2.3236967905404526e-12,2.3236967905404526e-12,0.0000000000000000e+00,2.1775564474888285e-16,-2.4882106613603036e-03,1.1085586696786100e-03,-3.5967693310389138e-03,-2.4882106613603023e-03,-1.3010426069826053e-18,2.4403378471503026e-16,-2.4882106613605464e-03,1.1085586696786107e-03,-3.5967693310391571e-03,0.0000000000000000e+00,-1.7504492682105695e-03,2.4882106613605464e-03,1.7504492682105239e-03,0.0000000000000000e+00,2.7204694306086910e+00,1.9149061290248308e+00,-2.7204694306097936e+00,1.3187349226164631e+00,-4.0392043532262543e+00,-2.7204694306086910e+00,1.3187349226164351e+00,-4.0392043532251272e+00,-1.1001166052155481e-12,3.8484048559821883e-18,2.6372580756285613e-04,6.1554860335028772e-01,7.0242022720635566e-01,-5.0236625225674736e-04,4.0387019869740000e+00,0.0000000000000000e+00,-8.0556330158386014e-01,3.3121653567983841e-14,6.0462378518462866e-14,5.9952043329758453e-14,1.8955217364711801e-03,-2.0537161220913838e-12
194,4.1437594034007809e+01,1.1509127232869877e+01,1.0507722248514426e+00,-2.9376501231581642e-12,2.9376501231581642e-12,0.0000000000000000e+00,2.3042976890072787e-16,-2.1229940666411522e-03,9.4564134843113236e-04,-3.0686354150722848e-03,-2.1229940666411509e-03,-1.3010426069826053e-18,-2.9875120961241800e-17,-2.1229940666411210e-03,9.4564134843113214e-04,-3.0686354150722532e-03,0.0000000000000000e+00,-1.4934641045244959e-03,2.1229940666411210e-03,1.4934641045245237e-03,0.0000000000000000e+00,2.7228920935343348e+00,1.9166104360607779e+00,-2.7228920935354375e+00,1.3198141707781226e+00,-4.0427062643135576e+00,-2.7228920935343348e+00,1.3198141707780946e+00,-4.0427062643124305e+00,-1.1000040892277562e-12,3.8484048559821883e-18,2.3207297111999101e-04,6.1652236036290586e-01,7.0255721874021104e-01,-5.0251870388562381e-04,4.0422037456096742e+00,0.0000000000000000e+00,-8.0628165747355696e-01,1.3507713466272739e-13,2.0400367126656482e-13,6.4022861086717369e-14,1.6201237810543273e-03,-2.0537268863575927e-12
195,4.2531833653752798e+01,1.1813047943048094e+01,1.0942396197449895e+00,-2.7783331191244542e-12,2.7783331191244542e-12,0.0000000000000000e+00,1.6134769689846414e-16,-1.7994033685283699e-03,8.0131706379190553e-04,-2.6007204323202754e-03,-1.7994033685283690e-03,-8.6736173798840355e-19,-2.9814236206679666e-17,-1.7994033685283391e-03,8.0131706379190542e-04,-2.6007204323202446e-03,-2.1684043449710089e-19,-1.2658748916281417e-03,1.7994033685283391e-03,1.2658748916281252e-03,0.0000000000000000e+00,2.7250381148733092e+00,1.9181201250877267e+00,-2.7250381148744118e+00,1.3207699663324732e+00,-4.0458080812068822e+00,-2.7250381148733092e+00,1.3207699663324453e+00,-4.0458080812057551e+00,-1.1000367464575015e-12,3.7297671586874653e-18,2.0038305453652655e-04,6.1738068953501779e-01,7.0268622267985204e-01,-5.0267106306689513e-04,4.0453054101438184e+00,0.0000000000000000e+00,-8.0691798978558249e-01,1.4358884451818693e-13,2.0540158470365745e-13,7.9010871919156982e-14,1.3743202628413707e-03,-2.0537734285630239e-12
196,4.3690017398471149e+01,1.2134728880075121e+01,1.1581837447183503e+00,-3.6370906286720128e-12,3.6370906286720128e-12,0.0000000000000000e+00,1.5099261635236450e-16,-1.5276577920009550e-03,6.8013990474268069e-04,-2.2077976967436359e-03,-1.5276577920009539e-03,-1.0842021724855044e-18,5.4280697221444871e-17,-1.5276577920010084e-03,6.8013990474268102e-04,-2.2077976967436893e-03,2.1684043449710089e-19,-1.0748507398017587e-03,1.5276577920010084e-03,1.0748507398016967e-03,0.0000000000000000e+00,2.7269647889502138e+00,1.9194756202763106e+00,-2.7269647889513164e+00,1.3216278660222014e+00,-4.0485926549735147e+00,-2.7269647889502138e+00,1.3216278660221734e+00,-4.0485926549723876e+00,-1.1000225781287825e-12,3.7297671586874653e-18,1.6926124500695811e-04,6.1814802294415683e-01,7.0280777561970298e-01,-5.0280621333476105e-04,4.0480898487601831e+00,0.0000000000000000e+00,-8.0748916867390319e-01,1.4432899320127035e-13,1.7264858092316421e-13,1.3063624256422676e-13,1.1660704926518761e-03,-2.0537727692920156e-12
197,4.4925246857186977e+01,1.2477808958288206e+01,1.2352294587158283e+00,-2.0555779300934773e-12,2.0555779300934773e-12,0.0000000000000000e+00,1.3678300039315960e-16,-1.3173128279820891e-03,5.8635803973573612e-04,-1.9036708677178252e-03,-1.3173128279820880e-03,-1.0842021724855044e-18,9.6885317622848089e-17,-1.3173128279821852e-03,5.8635803973573612e-04,-1.9036708677179213e-03,2.1684043449710089e-19,-9.2708240592904773e-04,1.3173128279821852e-03,9.2708240592899612e-04,0.0000000000000000e+00,2.7287218847097061e+00,1.9207120436743037e+00,-2.7287218847108083e+00,1.3224100738074127e+00,-4.0511319585182184e+00,-2.7287218847097061e+00,1.3224100738073847e+00,-4.0511319585170913e+00,-1.0999292157714362e-12,3.9976148512190243e-18,1.3973563760698594e-04,6.1884646240242525e-01,7.0292097301251011e-01,-5.0290275487041569e-04,4.0506290557633502e+00,0.0000000000000000e+00,-8.0800984103540241e-01,2.5960715059151579e-13,3.4979179510330458e-13,1.3100631690576847e-13,1.0030141256272798e-03,-2.0537561995645134e-12
198,4.6262775432308871e+01,1.2849302209948602e+01,1.3375285751218939e+00,-4.0684122737388861e-12,4.0684122737388861e-12,0.0000000000000000e+00,1.8472854249208692e-16,-1.1706110848091708e-03,5.2095791474460684e-04,-1.6915689995537775e-03,-1.1706110848091697e-03,-1.0842021724855044e-18,-1.8849662713765259e-16,-1.1706110848089812e-03,5.2095791474460673e-04,-1.6915689995535880e-03,0.0000000000000000e+00,-8.2409261220081718e-04,1.1706110848089812e-03,8.2409261220079072e-04,0.0000000000000000e+00,2.7303857193727499e+00,1.9218831669876979e+00,-2.7303857193738521e+00,1.3231506071728156e+00,-4.0535363265466646e+00,-2.7303857193727499e+00,1.3231506071727877e+00,-4.0535363265455375e+00,-1.0999904821435763e-12,4.1426299899098841e-18,1.1264007675094697e-04,6.1950946424622777e-01,7.0302556194716248e-01,-5.0294090267444247e-04,4.0530333856439933e+00,0.0000000000000000e+00,-8.0850255238505198e-01,2.2056430755886444e-13,3.8405227178295567e-13,1.2675046197803871e-13,8.8756299918476612e-04,-2.0537471338846183e-12
199,4.7724730128173327e+01,1.3255354322665058e+01,1.4619546958644563e+00,-6.1550764485218679e-12,6.1550764485218679e-12,0.0000000000000000e+00,2.3050194536927628e-16,-1.0830728340228582e-03,4.8193228603497329e-04,-1.5650051200578315e-03,-1.0830728340228575e-03,-6.5052130349130266e-19,4.4042406314554856e-17,-1.0830728340229016e-03,4.8193228603497340e-04,-1.5650051200578751e-03,0.0000000000000000e+00,-7.6270269267047521e-04,1.0830728340229016e-03,7.6270269267049537e-04,0.0000000000000000e+00,2.7320331112668153e+00,1.9230430784113641e+00,-2.7320331112679175e+00,1.3238836971920487e+00,-4.0559168084599628e+00,-2.7320331112668153e+00,1.3238836971920207e+00,-4.0559168084588357e+00,-1.1000960749068112e-12,4.1426299899098841e-18,8.8842618165770607e-05,6.2017138440412345e-01,7.0312056102678333e-01,-5.0290914297623779e-04,4.0554138993169904e+00,0.0000000000000000e+00,-8.0899003285545112e-01,2.9050835811024933e-13,4.4223599212215132e-13,1.0158540675320182e-13,8.1692762272397022e-04,-2.0537749104932312e-12
200,4.9297802058798922e+01,1.3692268806193415e+01,1.5730719306255949e+00,-5.3701487701118822e-12,5.3701487701118822e-12,0.0000000000000000e+00,1.8767970066064064e-16,-1.0395183868213620e-03,4.6251795627607397e-04,-1.5020363430974359e-03,-1.0395183868213611e-03,-8.6736173798840355e-19,-6.4722095937285084e-17,-1.0395183868212965e-03,4.6251795627607413e-04,-1.5020363430973706e-03,0.0000000000000000e+00,-7.3214928026750471e-04,1.0395183868212965e-03,7.3214928026755003e-04,0.0000000000000000e+00,2.7337026056016662e+00,1.9242188332508987e+00,-2.7337026056027685e+00,1.3246265412750746e+00,-4.0583291468778402e+00,-2.7337026056016662e+00,1.3246265412750466e+00,-4.0583291468767131e+00,-1.1001123402264509e-12,4.1426299899098841e-18,6.9289827186260372e-05,6.2085107265941653e-01,7.0320336885691981e-01,-5.0280993155205067e-04,4.0578263369462908e+00,0.0000000000000000e+00,-8.0948377235076752e-01,3.0938214952887699e-13,4.5459165689503440e-13,1.3304172578424794e-13,7.8090280162190361e-04,-2.0536505177959113e-12
201,5.0928919418563325e+01,1.4145305177220759e+01,1.6311173597644029e+00,-3.6720626539477053e-12,3.6720626539477053e-12,0.0000000000000000e+00,2.7832692985791796e-16,-1.0137180747480181e-03,4.5103520578338650e-04,-1.4647532805314046e-03,-1.0137180747480173e-03,-8.6736173798840355e-19,-4.4542849873470110e-17,-1.0137180747479728e-03,4.5103520578338704e-04,-1.4647532805313599e-03,0.0000000000000000e+00,-7.1396395094750289e-04,1.0137180747479728e-03,7.1396395094754431e-04,0.0000000000000000e+00,2.7353771404197498e+00,1.9253982234487086e+00,-2.7353771404208520e+00,1.3253715974859261e+00,-4.0607487379067750e+00,-2.7353771404197498e+00,1.3253715974858982e+00,-4.0607487379056479e+00,-1.1002014522014137e-12,4.1426299899098841e-18,5.4304859541514719e-05,6.2154279946479674e-01,7.0327180976007975e-01,-5.0268340150827484e-04,4.0602460545052699e+00,0.0000000000000000e+00,-8.0997891697104119e-01,1.9428902930940239e-13,2.6015635558711833e-13,1.3544720900426910e-13,7.6025275975781428e-04,-2.0535238773965791e-12
202,5.2602687286432463e+01,1.4610187557548768e+01,1.6737678678691381e+00,-7.7715611723760958e-13,7.7715611723760958e-13,0.0000000000000000e+00,3.6328550781834581e-16,-9.7947338996995934e-04,4.3581458755830493e-04,-1.4152879775282644e-03,-9.7947338996995847e-04,-8.6736173798840355e-19,-1.0798888464712865e-16,-9.7947338996985048e-04,4.3581458755830439e-04,-1.4152879775281549e-03,0.0000000000000000e+00,-6.8973727194421742e-04,9.7947338996985048e-04,6.8973727194428908e-04,0.0000000000000000e+00,2.7370452103338274e+00,1.9265729584501912e+00,-2.7370452103349301e+00,1.3261137878297871e+00,-4.0631589981647140e+00,-2.7370452103338274e+00,1.3261137878297591e+00,-4.0631589981635869e+00,-1.1003291035594492e-12,4.1426299899098841e-18,4.3004473230741056e-05,6.2224063807961361e-01,7.0332758001167361e-01,-5.0256526526926137e-04,4.0626564328994483e+00,0.0000000000000000e+00,-8.1047225188363625e-01,2.7977620220553945e-13,4.8059393427055726e-13,1.7430501486614958e-13,7.3508285870444703e-04,-2.0536453681907300e-12
203,5.4362323762612171e+01,1.5098919602930804e+01,1.7596364761797076e+00,1.3172796187177482e-12,0.0000000000000000e+00,0.0000000000000000e+00,1.8436972637584686e-16,-9.1986872465841933e-04,4.0931511609809944e-04,-1.3291838407565187e-03,-9.1986872465841846e-04,-8.6736173798840355e-19,6.1402598551833701e-17,-9.1986872465847993e-04,4.0931511609809982e-04,-1.3291838407565796e-03,1.0842021724855044e-19,-6.4761160778042189e-04,9.1986872465847993e-04,6.4761160778051166e-04,0.0000000000000000e+00,2.7387162861666496e+00,1.9277495823852622e+00,-2.7387162861677523e+00,1.3268573483566155e+00,-4.0655736345243643e+00,-2.7387162861666496e+00,1.3268573483565875e+00,-4.0655736345232372e+00,-1.1003700910236007e-12,4.2380200744228230e-18,3.4164689569521554e-05,6.2294648980064171e-01,7.0337422687656148e-01,-5.0246698984279803e-04,4.0650711675345246e+00,0.0000000000000000e+00,-8.1096670378138747e-01,4.8775798215198551e-13,6.9937990860015567e-13,1.3063624256422676e-13,6.9206047943520322e-04,-2.0535876709115494e-12
204,5.6284428002685608e+01,1.5632776424726215e+01,1.9221042400734376e+00,-8.1484818892363364e-12,8.1484818892363364e-12,0.0000000000000000e+00,3.9254171057404669e-16,-8.2730423393133151e-04,3.6814330299839436e-04,-1.1954475369297258e-03,-8.2730423393133075e-04,-7.5894152073985310e-19,2.9820040376751677e-16,-8.2730423393162890e-04,3.6814330299839485e-04,-1.1954475369300238e-03,0.0000000000000000e+00,-5.8228884160632297e-04,8.2730423393162890e-04,5.8228884160631386e-04,0.0000000000000000e+00,2.7403954104425736e+00,1.9289315808195795e+00,-2.7403954104436758e+00,1.3276045264185286e+00,-4.0679999368622006e+00,-2.7403954104425736e+00,1.3276045264185006e+00,-4.0679999368610744e+00,-1.1000244937958501e-12,4.3422175540643840e-18,2.6856722510732546e-05,6.2366054152498474e-01,7.0341473540189647e-01,-5.0239276913655040e-04,4.0674975440930679e+00,0.0000000000000000e+00,-8.1146382962299413e-01,3.8117657178797043e-13,7.5261279214737801e-13,2.0002518160329905e-13,6.2471040554896735e-04,-2.0534104085547993e-12
205,5.8469558363630370e+01,1.6239687707361988e+01,2.1851303609447612e+00,-7.6122441683423858e-12,7.6122441683423858e-12,0.0000000000000000e+00,3.2332556491841870e-16,-7.0387856552299227e-04,3.1322658631571646e-04,-1.0171051518387086e-03,-7.0387856552299162e-04,-6.5052130349130266e-19,2.9702300446439608e-16,-7.0387856552328858e-04,3.1322658631571701e-04,-1.0171051518390057e-03,-1.0842021724855044e-19,-4.9529557667910419e-04,7.0387856552328858e-04,4.9529557667916154e-04,0.0000000000000000e+00,2.7420683274541964e+00,1.9301089120340178e+00,-2.7420683274552977e+00,1.3283489674346154e+00,-4.0704172948899098e+00,-2.7420683274541964e+00,1.3283489674345874e+00,-4.0704172948887836e+00,-1.0993741734254138e-12,4.2237613998393664e-18,2.0518516595345808e-05,6.2437509284518034e-01,7.0345101562005719e-01,-5.0234045278263473e-04,4.0699149544371309e+00,0.0000000000000000e+00,-8.1195941542017858e-01,9.4257934790675790e-13,1.6321205568386933e-12,2.0687155692182085e-13,5.3376465220497486e-04,-2.0534669410800534e-12
206,6.1007581215907123e+01,1.6944613478457953e+01,2.5380228522767538e+00,-1.2679302052731600e-11,1.2679302052731600e-11,0.0000000000000000e+00,4.3614369600797185e-16,-5.6637069914474173e-04,2.5203187637244689e-04,-8.1840257551718857e-04,-5.6637069914474130e-04,-4.3368086899420177e-19,-1.0369133809339236e-16,-5.6637069914463765e-04,2.5203187637244624e-04,-8.1840257551708383e-04,0.0000000000000000e+00,-3.9848046597013714e-04,5.6637069914463765e-04,3.9848046597016289e-04,0.0000000000000000e+00,2.7436802882851037e+00,1.9312431240445485e+00,-2.7436802882862050e+00,1.3290662868824881e+00,-4.0727465751686900e+00,-2.7436802882851037e+00,1.3290662868824601e+00,-4.0727465751675638e+00,-1.0991288333317546e-12,4.0861749053265507e-18,1.4978914327884114e-05,6.2506548380308702e-01,7.0348351697846578e-01,-5.0230718660726481e-04,4.0722442679820858e+00,0.0000000000000000e+00,-8.1243716424055523e-01,2.7733371155136410e-12,3.5326458271413605e-12,8.3155704544424225e-13,4.3100145984852328e-04,-2.0535359653497861e-12
207,6.3935130475818731e+01,1.7757728662828079e+01,2.9275492599116077e+00,-5.5022653100422758e-12,5.5022653100422758e-12,0.0000000000000000e+00,4.3841961411609413e-16,-4.4393008798403373e-04,1.9753700352239162e-04,-6.4146709150642532e-04,-4.4393008798403335e-04,-3.7947076036992655e-19,-4.0322161285561103e-16,-4.4393008798363019e-04,1.9753700352239176e-04,-6.4146709150602189e-04,5.4210108624275222e-20,-3.1235563542780982e-04,4.4393008798363019e-04,3.1235563542798692e-04,0.0000000000000000e+00,2.7451591409459266e+00,1.9322836278958317e+00,-2.7451591409470284e+00,1.3297243544032957e+00,-4.0748834953503215e+00,-2.7451591409459266e+00,1.3297243544032677e+00,-4.0748834953491944e+00,-1.0998708396489497e-12,4.1655262870179133e-18,1.0397790170305813e-05,6.2570018651810533e-01,7.0351149264337320e-01,-5.0227745164699300e-04,4.0743812178986776e+00,0.0000000000000000e+00,-8.1287551305009487e-01,4.4194277866912070e-12,5.8460075731949839e-12,7.6753418435752496e-13,3.3806093243850840e-04,-2.0532514960803021e-12
208,6.7283272075881470e+01,1.8687661699894893e+01,3.3481416000627391e+00,-1.5376033779546106e-11,1.5376033779546106e-11,0.0000000000000000e+00,5.9732017894087217e-16,-3.5528753785463548e-04,1.5808374106944553e-04,-5.1337127892408098e-04,-3.5528753785463515e-04,-3.2526065174565133e-19,5.2710783474080673e-16,-3.5528753785516224e-04,1.5808374106944615e-04,-5.1337127892460833e-04,0.0000000000000000e+00,-2.5004766330715604e-04,3.5528753785516224e-04,2.5004766330719079e-04,0.0000000000000000e+00,2.7464970878362136e+00,1.9332251308360857e+00,-2.7464970878373154e+00,1.3303196887077022e+00,-4.0768167765450150e+00,-2.7464970878362136e+00,1.3303196887076743e+00,-4.0768167765438879e+00,-1.0996634453423654e-12,4.2562778469323414e-18,6.9359600113788067e-06,6.2627609170531728e-01,7.0353442942193678e-01,-5.0223162043683267e-04,4.0763145449245810e+00,0.0000000000000000e+00,-8.1327195700012789e-01,4.1833203567875898e-12,6.7291655843434408e-12,7.4033372025420862e-13,2.6970880251061852e-04,-2.0531299150916329e-12
209,7.1060562726121802e+01,1.9736789181897521e+01,3.7772906502403316e+00,-4.5918269186984162e-11,4.5918269186984162e-11,0.0000000000000000e+00,8.2484817593235255e-16,-2.9330486296618948e-04,1.3049878196387708e-04,-4.2380364493006654e-04,-2.9330486296618921e-04,-2.7105054312137611e-19,5.7032772878030474e-16,-2.9330486296675956e-04,1.3049878196387865e-04,-4.2380364493063824e-04,0.0000000000000000e+00,-2.0646845590105317e-04,2.9330486296675956e-04,2.0646845590108155e-04,0.0000000000000000e+00,2.7477220488419345e+00,1.9340873278704704e+00,-2.7477220488430341e+00,1.3308647187407405e+00,-4.0785867675837721e+00,-2.7477220488419345e+00,1.3308647187407125e+00,-4.0785867675826468e+00,-1.0975907787957006e-12,4.2562778469323414e-18,4.5434160101737796e-06,6.2680569087955773e-01,7.0355230898146948e-01,-5.0217546370312505e-04,4.0780845921200717e+00,0.0000000000000000e+00,-8.1363472097146405e-01,9.7603406838212939e-12,1.4546179920756570e-11,1.0595228398339411e-12,2.2171275719610643e-04,-2.0531776287860168e-12
210,7.5151433599176968e+01,2.0873012325852091e+01,4.0908708730551666e+00,-4.0112912991219218e-11,4.0112912991219218e-11,0.0000000000000000e+00,9.4658632619823824e-16,-2.3830607886342415e-04,1.0602618878719320e-04,-3.4433226765061736e-04,-2.3830607886342404e-04,-1.0842021724855044e-19,-8.6578063133158451e-16,-2.3830607886255823e-04,1.0602618878719321e-04,-3.4433226764975147e-04,-2.7105054312137611e-20,-1.6775459610444613e-04,2.3830607886255823e-04,1.6775459610431158e-04,0.0000000000000000e+00,2.7488094247007981e+00,1.9348527769622077e+00,-2.7488094247018982e+00,1.3313485152975384e+00,-4.0801579399994345e+00,-2.7488094247007981e+00,1.3313485152975104e+00,-4.0801579399983083e+00,-1.0981951086324039e-12,4.2008362083332903e-18,2.9560843558359809e-06,6.2727796894313292e-01,7.0356544984096747e-01,-5.0214042908214296e-04,4.0796557995703546e+00,0.0000000000000000e+00,-8.1395664773859044e-01,2.9095244732009937e-12,5.6080832409222073e-12,1.2427096388970920e-12,1.7983519588092638e-04,-2.0532248350146401e-12
211,7.9675288652651034e+01,2.2129495106941267e+01,4.5238550534740654e+00,-5.8620885923232890e-11,5.8620885923232890e-11,0.0000000000000000e+00,4.1392376203703557e-16,-1.7993014135037034e-04,8.0053010441826021e-05,-2.5998315179219636e-04,-1.7993014135037023e-04,-1.0842021724855044e-19,-1.8994832115465387e-16,-1.7993014135018028e-04,8.0053010441825804e-05,-2.5998315179200608e-04,0.0000000000000000e+00,-1.2664576496895579e-04,1.7993014135018028e-04,1.2664576496893367e-04,0.0000000000000000e+00,2.7497554447199759e+00,1.9355186892428007e+00,-2.7497554447210781e+00,1.3317694129604276e+00,-4.0815248576815035e+00,-2.7497554447199759e+00,1.3317694129603996e+00,-4.0815248576803755e+00,-1.1005830910108056e-12,4.1395265398709641e-18,1.8405699412628734e-06,6.2769019919653057e-01,7.0357524858811604e-01,-5.0212460583987095e-04,4.0810227330756659e+00,0.0000000000000000e+00,-8.1423675547717522e-01,1.4760785186732999e-11,2.1478463797401785e-11,1.8400096261454264e-12,1.3594302161758199e-04,-2.0529893218853489e-12
212,8.5229567850194570e+01,2.3672174103191576e+01,5.5542791975435364e+00,-7.1117556288413653e-11,7.1117556288413653e-11,0.0000000000000000e+00,5.9735847912330583e-16,-1.2208383499418788e-04,5.4316010641129064e-05,-1.7639984563531694e-04,-1.2208383499418777e-04,-1.0842021724855044e-19,3.1542993691682461e-16,-1.2208383499450322e-04,5.4316010641130053e-05,-1.7639984563563328e-04,2.7105054312137611e-20,-8.5914927341030291e-05,1.2208383499450322e-04,8.5914927341024315e-05,0.0000000000000000e+00,2.7505941796930653e+00,1.9361089999585570e+00,-2.7505941796941671e+00,1.3321425744897253e+00,-4.0827367541838901e+00,-2.7505941796930653e+00,1.3321425744896973e+00,-4.0827367541827622e+00,-1.1002346110467546e-12,4.2148010595280614e-18,1.0270075670393367e-06,6.2805639743818520e-01,7.0358304346376555e-01,-5.0210658020755083e-04,4.0822346476036850e+00,0.0000000000000000e+00,-8.1448517973450829e-01,1.9982534145886653e-11,3.5580250160375545e-11,2.3101890770741802e-12,9.2490066187475548e-05,-2.0525933930712466e-12
213,9.2102375827413098e+01,2.5581069233347389e+01,6.8728079772185282e+00,-2.6244173501055457e-10,2.6244173501055457e-10,0.0000000000000000e+00,9.4647617467744034e-16,-8.0252956088197778e-05,3.5704710043122045e-05,-1.1595766613131982e-04,-8.0252956088197711e-05,-6.7762635780344027e-20,-1.0762741136264649e-16,-8.0252956088090090e-05,3.5704710043123245e-05,-1.1595766613121334e-04,1.3552527156068805e-20,-5.6473428056492121e-05,8.0252956088090090e-05,5.6473428056085830e-05,0.0000000000000000e+00,2.7512894906489840e+00,1.9365983038709751e+00,-2.7512894906500849e+00,1.3324519220533422e+00,-4.0837414127034251e+00,-2.7512894906489840e+00,1.3324519220533142e+00,-4.0837414127022980e+00,-1.0995205176190971e-12,4.3545169346526119e-18,5.2553595673714723e-07,6.2836054094377058e-01,7.0358877536107034e-01,-5.0208021254438684e-04,4.0832393324908827e+00,0.0000000000000000e+00,-8.1469118677800889e-01,6.4842945827573814e-11,9.2794128758718701e-11,6.5969452123226802e-12,6.0882454140724773e-05,-2.0505695227431233e-12
214,1.0004439141699999e+02,2.7786932533011335e+01,7.9420155895868874e+00,-2.0520030119541843e-10,2.0520030119541843e-10,0.0000000000000000e+00,5.9690718400450998e-16,-5.4157305597646801e-05,2.4094614406850707e-05,-7.8251920004497504e-05,-5.4157305597646753e-05,-4.7433845046240819e-20,3.1524944571759358e-16,-5.4157305597962006e-05,2.4094614406851700e-05,-7.8251920004813698e-05,0.0000000000000000e+00,-3.8109110410743242e-05,5.4157305597962006e-05,3.8109110410969224e-05,0.0000000000000000e+00,2.7518232348458396e+00,1.9369738918684791e+00,-2.7518232348469396e+00,1.3326893856368565e+00,-4.0845126204837943e+00,-2.7518232348458396e+00,1.3326893856368285e+00,-4.0845126204826681e+00,-1.0986960489023027e-12,4.4083341256285106e-18,2.6392046840668281e-07,6.2859464801037868e-01,7.0359240947665347e-01,-5.0206422935605843e-04,4.0840105562544400e+00,0.0000000000000000e+00,-8.1484934297736045e-01,5.2134592939031186e-11,6.1225658393325847e-11,6.7690297811395794e-12,4.1086423303377728e-05,-2.0513166284060986e-12
215,1.0801234497346434e+02,3.0000000000000000e+01,7.9679535564643515e+00,-3.2135794025833775e-10,3.2135794025833775e-10,0.0000000000000000e+00,1.3244064975856176e-15,-3.6010973567034806e-05,1.6021331205526504e-05,-5.2032304772561307e-05,-3.6010973567034786e-05,-2.0328790734103208e-20,7.3991473866434683e-16,-3.6010973567774693e-05,1.6021331205527286e-05,-5.2032304773301979e-05,-6.7762635780344027e-21,-2.5339223502380868e-05,3.6010973567774693e-05,2.5339223502472100e-05,0.0000000000000000e+00,2.7521824631761689e+00,1.9372266685574078e+00,-2.7521824631772649e+00,1.3328492066326130e+00,-4.0850316698098759e+00,-2.7521824631761689e+00,1.3328492066325850e+00,-4.0850316698087541e+00,-1.0944922992945028e-12,4.3813376488904409e-18,1.3785336420020133e-07,6.2875263927343072e-01,7.0359437050923479e-01,-5.0205899658339881e-04,4.0845296108132949e+00,0.0000000000000000e+00,-8.1495579461876111e-01,1.5354680490039149e-10,1.8047163155853105e-10,8.8327493467469757e-12,2.7319566200357440e-05,-2.0525088297203193e-12
