step,t_dless,t_phys_s,dt_dless,min_cone_margin_MPa,max_cone_violation_MPa,max_positive_friction_power,max_abs_normal_power_closed,p_contact_total,p_contact_pert,p_offset,p_contact_metric,p_contact_metric_mismatch,p_normal_total,p_tangent_total,p_tangent_pert,p_tangent_offset,p_cross_metric,p_friction_lumped,d_fric_rate,d_fric_lumped_rate,friction_injection_rate,D_fric,D_fric_lumped,W_contact_total,W_contact_pert,W_offset_external,W_tangent_total,W_tangent_pert,W_tangent_offset,W_normal_total,W_cross_metric,KE,W_elastic,D_vis,bulk_residual_pert,bulk_residual_total,interface_residual_D_fric_plus_W_tangent,coulomb_lumped_residual,endpoint_res_inf,endpoint_res_l2,endpoint_force_res_inf,max_abs_vt,min_gap
0,0.0000000000000000e+00,0.0000000000000000e+00,0.0000000000000000e+00,0.0000000000000000e+00,-0.0000000000000000e+00,0.0000000000000000e+00,0.0000000000000000e+00,0.0000000000000000e+00,0.0000000000000000e+00,0.0000000000000000e+00,0.0000000000000000e+00,0.0000000000000000e+00,0.0000000000000000e+00,0.0000000000000000e+00,0.0000000000000000e+00,0.0000000000000000e+00,0.0000000000000000e+00,0.0000000000000000e+00,-0.0000000000000000e+00,0.0000000000000000e+00,0.0000000000000000e+00,0.0000000000000000e+00,0.0000000000000000e+00,0.0000000000000000e+00,0.0000000000000000e+00,0.0000000000000000e+00,0.0000000000000000e+00,0.0000000000000000e+00,0.0000000000000000e+00,0.0000000000000000e+00,0.0000000000000000e+00,0.0000000000000000e+00,0.0000000000000000e+00,0.0000000000000000e+00,0.0000000000000000e+00,0.0000000000000000e+00,0.0000000000000000e+00,0.0000000000000000e+00,nan,nan,0.0000000000000000e+00,0.0000000000000000e+00,0.0000000000000000e+00
1,1.0519015828731234e-04,2.9216148852194997e-05,1.0519015828731234e-04,-4.2743586448068527e-14,4.2743586448068527e-14,0.0000000000000000e+00,8.9347682349613896e-19,-1.9396892697286431e-03,8.6027870401151024e-04,-2.7999679737401532e-03,-1.9396892697286431e-03,0.0000000000000000e+00,-6.2449220618398829e-20,-1.9396892697286431e-03,8.6027870401151035e-04,-2.7999679737401536e-03,0.0000000000000000e+00,-1.3248530000024719e-03,1.9396892697286431e-03,1.3248530000024715e-03,0.0000000000000000e+00,1.0201811065547863e-07,6.9680748388840294e-08,-1.0201811065547863e-07,4.5246426523087338e-08,-1.4726453717856596e-07,-1.0201811065547863e-07,4.5246426523087344e-08,-1.4726453717856598e-07,-3.2845217008843308e-24,0.0000000000000000e+00,4.2430096094968991e-08,3.1082035761169796e-13,1.3289459851548069e-09,-1.4870736226059286e-09,1.4577746355596004e-07,0.0000000000000000e+00,-3.2337362266638332e-08,1.0842021724855044e-18,2.1582916603976109e-18,9.2888659726971439e-14,1.7520374628967623e-03,-4.0543775094521706e-22
2,2.0350527545081939e-04,5.6522782326635452e-05,9.8315117163507056e-05,-6.2172489379008766e-14,6.2172489379008766e-14,0.0000000000000000e+00,4.4793683704326510e-18,-3.7005657631014547e-03,1.6421580088794266e-03,-5.3427237719808809e-03,-3.7005657631014543e-03,-4.3368086899420177e-19,5.3901411545214271e-19,-3.7005657631014556e-03,1.6421580088794268e-03,-5.3427237719808826e-03,8.6736173798840355e-19,-2.5273658520922828e-03,3.7005657631014556e-03,2.5273658520922841e-03,0.0000000000000000e+00,3.7927927784785437e-07,2.5904642228042357e-07,-3.7927927784785437e-07,1.6826010583415427e-07,-5.4753938368200857e-07,-3.7927927784785437e-07,1.6826010583415430e-07,-5.4753938368200878e-07,2.0142245034912643e-23,4.2637385446736502e-23,1.5485324737845365e-07,1.8522238224447181e-12,6.9827086176932264e-09,-6.4222976141849614e-09,5.4111708606782366e-07,0.0000000000000000e+00,-1.2023285556743080e-07,3.6140072416183484e-18,8.1956728406409539e-18,3.0901207518733528e-14,3.3253259552054682e-03,-8.7416593163962988e-21
3,3.0674953201510394e-04,8.5198464700622105e-05,1.0324425656428455e-04,-4.2743586448068527e-14,4.2743586448068527e-14,0.0000000000000000e+00,1.3545332637658518e-17,-5.4995345750278833e-03,2.4417691163429820e-03,-7.9413036913708653e-03,-5.4995345750278833e-03,0.0000000000000000e+00,1.6921664240616862e-18,-5.4995345750278850e-03,2.4417691163429816e-03,-7.9413036913708671e-03,0.0000000000000000e+00,-3.7556905361404548e-03,5.4995345750278850e-03,3.7556905361404600e-03,0.0000000000000000e+00,8.5420803771134764e-07,5.8339116515770782e-07,-8.5420803771134764e-07,3.7908111578730595e-07,-1.2332891534986534e-06,-8.5420803771134764e-07,3.7908111578730601e-07,-1.2332891534986539e-06,1.3532053306631492e-22,8.7412444352195746e-23,3.4304154693008540e-07,6.5181234670154134e-12,2.1598391255439052e-08,-1.4434659478314493e-08,1.2188544940203391e-06,0.0000000000000000e+00,-2.7081687255363981e-07,8.6736173798840355e-18,1.4363257878483355e-17,2.9790984494108371e-14,4.9160133876202661e-03,-1.9023104291340135e-20
4,4.2892495713310857e-04,1.1913220398237358e-04,1.2217542511800463e-04,-1.2045919817182948e-13,1.2045919817182948e-13,0.0000000000000000e+00,2.0103555745419830e-17,-7.5667581832497459e-03,3.3615605846661050e-03,-1.0928318767915852e-02,-7.5667581832497459e-03,0.0000000000000000e+00,-2.6076979255931143e-18,-7.5667581832497433e-03,3.3615605846661050e-03,-1.0928318767915848e-02,0.0000000000000000e+00,-5.1669285905932318e-03,7.5667581832497433e-03,5.1669285905932274e-03,0.0000000000000000e+00,1.6523979739407849e-06,1.1284535576450716e-06,-1.6523979739407849e-06,7.3359325244766997e-07,-2.3859912263884546e-06,-1.6523979739407849e-06,7.3359325244766997e-07,-2.3859912263884551e-06,7.9392807862051252e-23,8.7412444352195746e-23,6.5186044546328344e-07,1.9136073727557247e-11,5.5158666463826418e-08,-2.6555004446832567e-08,2.3594362219416222e-06,0.0000000000000000e+00,-5.2394441629571333e-07,1.5901631863120734e-17,2.8609792490763984e-17,1.7763568394002505e-14,6.7235069961534537e-03,-1.2448422106449600e-20
5,5.7956816600273709e-04,1.6097275718209461e-04,1.5064320886962852e-04,-1.7097434579227411e-13,1.7097434579227411e-13,0.0000000000000000e+00,1.1602147079157546e-17,-1.0029706598979792e-02,4.4587937696483979e-03,-1.4488500368628190e-02,-1.0029706598979794e-02,1.7347234759768071e-18,2.5523361282528928e-19,-1.0029706598979796e-02,4.4587937696483979e-03,-1.4488500368628194e-02,1.7347234759768071e-18,-6.8479589059680527e-03,1.0029706598979796e-02,6.8479589059680449e-03,0.0000000000000000e+00,2.9777919337190183e-06,2.0334341609898555e-06,-2.9777919337190183e-06,1.3226348896634242e-06,-4.3004268233824421e-06,-2.9777919337190183e-06,1.3226348896634242e-06,-4.3004268233824421e-06,-9.7798578551264039e-23,2.1807459981350681e-22,1.1509923262834015e-06,5.1451076201697874e-11,1.2755160354289380e-07,-4.4039508760927262e-08,4.2563873146215155e-06,0.0000000000000000e+00,-9.4435777272916274e-07,1.4456028966473393e-17,3.0058374136326107e-17,9.8069700508555505e-15,8.8486104209884731e-03,-6.5172679153852797e-20
6,7.6609506818767019e-04,2.1277986373943053e-04,1.8652690218493311e-04,-2.6034729927459921e-13,2.6034729927459921e-13,0.0000000000000000e+00,2.9309518067979959e-17,-1.2957086135044043e-02,5.7649407981677659e-03,-1.8722026933211809e-02,-1.2957086135044042e-02,-1.7347234759768071e-18,5.9114355482628973e-18,-1.2957086135044047e-02,5.7649407981677668e-03,-1.8722026933211813e-02,0.0000000000000000e+00,-8.8454496552224631e-03,1.2957086135044047e-02,8.8454496552224666e-03,0.0000000000000000e+00,5.1216195536413161e-06,3.4970556028105424e-06,-5.1216195536413161e-06,2.2761356585113069e-06,-7.3977552121526221e-06,-5.1216195536413161e-06,2.2761356585113069e-06,-7.3977552121526229e-06,4.7732626915730579e-22,3.7986089787422334e-22,1.9336997673120236e-06,1.3006331270120668e-10,2.7455219066083900e-07,-6.7753637225743035e-08,7.3300015749268795e-06,0.0000000000000000e+00,-1.6245639508307737e-06,2.1684043449710089e-17,4.0333616138757679e-17,1.1657341758564144e-14,1.1334062459446577e-02,-6.7328976964899426e-20
7,9.9777717371773728e-04,2.7712864875663898e-04,2.3168210553006709e-04,-1.4377388168895777e-13,1.4377388168895777e-13,0.0000000000000000e+00,2.1562532307879228e-17,-1.6420838229994000e-02,7.3132746830911217e-03,-2.3734112913085123e-02,-1.6420838229994000e-02,0.0000000000000000e+00,-1.5501265403510788e-18,-1.6420838229993996e-02,7.3132746830911234e-03,-2.3734112913085120e-02,-3.4694469519536142e-18,-1.1208168413687892e-02,1.6420838229993996e-02,1.1208168413687911e-02,0.0000000000000000e+00,8.5247892401388516e-06,5.8200878316610203e-06,-8.5247892401388516e-06,3.7911299081482965e-06,-1.2315919148287148e-05,-8.5247892401388516e-06,3.7911299081482965e-06,-1.2315919148287148e-05,9.8254489606743493e-22,-2.2043489552520082e-23,3.1333504489174419e-06,3.1430055633117497e-10,5.5952171849093342e-07,-9.7943440183589706e-08,1.2217975708103558e-05,0.0000000000000000e+00,-2.7047014084778313e-06,3.7585675312830822e-17,7.4578259742081447e-17,9.9920072216264089e-15,1.4218018212205818e-02,-1.4964700615874533e-19
8,1.2894677667439568e-03,3.5814455293811377e-04,2.9169059302621954e-04,-1.2434497875801753e-13,1.2434497875801753e-13,0.0000000000000000e+00,4.8309115607366175e-17,-2.0538549228659449e-02,9.1579664870047144e-03,-2.9696515715664163e-02,-2.0538549228659449e-02,0.0000000000000000e+00,-2.3233550495038253e-17,-2.0538549228659428e-02,9.1579664870047144e-03,-2.9696515715664142e-02,3.4694469519536142e-18,-1.4015860561194273e-02,2.0538549228659428e-02,1.4015860561194294e-02,0.0000000000000000e+00,1.3915142062989070e-05,9.4988938167579880e-06,-1.3915142062989073e-05,6.1933829605398648e-06,-2.0108525023528940e-05,-1.3915142062989070e-05,6.1933829605398648e-06,-2.0108525023528936e-05,-2.6320378298440718e-21,-2.2043489552520082e-23,4.9605580002586691e-06,7.3966676946549799e-10,1.0982083172635288e-06,-1.3387697624820100e-07,1.9974648047280737e-05,0.0000000000000000e+00,-4.4162482462310817e-06,4.3368086899420177e-17,8.8701138272259250e-17,5.7361522938966427e-15,1.7566313016583263e-02,-2.1668574195826280e-19
9,1.6653013630543319e-03,4.6253084222829828e-04,3.7583359631037511e-04,-1.2045919817182948e-13,1.2045919817182948e-13,0.0000000000000000e+00,6.0268851748334442e-17,-2.5495010357760001e-02,1.1384144050754070e-02,-3.6879154408514067e-02,-2.5495010357760001e-02,0.0000000000000000e+00,-3.1580889864899309e-18,-2.5495010357759994e-02,1.1384144050754072e-02,-3.6879154408514067e-02,-3.4694469519536142e-18,-1.7393824053136456e-02,2.5495010357759994e-02,1.7393824053136483e-02,0.0000000000000000e+00,2.2565621188155047e-05,1.5401301180547282e-05,-2.2565621188155058e-05,1.0053590600145433e-05,-3.2619211788300487e-05,-2.2565621188155047e-05,1.0053590600145433e-05,-3.2619211788300487e-05,-7.5914702192788819e-21,-2.2043489552520082e-23,7.7687560125399167e-06,1.7283285796285097e-09,2.1102394259008618e-06,-1.7286683312502538e-07,3.2446344955175461e-05,0.0000000000000000e+00,-7.1643200076077652e-06,8.0953762212251006e-17,1.4829997580041352e-16,6.8463753185217992e-15,2.1482203274012200e-02,-3.6564634869638148e-19
10,2.1637406893136308e-03,6.0097038625868252e-04,4.9843932625929892e-04,-1.6708856520608606e-13,1.6708856520608606e-13,0.0000000000000000e+00,8.1222320280798779e-17,-3.1555263818315957e-02,1.4114436464701546e-02,-4.5669700283017506e-02,-3.1555263818315957e-02,0.0000000000000000e+00,-1.6883787361093593e-17,-3.1555263818315943e-02,1.4114436464701546e-02,-4.5669700283017492e-02,0.0000000000000000e+00,-2.1521581308260720e-02,3.1555263818315943e-02,2.1521581308260745e-02,0.0000000000000000e+00,3.6783671299770834e-05,2.5099785395268456e-05,-3.6783671299770847e-05,1.6408338246491525e-05,-5.3192009546262369e-05,-3.6783671299770834e-05,1.6408338246491525e-05,-5.3192009546262369e-05,-1.2586299891109737e-20,-8.8669789016458892e-22,1.2170832740341626e-05,4.0810388481958995e-09,4.0250771263433669e-06,-2.0834734095833516e-07,5.2983662205304037e-05,0.0000000000000000e+00,-1.1683885904502378e-05,8.3844968005545680e-17,1.4376707956641463e-16,8.3266726846886741e-15,2.6103806799174158e-02,-2.8070385673285455e-19
11,2.8437494649170801e-03,7.8984012400130129e-04,6.8000877560344926e-04,-1.7874590696465020e-13,1.7874590696465020e-13,0.0000000000000000e+00,9.5159702554657233e-17,-3.9056215951127876e-02,1.7506235364677897e-02,-5.6562451315805770e-02,-3.9056215951127876e-02,0.0000000000000000e+00,5.1460959586036954e-18,-3.9056215951127883e-02,1.7506235364677897e-02,-5.6562451315805784e-02,0.0000000000000000e+00,-2.6626841793246762e-02,3.9056215951127883e-02,2.6626841793246786e-02,0.0000000000000000e+00,6.0791884250554446e-05,4.1470460515514944e-05,-6.0791884250554459e-05,2.7159505413718922e-05,-8.7951389664273381e-05,-6.0791884250554446e-05,2.7159505413718922e-05,-8.7951389664273381e-05,-1.6577166470618882e-20,-8.8669789016458892e-22,1.9233531184031436e-05,9.8561414984696194e-09,7.6888217346260076e-06,-2.2729635356300685e-07,8.7724093310710371e-05,0.0000000000000000e+00,-1.9321423735039502e-05,9.2518585385429716e-17,1.7007369094679460e-16,4.4408920985006262e-15,3.1580479431136413e-02,-1.5468120981991535e-19
12,3.7831535566841324e-03,1.0507558809912559e-03,9.3940409176705231e-04,-1.0491607582707729e-13,1.0491607582707729e-13,0.0000000000000000e+00,4.4785630856428500e-17,-4.8292661028060832e-02,2.1701412281780665e-02,-6.9994073309841504e-02,-4.8292661028060832e-02,0.0000000000000000e+00,-1.4515209471967330e-17,-4.8292661028060818e-02,2.1701412281780665e-02,-6.9994073309841476e-02,0.0000000000000000e+00,-3.2907640734323555e-02,4.8292661028060818e-02,3.2907640734323569e-02,0.0000000000000000e+00,1.0181983047330781e-04,6.9433928759331782e-05,-1.0181983047330783e-04,4.5575417727540929e-05,-1.4739524820084874e-04,-1.0181983047330781e-04,4.5575417727540929e-05,-1.4739524820084874e-04,-2.0977858255960775e-20,-8.8669789016458892e-22,3.0671854740262812e-05,2.4250074693268971e-08,1.4668832676922833e-05,-2.1048023566201419e-07,1.4718476796518674e-04,0.0000000000000000e+00,-3.2385901713976025e-05,6.9388939039072284e-17,1.3046612193222768e-16,3.5157062446463292e-15,3.7978814485358593e-02,-1.6810032928658736e-19
13,5.0464279943808745e-03,1.4016253407758094e-03,1.2632744376967421e-03,-1.1268763699945339e-13,1.1268763699945339e-13,0.0000000000000000e+00,5.8593600645669276e-17,-5.9204386696235900e-02,2.6684248244456275e-02,-8.5888634940692182e-02,-5.9204386696235893e-02,-6.9388939039072284e-18,2.7381389108032913e-17,-5.9204386696235928e-02,2.6684248244456275e-02,-8.5888634940692210e-02,6.9388939039072284e-18,-4.0320017714968279e-02,5.9204386696235928e-02,4.0320017714968320e-02,0.0000000000000000e+00,1.6971896673229322e-04,1.1568724328502093e-04,-1.6971896673229325e-04,7.6137601774474645e-05,-2.4585656850676784e-04,-1.6971896673229322e-04,7.6137601774474645e-05,-2.4585656850676784e-04,-1.2851100333432763e-20,3.4961657571832889e-21,4.8608876029252577e-05,5.8745513638103849e-08,2.7326390349361682e-05,-1.4358988222228021e-07,2.4571297862454558e-04,0.0000000000000000e+00,-5.4031723447272288e-05,1.0408340855860843e-16,2.4654578343557040e-16,3.7007434154171887e-15,4.5099149400278954e-02,-2.1356791300816187e-19
14,6.6308002648260509e-03,1.8416784488259346e-03,1.5843722704451764e-03,-8.9372953482325102e-14,8.9372953482325102e-14,0.0000000000000000e+00,5.1866874718497132e-17,-7.1149601843255278e-02,3.2175064480708296e-02,-1.0332466632396357e-01,-7.1149601843255278e-02,0.0000000000000000e+00,-3.9595035179960890e-17,-7.1149601843255222e-02,3.2175064480708296e-02,-1.0332466632396352e-01,-1.3877787807814457e-17,-4.8425963265908006e-02,7.1149601843255222e-02,4.8425963265908055e-02,0.0000000000000000e+00,2.7298358912424225e-04,1.8599057897479871e-04,-2.7298358912424231e-04,1.2276513324408048e-04,-3.9574872236832273e-04,-2.7298358912424225e-04,1.2276513324408048e-04,-3.9574872236832273e-04,-2.2526581412129931e-20,-2.0007297872725555e-21,7.4501840844069580e-05,1.3286556007372923e-07,4.8064153061650579e-05,-6.6273778286590279e-08,3.9568244859003617e-04,0.0000000000000000e+00,-8.6993010149443540e-05,6.9388939039072284e-17,1.5790113385189194e-16,2.7755575615628914e-15,5.2427257082372038e-02,-2.8025233667008842e-19
15,8.4723807638527812e-03,2.3531701212303685e-03,1.8415804990267303e-03,-1.9040324872321435e-13,1.9040324872321435e-13,0.0000000000000000e+00,1.1274972970440796e-16,-8.3378545096649270e-02,3.7832614935674580e-02,-1.2121116003232385e-01,-8.3378545096649270e-02,0.0000000000000000e+00,6.4541691425239015e-18,-8.3378545096649284e-02,3.7832614935674580e-02,-1.2121116003232386e-01,1.3877787807814457e-17,-5.6716980582657707e-02,8.3378545096649284e-02,5.6716980582657700e-02,0.0000000000000000e+00,4.1527160010187492e-04,2.8280517647568933e-04,-4.1527160010187497e-04,1.8722752184174336e-04,-6.0249912194361823e-04,-4.1527160010187492e-04,1.8722752184174336e-04,-6.0249912194361823e-04,-5.3042367719830544e-20,-2.0007297872725555e-21,1.0860254691688361e-04,2.7175383688935143e-07,7.8425728086026157e-05,7.2506998055756706e-08,6.0257162894167412e-04,0.0000000000000000e+00,-1.3246642362618559e-04,1.0408340855860843e-16,2.2436353072953138e-16,4.4408920985006262e-15,5.9523919717615989e-02,-4.6496975853814815e-19
16,1.0689198701004229e-02,2.9688825023557091e-03,2.2168179371514479e-03,-1.3600232051658168e-13,1.3600232051658168e-13,0.0000000000000000e+00,1.3050466090391997e-16,-9.6377156253369983e-02,4.3887484293398706e-02,-1.4026464054676868e-01,-9.6377156253369969e-02,-1.3877787807814457e-17,-2.8795757895586911e-17,-9.6377156253369956e-02,4.3887484293398712e-02,-1.4026464054676868e-01,1.3877787807814457e-17,-6.5522311514265519e-02,9.6377156253369956e-02,6.5522311514265477e-02,0.0000000000000000e+00,6.1451443163085566e-04,4.1829630414826660e-04,-6.1451443163085566e-04,2.7780681274014630e-04,-8.9232124437100191e-04,-6.1451443163085566e-04,2.7780681274014630e-04,-8.9232124437100191e-04,-7.7805985065956110e-20,2.8763799153072202e-20,1.5429892440491590e-04,5.2898131457921481e-07,1.2323153481907714e-04,2.5262779842594001e-07,8.9257387216942785e-04,0.0000000000000000e+00,-1.9621812748258906e-04,6.9388939039072284e-17,1.6873548632260092e-16,3.7007434154171887e-15,6.6691670985044887e-02,-4.6993927646423197e-19
17,1.3445301541387924e-02,3.7343791243559426e-03,2.7561028403836948e-03,-1.5543122344752192e-13,1.5543122344752192e-13,0.0000000000000000e+00,9.5849326306166766e-17,-1.1061418713456719e-01,5.0568786850658611e-02,-1.6118297398522580e-01,-1.1061418713456721e-01,1.3877787807814457e-17,-6.4013005715036151e-17,-1.1061418713456714e-01,5.0568786850658617e-02,-1.6118297398522574e-01,0.0000000000000000e+00,-7.5158318483196040e-02,1.1061418713456714e-01,7.5158318483195929e-02,0.0000000000000000e+00,8.9975914635402067e-04,6.1216144610975207e-04,-8.9975914635402089e-04,4.0797241133624072e-04,-1.3077315576902615e-03,-8.9975914635402067e-04,4.0797241133624072e-04,-1.3077315576902615e-03,-2.0570123356582467e-19,4.7888104350752019e-20,2.1687588776712910e-04,1.0101309618337822e-06,1.9057904806431194e-04,4.9265545703407534e-07,1.3082242131472956e-03,0.0000000000000000e+00,-2.8759770024426861e-04,9.2518585385429716e-17,1.7815459015481919e-16,3.7007434154171887e-15,7.4352870430979670e-02,-4.7257863943865185e-19
18,1.6768574179915993e-02,4.6574049060879768e-03,3.3232726385280693e-03,-1.0491607582707729e-13,1.0491607582707729e-13,0.0000000000000000e+00,9.5686615317657376e-17,-1.2567957783220091e-01,5.7703849826747880e-02,-1.8338342765894877e-01,-1.2567957783220088e-01,-2.7755575615628914e-17,-1.6938569822774376e-17,-1.2567957783220085e-01,5.7703849826747873e-02,-1.8338342765894872e-01,0.0000000000000000e+00,-8.5346283794759475e-02,1.2567957783220085e-01,8.5346283794759489e-02,0.0000000000000000e+00,1.2923934482384420e-03,8.7886172266383165e-04,-1.2923934482384422e-03,5.8788215682189864e-04,-1.8802756050603406e-03,-1.2923934482384420e-03,5.8788215682189864e-04,-1.8802756050603406e-03,-3.4021331158109663e-19,4.7888104350752019e-20,2.9916585862372138e-04,1.8658822129552859e-06,2.8764770151288915e-04,7.9728552766712875e-07,1.8810728905880080e-03,0.0000000000000000e+00,-4.1353172557461034e-04,1.3877787807814457e-16,2.5906752721866675e-16,2.5905203907920322e-15,8.2402993942766178e-02,-7.3221713623910437e-19
19,2.0540377747943199e-02,5.7050083727900004e-03,3.7718035680272058e-03,-6.2172489379008766e-14,6.2172489379008766e-14,0.0000000000000000e+00,9.3097496020374097e-17,-1.4069985948381122e-01,6.4890817686316576e-02,-2.0559067717012780e-01,-1.4069985948381125e-01,2.7755575615628914e-17,1.9539866935044461e-17,-1.4069985948381125e-01,6.4890817686316563e-02,-2.0559067717012780e-01,-2.7755575615628914e-17,-9.5495493819636554e-02,1.4069985948381125e-01,9.5495493819636568e-02,0.0000000000000000e+00,1.7947589042972489e-03,1.2199115536910125e-03,-1.7947589042972491e-03,8.1908365899534133e-04,-2.6138425632925904e-03,-1.7947589042972489e-03,8.1908365899534133e-04,-2.6138425632925904e-03,-3.3530752071631702e-19,-4.4561852190870036e-21,3.9976634459274656e-04,3.2537993471428237e-06,4.1722211915513657e-04,1.1586040996845737e-06,2.6150011673922750e-03,0.0000000000000000e+00,-5.7484735060623639e-04,1.3877787807814457e-16,3.4644319039798194e-16,2.0354088784794539e-15,9.0099127583543548e-02,-6.9755815960157995e-19
20,2.4772251889145509e-02,6.8803946146798415e-03,4.2318741412023103e-03,-5.4400928206632670e-14,5.4400928206632670e-14,0.0000000000000000e+00,8.0740637848540900e-17,-1.5555842664181418e-01,7.2069177151797142e-02,-2.2762760379361133e-01,-1.5555842664181416e-01,-2.7755575615628914e-17,-2.1616469760149903e-18,-1.5555842664181418e-01,7.2069177151797142e-02,-2.2762760379361133e-01,2.7755575615628914e-17,-1.0552792768734155e-01,1.5555842664181418e-01,1.0552792768734147e-01,0.0000000000000000e+00,2.4216227943832237e-03,1.6452644633167088e-03,-2.4216227943832237e-03,1.1088823892626491e-03,-3.5305051836458726e-03,-2.4216227943832237e-03,1.1088823892626491e-03,-3.5305051836458726e-03,-2.9853630088394568e-19,-4.4561852190870036e-21,5.1978690230989038e-04,5.4044043738806711e-06,5.8526691723246314e-04,1.5758346535851495e-06,3.5320810182994577e-03,0.0000000000000000e+00,-7.7635833106651491e-04,1.0408340855860843e-16,2.4775727471043520e-16,1.2952601953960161e-15,9.7492075363604103e-02,-9.4468549412893990e-19
21,2.9563754803680297e-02,8.2112155265983630e-03,4.7915029145347877e-03,-1.4765966227514582e-13,1.4765966227514582e-13,0.0000000000000000e+00,1.2393077584242733e-16,-1.7041848860092904e-01,7.9314980272371993e-02,-2.4973346887330103e-01,-1.7041848860092904e-01,0.0000000000000000e+00,-4.4107206231125376e-17,-1.7041848860092901e-01,7.9314980272371993e-02,-2.4973346887330100e-01,2.7755575615628914e-17,-1.1555467840601030e-01,1.7041848860092901e-01,1.1555467840601040e-01,0.0000000000000000e+00,3.2025824641115554e-03,2.1749234390413298e-03,-3.2025824641115554e-03,1.4715612050187989e-03,-4.6741436691303540e-03,-3.2025824641115554e-03,1.4715612050187989e-03,-4.6741436691303540e-03,-4.0938497338104337e-19,1.2853473623778963e-19,6.6273848320382738e-04,8.6799108238342568e-06,8.0220029872819613e-04,2.0574877370588274e-06,4.6762011568674128e-03,0.0000000000000000e+00,-1.0276590250702256e-03,1.2721305490496587e-16,2.8549892309917506e-16,3.3306690738754696e-15,1.0475704730190719e-01,-9.4317818603005253e-19
22,3.5060058712061117e-02,9.7377921164495812e-03,5.4963039083808195e-03,-8.9372953482325102e-14,8.9372953482325102e-14,0.0000000000000000e+00,1.3318151515962660e-16,-1.8545976898494354e-01,8.6717066509119173e-02,-2.7217683549406269e-01,-1.8545976898494354e-01,0.0000000000000000e+00,-5.9808676770540551e-17,-1.8545976898494348e-01,8.6717066509119159e-02,-2.7217683549406263e-01,0.0000000000000000e+00,-1.2569775105992204e-01,1.8545976898494348e-01,1.2569775105992204e-01,0.0000000000000000e+00,4.1805899931500485e-03,2.8379217745313160e-03,-4.1805899931500494e-03,1.9278424988395874e-03,-6.1084324919896361e-03,-4.1805899931500485e-03,1.9278424988395874e-03,-6.1084324919896361e-03,-6.9496161032349363e-19,2.0481127560555991e-19,8.3375374067347699e-04,1.3642856975185472e-05,1.0830604731450863e-03,2.6145719541615080e-06,6.1110470639437978e-03,0.0000000000000000e+00,-1.3426682186187325e-03,1.8503717077085943e-16,4.2406804708343467e-16,2.5905203907920322e-15,1.1205692960620392e-01,-1.8133998464239445e-18
23,4.1365160282534924e-02,1.1489009045965221e-02,6.3051015704738075e-03,-7.7715611723760958e-14,7.7715611723760958e-14,0.0000000000000000e+00,8.3833466531747395e-17,-2.0064187082164192e-01,9.4260487711456564e-02,-2.9490235853309849e-01,-2.0064187082164198e-01,5.5511151231257827e-17,2.5786175603326793e-18,-2.0064187082164198e-01,9.4260487711456564e-02,-2.9490235853309854e-01,0.0000000000000000e+00,-1.3593055662251197e-01,2.0064187082164198e-01,1.3593055662251202e-01,0.0000000000000000e+00,5.3977950209035553e-03,3.6627183013557760e-03,-5.3977950209035570e-03,2.4983834295079178e-03,-7.8961784504114740e-03,-5.3977950209035553e-03,2.4983834295079178e-03,-7.8961784504114740e-03,-8.7538227842578899e-19,2.0481127560555991e-19,1.0369063593915625e-03,2.1058310158936986e-05,1.4436714100669996e-03,3.2526501095812149e-06,7.8994311005210552e-03,0.0000000000000000e+00,-1.7350767195477793e-03,1.3877787807814457e-16,2.5402628357666960e-16,2.2204460492503131e-15,1.1943436664569970e-01,-1.6745195268568459e-18
24,4.8173849861933335e-02,1.3380095545680910e-02,6.8086895793984109e-03,-9.3258734068513149e-14,9.3258734068513149e-14,0.0000000000000000e+00,9.7948344172509928e-17,-2.1506998654518233e-01,1.0150859408382909e-01,-3.1657858062901145e-01,-2.1506998654518236e-01,2.7755575615628914e-17,-1.3545234697905717e-18,-2.1506998654518233e-01,1.0150859408382909e-01,-3.1657858062901145e-01,-2.7755575615628914e-17,-1.4565099499739365e-01,2.1506998654518233e-01,1.4565099499739356e-01,0.0000000000000000e+00,6.8130215165464834e-03,4.6213189894884193e-03,-6.8130215165464842e-03,3.1648488831018959e-03,-9.9778703996483802e-03,-6.8130215165464834e-03,3.1648488831018959e-03,-9.9778703996483802e-03,-8.7121504008655029e-19,1.1032172637339130e-19,1.2626389343534383e-03,3.1283179138682090e-05,1.8748878539384935e-03,3.9610843287178621e-06,9.9818314839770980e-03,0.0000000000000000e+00,-2.1917025270580641e-03,1.1564823173178715e-16,2.8479536457903947e-16,2.2204460492503131e-15,1.2650194613571308e-01,-2.9839505981142060e-18
25,5.5028855371870439e-02,1.5284046111226319e-02,6.8550055099371038e-03,-1.0491607582707729e-13,1.0491607582707729e-13,0.0000000000000000e+00,1.4153652106937567e-16,-2.2794733332059919e-01,1.0804748498831493e-01,-3.3599481830891409e-01,-2.2794733332059916e-01,-2.7755575615628914e-17,1.3006797893756073e-17,-2.2794733332059919e-01,1.0804748498831493e-01,-3.3599481830891409e-01,2.7755575615628914e-17,-1.5432364164878506e-01,2.2794733332059919e-01,1.5432364164878509e-01,0.0000000000000000e+00,8.3314646008852342e-03,5.6494828830138868e-03,-8.3314646008852342e-03,3.8831029214420774e-03,-1.2214567522327312e-02,-8.3314646008852342e-03,3.8831029214420774e-03,-1.2214567522327312e-02,-8.3127683739675891e-19,1.1032172637339130e-19,1.4950741856875249e-03,4.4041860905141203e-05,2.3486816658772076e-03,4.6947910277961823e-06,1.2219262313355107e-02,0.0000000000000000e+00,-2.6819817178713474e-03,2.0816681711721685e-16,4.2510754691999487e-16,2.5905203907920322e-15,1.3305511613822582e-01,-3.4029431606036236e-18
26,6.1994758631882182e-02,1.7218798086583324e-02,6.9659032600117438e-03,-1.2823075934420558e-13,1.2823075934420558e-13,0.0000000000000000e+00,1.5729842177207956e-16,-2.3966018330349231e-01,1.1403874239634298e-01,-3.5369892569983530e-01,-2.3966018330349231e-01,0.0000000000000000e+00,2.1900292710320334e-17,-2.3966018330349234e-01,1.1403874239634298e-01,-3.5369892569983530e-01,0.0000000000000000e+00,-1.6220974108718594e-01,2.3966018330349234e-01,1.6220974108718600e-01,0.0000000000000000e+00,9.9601189631141115e-03,6.7519533443654101e-03,-9.9601189631141115e-03,4.6566185091133265e-03,-1.4616737472227439e-02,-9.9601189631141115e-03,4.6566185091133265e-03,-1.4616737472227439e-02,-7.0969712927852831e-19,2.0699305370559726e-19,1.7354504075020563e-03,5.9659271317500028e-05,2.8669288979352690e-03,5.4200676414990767e-06,1.4622157539868938e-02,0.0000000000000000e+00,-3.2081656187487014e-03,1.6190752442450201e-16,4.6923548554224961e-16,3.3306690738754696e-15,1.3913464921021729e-01,-3.4311253427435199e-18
27,7.0193235858291264e-02,1.9495892587704438e-02,8.1984772264090816e-03,-1.0491607582707729e-13,1.0491607582707729e-13,0.0000000000000000e+00,9.6885007768766532e-17,-2.5199821370060571e-01,1.2036628997304061e-01,-3.7236450367364632e-01,-2.5199821370060571e-01,0.0000000000000000e+00,-3.0122069422912238e-19,-2.5199821370060571e-01,1.2036628997304059e-01,-3.7236450367364632e-01,0.0000000000000000e+00,-1.7051442955574889e-01,2.5199821370060571e-01,1.7051442955574880e-01,0.0000000000000000e+00,1.1975544048619557e-02,8.1158691122113855e-03,-1.1975544048619557e-02,5.6175006689313644e-03,-1.7593044717550924e-02,-1.1975544048619557e-02,5.6175006689313644e-03,-1.7593044717550924e-02,-6.2115737926078154e-19,2.0699305370559726e-19,2.0225989109954102e-03,8.1595397541555400e-05,3.5195018866265508e-03,6.1955262321521098e-06,1.7599240243783072e-02,0.0000000000000000e+00,-3.8596749364081719e-03,6.9388939039072284e-17,2.1806975996263558e-16,2.5905203907920322e-15,1.4558937223467400e-01,-3.5157410899948465e-18
28,8.0523947801080756e-02,2.2365206816182894e-02,1.0330711942789492e-02,-6.2172489379008766e-14,6.2172489379008766e-14,0.0000000000000000e+00,1.3301095982688925e-16,-2.6579487955682080e-01,1.2747233311777686e-01,-3.9326721267459763e-01,-2.6579487955682085e-01,5.5511151231257827e-17,8.2368414832848322e-18,-2.6579487955682085e-01,1.2747233311777684e-01,-3.9326721267459769e-01,0.0000000000000000e+00,-1.7979851626133952e-01,2.6579487955682085e-01,1.7979851626133955e-01,0.0000000000000000e+00,1.4650129694823762e-02,9.9253601787445671e-03,-1.4650129694823762e-02,6.8976753806557697e-03,-2.1547805075479536e-02,-1.4650129694823762e-02,6.8976753806557697e-03,-2.1547805075479536e-02,-5.8016707303130830e-19,2.0699305370559726e-19,2.3904537810217289e-03,1.1488532068873811e-04,4.4003570112693471e-03,8.0207323240443634e-06,2.1555825807803575e-02,0.0000000000000000e+00,-4.7247695160791952e-03,2.0816681711721685e-16,4.1538166039859298e-16,1.8503717077085944e-15,1.5283257440147141e-01,-5.5842063222393014e-18
29,9.3022308604850112e-02,2.5836576910084622e-02,1.2498360803769357e-02,-5.8286708792820718e-14,5.8286708792820718e-14,0.0000000000000000e+00,2.0412493525890970e-16,-2.8030067971448402e-01,1.3502891401553302e-01,-4.1532959373001704e-01,-2.8030067971448402e-01,0.0000000000000000e+00,-3.5359392739012413e-17,-2.8030067971448402e-01,1.3502891401553302e-01,-4.1532959373001704e-01,5.5511151231257827e-17,-1.8955659799809574e-01,2.8030067971448402e-01,1.8955659799809568e-01,0.0000000000000000e+00,1.8062779361378255e-02,1.2233526920110507e-02,-1.8062779361378255e-02,8.5380930297115371e-03,-2.6600872391089794e-02,-1.8062779361378255e-02,8.5380930297115354e-03,-2.6600872391089794e-02,-7.4966078878771374e-19,5.5389225206603020e-19,2.8419902488170221e-03,1.6379941074099369e-04,5.5428291090986181e-03,1.0525738945096896e-05,2.6611398130034887e-02,0.0000000000000000e+00,-5.8292524412677481e-03,1.6190752442450201e-16,3.6013980916260591e-16,2.0354088784794539e-15,1.6051383723360924e-01,-7.5918106253071299e-18
30,1.0693630430183321e-01,2.9701133975409345e-02,1.3913995696983095e-02,-5.4400928206632670e-14,5.4400928206632670e-14,0.0000000000000000e+00,1.1393668961623210e-16,-2.9426784181936794e-01,1.4239284306630889e-01,-4.3666068488567683e-01,-2.9426784181936783e-01,-1.1102230246251565e-16,-1.7416227647564052e-18,-2.9426784181936788e-01,1.4239284306630889e-01,-4.3666068488567678e-01,5.5511151231257827e-17,-1.9894929104068362e-01,2.9426784181936788e-01,1.9894929104068360e-01,0.0000000000000000e+00,2.2060051329500230e-02,1.4936361554279590e-02,-2.2060051329500233e-02,1.0468115596854656e-02,-3.2528166926354893e-02,-2.2060051329500230e-02,1.0468115596854654e-02,-3.2528166926354893e-02,-1.0077724738242850e-18,1.3262741714323295e-18,3.3514625265747104e-03,2.2959257609904134e-04,6.9004591458413801e-03,1.3398651660476851e-05,3.2541565578015366e-02,0.0000000000000000e+00,-7.1236897752206402e-03,1.3877787807814457e-16,4.3345722474746803e-16,1.4802973661668755e-15,1.6799027146925721e-01,-9.1464606525281340e-18
31,1.2182465753541817e-01,3.3836314978259327e-02,1.4888353233584964e-02,-5.8286708792820718e-14,5.8286708792820718e-14,0.0000000000000000e+00,1.5876469132617284e-16,-3.0724631625670479e-01,1.4930349618140210e-01,-4.5654981243810688e-01,-3.0724631625670479e-01,0.0000000000000000e+00,5.4672699682571237e-17,-3.0724631625670490e-01,1.4930349618140210e-01,-4.5654981243810699e-01,5.5511151231257827e-17,-2.0767424794464720e-01,3.0724631625670490e-01,2.0767424794464714e-01,0.0000000000000000e+00,2.6537828959719748e-02,1.7963338995031594e-02,-2.6537828959719751e-02,1.2639554664686433e-02,-3.9177383624406190e-02,-2.6537828959719748e-02,1.2639554664686432e-02,-3.9177383624406190e-02,-6.1374418873104359e-19,2.1527437993662509e-18,3.9029899153678114e-03,3.1338285176476898e-04,8.4395841012745755e-03,1.6402203720721278e-05,3.9193785828126909e-02,0.0000000000000000e+00,-8.5744899646881534e-03,2.0816681711721685e-16,3.6503828967656587e-16,1.4802973661668755e-15,1.7502169964405873e-01,-1.0537646081989866e-17
32,1.3740330774426870e-01,3.8163223225463234e-02,1.5578650208850534e-02,-5.0515147620444623e-14,5.0515147620444623e-14,0.0000000000000000e+00,1.5687931641652775e-16,-3.1912016154046802e-01,1.5568033742436799e-01,-4.7480049896483600e-01,-3.1912016154046802e-01,0.0000000000000000e+00,-2.3698900639370355e-17,-3.1912016154046796e-01,1.5568033742436801e-01,-4.7480049896483600e-01,-5.5511151231257827e-17,-2.1565395605249960e-01,3.1912016154046796e-01,2.1565395605249954e-01,0.0000000000000000e+00,3.1416801089795700e-02,2.1260780001837828e-02,-3.1416801089795700e-02,1.5015172896235716e-02,-4.6431973986031425e-02,-3.1416801089795700e-02,1.5015172896235714e-02,-4.6431973986031425e-02,-3.7247919826441563e-19,2.1527437993662509e-18,4.4856539867257662e-03,4.1595726768716714e-04,1.0132966281843110e-02,1.9404640020327310e-05,4.6451378626051740e-02,0.0000000000000000e+00,-1.0156021087957871e-02,1.8503717077085943e-16,3.7358496129162069e-16,1.2952601953960161e-15,1.8153900982582299e-01,-1.1513800814276220e-17
33,1.5377982612021754e-01,4.2711736188487628e-02,1.6376518375948834e-02,-3.4972025275692431e-14,3.4972025275692431e-14,0.0000000000000000e+00,1.2508163305650708e-16,-3.3010509753486461e-01,1.6162000801669629e-01,-4.9172510555156090e-01,-3.3010509753486461e-01,0.0000000000000000e+00,1.2381995974224187e-17,-3.3010509753486461e-01,1.6162000801669629e-01,-4.9172510555156090e-01,0.0000000000000000e+00,-2.2303376370049163e-01,3.3010509753486461e-01,2.2303376370049177e-01,0.0000000000000000e+00,3.6732825782484366e-02,2.4852868753756807e-02,-3.6732825782484366e-02,1.7613310365140966e-02,-5.4346136147625339e-02,-3.6732825782484366e-02,1.7613310365140966e-02,-5.4346136147625339e-02,-4.6514494686822924e-19,1.6982041052618667e-18,5.1028294268248633e-03,5.4020933450237940e-04,1.1992669532701297e-02,2.2397928887574886e-05,5.4368534076512903e-02,0.0000000000000000e+00,-1.1879957028727559e-02,1.3877787807814457e-16,3.5817360806987751e-16,1.1102230246251565e-15,1.8765036303088126e-01,-1.5902670604265780e-17
34,1.7186674533369065e-01,4.7735306193726353e-02,1.8086919213473107e-02,-4.2743586448068527e-14,4.2743586448068527e-14,0.0000000000000000e+00,9.6649122098838863e-17,-3.4080292110718008e-01,1.6743058729513141e-01,-5.0823350840231152e-01,-3.4080292110718002e-01,-5.5511151231257827e-17,-1.6394025316083588e-17,-3.4080292110718002e-01,1.6743058729513144e-01,-5.0823350840231152e-01,0.0000000000000000e+00,-2.3021805232057535e-01,3.4080292110718002e-01,2.3021805232057538e-01,0.0000000000000000e+00,4.2800155348909352e-02,2.8951833243623316e-02,-4.2800155348909352e-02,2.0589066132416095e-02,-6.3389221481325447e-02,-4.2800155348909352e-02,2.0589066132416095e-02,-6.3389221481325447e-02,-5.0142757216237658e-19,1.6982041052618667e-18,5.7884357078156617e-03,6.9690713468712568e-04,1.4129297035454976e-02,2.5573745541671022e-05,6.3414795226867118e-02,0.0000000000000000e+00,-1.3848322105286037e-02,1.6190752442450201e-16,3.7258119993782712e-16,1.2952601953960161e-15,1.9368555348430305e-01,-1.6950551540614708e-17
35,1.9218640141036028e-01,5.3379009998600215e-02,2.0319656076669634e-02,-4.2743586448068527e-14,4.2743586448068527e-14,0.0000000000000000e+00,7.9914451265507256e-17,-3.5135526735378786e-01,1.7319740721988369e-01,-5.2455267457367150e-01,-3.5135526735378791e-01,5.5511151231257827e-17,-1.7522122651492382e-17,-3.5135526735378786e-01,1.7319740721988369e-01,-5.2455267457367150e-01,-5.5511151231257827e-17,-2.3730174702884932e-01,3.5135526735378786e-01,2.3730174702884937e-01,0.0000000000000000e+00,4.9832363518998127e-02,3.3701754009530266e-02,-4.9832363518998127e-02,2.4049787981731505e-02,-7.3882151500729631e-02,-4.9832363518998127e-02,2.4049787981731505e-02,-7.3882151500729631e-02,-8.4600980323566731e-19,1.1342203545422891e-18,6.5619036576926382e-03,8.9710018420730985e-04,1.6619858294941319e-02,2.9074155109762301e-05,7.3911225655839394e-02,0.0000000000000000e+00,-1.6130609509467861e-02,1.3877787807814457e-16,2.8833309891983557e-16,1.2952601953960161e-15,1.9973553507328018e-01,-1.4685277185859053e-17
36,2.1455535049578892e-01,5.9591896800823815e-02,2.2368949085428635e-02,-6.6058269965196814e-14,6.6058269965196814e-14,0.0000000000000000e+00,7.3697861999354773e-17,-3.6152474582898719e-01,1.7879399306236221e-01,-5.4031873889134940e-01,-3.6152474582898719e-01,0.0000000000000000e+00,1.8813710228331162e-17,-3.6152474582898714e-01,1.7879399306236221e-01,-5.4031873889134929e-01,-5.5511151231257827e-17,-2.4412532994386199e-01,3.6152474582898714e-01,2.4412532994386194e-01,0.0000000000000000e+00,5.7805551878450726e-02,3.9086262896104923e-02,-5.7805551878450726e-02,2.7986626837442651e-02,-8.5792178715893369e-02,-5.7805551878450726e-02,2.7986626837442651e-02,-8.5792178715893369e-02,-8.3156407486282789e-19,-1.0750576102324636e-19,7.4159941615011653e-03,1.1466446768490979e-03,1.9457435994531872e-02,3.3447995439486733e-05,8.5825626711332870e-02,0.0000000000000000e+00,-1.8719288982345803e-02,1.3877787807814457e-16,2.9113968601797090e-16,1.4802973661668755e-15,2.0567117088803921e-01,-1.5903890439003315e-17
37,2.3884740271411140e-01,6.6338917863358021e-02,2.4292052218322480e-02,-5.8286708792820718e-14,5.8286708792820718e-14,0.0000000000000000e+00,8.9024171338065279e-17,-3.7114652835337480e-01,1.8413237650283143e-01,-5.5527890485620623e-01,-3.7114652835337475e-01,-5.5511151231257827e-17,2.5544854089118558e-17,-3.7114652835337480e-01,1.8413237650283143e-01,-5.5527890485620623e-01,5.5511151231257827e-17,-2.5057808403444931e-01,3.7114652835337480e-01,2.5057808403444931e-01,0.0000000000000000e+00,6.6704596304102123e-02,4.5094943478576691e-02,-6.6704596304102123e-02,3.2394739997884593e-02,-9.9099336301986710e-02,-6.6704596304102123e-02,3.2394739997884593e-02,-9.9099336301986710e-02,-2.9278379449817546e-19,-1.0750576102324636e-19,8.3440499043064137e-03,1.4516552240259239e-03,2.2637184384287915e-02,3.8149514735658085e-05,9.9137485816722382e-02,0.0000000000000000e+00,-2.1609652825525433e-02,1.1102230246251565e-16,2.7218395469625995e-16,1.4802973661668755e-15,2.1140045461520621e-01,-1.5428804248414117e-17
38,2.6529661549872607e-01,7.3685081709105246e-02,2.6449212784614679e-02,-5.0515147620444623e-14,5.0515147620444623e-14,0.0000000000000000e+00,1.3441814255890778e-16,-3.8025216042638876e-01,1.8921644919418140e-01,-5.6946860962057011e-01,-3.8025216042638876e-01,0.0000000000000000e+00,1.8229662589010505e-18,-3.8025216042638876e-01,1.8921644919418140e-01,-5.6946860962057011e-01,0.0000000000000000e+00,-2.5668113981663998e-01,3.8025216042638876e-01,2.5668113981663998e-01,0.0000000000000000e+00,7.6641548206910340e-02,5.1803247052874667e-02,-7.6641548206910340e-02,3.7332131264757748e-02,-1.1397367947166807e-01,-7.6641548206910340e-02,3.7332131264757748e-02,-1.1397367947166807e-01,6.9144857419763531e-20,6.2660736439398532e-19,9.3532172197122281e-03,1.8231500392185431e-03,2.6198896335550729e-02,4.3132329723749585e-05,1.1401681180139184e-01,0.0000000000000000e+00,-2.4838301154035673e-02,1.8503717077085943e-16,4.2296275558489773e-16,1.2952601953960161e-15,2.1693671817160684e-01,-1.8073606341584620e-17
39,2.9435871586173873e-01,8.1756964706410529e-02,2.9062100363012655e-02,-4.2743586448068527e-14,4.2743586448068527e-14,0.0000000000000000e+00,1.2097154212923869e-16,-3.8890755521427156e-01,1.9407755035019070e-01,-5.8298510556446226e-01,-3.8890755521427156e-01,0.0000000000000000e+00,2.5429680292711489e-17,-3.8890755521427162e-01,1.9407755035019070e-01,-5.8298510556446237e-01,5.5511151231257827e-17,-2.6247856848267814e-01,3.8890755521427162e-01,2.6247856848267814e-01,0.0000000000000000e+00,8.7818246632477920e-02,5.9347182826388248e-02,-8.7818246632477920e-02,4.2901795606407285e-02,-1.3072004223888517e-01,-8.7818246632477920e-02,4.2901795606407285e-02,-1.3072004223888517e-01,4.6515443204010073e-19,1.4332426885685796e-18,1.0458581425729961e-02,2.2774852664864892e-03,3.0214194035403315e-02,4.8465121212482032e-05,1.3076850736009768e-01,0.0000000000000000e+00,-2.8471063806089672e-02,1.3877787807814457e-16,2.8940724482852955e-16,9.2518585385429718e-16,2.2231926513801642e-01,-1.8676743727301258e-17
40,3.2644171349683260e-01,9.0667889927868062e-02,3.2082997635093868e-02,-2.3314683517128287e-14,2.3314683517128287e-14,0.0000000000000000e+00,1.8051713763082696e-16,-3.9711504491218486e-01,1.9871525419492891e-01,-5.9583029910711383e-01,-3.9711504491218486e-01,0.0000000000000000e+00,3.6438396389053879e-17,-3.9711504491218491e-01,1.9871525419492891e-01,-5.9583029910711383e-01,0.0000000000000000e+00,-2.6797172669129077e-01,3.9711504491218491e-01,2.6797172669129082e-01,0.0000000000000000e+00,1.0042722724297164e-01,6.7856400609188891e-02,-1.0042722724297164e-01,4.9202780916058765e-02,-1.4963000815903038e-01,-1.0042722724297164e-01,4.9202780916058765e-02,-1.4963000815903038e-01,1.4576111109745431e-18,2.3237247554054710e-18,1.1672667734159068e-02,2.8334691881608670e-03,3.4750840743247954e-02,5.4196749509120845e-05,1.4968420490853951e-01,0.0000000000000000e+00,-3.2570826633782746e-02,2.3129646346357430e-16,3.8115523802200394e-16,1.2952601953960161e-15,2.2755236526171627e-01,-1.6272550351243471e-17
41,3.6151190710966391e-01,1.0040849697277032e-01,3.5070193612831313e-02,-2.7200464103316335e-14,2.7200464103316335e-14,0.0000000000000000e+00,1.2008800579200529e-16,-4.0475753074602733e-01,2.0306358863904966e-01,-6.0782111938507699e-01,-4.0475753074602733e-01,0.0000000000000000e+00,-3.7787368271210265e-17,-4.0475753074602727e-01,2.0306358863904966e-01,-6.0782111938507688e-01,0.0000000000000000e+00,-2.7308205255052803e-01,4.0475753074602727e-01,2.7308205255052820e-01,0.0000000000000000e+00,1.1448814048354825e-01,7.7343831005671229e-02,-1.1448814048354825e-01,5.6248011819922242e-02,-1.7073615230347047e-01,-1.1448814048354825e-01,5.6248011819922242e-02,-1.7073615230347047e-01,1.4339567584317981e-18,2.3237247554054710e-18,1.2990534105036063e-02,3.5043122274345064e-03,3.9813388301497915e-02,6.0222814046245743e-05,1.7079637511751672e-01,0.0000000000000000e+00,-3.7144309477877016e-02,9.2518585385429716e-17,2.2605605762968325e-16,1.1102230246251565e-15,2.3260625657499681e-01,-1.3418428074278052e-17
42,3.9927643333680513e-01,1.1089744420461282e-01,3.7764526227141215e-02,-3.8857805861880479e-14,3.8857805861880479e-14,0.0000000000000000e+00,7.2858115495412459e-17,-4.1171503435660817e-01,2.0705029764265537e-01,-6.1876533199926353e-01,-4.1171503435660822e-01,5.5511151231257827e-17,-4.1897229396738671e-17,-4.1171503435660817e-01,2.0705029764265537e-01,-6.1876533199926353e-01,0.0000000000000000e+00,-2.7772933085244672e-01,4.1171503435660817e-01,2.7772933085244678e-01,0.0000000000000000e+00,1.2990499028282812e-01,8.7744396473036015e-02,-1.2990499028282812e-01,6.3991890127222367e-02,-1.9389688041005049e-01,-1.2990499028282812e-01,6.3991890127222367e-02,-1.9389688041005046e-01,-7.0668780833428493e-20,2.3237247554054710e-18,1.4397167916110535e-02,4.2975494389107327e-03,4.5363509568728741e-02,6.6336796527649566e-05,1.9396321720657814e-01,0.0000000000000000e+00,-4.2160593809792105e-02,1.3877787807814457e-16,2.7386907770517046e-16,1.4802973661668755e-15,2.3739318197707471e-01,-1.1902244982882083e-17
43,4.3959601264372999e-01,1.2209604728563017e-01,4.0319579306924869e-02,-3.4972025275692431e-14,3.4972025275692431e-14,0.0000000000000000e+00,1.0442000141447674e-16,-4.1794443500031053e-01,2.1064379705252936e-01,-6.2858823205283987e-01,-4.1794443500031048e-01,-5.5511151231257827e-17,2.5799409349085176e-17,-4.1794443500031053e-01,2.1064379705252936e-01,-6.2858823205283987e-01,5.5511151231257827e-17,-2.8188483226568606e-01,4.1794443500031053e-01,2.8188483226568600e-01,0.0000000000000000e+00,1.4663075066906686e-01,9.9026100288595986e-02,-1.4663075066906686e-01,7.2412515215770717e-02,-2.1904326588483758e-01,-1.4663075066906686e-01,7.2412515215770717e-02,-2.1904326588483755e-01,-3.9519744687341358e-19,3.4428178876491711e-18,1.5883234484720034e-02,5.2221255672577436e-03,5.1379454250286692e-02,7.2299086493754494e-05,2.1911556497133133e-01,0.0000000000000000e+00,-4.7604650380470875e-02,1.3877787807814457e-16,2.6599093298311044e-16,9.2518585385429718e-16,2.4186353950053122e-01,-1.3694613092037578e-17
44,4.8249731814944352e-01,1.3401171456873190e-01,4.2901305505713527e-02,-1.9428902930940239e-14,1.9428902930940239e-14,0.0000000000000000e+00,1.4758081136542026e-16,-4.2345959976201697e-01,2.1384488857394060e-01,-6.3730448833595754e-01,-4.2345959976201697e-01,0.0000000000000000e+00,-1.3042955682311203e-17,-4.2345959976201686e-01,2.1384488857394057e-01,-6.3730448833595743e-01,-1.1102230246251565e-16,-2.8555815844791838e-01,4.2345959976201686e-01,2.8555815844791838e-01,0.0000000000000000e+00,1.6467941644360617e-01,1.1119812283943604e-01,-1.6467941644360617e-01,8.1518074608660701e-02,-2.4619749105226688e-01,-1.6467941644360617e-01,8.1518074608660701e-02,-2.4619749105226685e-01,-1.2156318890953868e-19,2.2520674586761422e-18,1.7445537519936719e-02,6.2899641063225882e-03,5.7860606209011296e-02,7.8033226609902639e-05,2.4627552427887678e-01,0.0000000000000000e+00,-5.3481293604170130e-02,1.8503717077085943e-16,3.1545479908444616e-16,9.2518585385429718e-16,2.4623359456290678e-01,-1.6718270112157967e-17
45,5.2815739275581741e-01,1.4669361901704045e-01,4.5660074606373890e-02,-2.3314683517128287e-14,2.3314683517128287e-14,0.0000000000000000e+00,8.7761961001824852e-17,-4.2828826225829009e-01,2.1666495904369237e-01,-6.4495322130198240e-01,-4.2828826225829014e-01,5.5511151231257827e-17,-1.1889659353376888e-17,-4.2828826225829009e-01,2.1666495904369235e-01,-6.4495322130198240e-01,-5.5511151231257827e-17,-2.8876802939078183e-01,4.2828826225829009e-01,2.8876802939078178e-01,0.0000000000000000e+00,1.8412485190643951e-01,1.2431001113199072e-01,-1.8412485190643951e-01,9.1346630489160585e-02,-2.7547148239560010e-01,-1.8412485190643951e-01,9.1346630489160585e-02,-2.7547148239560004e-01,-6.9077572024029757e-19,-1.5498975013812621e-18,1.9085996329880395e-02,7.5170500525294000e-03,6.4827056078275019e-02,8.3471971524223809e-05,2.7555495436712429e-01,0.0000000000000000e+00,-5.9814840774448791e-02,9.2518585385429716e-17,2.3263411494723067e-16,7.4014868308343773e-16,2.5044713613499903e-01,-1.8342195418765270e-17
46,5.7673984449584526e-01,1.6018720211218479e-01,4.8582451740027843e-02,-3.4972025275692431e-14,3.4972025275692431e-14,0.0000000000000000e+00,1.4764774811006208e-16,-4.3245180258979876e-01,2.1911291329809951e-01,-6.5156471588789833e-01,-4.3245180258979871e-01,-5.5511151231257827e-17,-4.4134060907342252e-18,-4.3245180258979876e-01,2.1911291329809951e-01,-6.5156471588789833e-01,5.5511151231257827e-17,-2.9152894126043954e-01,4.3245180258979876e-01,2.9152894126043949e-01,0.0000000000000000e+00,2.0503328323703487e-01,1.3840613591776438e-01,-2.0503328323703487e-01,1.0193220921536915e-01,-3.0696549245240401e-01,-2.0503328323703487e-01,1.0193220921536915e-01,-3.0696549245240395e-01,-1.0867971653168196e-18,-1.5498975013812621e-18,2.0805566648124569e-02,8.9199582468140783e-03,7.2295223139008227e-02,8.8538818577718614e-05,3.0705403127098174e-01,0.0000000000000000e+00,-6.6627147319270497e-02,1.8503717077085943e-16,2.9431963756130340e-16,9.2518585385429718e-16,2.5431375426053210e-01,-1.7652192715253040e-17
47,6.2814891283698993e-01,1.7446586674642853e-01,5.1409068341144670e-02,-2.3314683517128287e-14,2.3314683517128287e-14,0.0000000000000000e+00,8.6542076246810419e-17,-4.3595237088015826e-01,2.2118737457821647e-01,-6.5713974545837472e-01,-4.3595237088015809e-01,-1.6653345369377348e-16,2.4609519389433074e-18,-4.3595237088015820e-01,2.2118737457821649e-01,-6.5713974545837472e-01,1.1102230246251565e-16,-2.9384267537854813e-01,4.3595237088015820e-01,2.9384267537854813e-01,0.0000000000000000e+00,2.2735520798786102e-01,1.5345284064014442e-01,-2.2735520798786102e-01,1.1324992301039875e-01,-3.4060513099825973e-01,-2.2735520798786102e-01,1.1324992301039875e-01,-3.4060513099825968e-01,-1.1369840897780050e-18,2.7307673496337640e-18,2.2595741123841488e-02,1.0507826430959738e-02,8.0239481664450996e-02,9.3126208853475112e-05,3.4069825720711322e-01,0.0000000000000000e+00,-7.3902367347716602e-02,9.2518585385429716e-17,2.5477281827394954e-16,7.4014868308343773e-16,2.5782667241519064e-01,-1.8406920829738666e-17
48,6.8224420026075727e-01,1.8949061806639766e-01,5.4095287423767346e-02,-2.3314683517128287e-14,2.3314683517128287e-14,0.0000000000000000e+00,8.7211159921850057e-17,-4.3880366886055044e-01,2.2289300608727658e-01,-6.6169667494782702e-01,-4.3880366886055039e-01,-5.5511151231257827e-17,-1.2869378056577308e-17,-4.3880366886055044e-01,2.2289300608727652e-01,-6.6169667494782702e-01,5.5511151231257827e-17,-2.9571880479331736e-01,4.3880366886055044e-01,2.9571880479331736e-01,0.0000000000000000e+00,2.5101529768558606e-01,1.6939908950208379e-01,-2.5101529768558606e-01,1.2526125092607668e-01,-3.7627654861166271e-01,-2.5101529768558606e-01,1.2526125092607668e-01,-3.7627654861166265e-01,-1.4185074910092340e-18,7.2351048712524275e-18,2.4446588039906143e-02,1.2286963344402027e-02,8.8624832518008165e-02,9.7132976239672209e-05,3.7637368158790241e-01,0.0000000000000000e+00,-8.1616208183502265e-02,1.3877787807814457e-16,2.7009247758696956e-16,7.4014868308343773e-16,2.6098391012410926e-01,-2.8729633520145165e-17
49,7.3906788560064651e-01,2.0527317107564377e-01,5.6823685339889241e-02,-2.7200464103316335e-14,2.7200464103316335e-14,0.0000000000000000e+00,7.6245547252601295e-17,-4.4103694607230665e-01,2.2424498470952520e-01,-6.6528193078183184e-01,-4.4103694607230670e-01,5.5511151231257827e-17,-1.5373794994697010e-17,-4.4103694607230665e-01,2.2424498470952520e-01,-6.6528193078183184e-01,-5.5511151231257827e-17,-2.9717855153249229e-01,4.4103694607230665e-01,2.9717855153249229e-01,0.0000000000000000e+00,2.7601319081168574e-01,1.8624439590943878e-01,-2.7601319081168574e-01,1.3796526517235055e-01,-4.1397845598403626e-01,-2.7601319081168574e-01,1.3796526517235055e-01,-4.1397845598403621e-01,-2.2209480802420595e-18,7.2351048712524275e-18,2.6354474770155952e-02,1.4268523732948178e-02,9.7442761613062423e-02,1.0049494381600410e-04,4.1407895092785230e-01,0.0000000000000000e+00,-8.9768794902246957e-02,9.2518585385429716e-17,2.3247308266047979e-16,5.5511151231257827e-16,2.6379828645901882e-01,-2.5219395171590316e-17
50,7.9890756020749720e-01,2.2189340313010522e-01,5.9839674606850690e-02,-2.7200464103316335e-14,2.7200464103316335e-14,0.0000000000000000e+00,8.9095836057363883e-17,-4.4269114612908006e-01,2.2526296925931771e-01,-6.6795411538839777e-01,-4.4269114612908006e-01,0.0000000000000000e+00,-2.2633813723966306e-17,-4.4269114612908000e-01,2.2526296925931769e-01,-6.6795411538839766e-01,-5.5511151231257827e-17,-2.9824813632934216e-01,4.4269114612908000e-01,2.9824813632934216e-01,0.0000000000000000e+00,3.0245419155081771e-01,2.0405946553638230e-01,-3.0245419155081771e-01,1.5141447002169395e-01,-4.5386866157251160e-01,-3.0245419155081771e-01,1.5141447002169395e-01,-4.5386866157251154e-01,-3.3581295493967166e-18,3.9133356445222801e-18,2.8323813982098919e-02,1.6472687110122793e-02,1.0672148107011394e-01,1.0351214064169278e-04,4.5397217371315335e-01,0.0000000000000000e+00,-9.8394726014435413e-02,9.2518585385429716e-17,2.2070337146675817e-16,7.4014868308343773e-16,2.6629232928422464e-01,-2.8213652209599447e-17
51,8.6179845634028218e-01,2.3936109984983728e-01,6.2890896132784979e-02,-3.1086244689504383e-14,3.1086244689504383e-14,0.0000000000000000e+00,8.4484045850903428e-17,-4.4378500541273674e-01,2.2595892646128357e-01,-6.6974393187402037e-01,-4.4378500541273680e-01,5.5511151231257827e-17,-4.5014303010608247e-17,-4.4378500541273669e-01,2.2595892646128357e-01,-6.6974393187402026e-01,-5.5511151231257827e-17,-2.9894039240092496e-01,4.4378500541273669e-01,2.9894039240092490e-01,0.0000000000000000e+00,3.3032983133622140e-01,2.2283832640241524e-01,-3.3032983133622140e-01,1.6560334470999527e-01,-4.9593317604621662e-01,-3.3032983133622140e-01,1.6560334470999527e-01,-4.9593317604621656e-01,-5.4853548909630376e-18,4.2218959822592511e-19,3.0349448757043401e-02,1.8911251470758575e-02,1.1644853223824174e-01,1.0588775604844503e-04,4.9603906380226515e-01,0.0000000000000000e+00,-1.0749150493380616e-01,9.2518585385429716e-17,2.3346052648394065e-16,7.4014868308343773e-16,2.6847047544029201e-01,-3.0079922507953710e-17
52,9.2745221284711277e-01,2.5759617006971630e-01,6.5653756506830585e-02,-2.3314683517128287e-14,2.3314683517128287e-14,0.0000000000000000e+00,7.2170568524612350e-17,-4.4434146105963634e-01,2.2634402741983281e-01,-6.7068548847946918e-01,-4.4434146105963629e-01,-5.5511151231257827e-17,-1.1910696808134982e-17,-4.4434146105963634e-01,2.2634402741983284e-01,-6.7068548847946918e-01,5.5511151231257827e-17,-2.9927118213874837e-01,4.4434146105963634e-01,2.9927118213874837e-01,0.0000000000000000e+00,3.5948425072474594e-01,2.4247574492961296e-01,-3.5948425072474594e-01,1.8045103871071078e-01,-5.3993528943545666e-01,-3.5948425072474594e-01,1.8045103871071078e-01,-5.3993528943545654e-01,-7.3540249295886095e-18,4.2218959822592511e-19,3.2416116312822901e-02,2.1582211466900779e-02,1.2656025334041715e-01,1.0754240943006144e-04,5.4004283184488677e-01,0.0000000000000000e+00,-1.1700850579513297e-01,5.5511151231257827e-17,1.9747083726069644e-16,7.4014868308343773e-16,2.7033063911022054e-01,-3.0314245782814132e-17
53,9.9589098509443796e-01,2.7660476735481515e-01,6.8438772247325197e-02,-1.9428902930940239e-14,1.9428902930940239e-14,0.0000000000000000e+00,5.4776478353624511e-17,-4.4439223515164528e-01,2.2643559636486935e-01,-6.7082783151651459e-01,-4.4439223515164528e-01,0.0000000000000000e+00,-1.7375137279045211e-17,-4.4439223515164528e-01,2.2643559636486935e-01,-6.7082783151651459e-01,0.0000000000000000e+00,-2.9926203889759306e-01,4.4439223515164528e-01,2.9926203889759317e-01,0.0000000000000000e+00,3.8989617223650963e-01,2.6295718432809501e-01,-3.8989617223650963e-01,1.9594487948592618e-01,-5.8584105172243572e-01,-3.8989617223650963e-01,1.9594487948592618e-01,-5.8584105172243561e-01,-8.3561681941713484e-18,2.3217471163773652e-18,3.4518635030619763e-02,2.4494329267678139e-02,1.3704035769700298e-01,1.0844250937472322e-04,5.8594949423181053e-01,0.0000000000000000e+00,-1.2693898790841462e-01,9.2518585385429716e-17,2.1191098729567812e-16,7.4014868308343773e-16,2.7188396039303098e-01,-2.7721087517573740e-17
54,1.0672166724213186e+00,2.9641519384201065e-01,7.1325687326880605e-02,-1.9428902930940239e-14,1.9428902930940239e-14,0.0000000000000000e+00,4.4039786527292144e-17,-4.4396659429240204e-01,2.2625029559595414e-01,-6.7021688988835615e-01,-4.4396659429240209e-01,5.5511151231257827e-17,7.2316114614914936e-18,-4.4396659429240209e-01,2.2625029559595417e-01,-6.7021688988835626e-01,0.0000000000000000e+00,-2.9893279233744563e-01,4.4396659429240209e-01,2.9893279233744574e-01,0.0000000000000000e+00,4.2157757428800952e-01,2.8429051307470826e-01,-4.2157757428800952e-01,2.1208894567957004e-01,-6.3366651996757950e-01,-4.2157757428800952e-01,2.1208894567957004e-01,-6.3366651996757939e-01,-8.7179151695988369e-18,2.3217471163773652e-18,3.6653915704179786e-02,2.7659656722831681e-02,1.4788394043928074e-01,1.0856718672216936e-04,6.3377508715430175e-01,0.0000000000000000e+00,-1.3728706121330125e-01,9.2518585385429716e-17,2.0949893438971159e-16,5.5511151231257827e-16,2.7314193479783799e-01,-2.1969853080050688e-17
55,1.1413270192037632e+00,3.1699904843770105e-01,7.4110346782444658e-02,-1.9428902930940239e-14,1.9428902930940239e-14,0.0000000000000000e+00,4.2268916145287465e-17,-4.4309341537816382e-01,2.2580462916520413e-01,-6.6889804454336799e-01,-4.4309341537816382e-01,0.0000000000000000e+00,-7.4201763686529428e-18,-4.4309341537816382e-01,2.2580462916520411e-01,-6.6889804454336788e-01,0.0000000000000000e+00,-2.9830312670887132e-01,4.4309341537816382e-01,2.9830312670887132e-01,0.0000000000000000e+00,4.5444773675477168e-01,3.0642119361043557e-01,-4.5444773675477168e-01,2.2883991929895073e-01,-6.8328765605372233e-01,-4.5444773675477168e-01,2.2883991929895073e-01,-6.8328765605372221e-01,-8.7249024749292039e-18,2.3217471163773652e-18,3.8812469271225489e-02,3.1080929804561935e-02,1.5905441918397684e-01,1.0789896081353501e-04,6.8339555501453597e-01,0.0000000000000000e+00,-1.4802654314433611e-01,9.2518585385429716e-17,2.0112155189718737e-16,5.5511151231257827e-16,2.7411163896906476e-01,-2.3848405452943864e-17
56,1.2179466514836168e+00,3.3827984711826214e-01,7.6619632279853578e-02,-2.3314683517128287e-14,2.3314683517128287e-14,0.0000000000000000e+00,8.7607040843016044e-17,-4.4180598407335869e-01,2.2511758132469492e-01,-6.6692356539805364e-01,-4.4180598407335864e-01,-5.5511151231257827e-17,-1.1329079438795560e-17,-4.4180598407335869e-01,2.2511758132469489e-01,-6.6692356539805364e-01,5.5511151231257827e-17,-2.9739575763604087e-01,4.4180598407335869e-01,2.9739575763604087e-01,0.0000000000000000e+00,4.8834807005009112e-01,3.2924230834444868e-01,-4.8834807005009112e-01,2.4611466627622813e-01,-7.3446273632631920e-01,-4.8834807005009112e-01,2.4611466627622813e-01,-7.3446273632631909e-01,-9.4431830176730109e-18,4.4483691137625231e-18,4.0980114592677495e-02,3.4751328358894530e-02,1.7048965996659549e-01,1.0643664193937807e-04,7.3456917296825863e-01,0.0000000000000000e+00,-1.5910576170564245e-01,1.3877787807814457e-16,2.8310913888272041e-16,7.4014868308343773e-16,2.7480034177853319e-01,-2.2272599186528569e-17
57,1.2971232797478816e+00,3.6027084128204490e-01,7.9176628264264748e-02,-2.3314683517128287e-14,2.3314683517128287e-14,0.0000000000000000e+00,9.9900228849345336e-17,-4.4013289542617162e-01,2.2420604001705613e-01,-6.6433893544322775e-01,-4.4013289542617168e-01,5.5511151231257827e-17,1.7317472544377829e-17,-4.4013289542617168e-01,2.2420604001705610e-01,-6.6433893544322775e-01,0.0000000000000000e+00,-2.9623003756497651e-01,4.4013289542617168e-01,2.9623003756497657e-01,0.0000000000000000e+00,5.2326254345705936e-01,3.5274295280180346e-01,-5.2326254345705936e-01,2.6390263094489269e-01,-7.8716517440195199e-01,-5.2326254345705936e-01,2.6390263094489269e-01,-7.8716517440195188e-01,-9.2061126302625243e-18,6.6459620065418648e-18,4.3152164849232254e-02,3.8678132182143297e-02,1.8217651921553507e-01,1.0418530201794507e-04,7.8726935970396994e-01,0.0000000000000000e+00,-1.7051959065525590e-01,9.2518585385429716e-17,2.2672953071652569e-16,7.4014868308343773e-16,2.7521989408498682e-01,-2.0131238460280524e-17
58,1.3791591689842457e+00,3.8305598382936706e-01,8.2035889236364179e-02,-1.5543122344752192e-14,1.5543122344752192e-14,0.0000000000000000e+00,6.6054171837894716e-17,-4.3809267312403549e-01,2.2308150908835653e-01,-6.6117418221239199e-01,-4.3809267312403544e-01,-5.5511151231257827e-17,-9.4201268290864952e-18,-4.3809267312403544e-01,2.2308150908835656e-01,-6.6117418221239199e-01,0.0000000000000000e+00,-2.9481842057531243e-01,4.3809267312403544e-01,2.9481842057531243e-01,0.0000000000000000e+00,5.5928555119012324e-01,3.7698654572446377e-01,-5.5928555119012324e-01,2.8224944686250092e-01,-8.4153499805262411e-01,-5.5928555119012324e-01,2.8224944686250092e-01,-8.4153499805262399e-01,-8.8821797410820668e-18,6.6459620065418648e-18,4.5330278101345815e-02,4.2881942192840146e-02,1.9413836018361347e-01,1.0113361529850984e-04,8.4163613166792262e-01,0.0000000000000000e+00,-1.8229900546565947e-01,4.6259292692714858e-17,1.7305551316043508e-16,5.5511151231257827e-16,2.7538067597742566e-01,-2.1169224740112922e-17
59,1.4639357486661577e+00,4.0660234226721209e-01,8.4776579681911990e-02,-1.1657341758564144e-14,1.1657341758564144e-14,0.0000000000000000e+00,5.1125260916233636e-17,-4.3571070621274466e-01,2.2175878811122096e-01,-6.5746949432396562e-01,-4.3571070621274471e-01,5.5511151231257827e-17,1.5463226977928033e-18,-4.3571070621274466e-01,2.2175878811122096e-01,-6.5746949432396562e-01,-5.5511151231257827e-17,-2.9317818632272302e-01,4.3571070621274466e-01,2.9317818632272302e-01,0.0000000000000000e+00,5.9632458209745753e-01,4.0191071632315634e-01,-5.9632458209745753e-01,3.0110546631313362e-01,-8.9743004841059104e-01,-5.9632458209745753e-01,3.0110546631313362e-01,-8.9743004841059093e-01,-9.2159368327502600e-18,4.2929392387461668e-18,4.7504293715849299e-02,4.7362488520653272e-02,2.0633596753273842e-01,9.7283456107377653e-05,8.9752733186669853e-01,0.0000000000000000e+00,-1.9441386577430120e-01,9.2518585385429716e-17,1.9883425739532185e-16,5.5511151231257827e-16,2.7528987380564451e-01,-1.7696768478339297e-17
60,1.5513098067549012e+00,4.3087014002038804e-01,8.7374058088743434e-02,-1.1657341758564144e-14,1.1657341758564144e-14,0.0000000000000000e+00,5.7138221947011195e-17,-4.3301294188619677e-01,2.2025324010510633e-01,-6.5326618199130304e-01,-4.3301294188619671e-01,-5.5511151231257827e-17,-4.2511864103810029e-18,-4.3301294188619671e-01,2.2025324010510636e-01,-6.5326618199130304e-01,0.0000000000000000e+00,-2.9132696966673782e-01,4.3301294188619671e-01,2.9132696966673782e-01,0.0000000000000000e+00,6.3427653734348854e-01,4.2744601004945293e-01,-6.3427653734348854e-01,3.2041565862778199e-01,-9.5469219597127042e-01,-6.3427653734348854e-01,3.2041565862778199e-01,-9.5469219597127031e-01,-9.3341042923231673e-18,1.8678219626196953e-18,4.9663783913937977e-02,5.2117124167106788e-02,2.1872740310419392e-01,9.2652557456718299e-05,9.5478484852872725e-01,0.0000000000000000e+00,-2.0683052729403562e-01,9.2518585385429716e-17,2.1450798645890021e-16,7.4014868308343773e-16,2.7495587762601092e-01,-2.2333542057740209e-17
61,1.6408763195510123e+00,4.5574688336434060e-01,8.9566512796111164e-02,-1.9428902930940239e-14,1.9428902930940239e-14,0.0000000000000000e+00,5.7423133903202144e-17,-4.3003410922362179e-01,2.1858496584883091e-01,-6.4861907507245276e-01,-4.3003410922362173e-01,-5.5511151231257827e-17,-2.5452076887866689e-17,-4.3003410922362167e-01,2.1858496584883091e-01,-6.4861907507245253e-01,-5.5511151231257827e-17,-2.8928837989719985e-01,4.3003410922362167e-01,2.8928837989719985e-01,0.0000000000000000e+00,6.7292659471692529e-01,4.5344785611762140e-01,-6.7292659471692529e-01,3.4006826252227990e-01,-1.0129948572392051e+00,-6.7292659471692529e-01,3.4006826252227990e-01,-1.0129948572392049e+00,-1.0664313148467548e-17,-6.1814815592096281e-19,5.1792715432630809e-02,5.7127251214563295e-02,2.3123558830553609e-01,8.7292430450303105e-05,1.0130821496696556e+00,0.0000000000000000e+00,-2.1947873859930389e-01,9.2518585385429716e-17,1.7878782752588905e-16,5.5511151231257827e-16,2.7439007719595898e-01,-1.9633584055359866e-17
62,1.7326821440098568e+00,4.8124558663239719e-01,9.1805824458844443e-02,-7.7715611723760958e-15,7.7715611723760958e-15,0.0000000000000000e+00,5.4378990539588833e-17,-4.2679334386394951e-01,2.1676609684702039e-01,-6.4355944071096993e-01,-4.2679334386394946e-01,-5.5511151231257827e-17,-3.5635902010302442e-18,-4.2679334386394946e-01,2.1676609684702042e-01,-6.4355944071096993e-01,0.0000000000000000e+00,-2.8707531978344197e-01,4.2679334386394946e-01,2.8707531978344214e-01,0.0000000000000000e+00,7.1225747009176343e-01,4.7990462843628695e-01,-7.1225747009176343e-01,3.6005214414219328e-01,-1.0723096142339568e+00,-7.1225747009176343e-01,3.6005214414219328e-01,-1.0723096142339563e+00,-1.1996216768127318e-17,-3.1662716586435741e-18,5.3886722123170749e-02,6.2397946416466933e-02,2.4384870777769202e-01,8.1232175136392026e-05,1.0723908464090930e+00,0.0000000000000000e+00,-2.3235284165547648e-01,9.2518585385429716e-17,2.2193615822507057e-16,7.4014868308343773e-16,2.7360254210503920e-01,-2.0894983142228517e-17
63,1.8272909137037829e+00,5.0752279681161394e-01,9.4608769693926176e-02,-1.5543122344752192e-14,1.5543122344752192e-14,0.0000000000000000e+00,7.0934913754991829e-17,-4.2328745261424772e-01,2.1479638360217723e-01,-6.3808383621642495e-01,-4.2328745261424772e-01,0.0000000000000000e+00,-1.9381063249598127e-17,-4.2328745261424772e-01,2.1479638360217723e-01,-6.3808383621642495e-01,0.0000000000000000e+00,-2.8468550044391927e-01,4.2328745261424772e-01,2.8468550044391927e-01,0.0000000000000000e+00,7.5247001923938095e-01,5.0695142231673729e-01,-7.5247001923938095e-01,3.8046694180287211e-01,-1.1329369610422531e+00,-7.5247001923938095e-01,3.8046694180287211e-01,-1.1329369610422526e+00,-1.3081599485136042e-17,-3.1662716586435741e-18,5.5952374428433746e-02,6.7965161493549503e-02,2.5662383563403662e-01,7.4429753147753352e-05,1.1330113907954007e+00,0.0000000000000000e+00,-2.4551859692264366e-01,9.2518585385429716e-17,2.1494399141099376e-16,5.5511151231257827e-16,2.7259611327462296e-01,-1.8741337078665961e-17
64,1.9247344035043008e+00,5.3458733924640423e-01,9.7443489800517868e-02,-1.9428902930940239e-14,1.9428902930940239e-14,0.0000000000000000e+00,8.5625099363939202e-17,-4.1952975455795494e-01,2.1268362617675979e-01,-6.3221338073471478e-01,-4.1952975455795488e-01,-5.5511151231257827e-17,-3.5806050209811343e-17,-4.1952975455795494e-01,2.1268362617675979e-01,-6.3221338073471478e-01,1.1102230246251565e-16,-2.8212794373439792e-01,4.1952975455795494e-01,2.8212794373439787e-01,0.0000000000000000e+00,7.9353354420477373e-01,5.3456756235003045e-01,-7.9353354420477373e-01,4.0129451378928166e-01,-1.1948280579940553e+00,-7.9353354420477373e-01,4.0129451378928166e-01,-1.1948280579940549e+00,-1.5770411948887037e-17,2.2429286401745029e-18,5.7983307430659776e-02,7.3835346875288074e-02,2.6954273031476550e-01,6.6870831431697919e-05,1.1948949288254871e+00,0.0000000000000000e+00,-2.5896598185474329e-01,9.2518585385429716e-17,2.2728334948426498e-16,3.7007434154171886e-16,2.7137603099543528e-01,-1.8250859343645762e-17
65,2.0242274438168439e+00,5.6222113619905423e-01,9.9493040312543135e-02,-1.5543122344752192e-14,1.5543122344752192e-14,0.0000000000000000e+00,3.1806081654111424e-17,-4.1556568832454988e-01,2.1045323581757153e-01,-6.2601892414212146e-01,-4.1556568832454988e-01,0.0000000000000000e+00,-4.1364402446121230e-18,-4.1556568832454988e-01,2.1045323581757153e-01,-6.2601892414212146e-01,0.0000000000000000e+00,-2.7943348365719478e-01,4.1556568832454988e-01,2.7943348365719478e-01,0.0000000000000000e+00,8.3507663648653874e-01,5.6250328921675097e-01,-8.3507663648653874e-01,4.2234410022334418e-01,-1.2574207367098829e+00,-8.3507663648653874e-01,4.2234410022334418e-01,-1.2574207367098824e+00,-1.7757411855369700e-17,7.7659018474217163e-18,5.9957369769003267e-02,7.9963881243319976e-02,2.8248151190000687e-01,5.8662688985966494e-05,1.2574793993988689e+00,0.0000000000000000e+00,-2.7257334726978777e-01,9.2518585385429716e-17,1.8584494523485010e-16,5.5511151231257827e-16,2.6995957202871479e-01,-1.8564406911745176e-17
66,2.1257642607649530e+00,5.9042258399829983e-01,1.0153681694810901e-01,-2.7200464103316335e-14,2.7200464103316335e-14,0.0000000000000000e+00,5.0434055098608757e-17,-4.1140937071369860e-01,2.0811497305449531e-01,-6.1952434376819387e-01,-4.1140937071369854e-01,-5.5511151231257827e-17,3.0575293746907029e-17,-4.1140937071369854e-01,2.0811497305449531e-01,-6.1952434376819387e-01,-5.5511151231257827e-17,-2.7661160349404629e-01,4.1140937071369854e-01,2.7661160349404629e-01,0.0000000000000000e+00,8.7706084408164786e-01,5.9073281333123639e-01,-8.7706084408164786e-01,4.4359414202561465e-01,-1.3206549861072625e+00,-8.7706084408164786e-01,4.4359414202561465e-01,-1.3206549861072621e+00,-1.6415153341179505e-17,4.9476890468482053e-18,6.1870065492057293e-02,8.6351151402088405e-02,2.9542278721635756e-01,4.9862084888607772e-05,1.3207048481921511e+00,0.0000000000000000e+00,-2.8632803075041147e-01,9.2518585385429716e-17,2.1677797545656837e-16,7.4014868308343773e-16,2.6835581675617820e-01,-1.7445315090762103e-17
67,2.2294174773719040e+00,6.1921185340053786e-01,1.0365321660695104e-01,-1.1657341758564144e-14,1.1657341758564144e-14,0.0000000000000000e+00,3.3822684910125839e-17,-4.0707056328647295e-01,2.0567529029834647e-01,-6.1274585358481937e-01,-4.0707056328647290e-01,-5.5511151231257827e-17,-1.8083196063477068e-17,-4.0707056328647284e-01,2.0567529029834641e-01,-6.1274585358481926e-01,-5.5511151231257827e-17,-2.7366882966980954e-01,4.0707056328647284e-01,2.7366882966980954e-01,0.0000000000000000e+00,9.1947988302532924e-01,6.1925198179788643e-01,-9.1947988302532924e-01,4.6503948792419436e-01,-1.3845193709495236e+00,-9.1947988302532924e-01,4.6503948792419436e-01,-1.3845193709495232e+00,-1.5767730287651628e-17,-8.0622033582657902e-19,6.3718539856333953e-02,9.3002281344830268e-02,3.0835915187327889e-01,4.0485150248736890e-05,1.3845598560997723e+00,0.0000000000000000e+00,-3.0022790122744281e-01,9.2518585385429716e-17,1.7428767904618953e-16,5.5511151231257827e-16,2.6657185526658927e-01,-1.8584085707017017e-17
68,2.3349234306371485e+00,6.4851571305412592e-01,1.0550595326524448e-01,-1.1657341758564144e-14,1.1657341758564144e-14,0.0000000000000000e+00,2.7130031866584663e-17,-4.0257227329796191e-01,2.0314750384722763e-01,-6.0571977714518954e-01,-4.0257227329796191e-01,0.0000000000000000e+00,-1.8970256903887072e-17,-4.0257227329796186e-01,2.0314750384722763e-01,-6.0571977714518943e-01,-5.5511151231257827e-17,-2.7062066304058435e-01,4.0257227329796186e-01,2.7062066304058441e-01,0.0000000000000000e+00,9.6219095266443788e-01,6.4796487268821967e-01,-9.6219095266443788e-01,4.8660610723063918e-01,-1.4487970598950770e+00,-9.6219095266443788e-01,4.8660610723063918e-01,-1.4487970598950766e+00,-1.7722410226196955e-17,-6.6629772633315858e-18,6.5494440711735741e-02,9.9900189672155526e-02,3.2124206814406953e-01,3.0591297321580502e-05,1.4488276511923988e+00,0.0000000000000000e+00,-3.1422607997621821e-01,9.2518585385429716e-17,1.9950576980128388e-16,5.5511151231257827e-16,2.6462031600924285e-01,-1.9481145765763993e-17
69,2.4419443890892198e+00,6.7824035938368110e-01,1.0702095845207138e-01,-7.7715611723760958e-15,7.7715611723760958e-15,0.0000000000000000e+00,5.2259772310353230e-17,-3.9794005177507125e-01,2.0054664748667483e-01,-5.9848669926174614e-01,-3.9794005177507136e-01,1.1102230246251565e-16,6.9841438412658429e-18,-3.9794005177507130e-01,2.0054664748667486e-01,-5.9848669926174614e-01,-5.5511151231257827e-17,-2.6748429908423677e-01,3.9794005177507130e-01,2.6748429908423682e-01,0.0000000000000000e+00,1.0050267508054440e+00,6.7675912708542663e-01,-1.0050267508054440e+00,5.0820797472926404e-01,-1.5132347255347081e+00,-1.0050267508054440e+00,5.0820797472926404e-01,-1.5132347255347076e+00,-1.8363792880235263e-17,-1.2603833872878681e-17,6.7189634486163316e-02,1.0702117628738973e-01,3.3401743402414369e-01,2.0270068432637345e-05,1.5132549956031407e+00,0.0000000000000000e+00,-3.2826762372001739e-01,9.2518585385429716e-17,2.0285636086914786e-16,5.5511151231257827e-16,2.6251610013075821e-01,-1.8706791777537805e-17
70,2.5509980827817862e+00,7.0852958985618630e-01,1.0905369369256634e-01,-7.7715611723760958e-15,7.7715611723760958e-15,0.0000000000000000e+00,4.5215734752110594e-17,-3.9316052097783855e-01,1.9786714461616262e-01,-5.9102766559400122e-01,-3.9316052097783866e-01,1.1102230246251565e-16,7.5683331715072101e-18,-3.9316052097783860e-01,1.9786714461616262e-01,-5.9102766559400122e-01,-5.5511151231257827e-17,-2.6425057848410460e-01,3.9316052097783860e-01,2.6425057848410466e-01,0.0000000000000000e+00,1.0481629705759488e+00,7.0575295331742272e-01,-1.0481629705759488e+00,5.2993222255270234e-01,-1.5780951931286511e+00,-1.0481629705759488e+00,5.2993222255270234e-01,-1.5780951931286507e+00,-1.7570292194925731e-17,-1.8657529955773997e-17,6.8809914569898489e-02,1.1439797037514635e-01,3.4673382639963984e-01,9.4887919823705147e-06,1.5781046819206335e+00,0.0000000000000000e+00,-3.4241001725852604e-01,9.2518585385429716e-17,1.9511333945697911e-16,9.2518585385429718e-16,2.6025682504401448e-01,-1.9388364005766968e-17
71,2.6621952674417897e+00,7.3941416643509161e-01,1.1119718466000350e-01,-1.1657341758564144e-14,1.1657341758564144e-14,0.0000000000000000e+00,4.1774790697464250e-17,-3.8823759836565025e-01,1.9511140725977211e-01,-5.8334900562542236e-01,-3.8823759836565025e-01,0.0000000000000000e+00,-5.3475094863284406e-18,-3.8823759836565030e-01,1.9511140725977211e-01,-5.8334900562542247e-01,5.5511151231257827e-17,-2.6092206712849331e-01,3.8823759836565030e-01,2.6092206712849331e-01,0.0000000000000000e+00,1.0916076060607574e+00,7.3495181314370606e-01,-1.0916076060607574e+00,5.5178127685288691e-01,-1.6433888829136443e+00,-1.0916076060607574e+00,5.5178127685288691e-01,-1.6433888829136438e+00,-1.7446817524216663e-17,-1.8657529955773997e-17,7.0353913908709570e-02,1.2203690080886942e-01,3.5938869255924433e-01,-1.7695760635705327e-06,1.6433871133375808e+00,0.0000000000000000e+00,-3.5665579291705130e-01,9.2518585385429716e-17,1.7525191242201991e-16,5.5511151231257827e-16,2.5784660980944518e-01,-2.5594914945701699e-17
72,2.7751161932920096e+00,7.7077750528620947e-01,1.1292092585021996e-01,-1.9428902930940239e-14,1.9428902930940239e-14,0.0000000000000000e+00,5.8651317015882483e-17,-3.8319830147827338e-01,1.9229457121268645e-01,-5.7549287269095983e-01,-3.8319830147827338e-01,0.0000000000000000e+00,-1.7462346287476037e-17,-3.8319830147827338e-01,1.9229457121268645e-01,-5.7549287269095983e-01,0.0000000000000000e+00,-2.5751693910480100e-01,3.8319830147827338e-01,2.5751693910480095e-01,0.0000000000000000e+00,1.1351632340829940e+00,7.6422311943407184e-01,-1.1351632340829940e+00,5.7365439773739713e-01,-1.7088176318203911e+00,-1.1351632340829940e+00,5.7365439773739713e-01,-1.7088176318203907e+00,-1.8734672540460656e-17,-1.5523344659751392e-17,7.1813571016508315e-02,1.2990692940296147e-01,3.7192047749137264e-01,-1.3419826554672554e-05,1.7088042119938365e+00,0.0000000000000000e+00,-3.7094011464892218e-01,9.2518585385429716e-17,1.8973360415023503e-16,7.4014868308343773e-16,2.5530113060751458e-01,-2.4345119415924342e-17
73,2.8902259590163952e+00,8.0274878572253316e-01,1.1510976572438558e-01,-1.5543122344752192e-14,1.5543122344752192e-14,0.0000000000000000e+00,5.2336015309496979e-17,-3.7802846029157011e-01,1.8941066960751624e-01,-5.6743912989908640e-01,-3.7802846029157017e-01,5.5511151231257827e-17,-3.1110127860205608e-18,-3.7802846029157011e-01,1.8941066960751621e-01,-5.6743912989908629e-01,-5.5511151231257827e-17,-2.5402553241520742e-01,3.7802846029157011e-01,2.5402553241520742e-01,0.0000000000000000e+00,1.1789755511882236e+00,7.9366488646144251e-01,-1.1789755511882236e+00,5.9562339816068899e-01,-1.7745989493489127e+00,-1.1789755511882236e+00,5.9562339816068899e-01,-1.7745989493489123e+00,-1.9918769812017585e-17,-1.8718282466411905e-17,7.3192932721569723e-02,1.3803772173532897e-01,3.8436725452265164e-01,-2.5489181138649286e-05,1.7745734601677738e+00,0.0000000000000000e+00,-3.8531066472678110e-01,9.2518585385429716e-17,1.7857824614384580e-16,5.5511151231257827e-16,2.5261616706682127e-01,-2.4879955211324120e-17
74,3.0076032343264831e+00,8.3534985794411798e-01,1.1737727531008790e-01,-1.1657341758564144e-14,1.1657341758564144e-14,0.0000000000000000e+00,4.0473571809050278e-17,-3.7273197479361653e-01,1.8646205606406085e-01,-5.5919403085767738e-01,-3.7273197479361664e-01,1.1102230246251565e-16,2.8947946327928941e-18,-3.7273197479361664e-01,1.8646205606406085e-01,-5.5919403085767749e-01,0.0000000000000000e+00,-2.5045041815054664e-01,3.7273197479361664e-01,2.5045041815054664e-01,0.0000000000000000e+00,1.2230366583286814e+00,8.2327189272987988e-01,-1.2230366583286814e+00,6.1768285636204190e-01,-1.8407195146907234e+00,-1.2230366583286814e+00,6.1768285636204190e-01,-1.8407195146907229e+00,-1.9931459360866805e-17,-2.1976156306837543e-17,7.4490541527024279e-02,1.4643220077084274e-01,3.9672212658802547e-01,-3.7987476149470289e-05,1.8406815272145738e+00,0.0000000000000000e+00,-3.9976476559880147e-01,9.2518585385429716e-17,2.3467189179506096e-16,7.4014868308343773e-16,2.4979554705339152e-01,-2.7453625636933196e-17
75,3.1265108820014373e+00,8.6837598501436164e-01,1.1890764767495421e-01,-7.7715611723760958e-15,7.7715611723760958e-15,0.0000000000000000e+00,3.6820301290290486e-17,-3.6734875720986682e-01,1.8347062366410682e-01,-5.5081938087397364e-01,-3.6734875720986682e-01,0.0000000000000000e+00,-1.7354688804665800e-17,-3.6734875720986682e-01,1.8347062366410682e-01,-5.5081938087397364e-01,0.0000000000000000e+00,-2.4681840939835026e-01,3.6734875720986682e-01,2.4681840939835020e-01,0.0000000000000000e+00,1.2670372877947276e+00,8.5283642600284082e-01,-1.2670372877947276e+00,6.3967676873432622e-01,-1.9067140565290539e+00,-1.2670372877947276e+00,6.3967676873432622e-01,-1.9067140565290535e+00,-2.0791155361669900e-17,-2.1976156306837543e-17,7.5697089450304275e-02,1.5503348181872945e-01,4.0889542451708394e-01,-5.0772948208543944e-05,1.9066632835808452e+00,0.0000000000000000e+00,-4.1420086179188675e-01,9.2518585385429716e-17,1.6556691358816732e-16,5.5511151231257827e-16,2.4686258922221552e-01,-2.9555581356308153e-17
76,3.2464770286315598e+00,9.0169610596709016e-01,1.1996614663012251e-01,-1.1657341758564144e-14,1.1657341758564144e-14,0.0000000000000000e+00,2.7145594406044086e-17,-3.6190718707536274e-01,1.8045299226823852e-01,-5.4236017934360126e-01,-3.6190718707536274e-01,0.0000000000000000e+00,1.0696049441551405e-17,-3.6190718707536274e-01,1.8045299226823855e-01,-5.4236017934360126e-01,0.0000000000000000e+00,-2.4314857494762462e-01,3.6190718707536274e-01,2.4314857494762468e-01,0.0000000000000000e+00,1.3107803005662326e+00,8.8222615154682493e-01,-1.3107803005662326e+00,6.6150602566987826e-01,-1.9722863262361110e+00,-1.3107803005662326e+00,6.6150602566987826e-01,-1.9722863262361106e+00,-2.1190561014766143e-17,-2.1976156306837543e-17,7.6808533268787851e-02,1.6380125417711686e-01,4.2083253315383029e-01,-6.3705070143194042e-05,1.9722226211659677e+00,0.0000000000000000e+00,-4.2855414901940769e-01,9.2518585385429716e-17,1.8295828047544167e-16,3.7007434154171886e-16,2.4383623072359137e-01,-3.0025289443690984e-17
77,3.3682632316261039e+00,9.3552174034928881e-01,1.2178620299454401e-01,-7.7715611723760958e-15,7.7715611723760958e-15,0.0000000000000000e+00,5.7113402657996584e-17,-3.5637755931429899e-01,1.7739496384159686e-01,-5.3377252315589585e-01,-3.5637755931429899e-01,0.0000000000000000e+00,-1.7951736871089483e-17,-3.5637755931429893e-01,1.7739496384159681e-01,-5.3377252315589574e-01,-5.5511151231257827e-17,-2.3942077371639431e-01,3.5637755931429893e-01,2.3942077371639428e-01,0.0000000000000000e+00,1.3545188865320805e+00,9.1161129587449552e-01,-1.3545188865320805e+00,6.8329649758186584e-01,-2.0378153841139466e+00,-1.3545188865320805e+00,6.8329649758186584e-01,-2.0378153841139461e+00,-2.1632382325845485e-17,-2.5356402472992941e-17,7.7832512765916101e-02,1.7278486236549068e-01,4.3260226695122728e-01,-7.6855499231753832e-05,2.0377385286147147e+00,0.0000000000000000e+00,-4.4290759065758500e-01,9.2518585385429716e-17,1.4914587107148684e-16,3.7007434154171886e-16,2.4070345477302513e-01,-2.9888500579669670e-17
78,3.4920305714462123e+00,9.6989762761953968e-01,1.2376733982010846e-01,-1.9428902930940239e-14,1.9428902930940239e-14,0.0000000000000000e+00,3.7578637934746222e-17,-3.5075898751932844e-01,1.7429581927510726e-01,-5.2505480679443572e-01,-3.5075898751932844e-01,0.0000000000000000e+00,-2.1314137093865782e-18,-3.5075898751932844e-01,1.7429581927510729e-01,-5.2505480679443572e-01,0.0000000000000000e+00,-2.3563432536671652e-01,3.5075898751932844e-01,2.3563432536671647e-01,0.0000000000000000e+00,1.3982790911776684e+00,9.4100944881524284e-01,-1.3982790911776684e+00,7.0506041391466845e-01,-2.1033395050923369e+00,-1.3982790911776684e+00,7.0506041391466845e-01,-2.1033395050923365e+00,-2.2875201387121580e-17,-2.8791636232115201e-17,7.8770012530866962e-02,1.8199028974908082e-01,4.4420984541220659e-01,-9.0266222514068239e-05,2.1032492388698225e+00,0.0000000000000000e+00,-4.5726964236242551e-01,9.2518585385429716e-17,1.8512388662539108e-16,7.4014868308343773e-16,2.3746555750047249e-01,-2.8949863920836711e-17
79,3.6172109879080949e+00,1.0046659913170326e+00,1.2518041646188260e-01,-7.7715611723760958e-15,7.7715611723760958e-15,0.0000000000000000e+00,4.1850031272995350e-17,-3.4508360757674450e-01,1.7117288405929076e-01,-5.1625649163603526e-01,-3.4508360757674461e-01,1.1102230246251565e-16,-2.0888827863535278e-18,-3.4508360757674450e-01,1.7117288405929074e-01,-5.1625649163603526e-01,-1.1102230246251565e-16,-2.3181080013058991e-01,3.4508360757674450e-01,2.3181080013058991e-01,0.0000000000000000e+00,1.4418320241006901e+00,9.7026693655665774e-01,-1.4418320241006901e+00,7.2668337199364175e-01,-2.1685153960943317e+00,-1.4418320241006901e+00,7.2668337199364175e-01,-2.1685153960943313e+00,-2.3139350623586264e-17,-3.5740545261522603e-17,7.9617105402079988e-02,1.9136845248454101e-01,4.5559398937263051e-01,-1.0382473439018991e-04,2.1684115713599414e+00,0.0000000000000000e+00,-4.7156508754403237e-01,4.6259292692714858e-17,1.2002927120122299e-16,3.7007434154171886e-16,2.3414297594760436e-01,-2.7864665868076847e-17
80,3.7440301498325681e+00,1.0398895100608287e+00,1.2681916192447318e-01,-3.8857805861880479e-15,3.8857805861880479e-15,0.0000000000000000e+00,2.3316783723970020e-17,-3.3934610152282096e-01,1.6802475826735658e-01,-5.0737085979017760e-01,-3.3934610152282102e-01,5.5511151231257827e-17,1.3449467917234843e-17,-3.3934610152282096e-01,1.6802475826735658e-01,-5.0737085979017760e-01,-5.5511151231257827e-17,-2.2794653262457712e-01,3.3934610152282096e-01,2.2794653262457715e-01,0.0000000000000000e+00,1.4852314251527989e+00,9.9941995637097847e-01,-1.4852314251527989e+00,7.4819175235695301e-01,-2.2334231775097519e+00,-1.4852314251527989e+00,7.4819175235695301e-01,-2.2334231775097515e+00,-2.2418980680951264e-17,-4.6300361776438811e-17,8.0376315744774621e-02,2.0092862197361502e-01,4.6676930114547227e-01,-1.1751349309108150e-04,2.2333056640166609e+00,0.0000000000000000e+00,-4.8581146878182047e-01,9.2518585385429716e-17,1.9590687570199458e-16,5.5511151231257827e-16,2.3073535350178465e-01,-2.7144477176832675e-17
81,3.8720925706224607e+00,1.0754583390186725e+00,1.2806242078989261e-01,-1.1657341758564144e-14,1.1657341758564144e-14,0.0000000000000000e+00,3.4992927160141792e-17,-3.3357029380139036e-01,1.6486415625500184e-01,-4.9843445005639220e-01,-3.3357029380139036e-01,0.0000000000000000e+00,1.3459964987171191e-17,-3.3357029380139036e-01,1.6486415625500184e-01,-4.9843445005639220e-01,0.0000000000000000e+00,-2.2405748504989131e-01,3.3357029380139036e-01,2.2405748504989126e-01,0.0000000000000000e+00,1.5283190764400123e+00,1.0283623207260533e+00,-1.5283190764400123e+00,7.6950703248087948e-01,-2.2978261089208920e+00,-1.5283190764400123e+00,7.6950703248087948e-01,-2.2978261089208916e+00,-2.0695937121040549e-17,-4.9854807980193163e-17,8.1046631689608073e-02,2.1063283671096303e-01,4.7769631042103211e-01,-1.3125365927624255e-04,2.2976948552616157e+00,0.0000000000000000e+00,-4.9995675571395903e-01,9.2518585385429716e-17,1.6079679568759646e-16,5.5511151231257827e-16,2.2725885401718007e-01,-2.6509763063653259e-17
82,4.0009018913737897e+00,1.1112346164755615e+00,1.2880932075132900e-01,-1.5543122344752192e-14,1.5543122344752192e-14,0.0000000000000000e+00,5.3533486274592473e-17,-3.2778370550922015e-01,1.6170634526419833e-01,-4.8949005077341845e-01,-3.2778370550922020e-01,5.5511151231257827e-17,1.9370966611621783e-17,-3.2778370550922020e-01,1.6170634526419833e-01,-4.8949005077341856e-01,0.0000000000000000e+00,-2.2016210185584670e-01,3.2778370550922020e-01,2.2016210185584673e-01,0.0000000000000000e+00,1.5709133561536996e+00,1.0569721323529353e+00,-1.5709133561536996e+00,7.9053969471993402e-01,-2.3614530508736338e+00,-1.5709133561536996e+00,7.9053969471993402e-01,-2.3614530508736333e+00,-1.8581472121603615e-17,-4.9854807980193163e-17,8.1627921574019005e-02,2.2043453986731912e-01,4.8833231343414524e-01,-1.4491984445064165e-04,2.3613081310291832e+00,0.0000000000000000e+00,-5.1394122380076435e-01,9.2518585385429716e-17,2.1369590287036810e-16,5.5511151231257827e-16,2.2373263704686805e-01,-2.4958145371147603e-17
83,4.1296942044296996e+00,1.1470061701125696e+00,1.2879231305590988e-01,-1.1657341758564144e-14,1.1657341758564144e-14,0.0000000000000000e+00,4.3455880503042798e-17,-3.2202532856218880e-01,1.5857244503914697e-01,-4.8059777360133576e-01,-3.2202532856218885e-01,5.5511151231257827e-17,-3.0287159736229012e-17,-3.2202532856218880e-01,1.5857244503914697e-01,-4.8059777360133576e-01,0.0000000000000000e+00,-2.1628653955248978e-01,3.2202532856218880e-01,2.1628653955248978e-01,0.0000000000000000e+00,1.6127585604250414e+00,1.0850777473814799e+00,-1.6127585604250414e+00,8.1116441783289228e-01,-2.4239229782579339e+00,-1.6127585604250414e+00,8.1116441783289228e-01,-2.4239229782579335e+00,-1.9284433002745208e-17,-4.9854807980193163e-17,8.2120559503373394e-02,2.3026606203863936e-01,4.9861945183079665e-01,-1.5834446008289316e-04,2.4237646337978509e+00,0.0000000000000000e+00,-5.2768081304356151e-01,9.2518585385429716e-17,1.4229902825764959e-16,5.5511151231257827e-16,2.2018338632161394e-01,-2.4718067069142173e-17
84,4.2606482024648384e+00,1.1833781231705216e+00,1.3095399803513885e-01,-1.5543122344752192e-14,1.5543122344752192e-14,0.0000000000000000e+00,5.0371649578421791e-17,-3.1620022132630099e-01,1.5541454699290880e-01,-4.7161476831920979e-01,-3.1620022132630099e-01,0.0000000000000000e+00,7.2129276740495285e-18,-3.1620022132630099e-01,1.5541454699290880e-01,-4.7161476831920979e-01,0.0000000000000000e+00,-2.1236683688208158e-01,3.1620022132630099e-01,2.1236683688208152e-01,0.0000000000000000e+00,1.6545476541280777e+00,1.1131446840891641e+00,-1.6545476541280777e+00,8.3172334380170476e-01,-2.4862709979297826e+00,-1.6545476541280777e+00,8.3172334380170476e-01,-2.4862709979297821e+00,-2.0795264472811704e-17,-4.9854807980193163e-17,8.2535259425670485e-02,2.4028458073799608e-01,5.0873168022230242e-01,-1.7182341573585003e-04,2.4860991745140466e+00,0.0000000000000000e+00,-5.4140297003891358e-01,9.2518585385429716e-17,2.1233972760711931e-16,5.5511151231257827e-16,2.1655618690028466e-01,-2.5214177353818460e-17
85,4.3958825808779665e+00,1.2209389348850581e+00,1.3523437841312802e-01,-7.7715611723760958e-15,7.7715611723760958e-15,0.0000000000000000e+00,5.6475942597242328e-17,-3.1022071836883092e-01,1.5218553391289336e-01,-4.6240625228172427e-01,-3.1022071836883092e-01,0.0000000000000000e+00,-1.6850952838804370e-17,-3.1022071836883092e-01,1.5218553391289336e-01,-4.6240625228172427e-01,0.0000000000000000e+00,-2.0834397398733828e-01,3.1022071836883092e-01,2.0834397398733828e-01,0.0000000000000000e+00,1.6969044773303970e+00,1.1415919665889687e+00,-1.6969044773303970e+00,8.5252239667226681e-01,-2.5494268740026640e+00,-1.6969044773303970e+00,8.5252239667226681e-01,-2.5494268740026635e+00,-2.1446960643954557e-17,-4.9854807980193163e-17,8.2877068000295984e-02,2.5064353760845781e-01,5.1881600942596073e-01,-1.8578163755234023e-04,2.5492410923651114e+00,0.0000000000000000e+00,-5.5531251074142829e-01,4.6259292692714858e-17,1.5258555995074125e-16,5.5511151231257827e-16,2.1279664210428650e-01,-2.3903840758743024e-17
86,4.5331139022611024e+00,1.2590543895815143e+00,1.3723132138313598e-01,-7.7715611723760958e-15,7.7715611723760958e-15,0.0000000000000000e+00,5.5439322964538228e-17,-3.0419761289050284e-01,1.4894086793557504e-01,-4.5313848082607788e-01,-3.0419761289050284e-01,0.0000000000000000e+00,4.5416614931458147e-18,-3.0419761289050284e-01,1.4894086793557504e-01,-4.5313848082607788e-01,0.0000000000000000e+00,-2.0429244916463113e-01,3.0419761289050284e-01,2.0429244916463116e-01,0.0000000000000000e+00,1.7390631970707668e+00,1.1699052873889464e+00,-1.7390631970707668e+00,8.7318438368677409e-01,-2.6122475807575412e+00,-1.7390631970707668e+00,8.7318438368677409e-01,-2.6122475807575407e+00,-2.2291570802281918e-17,-4.9854807980193163e-17,8.3139042952996831e-02,2.6115848299708033e-01,5.2868692854272403e-01,-1.9992919397293640e-04,2.6120476515635680e+00,0.0000000000000000e+00,-5.6915790968182045e-01,9.2518585385429716e-17,1.8197608478219964e-16,3.7007434154171886e-16,2.0897280782250693e-01,-2.5843438839181137e-17
87,4.6700523991916070e+00,1.2970885134487851e+00,1.3693849693050453e-01,-7.7715611723760958e-15,7.7715611723760958e-15,0.0000000000000000e+00,4.2613049967240150e-17,-2.9823573868657288e-01,1.4573732826159547e-01,-4.4397306694816835e-01,-2.9823573868657294e-01,5.5511151231257827e-17,-2.2663370657991345e-17,-2.9823573868657294e-01,1.4573732826159547e-01,-4.4397306694816840e-01,0.0000000000000000e+00,-2.0028271936920022e-01,2.9823573868657294e-01,2.0028271936920022e-01,0.0000000000000000e+00,1.7803113559036523e+00,1.1976062451261607e+00,-1.7803113559036523e+00,8.9336077831949057e-01,-2.6736721342231431e+00,-1.7803113559036523e+00,8.9336077831949057e-01,-2.6736721342231426e+00,-2.3532350609704766e-17,-4.9854807980193163e-17,8.3320053364333124e-02,2.7164379971862956e-01,5.3818316335729188e-01,-2.1376187923594081e-04,2.6734583723439069e+00,0.0000000000000000e+00,-5.8270511077749165e-01,9.2518585385429716e-17,2.2837524571434303e-16,1.2952601953960161e-15,2.0515353959845739e-01,-2.5786772740208852e-17
88,4.8072882956586813e+00,1.3352052388566418e+00,1.3723589646707435e-01,-7.7715611723760958e-15,7.7715611723760958e-15,0.0000000000000000e+00,3.3943289250747365e-17,-2.9231068731564092e-01,1.4256488982516000e-01,-4.3487557714080094e-01,-2.9231068731564086e-01,-5.5511151231257827e-17,1.2710424018819060e-17,-2.9231068731564092e-01,1.4256488982516000e-01,-4.3487557714080094e-01,5.5511151231257827e-17,-1.9629830893901934e-01,2.9231068731564092e-01,1.9629830893901934e-01,0.0000000000000000e+00,1.8208334399925725e+00,1.2248188215970170e+00,-1.8208334399925725e+00,9.1314348499578146e-01,-2.7339769249883545e+00,-1.8208334399925725e+00,9.1314348499578146e-01,-2.7339769249883541e+00,-2.4215301386962647e-17,-4.6045746678622660e-17,8.3425545918753785e-02,2.8213477968781786e-01,5.4735590659164790e-01,-2.2725279756186101e-04,2.7337496721907923e+00,0.0000000000000000e+00,-5.9601461839555547e-01,4.6259292692714858e-17,1.3956590366316719e-16,3.7007434154171886e-16,2.0132722563150413e-01,-2.3512668714875554e-17
89,4.9467896253014541e+00,1.3739511793351245e+00,1.3950132964277273e-01,-1.9428902930940239e-14,1.9428902930940239e-14,0.0000000000000000e+00,4.8034960350613021e-17,-2.8634122808908957e-01,1.3938152832197737e-01,-4.2572275641106694e-01,-2.8634122808908963e-01,5.5511151231257827e-17,3.9635601242938276e-18,-2.8634122808908968e-01,1.3938152832197734e-01,-4.2572275641106705e-01,5.5511151231257827e-17,-1.9228455136514755e-01,2.8634122808908968e-01,1.9228455136514755e-01,0.0000000000000000e+00,1.8611947957922210e+00,1.2519227344414285e+00,-1.8611947957922210e+00,9.3280943510555292e-01,-2.7940042308977744e+00,-1.8611947957922210e+00,9.3280943510555292e-01,-2.7940042308977739e+00,-2.3052279907759270e-17,-3.8301867271861153e-17,8.3459528044140710e-02,2.9277160863357465e-01,5.5633758032924185e-01,-2.4071809859571580e-04,2.7937635127991785e+00,0.0000000000000000e+00,-6.0927206135079248e-01,9.2518585385429716e-17,2.2917032884376571e-16,5.5511151231257827e-16,1.9744365573900169e-01,-2.5227176424403084e-17
90,5.0871325114838166e+00,1.4129308588014413e+00,1.4034288618236257e-01,-1.1657341758564144e-14,1.1657341758564144e-14,0.0000000000000000e+00,5.6565971921257520e-17,-2.8039543376728066e-01,1.3622016390179276e-01,-4.1661559766907341e-01,-2.8039543376728066e-01,0.0000000000000000e+00,-2.7848878819210947e-18,-2.8039543376728066e-01,1.3622016390179273e-01,-4.1661559766907341e-01,0.0000000000000000e+00,-1.8828717427557892e-01,2.8039543376728066e-01,1.8828717427557892e-01,0.0000000000000000e+00,1.9009635252073613e+00,1.2786280016293394e+00,-1.9009635252073613e+00,9.5214880356726650e-01,-2.8531123287746283e+00,-1.9009635252073613e+00,9.5214880356726650e-01,-2.8531123287746278e+00,-2.2969570775580457e-17,-3.4406569682310986e-17,8.3423773939812901e-02,3.0343527076505761e-01,5.6503574160486392e-01,-2.5401725753204651e-04,2.8528583115170960e+00,0.0000000000000000e+00,-6.2233552357802191e-01,9.2518585385429716e-17,1.8471886435353734e-16,7.4014868308343773e-16,1.9354706412086448e-01,-2.4273666718157615e-17
91,5.2306820054790810e+00,1.4528011608573397e+00,1.4354949399526440e-01,-3.8857805861880479e-15,3.8857805861880479e-15,0.0000000000000000e+00,6.7164257675134369e-17,-2.7437608910555861e-01,1.3303308592127849e-01,-4.0740917502683710e-01,-2.7437608910555866e-01,5.5511151231257827e-17,8.0193193897772257e-19,-2.7437608910555866e-01,1.3303308592127849e-01,-4.0740917502683716e-01,0.0000000000000000e+00,-1.8424079683951713e-01,2.7437608910555866e-01,1.8424079683951716e-01,0.0000000000000000e+00,1.9407821109030505e+00,1.3053661025056666e+00,-1.9407821109030505e+00,9.7147438745160775e-01,-2.9122564983546586e+00,-1.9407821109030505e+00,9.7147438745160763e-01,-2.9122564983546582e+00,-2.3111896936692668e-17,-3.4406569682310986e-17,8.3319252541270705e-02,3.1429424171123593e-01,5.7359348118805387e-01,-2.6741201104718559e-04,2.9119890863436111e+00,0.0000000000000000e+00,-6.3541600839738388e-01,9.2518585385429716e-17,2.0665792149537109e-16,5.5511151231257827e-16,1.8957652023233812e-01,-2.4919711898089548e-17
92,5.3783564821846701e+00,1.4938171604845680e+00,1.4767447670558909e-01,-1.1657341758564144e-14,1.1657341758564144e-14,0.0000000000000000e+00,6.7217005294624086e-17,-2.6825347516880327e-01,1.2980354193529506e-01,-3.9805701710409835e-01,-2.6825347516880327e-01,0.0000000000000000e+00,4.8269566830573874e-18,-2.6825347516880327e-01,1.2980354193529506e-01,-3.9805701710409835e-01,0.0000000000000000e+00,-1.8012542540511406e-01,2.6825347516880327e-01,1.8012542540511406e-01,0.0000000000000000e+00,1.9808483793776497e+00,1.3322698981052508e+00,-1.9808483793776497e+00,9.9088151819049830e-01,-2.9717298975681481e+00,-1.9808483793776497e+00,9.9088151819049819e-01,-2.9717298975681476e+00,-2.2696275345846130e-17,-3.4406569682310986e-17,8.3144794869931676e-02,3.2540445316545658e-01,5.8205115644577776e-01,-2.8111370933225910e-04,2.9714487838588157e+00,0.0000000000000000e+00,-6.4857848127239892e-01,9.2518585385429716e-17,1.7701358771037921e-16,7.4014868308343773e-16,1.8551205202312693e-01,-2.5384425154595534e-17
93,5.5276889753923113e+00,1.5352936676128028e+00,1.4933249320764119e-01,-7.7715611723760958e-15,7.7715611723760958e-15,0.0000000000000000e+00,3.9097970592422293e-17,-2.6213868306323307e-01,1.2658742171935949e-01,-3.8872610478259256e-01,-2.6213868306323307e-01,0.0000000000000000e+00,2.3253055734612312e-17,-2.6213868306323312e-01,1.2658742171935952e-01,-3.8872610478259262e-01,5.5511151231257827e-17,-1.7601570648445822e-01,2.6213868306323312e-01,1.7601570648445822e-01,0.0000000000000000e+00,2.0204507710609354e+00,1.3588616196846814e+00,-2.0204507710609354e+00,1.0100252691097280e+00,-3.0304760401706634e+00,-2.0204507710609354e+00,1.0100252691097278e+00,-3.0304760401706630e+00,-2.0599646214030060e-17,-3.0261760375215910e-17,8.2904177332105949e-02,3.3656697686083492e-01,5.9025934297347038e-01,-2.9477194331661849e-04,3.0301812682273468e+00,0.0000000000000000e+00,-6.6158915137625396e-01,9.2518585385429716e-17,2.6732508402237266e-16,5.5511151231257827e-16,1.8142689951889279e-01,-2.3268454265980010e-17
94,5.6776064997051812e+00,1.5769326648079014e+00,1.4991752431286987e-01,-7.7715611723760958e-15,7.7715611723760958e-15,0.0000000000000000e+00,5.0019214494508283e-17,-2.5607882233507501e-01,1.2341084476922576e-01,-3.7948966710430077e-01,-2.5607882233507501e-01,0.0000000000000000e+00,1.2264751190205470e-17,-2.5607882233507501e-01,1.2341084476922574e-01,-3.7948966710430077e-01,0.0000000000000000e+00,-1.7194327325352651e-01,2.5607882233507501e-01,1.7194327325352651e-01,0.0000000000000000e+00,2.0592957137933880e+00,1.3849441940870568e+00,-2.0592957137933880e+00,1.0287648297069669e+00,-3.0880605435003550e+00,-2.0592957137933880e+00,1.0287648297069667e+00,-3.0880605435003545e+00,-1.7937275372434468e-17,-2.6100713193042164e-17,8.2602407210593407e-02,3.4769051986976940e-01,5.9816379878761128e-01,-3.0810383899293470e-04,3.0877524396613620e+00,0.0000000000000000e+00,-6.7435151970633123e-01,9.2518585385429716e-17,2.0502053808399642e-16,5.5511151231257827e-16,1.7735489833696266e-01,-2.3780055452593855e-17
95,5.8285190802377471e+00,1.6188480349175793e+00,1.5091258053256595e-01,-3.8857805861880479e-15,3.8857805861880479e-15,0.0000000000000000e+00,4.6420867118417813e-17,-2.5005987465783719e-01,1.2026758150450226e-01,-3.7032745616233942e-01,-2.5005987465783724e-01,5.5511151231257827e-17,8.3079516232628235e-19,-2.5005987465783730e-01,1.2026758150450226e-01,-3.7032745616233953e-01,5.5511151231257827e-17,-1.6789867641085646e-01,2.5005987465783730e-01,1.6789867641085646e-01,0.0000000000000000e+00,2.0974870622286836e+00,1.4105874068855919e+00,-2.0974870622286836e+00,1.0471518997715084e+00,-3.1446389620001920e+00,-2.0974870622286836e+00,1.0471518997715081e+00,-3.1446389620001916e+00,-1.6949134025662268e-17,-2.1912047652720842e-17,8.2242296815401045e-02,3.5879509184484543e-01,6.0579339939879606e-01,-3.2111171246596015e-04,3.1443178502877260e+00,0.0000000000000000e+00,-6.8689965534309172e-01,9.2518585385429716e-17,2.0402655666792417e-16,9.2518585385429718e-16,1.7328904622467392e-01,-2.2373538905012146e-17
96,5.9795457059566841e+00,1.6607950806250047e+00,1.5102662571893699e-01,-7.7715611723760958e-15,7.7715611723760958e-15,0.0000000000000000e+00,4.4312710998471828e-17,-2.4412051313321387e-01,1.1717647268220660e-01,-3.6129698581542047e-01,-2.4412051313321387e-01,0.0000000000000000e+00,1.3372988755351261e-17,-2.4412051313321387e-01,1.1717647268220660e-01,-3.6129698581542047e-01,0.0000000000000000e+00,-1.6390787236983750e-01,2.4412051313321387e-01,1.6390787236983750e-01,0.0000000000000000e+00,2.1348042604609629e+00,1.4356432186124890e+00,-2.1348042604609629e+00,1.0650820869219300e+00,-3.1998863473828925e+00,-2.1348042604609629e+00,1.0650820869219297e+00,-3.1998863473828920e+00,-1.5876559246898396e-17,-1.7720216722605600e-17,8.1829737015820136e-02,3.6980621241728595e-01,6.1311244698075917e-01,-3.3369050806464351e-04,3.1995526568748280e+00,0.0000000000000000e+00,-6.9916104184847394e-01,9.2518585385429716e-17,2.1891449651139078e-16,5.5511151231257827e-16,1.6925684766304838e-01,-2.1426682970486197e-17
97,6.1308631590162035e+00,1.7028229024716726e+00,1.5131745305951938e-01,-7.7715611723760958e-15,7.7715611723760958e-15,0.0000000000000000e+00,4.6380712112249741e-17,-2.3825522617348671e-01,1.1413515519167580e-01,-3.5239038136516254e-01,-2.3825522617348671e-01,0.0000000000000000e+00,-7.3761716248280062e-18,-2.3825522617348671e-01,1.1413515519167582e-01,-3.5239038136516254e-01,0.0000000000000000e+00,-1.5996713052809292e-01,2.3825522617348671e-01,1.5996713052809292e-01,0.0000000000000000e+00,2.1713001946057591e+00,1.4601471888865687e+00,-2.1713001946057591e+00,1.0825828301183935e+00,-3.2538830247241526e+00,-2.1713001946057591e+00,1.0825828301183933e+00,-3.2538830247241521e+00,-1.5422847699571158e-17,-1.7720216722605600e-17,8.1368244581966273e-02,3.8072818779748019e-01,6.2014056757703528e-01,-3.4583016191169769e-04,3.2535371945622407e+00,0.0000000000000000e+00,-7.1115300571919038e-01,9.2518585385429716e-17,1.5957779829637993e-16,7.4014868308343773e-16,1.6525686668491485e-01,-2.1494568283759779e-17
98,6.2873838519097252e+00,1.7462959035250172e+00,1.5652069289352166e-01,-7.7715611723760958e-15,7.7715611723760958e-15,0.0000000000000000e+00,5.2248463519947549e-17,-2.3227758015178851e-01,1.1105056888305356e-01,-3.4332814903484210e-01,-2.3227758015178854e-01,2.7755575615628914e-17,1.9564683586343359e-17,-2.3227758015178854e-01,1.1105056888305354e-01,-3.4332814903484210e-01,-2.7755575615628914e-17,-1.5595118360106655e-01,2.3227758015178854e-01,1.5595118360106655e-01,0.0000000000000000e+00,2.2081242550433418e+00,1.4848710655991932e+00,-2.2081242550433418e+00,1.1002059428993465e+00,-3.3083301979426882e+00,-2.2081242550433418e+00,1.1002059428993463e+00,-3.3083301979426878e+00,-1.4468970530792479e-17,-1.9892377686113986e-17,8.0844415381835247e-02,3.9190129888343983e-01,6.2710209017484042e-01,-3.5813845923104992e-04,3.3079720594834572e+00,0.0000000000000000e+00,-7.2325318944414851e-01,9.2518585385429716e-17,2.2503612582557086e-16,7.4014868308343773e-16,1.6116449787878881e-01,-2.4546430289363839e-17
99,6.4518478529476493e+00,1.7919751268799944e+00,1.6446400103792413e-01,-1.1657341758564144e-14,1.1657341758564144e-14,0.0000000000000000e+00,3.4944191820975167e-17,-2.2609754908716589e-01,1.0787520253287756e-01,-3.3397275162004347e-01,-2.2609754908716595e-01,5.5511151231257827e-17,2.3672191526952243e-17,-2.2609754908716595e-01,1.0787520253287756e-01,-3.3397275162004353e-01,-2.7755575615628914e-17,-1.5179955310812701e-01,2.2609754908716595e-01,1.5179955310812701e-01,0.0000000000000000e+00,2.2458173589087989e+00,1.5101780243399745e+00,-2.2458173589087989e+00,1.1182086470480355e+00,-3.3640260059568341e+00,-2.2458173589087989e+00,1.1182086470480352e+00,-3.3640260059568337e+00,-1.0913515794037657e-17,-2.4457170702970961e-17,8.0247692152563430e-02,4.0349647445365433e-01,6.3409347671659555e-01,-3.7100372522202996e-04,3.3636550022316123e+00,0.0000000000000000e+00,-7.3563933456882435e-01,9.2518585385429716e-17,1.7687753386309532e-16,5.5511151231257827e-16,1.5691708565127849e-01,-2.4340158576247852e-17
100,6.6197337038986994e+00,1.8386047554633647e+00,1.6788585095105013e-01,-3.8857805861880479e-15,3.8857805861880479e-15,0.0000000000000000e+00,3.4964811845657476e-17,-2.1990040921246592e-01,1.0469989110651789e-01,-3.2460030031898379e-01,-2.1990040921246595e-01,2.7755575615628914e-17,-8.9472996154795310e-18,-2.1990040921246590e-01,1.0469989110651789e-01,-3.2460030031898379e-01,-5.5511151231257827e-17,-1.4763669696815077e-01,2.1990040921246590e-01,1.4763669696815077e-01,0.0000000000000000e+00,2.2832557322845810e+00,1.5353135791647983e+00,-2.2832557322845810e+00,1.1360528222913600e+00,-3.4193085545759407e+00,-2.2832557322845810e+00,1.1360528222913597e+00,-3.4193085545759407e+00,-9.6774652896777406e-18,-3.1446823349270077e-17,7.9594153897801945e-02,4.1517094726537995e-01,6.4090371665998691e-01,-3.8400446819109035e-04,3.4189245501077501e+00,0.0000000000000000e+00,-7.4794215311978274e-01,9.2518585385429716e-17,2.0925619992679846e-16,7.4014868308343773e-16,1.5263999892761437e-01,-2.5128901717385328e-17
101,6.7855492771362664e+00,1.8846593726309588e+00,1.6581557323756702e-01,-7.7715611723760958e-15,7.7715611723760958e-15,0.0000000000000000e+00,5.3604981244367923e-17,-2.1389131015853827e-01,1.0162920646334375e-01,-3.1552051662188202e-01,-2.1389131015853827e-01,0.0000000000000000e+00,-9.0143593203070917e-18,-2.1389131015853829e-01,1.0162920646334375e-01,-3.1552051662188207e-01,2.7755575615628914e-17,-1.4360039747125247e-01,2.1389131015853829e-01,1.4360039747125244e-01,0.0000000000000000e+00,2.3192204435911874e+00,1.5594594020460548e+00,-2.3192204435911874e+00,1.1531591110859283e+00,-3.4723795546771155e+00,-2.3192204435911874e+00,1.1531591110859281e+00,-3.4723795546771155e+00,-1.1166626676045303e-17,-3.3747976689892150e-17,7.8909002392359207e-02,4.2653266067042250e-01,6.4732114697441456e-01,-3.9630104873200622e-04,3.4719832536283839e+00,0.0000000000000000e+00,-7.5976104154513258e-01,9.2518585385429716e-17,2.0052216185370791e-16,5.5511151231257827e-16,1.4847666655016972e-01,-2.4922630004191478e-17
102,6.9495221029076868e+00,1.9302021740056639e+00,1.6397282577142036e-01,-1.1657341758564144e-14,1.1657341758564144e-14,0.0000000000000000e+00,4.8568746180365378e-17,-2.0805628889484878e-01,9.8658987047815741e-02,-3.0671527594266451e-01,-2.0805628889484881e-01,2.7755575615628914e-17,-1.2307797778188249e-17,-2.0805628889484881e-01,9.8658987047815741e-02,-3.0671527594266457e-01,0.0000000000000000e+00,-1.3968124769155879e-01,2.0805628889484881e-01,1.3968124769155879e-01,0.0000000000000000e+00,2.3538144136633123e+00,1.5826846479693164e+00,-2.3538144136633123e+00,1.1695800216152672e+00,-3.5233944352785795e+00,-2.3538144136633123e+00,1.1695800216152670e+00,-3.5233944352785795e+00,-1.2914753851536519e-17,-3.1472396607588648e-17,7.8196638029460017e-02,4.3759570486562110e-01,6.5337991955040342e-01,-4.0775916978263993e-04,3.5229866761087969e+00,0.0000000000000000e+00,-7.7112976569399594e-01,9.2518585385429716e-17,1.9919715525021471e-16,9.2518585385429718e-16,1.4442166447884019e-01,-2.5363428913708146e-17
103,7.1196966933923385e+00,1.9774674909080399e+00,1.7017459048465167e-01,-3.8857805861880479e-15,3.8857805861880479e-15,0.0000000000000000e+00,4.3080009270484509e-17,-2.0211093816004416e-01,9.5648881865132929e-02,-2.9775982002517709e-01,-2.0211093816004416e-01,0.0000000000000000e+00,1.0662225352348093e-17,-2.0211093816004416e-01,9.5648881865132929e-02,-2.9775982002517709e-01,0.0000000000000000e+00,-1.3568821385872890e-01,2.0211093816004416e-01,1.3568821385872890e-01,0.0000000000000000e+00,2.3887144336104580e+00,1.6061150906449659e+00,-2.3887144336104580e+00,1.1861131526253703e+00,-3.5748275862358283e+00,-2.3887144336104580e+00,1.1861131526253701e+00,-3.5748275862358287e+00,-1.3054771158376610e-17,-3.1472396607588648e-17,7.7424550261935648e-02,4.4888858995213454e-01,6.5938076547823887e-01,-4.1924693306127914e-04,3.5744083393027672e+00,0.0000000000000000e+00,-7.8259934296549205e-01,9.2518585385429716e-17,2.0647663122293502e-16,9.2518585385429718e-16,1.4028082829377045e-01,-2.6540530422464383e-17
104,7.2966469796299602e+00,2.0266147304058291e+00,1.7695028623762177e-01,-7.7715611723760958e-15,7.7715611723760958e-15,0.0000000000000000e+00,2.3288374708154244e-17,-1.9605204721288805e-01,9.2593101230745878e-02,-2.8864514844363393e-01,-1.9605204721288808e-01,2.7755575615628914e-17,6.6107156142983962e-18,-1.9605204721288810e-01,9.2593101230745878e-02,-2.8864514844363398e-01,2.7755575615628914e-17,-1.3161913223645041e-01,1.9605204721288810e-01,1.3161913223645041e-01,0.0000000000000000e+00,2.4239419607259411e+00,1.6297651463474465e+00,-2.4239419607259411e+00,1.2027678890207469e+00,-3.6267098497466881e+00,-2.4239419607259411e+00,1.2027678890207467e+00,-3.6267098497466885e+00,-1.1526545234269791e-17,-2.9016718082650903e-17,7.6590200561800645e-02,4.6042007593785533e-01,6.6532656671295365e-01,-4.3104580813735360e-04,3.6262788039385505e+00,0.0000000000000000e+00,-7.9417681437849463e-01,9.2518585385429716e-17,1.5661691404165734e-16,5.5511151231257827e-16,1.3605026230320288e-01,-2.7461410129380642e-17
105,7.4751291542153782e+00,2.0761874458105170e+00,1.7848217458541793e-01,-1.1657341758564144e-14,1.1657341758564144e-14,0.0000000000000000e+00,3.9292018426785691e-17,-1.9007004883767503e-01,8.9584857446415048e-02,-2.7965490628409007e-01,-1.9007004883767506e-01,2.7755575615628914e-17,-2.2822375278040902e-17,-1.9007004883767503e-01,8.9584857446415034e-02,-2.7965490628409007e-01,0.0000000000000000e+00,-1.2760188074795140e-01,1.9007004883767503e-01,1.2760188074795140e-01,0.0000000000000000e+00,2.4583999164052330e+00,1.6528983113952920e+00,-2.4583999164052330e+00,1.2190256481338630e+00,-3.6774255645390963e+00,-2.4583999164052330e+00,1.2190256481338628e+00,-3.6774255645390967e+00,-1.2973291369481525e-17,-2.6539780336277178e-17,7.5719834736157718e-02,4.7182636918256871e-01,6.7103684822899612e-01,-4.4259598614049267e-04,3.6769829685529558e+00,0.0000000000000000e+00,-8.0550160500994106e-01,4.6259292692714858e-17,1.6614751237845959e-16,7.4014868308343773e-16,1.3186268439390220e-01,-2.6327124400410825e-17
106,7.6552456694280462e+00,2.1262140928359798e+00,1.8011651521266803e-01,-7.7715611723760958e-15,7.7715611723760958e-15,0.0000000000000000e+00,3.8951124942628492e-17,-1.8416277683913865e-01,8.6625738880462017e-02,-2.7078851571960066e-01,-1.8416277683913865e-01,0.0000000000000000e+00,-1.7780217486793819e-17,-1.8416277683913865e-01,8.6625738880462017e-02,-2.7078851571960066e-01,2.7755575615628914e-17,-1.2363498966813674e-01,1.8416277683913865e-01,1.2363498966813675e-01,0.0000000000000000e+00,2.4921026726247817e+00,1.6755242661914331e+00,-2.4921026726247817e+00,1.2348948674108347e+00,-3.7269975400356166e+00,-2.4921026726247817e+00,1.2348948674108344e+00,-3.7269975400356170e+00,-1.6629890128182082e-17,-2.4040161557472787e-17,7.4815708416357179e-02,4.8310133092187052e-01,6.7652410263002150e-01,-4.5372544258559522e-04,3.7265438145930307e+00,0.0000000000000000e+00,-8.1657840643334856e-01,9.2518585385429716e-17,1.9024046241080473e-16,5.5511151231257827e-16,1.2771958009304885e-01,-2.5189584778628928e-17
107,7.8345435244003481e+00,2.1760133602298182e+00,1.7929785497230188e-01,-7.7715611723760958e-15,7.7715611723760958e-15,0.0000000000000000e+00,4.7086525543971580e-17,-1.7841206881845953e-01,8.3754898039263517e-02,-2.6216696685772306e-01,-1.7841206881845956e-01,2.7755575615628914e-17,-1.6004504909218926e-17,-1.7841206881845956e-01,8.3754898039263531e-02,-2.6216696685772312e-01,2.7755575615628914e-17,-1.1977339150958208e-01,1.7841206881845956e-01,1.1977339150958208e-01,0.0000000000000000e+00,2.5246071186714421e+00,1.6973455665051558e+00,-2.5246071186714421e+00,1.2501693087750954e+00,-3.7747764274465379e+00,-2.5246071186714421e+00,1.2501693087750951e+00,-3.7747764274465383e+00,-1.9658654256401968e-17,-1.9063646386068995e-17,7.3893130132485607e-02,4.9408381150097536e-01,6.8172814766648182e-01,-4.6421947515251638e-04,3.7743122079713851e+00,0.0000000000000000e+00,-8.2726155216628627e-01,4.6259292692714858e-17,1.4580852740451999e-16,9.2518585385429718e-16,1.2367939749418584e-01,-2.6947769185832871e-17
108,8.0152348744253814e+00,2.2261996653422824e+00,1.8069135002503334e-01,-7.7715611723760958e-15,7.7715611723760958e-15,0.0000000000000000e+00,5.9006813577969790e-17,-1.7274560624645727e-01,8.0937815770802279e-02,-2.5368342201725957e-01,-1.7274560624645732e-01,5.5511151231257827e-17,2.5379963579309004e-17,-1.7274560624645735e-01,8.0937815770802279e-02,-2.5368342201725963e-01,0.0000000000000000e+00,-1.1596850627958612e-01,1.7274560624645735e-01,1.1596850627958613e-01,0.0000000000000000e+00,2.5563326958610078e+00,1.7186438273896498e+00,-2.5563326958610078e+00,1.2650485831739089e+00,-3.8213812790349175e+00,-2.5563326958610078e+00,1.2650485831739087e+00,-3.8213812790349180e+00,-1.8811622114300729e-17,-1.6556050171714053e-17,7.2943475620758799e-02,5.0490271051476598e-01,6.8672817430512090e-01,-4.7422273326325204e-04,3.8209070563016532e+00,0.0000000000000000e+00,-8.3768886847135793e-01,9.2518585385429716e-17,2.5739461938222585e-16,2.0354088784794539e-15,1.1969388634440231e-01,-2.5017525168507447e-17
109,8.2053101465330975e+00,2.2789923175584006e+00,1.9007527210771613e-01,-1.1657341758564144e-14,1.1657341758564144e-14,0.0000000000000000e+00,6.6126338125264942e-17,-1.6692243076695473e-01,7.8057110876180807e-02,-2.4497954164313554e-01,-1.6692243076695479e-01,5.5511151231257827e-17,-1.2812501890685189e-17,-1.6692243076695479e-01,7.8057110876180807e-02,-2.4497954164313560e-01,0.0000000000000000e+00,-1.1205852999064708e-01,1.6692243076695479e-01,1.1205852999064710e-01,0.0000000000000000e+00,2.5886139431418167e+00,1.7403149778731402e+00,-2.5886139431418167e+00,1.2801590851469948e+00,-3.8687730282888122e+00,-2.5886139431418167e+00,1.2801590851469946e+00,-3.8687730282888131e+00,-1.7617240264216494e-17,-1.6556050171714053e-17,7.1925739530552105e-02,5.1600845883169999e-01,6.9174044510592370e-01,-4.8444167881900313e-04,3.8682885866099923e+00,0.0000000000000000e+00,-8.4829896526867654e-01,1.3877787807814457e-16,2.8425949549284489e-16,3.7007434154171886e-16,1.1559566033018095e-01,-2.4109622242305198e-17
110,8.4028941755865354e+00,2.3338704972059152e+00,1.9758402905343786e-01,-7.7715611723760958e-15,7.7715611723760958e-15,0.0000000000000000e+00,5.4368970435232012e-17,-1.6102097250737699e-01,7.5147858823037442e-02,-2.3616883133041444e-01,-1.6102097250737699e-01,0.0000000000000000e+00,1.2547723208935110e-17,-1.6102097250737701e-01,7.5147858823037442e-02,-2.3616883133041444e-01,2.7755575615628914e-17,-1.0809611370664328e-01,1.6102097250737701e-01,1.0809611370664328e-01,0.0000000000000000e+00,2.6210121326020359e+00,1.7620644986314076e+00,-2.6210121326020359e+00,1.2952945127390856e+00,-3.9163066453411224e+00,-2.6210121326020359e+00,1.2952945127390854e+00,-3.9163066453411233e+00,-1.7643398283590313e-17,-1.3814020942297396e-17,7.0850179160837218e-02,5.2724890727567508e-01,6.9670055039247669e-01,-4.9487591009667042e-04,3.9158117694310248e+00,0.0000000000000000e+00,-8.5894763397062834e-01,1.3877787807814457e-16,2.4179055693503575e-16,2.0354088784794539e-15,1.1143880933422309e-01,-2.4698366880156683e-17
111,8.5981606172826375e+00,2.3881049761659101e+00,1.9526644169610208e-01,-1.9428902930940239e-14,1.9428902930940239e-14,0.0000000000000000e+00,4.6743434861084387e-17,-1.5534121348576235e-01,7.2354949641003030e-02,-2.2769616312676538e-01,-1.5534121348576235e-01,0.0000000000000000e+00,-1.5041204915856733e-17,-1.5534121348576235e-01,7.2354949641003044e-02,-2.2769616312676538e-01,2.7755575615628914e-17,-1.0428265370803042e-01,1.5534121348576235e-01,1.0428265370803043e-01,0.0000000000000000e+00,2.6518995917750763e+00,1.7827997217338414e+00,-2.6518995917750763e+00,1.3096956870135630e+00,-3.9615952787886402e+00,-2.6518995917750763e+00,1.3096956870135628e+00,-3.9615952787886410e+00,-1.7886844933762768e-17,-8.3942884546064401e-18,6.9772082157209842e-02,5.3804858152179424e-01,7.0137035865095276e-01,-5.0466468360621519e-04,3.9610906141050330e+00,0.0000000000000000e+00,-8.6909987004123490e-01,9.2518585385429716e-17,2.1259152388627147e-16,1.1102230246251565e-15,1.0743467145766918e-01,-2.3903599181402976e-17
112,8.7880032634513583e+00,2.4408330174510136e+00,1.8984264616872082e-01,-1.1657341758564144e-14,1.1657341758564144e-14,0.0000000000000000e+00,5.9011138297569388e-17,-1.4996139290662097e-01,6.9718384030880876e-02,-2.1967977693750185e-01,-1.4996139290662100e-01,2.7755575615628914e-17,-3.4286316587758544e-18,-1.4996139290662100e-01,6.9718384030880876e-02,-2.1967977693750187e-01,0.0000000000000000e+00,-1.0067065881345486e-01,1.4996139290662100e-01,1.0067065881345487e-01,0.0000000000000000e+00,2.6808793191149451e+00,1.8022541613289031e+00,-2.6808793191149451e+00,1.3231814758207041e+00,-4.0040607949356497e+00,-2.6808793191149451e+00,1.3231814758207039e+00,-4.0040607949356506e+00,-1.9640026258578805e-17,-5.7596924942029324e-18,6.8711559064034838e-02,5.4825031162480609e-01,7.0570620390481897e-01,-5.1340122704424118e-04,4.0035473937086046e+00,0.0000000000000000e+00,-8.7862515778604200e-01,9.2518585385429716e-17,2.3391838243755407e-16,9.2518585385429718e-16,1.0364105741845103e-01,-2.7735993688941690e-17
113,8.9851685484757908e+00,2.4955948926069147e+00,1.9716528502443254e-01,-3.8857805861880479e-15,3.8857805861880479e-15,0.0000000000000000e+00,5.1236064930600438e-17,-1.4451732637649894e-01,6.7064422535194373e-02,-2.1158174891169332e-01,-1.4451732637649900e-01,5.5511151231257827e-17,-2.0699261930641885e-17,-1.4451732637649900e-01,6.7064422535194401e-02,-2.1158174891169340e-01,2.7755575615628914e-17,-9.7015606456338499e-02,1.4451732637649900e-01,9.7015606456338499e-02,0.0000000000000000e+00,2.7099098094254881e+00,1.8217425957475704e+00,-2.7099098094254881e+00,1.3366658863422252e+00,-4.0465756957677135e+00,-2.7099098094254881e+00,1.3366658863422249e+00,-4.0465756957677144e+00,-2.2018617766877170e-17,-3.0234745055666003e-18,6.7599093322600057e-02,5.5853156961666806e-01,7.1001328510654538e-01,-5.2193829641167255e-04,4.0460537574713014e+00,0.0000000000000000e+00,-8.8816721367791773e-01,9.2518585385429716e-17,2.2156221329520568e-16,2.0354088784794539e-15,9.9804730602177788e-02,-2.8903109173112615e-17
114,9.1891786515423064e+00,2.5522578887996095e+00,2.0401010306651557e-01,-1.9428902930940239e-14,1.9428902930940239e-14,0.0000000000000000e+00,4.8884630176737306e-17,-1.3903970132378102e-01,6.4403519669809145e-02,-2.0344322099359016e-01,-1.3903970132378102e-01,0.0000000000000000e+00,-2.5232924326202346e-17,-1.3903970132378102e-01,6.4403519669809131e-02,-2.0344322099359013e-01,2.7755575615628914e-17,-9.3338083572998651e-02,1.3903970132378102e-01,9.3338083572998651e-02,0.0000000000000000e+00,2.7388340586486724e+00,1.8411596337085587e+00,-2.7388340586486724e+00,1.3500762805618178e+00,-4.0889103392104911e+00,-2.7388340586486724e+00,1.3500762805618176e+00,-4.0889103392104920e+00,-2.6703932793041762e-17,2.6389433364483207e-18,6.6437950556008124e-02,5.6883055816408346e-01,7.1427728232040477e-01,-5.3048952132161986e-04,4.0883798496891686e+00,0.0000000000000000e+00,-8.9767442494011362e-01,9.2518585385429716e-17,2.5681199540609599e-16,7.4014868308343773e-16,9.5946061914903236e-02,-3.0642271671239436e-17
115,9.3930637492439537e+00,2.6088861652484923e+00,2.0388509770164731e-01,-1.5543122344752192e-14,1.5543122344752192e-14,0.0000000000000000e+00,5.6203500166291797e-17,-1.3372255439216729e-01,6.1827907373545890e-02,-1.9555046176571317e-01,-1.3372255439216729e-01,0.0000000000000000e+00,-1.1338387081011109e-17,-1.3372255439216726e-01,6.1827907373545883e-02,-1.9555046176571314e-01,-2.7755575615628914e-17,-8.9768345220237619e-02,1.3372255439216726e-01,8.9768345220237605e-02,0.0000000000000000e+00,2.7666401382266561e+00,1.8598259697707131e+00,-2.7666401382266561e+00,1.3629446339796942e+00,-4.1295847722063517e+00,-2.7666401382266561e+00,1.3629446339796940e+00,-4.1295847722063526e+00,-3.0432105492710306e-17,2.6389433364483207e-18,6.5268919593807928e-02,5.7877683889268827e-01,7.1836029202846108e-01,-5.3858346473689700e-04,4.1290461887416132e+00,0.0000000000000000e+00,-9.0681416845594298e-01,1.8503717077085943e-16,2.8130823218084300e-16,7.4014868308343773e-16,9.2201823496911917e-02,-3.1143369130337825e-17
116,9.5929811200376012e+00,2.6644124213008245e+00,1.9991737079364746e-01,-1.5543122344752192e-14,1.5543122344752192e-14,0.0000000000000000e+00,4.3104699343297959e-17,-1.2865862910885850e-01,5.9382649731105921e-02,-1.8804127883996441e-01,-1.2865862910885853e-01,2.7755575615628914e-17,1.0432833339166601e-18,-1.2865862910885853e-01,5.9382649731105921e-02,-1.8804127883996447e-01,0.0000000000000000e+00,-8.6368641840295649e-02,1.2865862910885853e-01,8.6368641840295649e-02,0.0000000000000000e+00,2.7928674164022813e+00,1.8774323914470414e+00,-2.7928674164022813e+00,1.3750606819240918e+00,-4.1679280983263745e+00,-2.7928674164022813e+00,1.3750606819240916e+00,-4.1679280983263753e+00,-3.1461190529293779e-17,-1.3546751452208209e-19,6.4115677324118187e-02,5.8819235875949882e-01,7.2220674971366450e-01,-5.4589612681033017e-04,4.1673822021995628e+00,0.0000000000000000e+00,-9.1543502495523987e-01,9.2518585385429716e-17,2.6416445947861878e-16,1.8503717077085944e-15,8.8638458558457367e-02,-3.0243495248524809e-17
117,9.7998096198984062e+00,2.7218582160139055e+00,2.0682849986080498e-01,-1.5543122344752192e-14,1.5543122344752192e-14,0.0000000000000000e+00,5.1234842212982234e-17,-1.2357095237938361e-01,5.6937195444894964e-02,-1.8050814782427857e-01,-1.2357095237938365e-01,4.1633363423443370e-17,1.9272551777419083e-17,-1.2357095237938366e-01,5.6937195444894964e-02,-1.8050814782427863e-01,0.0000000000000000e+00,-8.2953017905884052e-02,1.2357095237938366e-01,8.2953017905884052e-02,0.0000000000000000e+00,2.8189515493821471e+00,1.8949426638866633e+00,-2.8189515493821471e+00,1.3870898114649886e+00,-4.2060413608471370e+00,-2.8189515493821471e+00,1.3870898114649883e+00,-4.2060413608471379e+00,-2.9360243679545258e-17,-1.3546751452208209e-19,6.2916597575274083e-02,5.9758173947317306e-01,7.2603849221485606e-01,-5.5298220168520373e-04,4.2054883786454500e+00,0.0000000000000000e+00,-9.2400888549548377e-01,9.7144514654701197e-17,2.6846336503011212e-16,7.4014868308343773e-16,8.5063440109147473e-02,-3.0656039889809554e-17
118,1.0020389911708691e+01,2.7831235163454027e+00,2.2058029181028438e-01,-2.7200464103316335e-14,2.7200464103316335e-14,0.0000000000000000e+00,5.4912364444819140e-17,-1.1831331257439717e-01,5.4420196179332261e-02,-1.7273350875372945e-01,-1.1831331257439721e-01,4.1633363423443370e-17,-3.4428324685767583e-18,-1.1831331257439721e-01,5.4420196179332261e-02,-1.7273350875372948e-01,0.0000000000000000e+00,-7.9423302780139537e-02,1.1831331257439721e-01,7.9423302780139551e-02,0.0000000000000000e+00,2.8456290002560576e+00,1.9128511719866650e+00,-2.8456290002560576e+00,1.3993714344348407e+00,-4.2450004346908994e+00,-2.8456290002560576e+00,1.3993714344348405e+00,-4.2450004346909003e+00,-2.7614381627335591e-17,-1.3546751452208209e-19,6.1632428657872551e-02,6.0720195945770994e-01,7.2997670433904227e-01,-5.6034198021603920e-04,4.2444400927106827e+00,0.0000000000000000e+00,-9.3277782826939259e-01,2.7755575615628914e-16,4.0468289182732689e-16,1.2952601953960161e-15,8.1374306733196816e-02,-3.0865326865053136e-17
119,1.0240820247947568e+01,2.8443471671122746e+00,2.2043033623887709e-01,-3.1086244689504383e-14,3.1086244689504383e-14,0.0000000000000000e+00,5.5846642276867302e-17,-1.1323298357874613e-01,5.1993504367336608e-02,-1.6522648794608275e-01,-1.1323298357874617e-01,4.1633363423443370e-17,-2.0078428016024838e-17,-1.1323298357874614e-01,5.1993504367336615e-02,-1.6522648794608275e-01,-1.3877787807814457e-17,-7.6012623585932998e-02,1.1323298357874614e-01,7.6012623585933026e-02,0.0000000000000000e+00,2.8711489142140096e+00,1.9299825687429024e+00,-2.8711489142140096e+00,1.4110998383308033e+00,-4.2822487525448141e+00,-2.8711489142140096e+00,1.4110998383308031e+00,-4.2822487525448150e+00,-3.0206781306027061e-17,-1.6650102308862469e-18,6.0344890971336738e-02,6.1641147433940557e-01,7.3377612306323281e-01,-5.6734995682816702e-04,4.2816814025879850e+00,0.0000000000000000e+00,-9.4116634547110722e-01,1.1102230246251565e-16,3.1663125748440851e-16,1.6653345369377348e-15,7.7813396255522888e-02,-3.3758256622048908e-17
120,1.0454573536775191e+01,2.9037162944690054e+00,2.1375328882762368e-01,-1.5543122344752192e-14,1.5543122344752192e-14,0.0000000000000000e+00,7.0667326683287237e-17,-1.0846828109213316e-01,4.9724048700870084e-02,-1.5819232979300324e-01,-1.0846828109213320e-01,4.1633363423443370e-17,2.6152153839798028e-17,-1.0846828109213322e-01,4.9724048700870091e-02,-1.5819232979300329e-01,-1.3877787807814457e-17,-7.2813832399730619e-02,1.0846828109213322e-01,7.2813832399730646e-02,0.0000000000000000e+00,2.8948436014443315e+00,1.9458886409586500e+00,-2.8948436014443315e+00,1.4219710690807170e+00,-4.3168146705250496e+00,-2.8948436014443315e+00,1.4219710690807168e+00,-4.3168146705250505e+00,-2.9557641870892665e-17,-4.6314330164584849e-18,5.9093453720964757e-02,6.2495848602339188e-01,7.3734560849805086e-01,-5.7352083830952694e-04,4.3162411496867392e+00,0.0000000000000000e+00,-9.4895496048568151e-01,1.3877787807814457e-16,3.1652986518075171e-16,1.4802973661668755e-15,7.4478527385789584e-02,-3.1243686787676936e-17
121,1.0675092126195382e+01,2.9649644572066163e+00,2.2051858942019109e-01,-1.1657341758564144e-14,1.1657341758564144e-14,0.0000000000000000e+00,5.9283389591238550e-17,-1.0371411029559875e-01,4.7469530229321696e-02,-1.5118364052492045e-01,-1.0371411029559877e-01,1.3877787807814457e-17,-5.1057847578885878e-18,-1.0371411029559878e-01,4.7469530229321696e-02,-1.5118364052492048e-01,1.3877787807814457e-17,-6.9622100862059486e-02,1.0371411029559878e-01,6.9622100862059499e-02,0.0000000000000000e+00,2.9182386822686444e+00,1.9615935265014692e+00,-2.9182386822686444e+00,1.4326875645439099e+00,-4.3509262468125556e+00,-2.9182386822686444e+00,1.4326875645439097e+00,-4.3509262468125565e+00,-2.7237084059712968e-17,-4.6314330164584849e-18,5.7800529066066433e-02,6.3338354985236234e-01,7.4092409551960392e-01,-5.7939010587704232e-04,4.3503468567066772e+00,0.0000000000000000e+00,-9.5664515576717513e-01,1.3877787807814457e-16,2.9446501649709465e-16,1.4802973661668755e-15,7.1157982952571974e-02,-3.1077200589970073e-17
122,1.0901873146607029e+01,3.0279519852898260e+00,2.2678102041164649e-01,-7.7715611723760958e-15,7.7715611723760958e-15,0.0000000000000000e+00,5.9302695873202208e-17,-9.8994637199033814e-02,4.5238486454381735e-02,-1.4423312365341556e-01,-9.8994637199033855e-02,4.1633363423443370e-17,3.7375984204823867e-17,-9.8994637199033897e-02,4.5238486454381735e-02,-1.4423312365341562e-01,0.0000000000000000e+00,-6.6453642956892170e-02,9.8994637199033897e-02,6.6453642956892184e-02,0.0000000000000000e+00,2.9412239305702443e+00,1.9770232245197370e+00,-2.9412239305702443e+00,1.4431997738558451e+00,-4.3844237044260908e+00,-2.9412239305702443e+00,1.4431997738558449e+00,-4.3844237044260916e+00,-2.3577949679981301e-17,-3.0578235764022504e-18,5.6470039476268413e-02,6.4163653864631387e-01,7.4450808775222443e-01,-5.8510798103839079e-04,4.3838385964450506e+00,0.0000000000000000e+00,-9.6420070605050734e-01,1.3877787807814457e-16,3.4225624765948766e-16,3.1456319031046105e-15,6.7867741475845900e-02,-3.0364283796875706e-17
123,1.1125694567109255e+01,3.0901174962480074e+00,2.2382142050222598e-01,-1.9428902930940239e-14,1.9428902930940239e-14,0.0000000000000000e+00,5.3069246126442244e-17,-9.4502964050490773e-02,4.3120402018345189e-02,-1.3762336606883596e-01,-9.4502964050490829e-02,5.5511151231257827e-17,3.2155202196498828e-17,-9.4502964050490829e-02,4.3120402018345196e-02,-1.3762336606883602e-01,-2.7755575615628914e-17,-6.3438094051454674e-02,9.4502964050490829e-02,6.3438094051454660e-02,0.0000000000000000e+00,2.9628783845579654e+00,1.9915595010640919e+00,-2.9628783845579654e+00,1.4530880798218269e+00,-4.4159664643797933e+00,-2.9628783845579654e+00,1.4530880798218266e+00,-4.4159664643797942e+00,-1.5796665225206749e-17,-6.1639697569757547e-18,5.5157194065024534e-02,6.4937808995192969e-01,7.4796247160970852e-01,-5.9032419516413803e-04,4.4153761401846285e+00,0.0000000000000000e+00,-9.7131888349387352e-01,1.3877787807814457e-16,3.2795195956606963e-16,2.0354088784794539e-15,6.4741789491905913e-02,-3.0537519179563978e-17
124,1.1355346312665992e+01,3.1539023568432909e+00,2.2965174555673684e-01,-2.7200464103316335e-14,2.7200464103316335e-14,0.0000000000000000e+00,5.3090810709234881e-17,-9.0060487313035342e-02,4.1033175969783675e-02,-1.3109366328281902e-01,-9.0060487313035384e-02,4.1633363423443370e-17,2.8621242336254960e-17,-9.0060487313035412e-02,4.1033175969783675e-02,-1.3109366328281907e-01,0.0000000000000000e+00,-6.0455546636406732e-02,9.0060487313035412e-02,6.0455546636406725e-02,0.0000000000000000e+00,2.9840710439437701e+00,2.0057856964877652e+00,-2.9840710439437701e+00,1.4627510878617362e+00,-4.4468221318055079e+00,-2.9840710439437701e+00,1.4627510878617360e+00,-4.4468221318055088e+00,-8.8179569373671972e-18,-9.3510279515063451e-18,5.3811593913032328e-02,6.5691083541340767e-01,7.5143340004046522e-01,-5.9525849483099691e-04,4.4462268733106756e+00,0.0000000000000000e+00,-9.7828534745600493e-01,1.8503717077085943e-16,3.5526413979203819e-16,1.8503717077085944e-15,6.1656939633981583e-02,-3.0690221218922741e-17
125,1.1592814034874618e+01,3.2198580739236760e+00,2.3746772220862589e-01,-7.7715611723760958e-15,7.7715611723760958e-15,0.0000000000000000e+00,5.5051782894141707e-17,-8.5640827093434083e-02,3.8963087780346684e-02,-1.2460391487378077e-01,-8.5640827093434083e-02,0.0000000000000000e+00,5.8004180886336110e-18,-8.5640827093434110e-02,3.8963087780346670e-02,-1.2460391487378078e-01,2.7755575615628914e-17,-5.7488285264814525e-02,8.5640827093434110e-02,5.7488285264814538e-02,0.0000000000000000e+00,3.0049327394043530e+00,2.0197896230428354e+00,-3.0049327394043530e+00,1.4722493531307081e+00,-4.4771820925350632e+00,-3.0049327394043530e+00,1.4722493531307079e+00,-4.4771820925350641e+00,-4.7309402894986515e-18,-6.0555012914900064e-18,5.2422975132794002e-02,6.6427056998175416e-01,7.5495574749198435e-01,-6.0006052417560518e-04,4.4765820320108851e+00,0.0000000000000000e+00,-9.8514311636151763e-01,2.3129646346357430e-16,4.5682076253729888e-16,1.2952601953960161e-15,5.8594498435779414e-02,-3.0688714845323983e-17
126,1.1827458088332792e+01,3.2850295282187809e+00,2.3464405345817418e-01,-1.1657341758564144e-14,1.1657341758564144e-14,0.0000000000000000e+00,4.7452823679652265e-17,-8.1444469298016714e-02,3.7002114002376171e-02,-1.1844658330039289e-01,-8.1444469298016728e-02,1.3877787807814457e-17,6.5928888241669793e-18,-8.1444469298016742e-02,3.7002114002376171e-02,-1.1844658330039291e-01,1.3877787807814457e-17,-5.4670909701895205e-02,8.1444469298016742e-02,5.4670909701895212e-02,0.0000000000000000e+00,3.0245355250136283e+00,2.0329483671126325e+00,-3.0245355250136283e+00,1.4811617445647411e+00,-4.5056972695783717e+00,-3.0245355250136283e+00,1.4811617445647409e+00,-4.5056972695783726e+00,-3.2769324046132807e-18,-1.1709907151029865e-18,5.1054898856136170e-02,6.7112271028561843e-01,7.5837970684706302e-01,-6.0442857592368782e-04,4.5050928410024458e+00,0.0000000000000000e+00,-9.9158715790099583e-01,3.2381504884900402e-16,4.6490013788281072e-16,2.9605947323337509e-15,5.5692448960296348e-02,-2.7008829145174116e-17
127,1.2060357260430598e+01,3.3497163486433417e+00,2.3289917209780597e-01,-3.1086244689504383e-14,3.1086244689504383e-14,0.0000000000000000e+00,4.3313175580452202e-17,-7.7442190357592366e-02,3.5137230719453648e-02,-1.1257942107704602e-01,-7.7442190357592380e-02,1.3877787807814457e-17,2.9524266272784718e-17,-7.7442190357592422e-02,3.5137230719453641e-02,-1.1257942107704606e-01,1.3877787807814457e-17,-5.1983804096056331e-02,7.7442190357592422e-02,5.1983804096056310e-02,0.0000000000000000e+00,3.0430378107592171e+00,2.0453682643845683e+00,-3.0430378107592171e+00,1.4895623413954373e+00,-4.5326001521546564e+00,-3.0430378107592171e+00,1.4895623413954371e+00,-4.5326001521546573e+00,9.2889535569077147e-19,2.0611345758860262e-18,4.9702197225133547e-02,6.7752047393288606e-01,7.6173133484618505e-01,-6.0833539123250624e-04,4.5319918167634219e+00,0.0000000000000000e+00,-9.9766954637464877e-01,1.8503717077085943e-16,3.6995867523430179e-16,1.2952601953960161e-15,5.2930560949644878e-02,-2.8171563634332098e-17
128,1.2300322230341507e+01,3.4163656663587920e+00,2.3996496991090943e-01,-1.1657341758564144e-14,1.1657341758564144e-14,0.0000000000000000e+00,5.9290569623449616e-17,-7.3483576798841779e-02,3.3298521937273069e-02,-1.0678209873611486e-01,-7.3483576798841807e-02,2.7755575615628914e-17,-1.3291579274028003e-17,-7.3483576798841821e-02,3.3298521937273062e-02,-1.0678209873611488e-01,2.7755575615628914e-17,-4.9325984080702545e-02,7.3483576798841821e-02,4.9325984080702552e-02,0.0000000000000000e+00,3.0611462593464545e+00,2.0575236645203265e+00,-3.0611462593464545e+00,1.4977734330589882e+00,-4.5589196924054445e+00,-3.0611462593464545e+00,1.4977734330589880e+00,-4.5589196924054454e+00,2.8765334793057043e-18,7.0564089764842990e-18,4.8315170892024008e-02,6.8370274272293841e-01,7.6514348277881672e-01,-6.1203666520914801e-04,4.5583076557402338e+00,0.0000000000000000e+00,-1.0036225948261279e+00,1.3877787807814457e-16,3.7053664570890370e-16,2.0354088784794539e-15,5.0204960522015563e-02,-2.6423183807162266e-17
129,1.2544579383278057e+01,3.4842071208693550e+00,2.4425715293654982e-01,-2.7200464103316335e-14,2.7200464103316335e-14,0.0000000000000000e+00,4.3578037838365670e-17,-6.9622604957848180e-02,3.1509604926116194e-02,-1.0113220988396437e-01,-6.9622604957848208e-02,2.7755575615628914e-17,-2.1442594488887674e-17,-6.9622604957848194e-02,3.1509604926116194e-02,-1.0113220988396439e-01,1.3877787807814457e-17,-4.6733689433196751e-02,6.9622604957848194e-02,4.6733689433196751e-02,0.0000000000000000e+00,3.0786236136082090e+00,2.0692552957025865e+00,-3.0786236136082090e+00,1.5056883573363893e+00,-4.5843119709446007e+00,-3.0786236136082090e+00,1.5056883573363891e+00,-4.5843119709446016e+00,-1.3655017171608908e-18,1.2141032384975782e-17,4.6911698154429103e-02,6.8958075567952182e-01,7.6858037069068941e-01,-6.1553281174897556e-04,4.5836964381328489e+00,0.0000000000000000e+00,-1.0093683179056225e+00,4.6259292692714859e-16,7.6784852258876274e-16,3.8857805861880479e-15,4.7552042614158865e-02,-2.5943594827023217e-17
130,1.2787874839304553e+01,3.5517814678811526e+00,2.4329545602649638e-01,-1.1657341758564144e-14,1.1657341758564144e-14,0.0000000000000000e+00,5.1514735278806187e-17,-6.5941261346179031e-02,2.9807845044502845e-02,-9.5749106390681876e-02,-6.5941261346179059e-02,2.7755575615628914e-17,-1.7173457094828636e-17,-6.5941261346179045e-02,2.9807845044502849e-02,-9.5749106390681890e-02,0.0000000000000000e+00,-4.4261970267496863e-02,6.5941261346179045e-02,4.4261970267496863e-02,0.0000000000000000e+00,3.0951146499447857e+00,2.0803247109642427e+00,-3.0951146499447857e+00,1.5131474858128811e+00,-4.6082621357576690e+00,-3.0951146499447857e+00,1.5131474858128808e+00,-4.6082621357576699e+00,-6.0630566571623748e-18,1.3829233741646367e-17,4.5523515469717883e-02,6.9503258610314556e-01,7.7197268392694185e-01,-6.1870031307575957e-04,4.6076434354445910e+00,0.0000000000000000e+00,-1.0147899389805430e+00,1.8503717077085943e-16,3.5022897972021481e-16,2.5905203907920322e-15,4.5027541834020579e-02,-2.8072863306690063e-17
131,1.3034022168026048e+01,3.6201479112118573e+00,2.4614732872149503e-01,-2.7200464103316335e-14,2.7200464103316335e-14,0.0000000000000000e+00,5.1258760172060389e-17,-6.2378570328691270e-02,2.8165222089600147e-02,-9.0543792418291413e-02,-6.2378570328691277e-02,6.9388939039072284e-18,-4.7343514484939609e-18,-6.2378570328691291e-02,2.8165222089600147e-02,-9.0543792418291441e-02,2.0816681711721685e-17,-4.1869891731269614e-02,6.2378570328691291e-02,4.1869891731269614e-02,0.0000000000000000e+00,3.1109074418391662e+00,2.0909252748386451e+00,-3.1109074418391662e+00,1.5202824436193068e+00,-4.6311898854584754e+00,-3.1109074418391662e+00,1.5202824436193065e+00,-4.6311898854584763e+00,-8.7593309327027765e-18,1.6391219039739313e-17,4.4130365080060213e-02,7.0015305365863223e-01,7.7537742232030160e-01,-6.2160256031273953e-04,4.6305682828981602e+00,0.0000000000000000e+00,-1.0199821670005211e+00,2.3129646346357430e-16,4.9590306983990903e-16,4.8109664400423453e-15,4.2589351337558930e-02,-2.9545677815724545e-17
132,1.3281381694881192e+01,3.6888510377616734e+00,2.4735952685514384e-01,-7.7715611723760958e-15,7.7715611723760958e-15,0.0000000000000000e+00,4.7537184568704388e-17,-5.8957763991523540e-02,2.6591590961629996e-02,-8.5549354953153536e-02,-5.8957763991523561e-02,2.0816681711721685e-17,-9.0668140227738068e-19,-5.8957763991523568e-02,2.6591590961629996e-02,-8.5549354953153564e-02,6.9388939039072284e-18,-3.9573056448254887e-02,5.8957763991523568e-02,3.9573056448254887e-02,0.0000000000000000e+00,3.1259142909630593e+00,2.1009981194023326e+00,-3.1259142909630593e+00,1.5270547533035306e+00,-4.6529690442665919e+00,-3.1259142909630593e+00,1.5270547533035304e+00,-4.6529690442665936e+00,-9.4570125411733368e-18,1.9824022065676381e-17,4.2743187028109420e-02,7.0491309574768135e-01,7.7877422148547137e-01,-6.2424904226854316e-04,4.6523447952243213e+00,0.0000000000000000e+00,-1.0249161715607267e+00,1.8503717077085943e-16,4.3365465460272818e-16,1.8503717077085944e-15,4.0252619600524835e-02,-3.0370769069383666e-17
133,1.3532962790128522e+01,3.7587266881725045e+00,2.5158109524732986e-01,-2.3314683517128287e-14,2.3314683517128287e-14,0.0000000000000000e+00,5.1295894048650163e-17,-5.5637330491395826e-02,2.5067717016844234e-02,-8.0705047508240063e-02,-5.5637330491395846e-02,2.0816681711721685e-17,1.5298753800735860e-17,-5.5637330491395867e-02,2.5067717016844231e-02,-8.0705047508240091e-02,6.9388939039072284e-18,-3.7343597039209614e-02,5.5637330491395867e-02,3.7343597039209614e-02,0.0000000000000000e+00,3.1403292706530515e+00,2.1106735073659006e+00,-3.1403292706530515e+00,1.5335530059440023e+00,-4.6738822765970554e+00,-3.1403292706530515e+00,1.5335530059440021e+00,-4.6738822765970571e+00,-7.6466258727318116e-18,2.1569716593826382e-17,4.1346914870738320e-02,7.0937388079625241e-01,7.8220551734791988e-01,-6.2669292909167673e-04,4.6732555836679621e+00,0.0000000000000000e+00,-1.0296557632871508e+00,3.2381504884900402e-16,6.3373542671177191e-16,1.4802973661668755e-15,3.7988576079045225e-02,-3.0021221910543602e-17
134,1.3789255331368393e+01,3.8299109240030020e+00,2.5629254123987089e-01,-1.5543122344752192e-14,1.5543122344752192e-14,0.0000000000000000e+00,4.7561276631039706e-17,-5.2414221840158932e-02,2.3591704729861496e-02,-7.6005926570020421e-02,-5.2414221840158953e-02,2.0816681711721685e-17,-2.4563094688504090e-17,-5.2414221840158939e-02,2.3591704729861496e-02,-7.6005926570020435e-02,1.3877787807814457e-17,-3.5179471398513622e-02,5.2414221840158939e-02,3.5179471398513629e-02,0.0000000000000000e+00,3.1541756741190352e+00,2.1199670681201090e+00,-3.1541756741190348e+00,1.5397885293713653e+00,-4.6939642034904017e+00,-3.1541756741190352e+00,1.5397885293713651e+00,-4.6939642034904034e+00,-8.8338166072510916e-18,2.4237296721865730e-17,3.9941002117774710e-02,7.1354095082837443e-01,7.8567761518541801e-01,-6.2896123979805374e-04,4.6933352422506021e+00,0.0000000000000000e+00,-1.0342086059989262e+00,3.7007434154171886e-16,7.1317368087378596e-16,4.9960036108132044e-15,3.5794592701115929e-02,-2.8385005275852077e-17
135,1.4041063451839424e+01,3.8998496297684104e+00,2.5180812047103096e-01,-1.9428902930940239e-14,1.9428902930940239e-14,0.0000000000000000e+00,4.3429760158854441e-17,-4.9399412675233345e-02,2.2213513128548669e-02,-7.1612925803782007e-02,-4.9399412675233373e-02,2.7755575615628914e-17,-5.1623216954948657e-18,-4.9399412675233373e-02,2.2213513128548669e-02,-7.1612925803782035e-02,6.9388939039072284e-18,-3.3155197306009784e-02,4.9399412675233373e-02,3.3155197306009791e-02,0.0000000000000000e+00,3.1669944240918579e+00,2.1285706803648572e+00,-3.1669944240918575e+00,1.5455555922797115e+00,-4.7125500163715701e+00,-3.1669944240918579e+00,1.5455555922797113e+00,-4.7125500163715719e+00,-1.2576367222187875e-17,2.6858201470001890e-17,3.8577208640278769e-02,7.1728164790434457e-01,7.8906578784271109e-01,-6.3094789237694293e-04,4.7119190684791921e+00,0.0000000000000000e+00,-1.0384237437270007e+00,4.1633363423443370e-16,6.9647509311269113e-16,6.8463753185217992e-15,3.3745377576171680e-02,-2.7826822973458088e-17
136,1.4296826417814286e+01,3.9708867781715016e+00,2.5576296597486170e-01,-3.4972025275692431e-14,3.4972025275692431e-14,0.0000000000000000e+00,3.8522963203517216e-17,-4.6485629105326234e-02,2.0884435373067219e-02,-6.7370064478393457e-02,-4.6485629105326248e-02,1.3877787807814457e-17,-3.0547206651021637e-18,-4.6485629105326248e-02,2.0884435373067216e-02,-6.7370064478393471e-02,0.0000000000000000e+00,-3.1198752459528144e-02,4.6485629105326248e-02,3.1198752459528148e-02,0.0000000000000000e+00,3.1792563454310678e+00,2.1368003588969726e+00,-3.1792563454310674e+00,1.5510670218478140e+00,-4.7303233672788823e+00,-3.1792563454310678e+00,1.5510670218478138e+00,-4.7303233672788840e+00,-1.3627174785031563e-17,2.7745557512725990e-17,3.7210992028684720e-02,7.2074063804764765e-01,7.9248264754869002e-01,-6.3274422279158138e-04,4.7296906230560900e+00,0.0000000000000000e+00,-1.0424559865340952e+00,3.2381504884900402e-16,6.8800492867942016e-16,2.2204460492503131e-15,3.1767744456769997e-02,-2.8795917593816962e-17
137,1.4562284549227803e+01,4.0446167202847105e+00,2.6545813141351715e-01,-4.2743586448068527e-14,4.2743586448068527e-14,0.0000000000000000e+00,6.1517753610735134e-17,-4.3614126781739440e-02,1.9577260086131379e-02,-6.3191386867870819e-02,-4.3614126781739461e-02,2.0816681711721685e-17,9.8062600802457272e-18,-4.3614126781739461e-02,1.9577260086131379e-02,-6.3191386867870847e-02,-6.9388939039072284e-18,-2.9270697876801036e-02,4.3614126781739461e-02,2.9270697876801036e-02,0.0000000000000000e+00,3.1912152018503650e+00,2.1448264125439147e+00,-3.1912152018503646e+00,1.5564374648830248e+00,-4.7476526667333907e+00,-3.1912152018503650e+00,1.5564374648830246e+00,-4.7476526667333925e+00,-1.2731049266377203e-17,2.6824564607822061e-17,3.5814430337765345e-02,7.2398762823467067e-01,7.9600096141858878e-01,-6.3444489199993015e-04,4.7470182218413894e+00,0.0000000000000000e+00,-1.0463887893064503e+00,2.7755575615628914e-16,6.4901639275067071e-16,5.1810407815840644e-15,2.9821338758652578e-02,-2.5697274309755143e-17
138,1.4829665461593525e+01,4.1188807071738234e+00,2.6738091236572181e-01,-6.2172489379008766e-14,6.2172489379008766e-14,0.0000000000000000e+00,5.7306429293215452e-17,-4.0873632494993532e-02,1.8331700868195536e-02,-5.9205333363189068e-02,-4.0873632494993553e-02,2.0816681711721685e-17,7.5103839729195960e-18,-4.0873632494993560e-02,1.8331700868195536e-02,-5.9205333363189096e-02,0.0000000000000000e+00,-2.7430613207123398e-02,4.0873632494993560e-02,2.7430613207123394e-02,0.0000000000000000e+00,3.2025104089299390e+00,2.1524068366888907e+00,-3.2025104089299385e+00,1.5615055311664270e+00,-4.7640159400963675e+00,-3.2025104089299390e+00,1.5615055311664268e+00,-4.7640159400963693e+00,-1.0415979223353305e-17,2.5896900716404231e-17,3.4430955568294036e-02,7.2692545053968216e-01,7.9951313600568674e-01,-6.3598905276407436e-04,4.7633799510436017e+00,0.0000000000000000e+00,-1.0501035722410483e+00,1.1564823173178715e-15,2.0083779720556115e-15,5.9211894646675018e-15,2.7965671390461175e-02,-2.7295046129391327e-17
139,1.5099286726917224e+01,4.1937669432026601e+00,2.6962126532369979e-01,-4.2743586448068527e-14,4.2743586448068527e-14,0.0000000000000000e+00,4.9353283826017463e-17,-3.8258381173555026e-02,1.7145100398797700e-02,-5.5403481572352725e-02,-3.8258381173555039e-02,1.3877787807814457e-17,-3.0383447466220731e-17,-3.8258381173555012e-02,1.7145100398797700e-02,-5.5403481572352711e-02,0.0000000000000000e+00,-2.5674632549621212e-02,3.8258381173555012e-02,2.5674632549621212e-02,0.0000000000000000e+00,3.2131782457564020e+00,2.1595659884670204e+00,-3.2131782457564015e+00,1.5662881811900491e+00,-4.7794664269464526e+00,-3.2131782457564020e+00,1.5662881811900489e+00,-4.7794664269464544e+00,-1.3499511383799893e-17,2.5896900716404231e-17,3.3060475860355619e-02,7.2957116362631036e-01,8.0301917418199853e-01,-6.3736752138443542e-04,4.7788290594250658e+00,0.0000000000000000e+00,-1.0536122572893816e+00,4.6259292692714859e-16,1.0402479695180256e-15,6.1062266354383610e-15,2.6196465255544234e-02,-2.8120137718264120e-17
140,1.5368314255368841e+01,4.2684882711724512e+00,2.6902752845161615e-01,-4.2743586448068527e-14,4.2743586448068527e-14,0.0000000000000000e+00,5.5322358335218242e-17,-3.5791494457136613e-02,1.6027550514107571e-02,-5.1819044971244184e-02,-3.5791494457136634e-02,2.0816681711721685e-17,1.0623742850203980e-17,-3.5791494457136641e-02,1.6027550514107571e-02,-5.1819044971244212e-02,-6.9388939039072284e-18,-2.4018284679789493e-02,3.5791494457136641e-02,2.4018284679789493e-02,0.0000000000000000e+00,3.2231389732679392e+00,2.1662503698189099e+00,-3.2231389732679387e+00,1.5707503593336927e+00,-4.7938893326016334e+00,-3.2231389732679392e+00,1.5707503593336924e+00,-4.7938893326016352e+00,-1.6157463631690383e-17,2.4963523977826157e-17,3.1718478328800447e-02,7.3191530780190373e-01,8.0647799850637358e-01,-6.3857469661487976e-04,4.7932507579050165e+00,0.0000000000000000e+00,-1.0568886034490292e+00,7.4014868308343773e-16,1.7710241977414776e-15,1.0547118733938987e-14,2.4528842106412416e-02,-2.8705425548996536e-17
141,1.5641784938681905e+01,4.3444436677653826e+00,2.7347068331306446e-01,-1.5931700403370996e-13,1.5931700403370996e-13,0.0000000000000000e+00,5.6291730929778156e-17,-3.3423923836268930e-02,1.4956725213065868e-02,-4.8380649049334798e-02,-3.3423923836268944e-02,1.3877787807814457e-17,-1.7494067319202494e-17,-3.3423923836268937e-02,1.4956725213065869e-02,-4.8380649049334805e-02,1.3877787807814457e-17,-2.2428640835440727e-02,3.3423923836268937e-02,2.2428640835440716e-02,0.0000000000000000e+00,3.2326031671361877e+00,2.1726013060481306e+00,-3.2326031671361872e+00,1.5749870048612280e+00,-4.8075901719974174e+00,-3.2326031671361877e+00,1.5749870048612278e+00,-4.8075901719974192e+00,-1.7096879795250130e-17,2.5912316006495341e-17,3.0381109079299952e-02,7.3401710173166124e-01,8.0994914053037503e-01,-6.3965351989181407e-04,4.8069505184775236e+00,0.0000000000000000e+00,-1.0600018610880571e+00,9.2518585385429718e-16,1.7303943723210728e-15,5.7361522938966427e-15,2.2929297036926945e-02,-2.8973553544440222e-17
142,1.5922450900474693e+01,4.4223975243903100e+00,2.8066596179278847e-01,-1.1268763699945339e-13,1.1268763699945339e-13,0.0000000000000000e+00,5.6868057525570647e-17,-3.1134930570430507e-02,1.3922972452409359e-02,-4.5057903022839865e-02,-3.1134930570430524e-02,1.7347234759768071e-17,-8.9541048210956311e-18,-3.1134930570430513e-02,1.3922972452409359e-02,-4.5057903022839872e-02,0.0000000000000000e+00,-2.0891780811593472e-02,3.1134930570430513e-02,2.0891780811593465e-02,0.0000000000000000e+00,3.2416629036183360e+00,2.1786805899515476e+00,-3.2416629036183355e+00,1.5790397789220108e+00,-4.8207026825403485e+00,-3.2416629036183360e+00,1.5790397789220105e+00,-4.8207026825403503e+00,-2.0808430630959134e-17,2.7859827337813580e-17,2.9037245377578229e-02,7.3590211412107964e-01,8.1345978325678547e-01,-6.4063616656739875e-04,4.8200620463737787e+00,0.0000000000000000e+00,-1.0629823136667884e+00,1.1564823173178715e-15,1.9713624316989990e-15,6.4763009769800801e-15,2.1383420784581768e-02,-3.1367073337518754e-17
143,1.6202793722143859e+01,4.5002616301287892e+00,2.8034282166916569e-01,-8.5487172896137054e-14,8.5487172896137054e-14,0.0000000000000000e+00,5.1873934606448584e-17,-2.8985156592581170e-02,1.2953297933386943e-02,-4.1938454525968116e-02,-2.8985156592581187e-02,1.7347234759768071e-17,1.1547481594782448e-17,-2.8985156592581197e-02,1.2953297933386943e-02,-4.1938454525968144e-02,0.0000000000000000e+00,-1.9448423602553024e-02,2.8985156592581197e-02,1.9448423602553024e-02,0.0000000000000000e+00,3.2500900210554735e+00,2.1843351333176337e+00,-3.2500900210554731e+00,1.5828070636599596e+00,-4.8328970847154347e+00,-3.2500900210554735e+00,1.5828070636599594e+00,-4.8328970847154364e+00,-2.0444913349765813e-17,2.7859827337813580e-17,2.7724415307714422e-02,7.3753221366201815e-01,8.1690894005246006e-01,-6.4149463776685955e-04,4.8322555900776658e+00,0.0000000000000000e+00,-1.0657548877378398e+00,9.7144514654701197e-16,1.8498165129045653e-15,8.3266726846886741e-15,1.9931744485624049e-02,-3.2354760372527234e-17
144,1.6488559416031201e+01,4.5796319170966946e+00,2.8576569388734185e-01,-1.0491607582707729e-13,1.0491607582707729e-13,0.0000000000000000e+00,5.5362454563060942e-17,-2.6928102588397722e-02,1.2026721647487509e-02,-3.8954824235885227e-02,-2.6928102588397736e-02,1.3877787807814457e-17,2.0395927401499129e-17,-2.6928102588397757e-02,1.2026721647487510e-02,-3.8954824235885269e-02,0.0000000000000000e+00,-1.8067352432678419e-02,2.6928102588397757e-02,1.8067352432678423e-02,0.0000000000000000e+00,3.2580790667091510e+00,2.1896954942028488e+00,-3.2580790667091506e+00,1.5863762799743837e+00,-4.8444553466835361e+00,-3.2580790667091510e+00,1.5863762799743835e+00,-4.8444553466835378e+00,-1.5880748131291033e-17,2.7859827337813580e-17,2.6416873217452445e-02,7.3895668527129799e-01,8.2036046589719402e-01,-6.4225558843933328e-04,4.8438130910950949e+00,0.0000000000000000e+00,-1.0683835725063022e+00,9.2518585385429718e-16,1.8796079085766651e-15,1.6468308198606490e-14,1.8542649779722725e-02,-2.9094324695950013e-17
145,1.6781793474323745e+01,4.6610765126282292e+00,2.9323405829254412e-01,-9.3258734068513149e-14,9.3258734068513149e-14,0.0000000000000000e+00,5.1632284469788240e-17,-2.4952096232201921e-02,1.1137757663444903e-02,-3.6089853895646826e-02,-2.4952096232201931e-02,1.0408340855860843e-17,-6.8265071262926438e-18,-2.4952096232201928e-02,1.1137757663444903e-02,-3.6089853895646833e-02,3.4694469519536142e-18,-1.6740734262507970e-02,2.4952096232201928e-02,1.6740734262507960e-02,0.0000000000000000e+00,3.2656855873317454e+00,2.1947989524643630e+00,-3.2656855873317450e+00,1.5897725871126729e+00,-4.8554581744444194e+00,-3.2656855873317454e+00,1.5897725871126727e+00,-4.8554581744444212e+00,-1.3891240043303069e-17,2.8368507342689608e-17,2.5107619511271564e-02,7.4019280784516817e-01,8.2382921840600798e-01,-6.4294135022513466e-04,4.8548152330941932e+00,0.0000000000000000e+00,-1.0708866348673824e+00,1.9891495857867389e-15,3.0865037621560484e-15,1.0362081563168129e-14,1.7207932589853779e-02,-2.8311239691942886e-17
146,1.7078958492391635e+01,4.7436129166311867e+00,2.9716501806788997e-01,-9.7144514654701197e-14,9.7144514654701197e-14,0.0000000000000000e+00,5.1965402060558394e-17,-2.3082666481338776e-02,1.0297674982400380e-02,-3.3380341463739152e-02,-2.3082666481338793e-02,1.7347234759768071e-17,-1.5182104047528342e-17,-2.3082666481338776e-02,1.0297674982400378e-02,-3.3380341463739152e-02,-3.4694469519536142e-18,-1.5485711133980175e-02,2.3082666481338776e-02,1.5485711133980172e-02,0.0000000000000000e+00,3.2728227128965734e+00,2.1995872385786184e+00,-3.2728227128965730e+00,1.5929575174774206e+00,-4.8657802303739954e+00,-3.2728227128965734e+00,1.5929575174774204e+00,-4.8657802303739972e+00,-1.7161334711861909e-17,2.8368507342689608e-17,2.3814541661296033e-02,7.4123581905066904e-01,8.2726360879036409e-01,-6.4354797509147410e-04,4.8651366823989024e+00,0.0000000000000000e+00,-1.0732354743179551e+00,9.7144514654701197e-16,2.0814008780981756e-15,8.3266726846886741e-15,1.5944548441180050e-02,-2.8214320673859165e-17
147,1.7375483625963788e+01,4.8259715952558384e+00,2.9652513357215327e-01,-1.4765966227514582e-13,1.4765966227514582e-13,0.0000000000000000e+00,5.5387781230067393e-17,-2.1344657846148505e-02,9.5174624502444988e-03,-3.0862120296393004e-02,-2.1344657846148515e-02,1.0408340855860843e-17,-8.8584383195362468e-18,-2.1344657846148508e-02,9.5174624502444988e-03,-3.0862120296393007e-02,3.4694469519536142e-18,-1.4318962830317954e-02,2.1344657846148508e-02,1.4318962830317944e-02,0.0000000000000000e+00,3.2794096220368041e+00,2.2040061560427873e+00,-3.2794096220368036e+00,1.5958953606144035e+00,-4.8753049826512092e+00,-3.2794096220368041e+00,1.5958953606144033e+00,-4.8753049826512109e+00,-2.0725647230132328e-17,2.8368507342689608e-17,2.2558224986131640e-02,7.4208877917962912e-01,8.3060428742439762e-01,-6.4406902424507528e-04,4.8746609136269621e+00,0.0000000000000000e+00,-1.0754034659940168e+00,1.3877787807814457e-15,3.1241157751972010e-15,1.2767564783189300e-14,1.4769098705350262e-02,-3.0467319734603434e-17
148,1.7673176166261843e+01,4.9086545164639253e+00,2.9769254029805481e-01,-8.1601392309949006e-14,8.1601392309949006e-14,0.0000000000000000e+00,5.4885342504018972e-17,-1.9721852759054703e-02,8.7897217425600867e-03,-2.8511574501614789e-02,-1.9721852759054713e-02,1.0408340855860843e-17,-1.7391377238059833e-17,-1.9721852759054699e-02,8.7897217425600867e-03,-2.8511574501614786e-02,3.4694469519536142e-18,-1.3229601094328891e-02,1.9721852759054699e-02,1.3229601094328896e-02,0.0000000000000000e+00,3.2855222189684241e+00,2.2081066570309331e+00,-3.2855222189684237e+00,1.5986203166984336e+00,-4.8841425356668591e+00,-3.2855222189684241e+00,1.5986203166984334e+00,-4.8841425356668609e+00,-2.4632834367980417e-17,2.9401335819246022e-17,2.1331225619108458e-02,7.4277800424022722e-01,8.3386656815001692e-01,-6.4451868908088628e-04,4.8834980169777769e+00,0.0000000000000000e+00,-1.0774155619374910e+00,3.4694469519536142e-15,4.9551282198348804e-15,1.4432899320127035e-14,1.3670494531458069e-02,-2.9431557108275120e-17
149,1.7980523819935083e+01,4.9940191070805113e+00,3.0734765367324002e-01,-1.2045919817182948e-13,1.2045919817182948e-13,0.0000000000000000e+00,3.6062047728556142e-17,-1.8168693919773212e-02,8.0939295967840438e-03,-2.6262623516557254e-02,-1.8168693919773226e-02,1.3877787807814457e-17,-9.5423960373398571e-18,-1.8168693919773216e-02,8.0939295967840455e-03,-2.6262623516557261e-02,0.0000000000000000e+00,-1.2187047291356985e-02,1.8168693919773216e-02,1.2187047291356983e-02,0.0000000000000000e+00,3.2913450042774910e+00,2.2120125306537224e+00,-3.2913450042774905e+00,1.6012148920107259e+00,-4.8925598962882182e+00,-3.2913450042774910e+00,1.6012148920107256e+00,-4.8925598962882200e+00,-2.8771850378360971e-17,2.9934499009359381e-17,2.0100605761681368e-02,7.4333556269883561e-01,8.3713379661692666e-01,-6.4492693328221939e-04,4.8919149693549340e+00,0.0000000000000000e+00,-1.0793324736237686e+00,1.3877787807814457e-15,3.3450426887177645e-15,6.4763009769800801e-15,1.2617800038068347e-02,-3.2046691881076253e-17
150,1.8294417399138389e+01,5.0812018025253014e+00,3.1389357920330596e-01,-1.0491607582707729e-13,1.0491607582707729e-13,0.0000000000000000e+00,5.1475398876157098e-17,-1.6704484557376560e-02,7.4385552290973708e-03,-2.4143039786473933e-02,-1.6704484557376574e-02,1.3877787807814457e-17,3.4530653149753290e-18,-1.6704484557376574e-02,7.4385552290973708e-03,-2.4143039786473947e-02,-3.4694469519536142e-18,-1.1204251880686999e-02,1.6704484557376574e-02,1.1204251880686997e-02,0.0000000000000000e+00,3.2968182376826851e+00,2.2156837199633865e+00,-3.2968182376826847e+00,1.6036526656386842e+00,-4.9004709033213709e+00,-3.2968182376826851e+00,1.6036526656386840e+00,-4.9004709033213727e+00,-2.9727551286058796e-17,2.9389980448557021e-17,1.8881944035788419e-02,7.4376488152181286e-01,8.4036054150222550e-01,-6.4529857885742281e-04,4.8998256047425119e+00,0.0000000000000000e+00,-1.0811345177192986e+00,1.7578531223231646e-15,4.4483451552922713e-15,6.1062266354383610e-15,1.1623669932446890e-02,-3.1634152494400930e-17
151,1.8609615061068293e+01,5.1687467017701074e+00,3.1519766192990417e-01,-8.9372953482325102e-14,8.9372953482325102e-14,0.0000000000000000e+00,4.3560991750287839e-17,-1.5352391528142179e-02,6.8338545656353306e-03,-2.2186246093777510e-02,-1.5352391528142191e-02,1.2143064331837650e-17,-1.3651459764444922e-17,-1.5352391528142179e-02,6.8338545656353306e-03,-2.2186246093777510e-02,1.7347234759768071e-18,-1.0296782799882075e-02,1.5352391528142179e-02,1.0296782799882080e-02,0.0000000000000000e+00,3.3018703638781512e+00,2.2190722578935813e+00,-3.3018703638781508e+00,1.6059019807373869e+00,-4.9077723446155392e+00,-3.3018703638781512e+00,1.6059019807373867e+00,-4.9077723446155410e+00,-3.1334806329014662e-17,2.9116590056695621e-17,1.7697372666756223e-02,7.4407402009345514e-01,8.4348496205833712e-01,-6.4562591883832177e-04,4.9071267186966994e+00,0.0000000000000000e+00,-1.0827981059845699e+00,1.3415194880887309e-15,3.1436040039663659e-15,8.8817841970012523e-15,1.0704243218914215e-02,-2.8353467291258671e-17
152,1.8925896071615828e+01,5.2565924967924920e+00,3.1628101054753444e-01,-3.5749181392930041e-13,3.5749181392930041e-13,0.0000000000000000e+00,5.8417594230390589e-17,-1.4108559764530770e-02,6.2780110657015432e-03,-2.0386570830232313e-02,-1.4108559764530782e-02,1.2143064331837650e-17,3.4638319702861502e-19,-1.4108559764530782e-02,6.2780110657015440e-03,-2.0386570830232327e-02,0.0000000000000000e+00,-9.4620326207872276e-03,1.4108559764530782e-02,9.4620326207872276e-03,0.0000000000000000e+00,3.3065293336014205e+00,2.2221969269478170e+00,-3.3065293336014201e+00,1.6079754977934082e+00,-4.9145048313948294e+00,-3.3065293336014205e+00,1.6079754977934080e+00,-4.9145048313948312e+00,-3.3438877860092039e-17,2.9390920103696859e-17,1.6548630542370945e-02,7.4428059905237065e-01,8.4650035229646547e-01,-6.4591590220097750e-04,4.9138589154926269e+00,0.0000000000000000e+00,-1.0843324066536035e+00,3.1918911957973251e-15,5.0597263138412751e-15,1.4432899320127035e-14,9.8564846384853622e-03,-3.2576456012994211e-17
153,1.9246963150180687e+01,5.3457676032056716e+00,3.2106707856485883e-01,-2.5646151868841116e-13,2.5646151868841116e-13,0.0000000000000000e+00,5.5984862121793124e-17,-1.2955778702696553e-02,5.7632455166865904e-03,-1.8719024219383144e-02,-1.2955778702696564e-02,1.0408340855860843e-17,2.6947359086223922e-17,-1.2955778702696590e-02,5.7632455166865904e-03,-1.8719024219383179e-02,-1.7347234759768071e-18,-8.6884542676406648e-03,1.2955778702696590e-02,8.6884542676406613e-03,0.0000000000000000e+00,3.3108740676439021e+00,2.2251106888477157e+00,-3.3108740676439017e+00,1.6099085233299868e+00,-4.9207825909738894e+00,-3.3108740676439021e+00,1.6099085233299866e+00,-4.9207825909738911e+00,-2.9057316811099013e-17,2.9112438804421984e-17,1.5424000045823999e-02,7.4440228211097559e-01,8.4943606072525679e-01,-6.4618044793052221e-04,4.9201364105259575e+00,0.0000000000000000e+00,-1.0857633787961865e+00,2.7292982688701768e-15,5.3335419801189168e-15,1.3322676295501878e-14,9.0688265277493723e-03,-3.3255773281884559e-17
154,1.9572135547926941e+01,5.4360829457230864e+00,3.2517239774625395e-01,-1.2823075934420558e-13,1.2823075934420558e-13,0.0000000000000000e+00,6.1420609677986531e-17,-1.1895248472316008e-02,5.2899949235281083e-03,-1.7185243395844117e-02,-1.1895248472316017e-02,8.6736173798840355e-18,1.0460863760035948e-17,-1.1895248472316027e-02,5.2899949235281091e-03,-1.7185243395844138e-02,0.0000000000000000e+00,-7.9768506649579695e-03,1.1895248472316027e-02,7.9768506649579626e-03,0.0000000000000000e+00,3.3149145016903803e+00,2.2278202374297686e+00,-3.3149145016903798e+00,1.6117056276783921e+00,-4.9266201293687724e+00,-3.3149145016903803e+00,1.6117056276783919e+00,-4.9266201293687741e+00,-2.2975256051926755e-17,2.8830396708366934e-17,1.4328368712341104e-02,7.4445217551003473e-01,8.5227866008241249e-01,-6.4642337360387714e-04,4.9259737059951680e+00,0.0000000000000000e+00,-1.0870942642606116e+00,2.0816681711721685e-15,4.6822082983540949e-15,3.1641356201816961e-14,8.3420882737938358e-03,-3.1767247034153383e-17
155,1.9899799982512636e+01,5.5270904415791007e+00,3.2766443458569583e-01,-9.3258734068513149e-14,9.3258734068513149e-14,0.0000000000000000e+00,4.4837317269857344e-17,-1.0929705275746993e-02,4.8594017379054531e-03,-1.5789107013652444e-02,-1.0929705275747001e-02,8.6736173798840355e-18,5.6163498857620496e-18,-1.0929705275747006e-02,4.8594017379054531e-03,-1.5789107013652458e-02,0.0000000000000000e+00,-7.3290541640267104e-03,1.0929705275747006e-02,7.3290541640267156e-03,0.0000000000000000e+00,3.3186539644725319e+00,2.2303278377555746e+00,-3.3186539644725315e+00,1.6133684258376193e+00,-4.9320223903101512e+00,-3.3186539644725319e+00,1.6133684258376191e+00,-4.9320223903101530e+00,-2.0341290492444839e-17,2.8830396708366934e-17,1.3269401933716040e-02,7.4444361285913552e-01,8.5500876759569244e-01,-6.4664344907527926e-04,4.9313757468610753e+00,0.0000000000000000e+00,-1.0883261267169573e+00,3.9782991715734779e-15,5.6894717627834375e-15,1.2767564783189300e-14,7.6782095008704719e-03,-3.6271249845196690e-17
156,2.0231515895885991e+01,5.6192232195837386e+00,3.3171591337335471e-01,-2.1760371282653068e-13,2.1760371282653068e-13,0.0000000000000000e+00,5.0290340595951461e-17,-1.0051873522619544e-02,4.4681578805245304e-03,-1.4520031403144075e-02,-1.0051873522619553e-02,8.6736173798840355e-18,-3.8756163593453709e-17,-1.0051873522619513e-02,4.4681578805245313e-03,-1.4520031403144045e-02,-1.7347234759768071e-18,-6.7401791798200467e-03,1.0051873522619513e-02,6.7401791798200484e-03,0.0000000000000000e+00,3.3221339262600895e+00,2.2326613320501330e+00,-3.3221339262600891e+00,1.6149154758168052e+00,-4.9370494020768945e+00,-3.3221339262600895e+00,1.6149154758168049e+00,-4.9370494020768962e+00,-2.5837792278979720e-17,2.8542679017225007e-17,1.2244427934826564e-02,7.4438946096535763e-01,8.5763474386363547e-01,-6.4684305298556843e-04,4.9364025590239091e+00,0.0000000000000000e+00,-1.0894725942099566e+00,2.1279274638648835e-15,4.0236012616211249e-15,2.7385501274087197e-14,7.0722847154032417e-03,-3.8401061633924439e-17
157,2.0567757171235794e+01,5.7126128989113401e+00,3.3624127534980275e-01,-3.0697666630885578e-13,3.0697666630885578e-13,0.0000000000000000e+00,5.8438792660454273e-17,-9.2585832626341305e-03,4.1147884522538779e-03,-1.3373371714888008e-02,-9.2585832626341392e-03,8.6736173798840355e-18,1.3331383183534676e-17,-9.2585832626341548e-03,4.1147884522538779e-03,-1.3373371714888033e-02,1.7347234759768071e-18,-6.2080949802583016e-03,9.2585832626341548e-03,6.2080949802582937e-03,0.0000000000000000e+00,3.3253804125686202e+00,2.2348382041587147e+00,-3.3253804125686197e+00,1.6163584462274014e+00,-4.9417388587960209e+00,-3.3253804125686202e+00,1.6163584462274012e+00,-4.9417388587960227e+00,-3.0112222574239649e-17,2.8542679017225007e-17,1.1254899597387088e-02,7.4430143386162462e-01,8.6015509115665156e-01,-6.4702161173824102e-04,4.9410918371842829e+00,0.0000000000000000e+00,-1.0905422084099055e+00,3.2381504884900400e-15,4.6949421940773626e-15,2.9420910152566648e-14,6.5222239224734628e-03,-3.8328049622841181e-17
158,2.0909242464517714e+01,5.8074590834004782e+00,3.4148529328192012e-01,-2.0594637106796654e-13,2.0594637106796654e-13,0.0000000000000000e+00,4.0153915502911979e-17,-8.5464909890725013e-03,3.7977526770397521e-03,-1.2344243666112253e-02,-8.5464909890725083e-03,6.9388939039072284e-18,8.7800165514106953e-18,-8.5464909890725152e-03,3.7977526770397521e-03,-1.2344243666112267e-02,-1.7347234759768071e-18,-5.7305544331808936e-03,8.5464909890725152e-03,5.7305544331808927e-03,0.0000000000000000e+00,3.3284204980699954e+00,2.2368766407568836e+00,-3.3284204980699950e+00,1.6177094544414725e+00,-4.9461299525114670e+00,-3.3284204980699954e+00,1.6177094544414723e+00,-4.9461299525114688e+00,-2.6336863662558852e-17,2.8542679017225007e-17,1.0301963526403127e-02,7.4419044079806640e-01,8.6256987320603096e-01,-6.4717691097193608e-04,4.9454827756004960e+00,0.0000000000000000e+00,-1.0915438573131118e+00,4.2095956350370524e-15,7.5152488701463457e-15,1.3507713466272738e-14,6.0258233448935751e-03,-3.9553727745649022e-17
159,2.1252288919096390e+01,5.9027388742418729e+00,3.4304645457867622e-01,-2.6034729927459921e-13,2.6034729927459921e-13,0.0000000000000000e+00,3.6650945785047783e-17,-7.9202129274308381e-03,3.5190567772516021e-03,-1.1439269704682439e-02,-7.9202129274308468e-03,8.6736173798840355e-18,3.0025193688625870e-18,-7.9202129274308503e-03,3.5190567772516021e-03,-1.1439269704682453e-02,0.0000000000000000e+00,-5.3106468396910854e-03,7.9202129274308503e-03,5.3106468396910845e-03,0.0000000000000000e+00,3.3312449202685719e+00,2.2387704632323580e+00,-3.3312449202685714e+00,1.6189644572125337e+00,-4.9502093774811051e+00,-3.3312449202685719e+00,1.6189644572125335e+00,-4.9502093774811069e+00,-2.4315885075861026e-17,2.8245133648170886e-17,9.3984691859356744e-03,7.4406835194308973e-01,8.6485033718458304e-01,-6.4729889892523040e-04,4.9495620785821801e+00,0.0000000000000000e+00,-1.0924744570362139e+00,4.0245584642661925e-15,7.4674936361991265e-15,2.2389497663273992e-14,5.5864801552510286e-03,-4.1157570559040067e-17
160,2.1595556223131421e+01,5.9980800051429837e+00,3.4326730403503092e-01,-4.3132164506687332e-13,4.3132164506687332e-13,0.0000000000000000e+00,5.4774982863926031e-17,-7.3771085301056194e-03,3.2774868695091409e-03,-1.0654595399614761e-02,-7.3771085301056263e-03,6.9388939039072284e-18,-1.4351444398617944e-17,-7.3771085301056116e-03,3.2774868695091414e-03,-1.0654595399614754e-02,0.0000000000000000e+00,-4.9465926059666663e-03,7.3771085301056116e-03,4.9465926059666550e-03,0.0000000000000000e+00,3.3338704554164149e+00,2.2405309506980342e+00,-3.3338704554164145e+00,1.6201309728197237e+00,-4.9540014282361380e+00,-3.3338704554164149e+00,1.6201309728197235e+00,-4.9540014282361398e+00,-2.6263742525190928e-17,2.8245133648170886e-17,8.5491956434254578e-03,7.4394560173154978e-01,8.6698879348757452e-01,-6.4738195717395364e-04,4.9533540462789638e+00,0.0000000000000000e+00,-1.0933395047183807e+00,5.7824115865893572e-15,1.0537980593855808e-14,1.8133642735544225e-14,5.2026188782122052e-03,-4.5375527701520658e-17
161,2.1942601806809535e+01,6.0944705382149316e+00,3.4704558367811345e-01,-2.9920510513647969e-13,2.9920510513647969e-13,0.0000000000000000e+00,5.7494466691968057e-17,-6.9072504920641318e-03,3.0685952822050297e-03,-9.9758457742691615e-03,-6.9072504920641388e-03,6.9388939039072284e-18,7.6973495877616319e-18,-6.9072504920641466e-03,3.0685952822050305e-03,-9.9758457742691771e-03,0.0000000000000000e+00,-4.6317281773207144e-03,6.9072504920641466e-03,4.6317281773207196e-03,0.0000000000000000e+00,3.3363491172735733e+00,2.2421930076614802e+00,-3.3363491172735729e+00,1.6212321627119293e+00,-4.9575812799855017e+00,-3.3363491172735733e+00,1.6212321627119290e+00,-4.9575812799855035e+00,-2.7418379633932495e-17,2.8245133648170886e-17,7.7468779558676334e-03,7.4382988738037203e-01,8.6900797162206767e-01,-6.4742575362197741e-04,4.9569338542318802e+00,0.0000000000000000e+00,-1.0941561096120931e+00,4.8572257327350599e-15,8.2956984471556687e-15,4.5334106838860563e-14,4.8675013771129014e-03,-4.7568333007188400e-17
162,2.2298054354010915e+01,6.1931960720292487e+00,3.5545254720138075e-01,-9.7144514654701197e-14,9.7144514654701197e-14,0.0000000000000000e+00,5.1730237162621606e-17,-6.5026508109479325e-03,2.8888050215039904e-03,-9.3914558324519233e-03,-6.5026508109479377e-03,5.2041704279304213e-18,1.2931339930666288e-17,-6.5026508109479507e-03,2.8888050215039908e-03,-9.3914558324519407e-03,0.0000000000000000e+00,-4.3606939707764390e-03,6.5026508109479507e-03,4.3606939707764494e-03,0.0000000000000000e+00,3.3387324090615107e+00,2.2437911973405060e+00,-3.3387324090615103e+00,1.6222909492682551e+00,-4.9610233583297649e+00,-3.3387324090615107e+00,1.6222909492682549e+00,-4.9610233583297667e+00,-2.3752119516556681e-17,2.8245133648170886e-17,6.9840583462909851e-03,7.4372834123759224e-01,8.7093112247805571e-01,-6.4742720631616457e-04,4.9603759311234494e+00,0.0000000000000000e+00,-1.0949412117210047e+00,5.2273000742767790e-15,1.0631222845809530e-14,3.9597954544963919e-14,4.5756292952636446e-03,-4.3093088102463279e-17
163,2.2659573741442514e+01,6.2936066466317389e+00,3.6151938743159917e-01,-7.5772721430666934e-13,7.5772721430666934e-13,0.0000000000000000e+00,5.6998990190656623e-17,-6.1645732277973604e-03,2.7386578681706224e-03,-8.9032310959679829e-03,-6.1645732277973665e-03,6.0715321659188248e-18,-2.0453288593259622e-17,-6.1645732277973465e-03,2.7386578681706224e-03,-8.9032310959679690e-03,8.6736173798840355e-19,-4.1343297181752189e-03,6.1645732277973465e-03,4.1343297181752189e-03,0.0000000000000000e+00,3.3410221325989835e+00,2.2453267552206295e+00,-3.3410221325989831e+00,1.6233081677365897e+00,-4.9643303003355728e+00,-3.3410221325989835e+00,1.6233081677365895e+00,-4.9643303003355745e+00,-2.5111784652953022e-17,2.8401917690270474e-17,6.2692165137527567e-03,7.4365016402987716e-01,8.7274140992477123e-01,-6.4737726818853147e-04,4.9636829230673847e+00,0.0000000000000000e+00,-1.0956953773783540e+00,6.3375230989019355e-15,1.4181895079489740e-14,5.3475742352778375e-14,4.3281235931714734e-03,-4.2407104454039313e-17
164,2.3020848795840408e+01,6.3939493587041367e+00,3.6127505439789331e-01,-2.6811886044697530e-13,2.6811886044697530e-13,0.0000000000000000e+00,5.6366985726303230e-17,-5.8945875283246685e-03,2.6188347036579262e-03,-8.5134222319825942e-03,-5.8945875283246737e-03,5.2041704279304213e-18,8.2987912069604787e-18,-5.8945875283246841e-03,2.6188347036579266e-03,-8.5134222319826099e-03,1.7347234759768071e-18,-3.9536738371603536e-03,5.8945875283246841e-03,3.9536738371603562e-03,0.0000000000000000e+00,3.3432004695780639e+00,2.2467877521828417e+00,-3.3432004695780635e+00,1.6242759319467515e+00,-4.9674764015248147e+00,-3.3432004695780639e+00,1.6242759319467512e+00,-4.9674764015248165e+00,-2.7307343005160160e-17,2.8871951928882091e-17,5.6156287979505660e-03,7.4360388297588031e-01,8.7440914824974669e-01,-6.4727192317381999e-04,4.9668291296016411e+00,0.0000000000000000e+00,-1.0964127173952223e+00,5.1810407815840644e-15,1.1790338529572220e-14,2.7570538444858055e-14,4.1265427831817750e-03,-4.2142078459563097e-17
165,2.3374620555260400e+01,6.4922080603850150e+00,3.5377175941999184e-01,-3.3029134982598407e-13,3.3029134982598407e-13,0.0000000000000000e+00,5.8444802077111161e-17,-5.6901872636153390e-03,2.5282057233419796e-03,-8.2183929869573194e-03,-5.6901872636153459e-03,6.9388939039072284e-18,2.1639996930493276e-17,-5.6901872636153667e-03,2.5282057233419800e-03,-8.2183929869573472e-03,-8.6736173798840355e-19,-3.8170272956161836e-03,5.6901872636153667e-03,3.8170272956161802e-03,0.0000000000000000e+00,3.3452496526583784e+00,2.2481622794886764e+00,-3.3452496526583779e+00,1.6251863707205843e+00,-4.9704360233789622e+00,-3.3452496526583784e+00,1.6251863707205840e+00,-4.9704360233789640e+00,-2.2011594128015461e-17,2.9025375972932964e-17,5.0333187339280921e-03,7.4359482061362570e-01,8.7591111145815159e-01,-6.4711991487875764e-04,4.9697889034640834e+00,0.0000000000000000e+00,-1.0970873731697020e+00,5.4585965377403535e-15,1.3099615645524515e-14,3.7377508495713606e-14,3.9697402877650646e-03,-4.2372815031311520e-17
166,2.3734656012043750e+01,6.5922064791412600e+00,3.6003545678335058e-01,-6.9944050551384862e-13,6.9944050551384862e-13,0.0000000000000000e+00,5.0487387084366227e-17,-5.5374273597296013e-03,2.4605683703505851e-03,-7.9979957300801863e-03,-5.5374273597296074e-03,6.0715321659188248e-18,2.8967241160522791e-18,-5.5374273597296091e-03,2.4605683703505855e-03,-7.9979957300801950e-03,-8.6736173798840355e-19,-3.7150464455209288e-03,5.5374273597296091e-03,3.7150464455209206e-03,0.0000000000000000e+00,3.3472708223381300e+00,2.2495181862936344e+00,-3.3472708223381296e+00,1.6260844385003901e+00,-4.9733552608385194e+00,-3.3472708223381300e+00,1.6260844385003899e+00,-4.9733552608385212e+00,-1.7594549343036121e-17,2.8713094993399908e-17,4.4976138099137126e-03,7.4362711564801109e-01,8.7731279533005047e-01,-6.4691371241476503e-04,4.9727083471261047e+00,0.0000000000000000e+00,-1.0977526360444956e+00,5.5973744158184981e-15,1.1704698058169028e-14,5.3660779523549237e-14,3.8477149516088077e-03,-4.9401896760223490e-17
167,2.4103797575827457e+01,6.6947340829649882e+00,3.6914156378370677e-01,-4.1577852272212112e-13,4.1577852272212112e-13,0.0000000000000000e+00,1.0165838581127642e-16,-5.4328547543725800e-03,2.4143886748251723e-03,-7.8472434291977523e-03,-5.4328547543725852e-03,5.2041704279304213e-18,-4.8099571064673245e-17,-5.4328547543725375e-03,2.4143886748251723e-03,-7.8472434291977089e-03,0.0000000000000000e+00,-3.6454127856647960e-03,5.4328547543725375e-03,3.6454127856648021e-03,0.0000000000000000e+00,3.3492956158855041e+00,2.2508767120090174e+00,-3.3492956158855036e+00,1.6269842131339074e+00,-4.9762798290194104e+00,-3.3492956158855041e+00,1.6269842131339072e+00,-4.9762798290194121e+00,-2.5937674148080871e-17,2.8553005359236315e-17,4.0056541910721893e-03,7.4370780439767525e-01,8.7862410796696755e-01,-6.4664657819224480e-04,4.9756331824412188e+00,0.0000000000000000e+00,-1.0984189038764867e+00,9.5294142946992614e-15,2.1173746935904837e-14,3.7192471324942744e-14,3.7581484862082085e-03,-4.5828046083282430e-17
168,2.4476462837928270e+01,6.7982403800069697e+00,3.7266526210081352e-01,-7.1109784727241276e-13,7.1109784727241276e-13,0.0000000000000000e+00,9.0135814285324213e-17,-5.3748382970070976e-03,2.3889394610583986e-03,-7.7637777580654961e-03,-5.3748382970071010e-03,3.4694469519536142e-18,1.0998221272006337e-18,-5.3748382970071028e-03,2.3889394610583986e-03,-7.7637777580655013e-03,8.6736173798840355e-19,-3.6070179963964186e-03,5.3748382970071028e-03,3.6070179963964260e-03,0.0000000000000000e+00,3.3513094417673530e+00,2.2522280765181497e+00,-3.3513094417673526e+00,1.6278792299032649e+00,-4.9791886716706166e+00,-3.3513094417673530e+00,1.6278792299032647e+00,-4.9791886716706184e+00,-3.4695261026308702e-17,2.8714623153948146e-17,3.5649249062466803e-03,7.4384160209220074e-01,8.7982637446457146e-01,-6.4632844024603564e-04,4.9785423432303713e+00,0.0000000000000000e+00,-1.0990813652492033e+00,1.0824674490095276e-14,2.1607873577165642e-14,2.9605947323337510e-14,3.7003879573648283e-03,-4.5023044116981504e-17
169,2.4847411333738968e+01,6.9012698520275517e+00,3.7094849581069766e-01,-1.9700907571973403e-12,1.9700907571973403e-12,0.0000000000000000e+00,1.1989695263443545e-16,-5.3587998384932965e-03,2.3821813794198104e-03,-7.7409812179131069e-03,-5.3587998384933009e-03,4.3368086899420177e-18,6.2758458158490007e-17,-5.3587998384933642e-03,2.3821813794198104e-03,-7.7409812179131746e-03,8.6736173798840355e-19,-3.5967773511426859e-03,5.3587998384933642e-03,3.5967773511426855e-03,0.0000000000000000e+00,3.3533002552278233e+00,2.2535641950422987e+00,-3.3533002552278228e+00,1.6287641499528183e+00,-4.9820644051806395e+00,-3.3533002552278233e+00,1.6287641499528180e+00,-4.9820644051806422e+00,-2.2851194517791267e-17,2.9036369685978694e-17,3.1786514146787755e-03,7.4402977147421323e-01,8.8090974908903519e-01,-6.4597797489107656e-04,4.9814184272057496e+00,0.0000000000000000e+00,-1.0997360601855246e+00,1.9428902930940239e-14,2.8472568723099954e-14,7.4940054162198066e-14,3.6717339030296840e-03,-4.3334032242957946e-17
170,2.5220551221953990e+01,7.0049079745884564e+00,3.7313988821502164e-01,-2.3314683517128287e-13,2.3314683517128287e-13,0.0000000000000000e+00,1.1488797037484348e-16,-5.3790864404108891e-03,2.3916021714045724e-03,-7.7706886118154616e-03,-5.3790864404108952e-03,6.0715321659188248e-18,1.3541567663105419e-17,-5.3790864404109082e-03,2.3916021714045729e-03,-7.7706886118154815e-03,-8.6736173798840355e-19,-3.6108984973125917e-03,5.3790864404109082e-03,3.6108984973125986e-03,0.0000000000000000e+00,3.3553036220707111e+00,2.2549089307224901e+00,-3.3553036220707106e+00,1.6296547944830768e+00,-4.9849584165537859e+00,-3.3553036220707111e+00,1.6296547944830766e+00,-4.9849584165537886e+00,-8.6159029648545771e-18,2.9036369685978694e-17,2.8390905449397559e-03,7.4427649149006814e-01,8.8189361766794916e-01,-6.4559478011960714e-04,4.9843128217736679e+00,0.0000000000000000e+00,-1.1003946913482210e+00,6.1062266354383610e-15,1.5174097263082128e-14,2.2204460492503131e-14,3.6682923501002241e-03,-4.9277113715697368e-17
171,2.5595762021160159e+01,7.1091212844554947e+00,3.7521079920616884e-01,-8.6652907071993468e-13,8.6652907071993468e-13,0.0000000000000000e+00,9.3592434226326184e-17,-5.4309106591054947e-03,2.4150764892878120e-03,-7.8459871483933068e-03,-5.4309106591054999e-03,5.2041704279304213e-18,-1.1204757011706303e-17,-5.4309106591054887e-03,2.4150764892878120e-03,-7.8459871483932998e-03,0.0000000000000000e+00,-3.6461644625243911e-03,5.4309106591054887e-03,3.6461644625243811e-03,0.0000000000000000e+00,3.3573316358962741e+00,2.2562703949190150e+00,-3.3573316358962737e+00,1.6305565533539796e+00,-4.9878881892502518e+00,-3.3573316358962741e+00,1.6305565533539794e+00,-4.9878881892502545e+00,-8.1775046688021019e-18,2.8873647940522952e-17,2.5431053760972618e-03,7.4458409847047113e-01,8.8278416217715205e-01,-6.4518733025908936e-04,4.9872430019199943e+00,0.0000000000000000e+00,-1.1010612409772591e+00,1.4062824978585317e-14,2.3261534892363998e-14,2.5905203907920320e-14,3.6869466702028515e-03,-5.2884880545903726e-17
172,2.5967250650144745e+01,7.2123007763207578e+00,3.7148862898458646e-01,-1.1618483952702263e-12,1.1618483952702263e-12,0.0000000000000000e+00,7.6205881472254558e-17,-5.5081655648985296e-03,2.4498863530166837e-03,-7.9580519179152133e-03,-5.5081655648985348e-03,5.2041704279304213e-18,1.8702477440691513e-17,-5.5081655648985539e-03,2.4498863530166837e-03,-7.9580519179152376e-03,0.0000000000000000e+00,-3.6984664942190429e-03,5.5081655648985539e-03,3.6984664942190464e-03,0.0000000000000000e+00,3.3593635071106807e+00,2.2576346183612741e+00,-3.3593635071106802e+00,1.6314601925421539e+00,-4.9908236996528323e+00,-3.3593635071106807e+00,1.6314601925421537e+00,-4.9908236996528350e+00,-6.7848457274653816e-18,2.8873647940522952e-17,2.2907690917649769e-03,7.4494821747039319e-01,8.8357642388114011e-01,-6.4478209885576732e-04,4.9901789175539779e+00,0.0000000000000000e+00,-1.1017288887494066e+00,1.1934897514720433e-14,2.1593207551762960e-14,4.3668772301922828e-14,3.7238992803827579e-03,-5.7845028329809246e-17
173,2.6335373281819571e+01,7.3145453757964747e+00,3.6812263167482584e-01,-2.7200464103316335e-13,2.7200464103316335e-13,0.0000000000000000e+00,1.1999261556801550e-16,-5.6054645587503074e-03,2.4936334479803727e-03,-8.0990980067306810e-03,-5.6054645587503109e-03,3.4694469519536142e-18,5.6082884118742851e-17,-5.6054645587503681e-03,2.4936334479803727e-03,-8.0990980067307400e-03,8.6736173798840355e-19,-3.7641883879478803e-03,5.6054645587503681e-03,3.7641883879478894e-03,0.0000000000000000e+00,3.3614090964949699e+00,2.2590082044385262e+00,-3.3614090964949694e+00,1.6323701033015938e+00,-4.9937791997965615e+00,-3.3614090964949699e+00,1.6323701033015936e+00,-4.9937791997965641e+00,6.9802463265407857e-18,2.9033295683324122e-17,2.0765253037414873e-03,7.4536765121218818e-01,8.8428153945278454e-01,-6.4438733287963679e-04,4.9931348124636834e+00,0.0000000000000000e+00,-1.1024008920564436e+00,6.0599673427456464e-15,1.4879309943959391e-14,6.8278716014447127e-14,3.7755293518068199e-03,-5.1467285040665678e-17
174,2.6711472333242746e+01,7.4190053941903642e+00,3.7609905142317501e-01,-8.0824236192711396e-13,8.0824236192711396e-13,0.0000000000000000e+00,1.0168336088620320e-16,-5.7216177910436698e-03,2.5457965636195143e-03,-8.2674143546631849e-03,-5.7216177910436742e-03,4.3368086899420177e-18,2.6449377906935509e-18,-5.7216177910436768e-03,2.5457965636195143e-03,-8.2674143546631919e-03,0.0000000000000000e+00,-3.8425422261477724e-03,5.7216177910436768e-03,3.8425422261477594e-03,0.0000000000000000e+00,3.3635391489585449e+00,2.2604386465227226e+00,-3.3635391489585444e+00,1.6333177657251319e+00,-4.9968569146836748e+00,-3.3635391489585449e+00,1.6333177657251317e+00,-4.9968569146836774e+00,1.8023985382684879e-17,2.9196402646773222e-17,1.8902189509039020e-03,7.4585598961988020e-01,8.8492758020854900e-01,-6.4397694579887421e-04,4.9962129377378774e+00,0.0000000000000000e+00,-1.1031005024358222e+00,7.9565983431469557e-15,2.0801083402086052e-14,2.9235872981795793e-14,3.8406607643060161e-03,-5.4959270796464753e-17
175,2.7104845200884828e+01,7.5282631464608265e+00,3.9337286764208201e-01,-2.9920510513647969e-13,2.9920510513647969e-13,0.0000000000000000e+00,8.6446132441399626e-17,-5.8564670747517471e-03,2.6063198606965134e-03,-8.4627869354482604e-03,-5.8564670747517514e-03,4.3368086899420177e-18,-1.7939570281072532e-17,-5.8564670747517323e-03,2.6063198606965134e-03,-8.4627869354482466e-03,-8.6736173798840355e-19,-3.9334270895230424e-03,5.8564670747517323e-03,3.9334270895230346e-03,0.0000000000000000e+00,3.3658164011812755e+00,2.2619680741969237e+00,-3.3658164011812750e+00,1.6343311171312613e+00,-5.0001475183125352e+00,-3.3658164011812755e+00,1.6343311171312611e+00,-5.0001475183125379e+00,1.5015738661548809e-17,2.9025804359695461e-17,1.7260723882238081e-03,7.4643032658311426e-01,8.8553118901335859e-01,-6.4352914656473637e-04,4.9995039891659712e+00,0.0000000000000000e+00,-1.1038483269843518e+00,4.8109664400423453e-15,1.0024575512408882e-14,2.2574534834044851e-14,3.9190011136731612e-03,-5.2222994626533925e-17
176,2.7507104073001372e+01,7.6399889511960266e+00,4.0225887211654410e-01,-4.7795101210112989e-13,4.7795101210112989e-13,0.0000000000000000e+00,1.0732651739248005e-16,-6.0036485482939557e-03,2.6723723334022209e-03,-8.6760208816961774e-03,-6.0036485482939592e-03,3.4694469519536142e-18,-1.9595139426127795e-17,-6.0036485482939401e-03,2.6723723334022209e-03,-8.6760208816961601e-03,8.6736173798840355e-19,-4.0325592439329231e-03,6.0036485482939401e-03,4.0325592439329162e-03,0.0000000000000000e+00,3.3682018195481245e+00,2.2635702685358194e+00,-3.3682018195481240e+00,1.6353928175153856e+00,-5.0035946370635083e+00,-3.3682018195481245e+00,1.6353928175153853e+00,-5.0035946370635109e+00,7.4664036655286586e-18,2.9025804359695461e-17,1.5860371028287809e-03,7.4708299856057192e-01,8.8608070350788826e-01,-6.4307834409671472e-04,5.0029515587194133e+00,0.0000000000000000e+00,-1.1046315510123050e+00,8.7892656116158231e-15,1.4603512871333591e-14,2.2389497663273992e-14,4.0066677988487287e-03,-5.6409729540575285e-17
177,2.7912629214945284e+01,7.7526219494084634e+00,4.0552514194391165e-01,-3.3806291099836017e-13,3.3806291099836017e-13,0.0000000000000000e+00,8.7079573415535541e-17,-6.1568442008895852e-03,2.7411310440383875e-03,-8.8979752449279727e-03,-6.1568442008895895e-03,4.3368086899420177e-18,1.2295959230767299e-17,-6.1568442008896026e-03,2.7411310440383875e-03,-8.8979752449279900e-03,8.6736173798840355e-19,-4.1356912512388799e-03,6.1568442008896026e-03,4.1356912512388721e-03,0.0000000000000000e+00,3.3706675123222349e+00,2.2652264840065635e+00,-3.3706675123222345e+00,1.6364904733781609e+00,-5.0071579857003936e+00,-3.3706675123222349e+00,1.6364904733781607e+00,-5.0071579857003963e+00,5.9864031231297820e-18,2.9377541351609927e-17,1.4688089861377683e-03,7.4780528028872340e-01,8.8657373301900178e-01,-6.4265108429806261e-04,5.0065153346160969e+00,0.0000000000000000e+00,-1.1054410283156715e+00,7.6790425869906666e-15,1.6757309856972044e-14,2.4794980883295164e-14,4.0996158154403863e-03,-5.8504285887527098e-17
178,2.8323411656625439e+01,7.8667151417508032e+00,4.1078244168015488e-01,-2.4480417692984702e-13,2.4480417692984702e-13,0.0000000000000000e+00,1.1364006147431267e-16,-6.3125122427220006e-03,2.8110135270791943e-03,-9.1235257698011954e-03,-6.3125122427220032e-03,2.6020852139652106e-18,-3.8755984973222575e-18,-6.3125122427219998e-03,2.8110135270791948e-03,-9.1235257698011954e-03,0.0000000000000000e+00,-4.2404463691927642e-03,6.3125122427219998e-03,4.2404463691927729e-03,0.0000000000000000e+00,3.3732286086652783e+00,2.2669468691383483e+00,-3.3732286086652779e+00,1.6376308351299034e+00,-5.0108594437951792e+00,-3.3732286086652783e+00,1.6376308351299032e+00,-5.0108594437951819e+00,7.7158712940859089e-18,2.9555689837885336e-17,1.3703139474919074e-03,7.4859944285740643e-01,8.8701882969066792e-01,-6.4224863433715029e-04,5.0102171951608439e+00,0.0000000000000000e+00,-1.1062817395269300e+00,8.5117098554595340e-15,1.7432446036311964e-14,7.9195909089927837e-14,4.1954238746870903e-03,-5.2583757074911569e-17
179,2.8741373905286022e+01,7.9828024969776337e+00,4.1796224866058296e-01,-6.5669691906578009e-13,6.5669691906578009e-13,0.0000000000000000e+00,1.1277406026171702e-16,-6.4671835191468666e-03,2.8804732025990883e-03,-9.3476567217459540e-03,-6.4671835191468701e-03,3.4694469519536142e-18,7.4030865233961307e-18,-6.4671835191468761e-03,2.8804732025990883e-03,-9.3476567217459644e-03,-1.7347234759768071e-18,-4.3444962435892779e-03,6.4671835191468761e-03,4.3444962435892779e-03,0.0000000000000000e+00,3.3758993238541928e+00,2.2687409600978787e+00,-3.3758993238541923e+00,1.6388202484257826e+00,-5.0147195722799731e+00,-3.3758993238541928e+00,1.6388202484257823e+00,-5.0147195722799758e+00,8.4530497078364674e-18,2.9193165375473555e-17,1.2870777593311092e-03,7.4946801769646698e-01,8.8742328123913883e-01,-6.4187173084562232e-04,5.0140777005491293e+00,0.0000000000000000e+00,-1.1071583637563140e+00,1.3045120539345589e-14,2.1781948255016759e-14,3.5527136788005009e-14,4.2917326209408226e-03,-5.2260538144964220e-17
180,2.9170851042967506e+01,8.1020880669151243e+00,4.2947713768148432e-01,-3.0697666630885578e-13,3.0697666630885578e-13,0.0000000000000000e+00,8.2732881992820963e-17,-6.6181668825581151e-03,2.9483102216846802e-03,-9.5664771042427953e-03,-6.6181668825581186e-03,3.4694469519536142e-18,2.8072401697743224e-17,-6.6181668825581463e-03,2.9483102216846802e-03,-9.5664771042428265e-03,0.0000000000000000e+00,-4.4460354186977068e-03,6.6181668825581463e-03,4.4460354186977155e-03,0.0000000000000000e+00,3.3787092532722345e+00,2.2706286262863875e+00,-3.3787092532722340e+00,1.6400719130363959e+00,-5.0187811663086279e+00,-3.3787092532722345e+00,1.6400719130363957e+00,-5.0187811663086306e+00,1.6071005277370538e-17,2.8820653338907855e-17,1.2157461923439797e-03,7.5041924506861979e-01,8.8779540588653816e-01,-6.4151588889393985e-04,5.0181396504197355e+00,0.0000000000000000e+00,-1.1080806269858470e+00,6.1987452208237909e-15,1.5716988010553486e-14,1.9798977272481959e-14,4.3866797322057796e-03,-4.8912307894335352e-17
181,2.9617593258413507e+01,8.2261689436581733e+00,4.4674221544600101e-01,-5.2069459854919842e-13,5.2069459854919842e-13,0.0000000000000000e+00,1.0710997368556538e-16,-6.7627310575833627e-03,3.0133078605047089e-03,-9.7760389180880716e-03,-6.7627310575833653e-03,2.6020852139652106e-18,1.0840207621167412e-17,-6.7627310575833774e-03,3.0133078605047085e-03,-9.7760389180880855e-03,1.7347234759768071e-18,-4.5432307543517058e-03,6.7627310575833774e-03,4.5432307543516962e-03,0.0000000000000000e+00,3.3816981592674522e+00,2.2726365686290784e+00,-3.3816981592674518e+00,1.6414035662712361e+00,-5.0231017255386856e+00,-3.3816981592674522e+00,1.6414035662712358e+00,-5.0231017255386883e+00,2.4762957925327957e-17,2.9208140443329888e-17,1.1534283958458660e-03,7.5146596837366220e-01,8.8814299387736406e-01,-6.4117562436383224e-04,5.0224605499143244e+00,0.0000000000000000e+00,-1.1090615906383738e+00,1.1842378929335004e-14,2.0579768915830655e-14,1.7763568394002505e-14,4.4783959984203859e-03,-5.3247435753272662e-17
182,3.0084880386272502e+01,8.3559560882592248e+00,4.6728712785899518e-01,-4.5852210917018965e-13,4.5852210917018965e-13,0.0000000000000000e+00,1.0092048670733242e-16,-6.8964659953594087e-03,3.0734983674356453e-03,-9.9699643627950540e-03,-6.8964659953594121e-03,3.4694469519536142e-18,-4.3274733989373916e-17,-6.8964659953593688e-03,3.0734983674356453e-03,-9.9699643627950141e-03,0.0000000000000000e+00,-4.6331201089427352e-03,6.8964659953593688e-03,4.6331201089427256e-03,0.0000000000000000e+00,3.3848895427473171e+00,2.2747805639486458e+00,-3.3848895427473167e+00,1.6428257093712804e+00,-5.0277152521185950e+00,-3.3848895427473171e+00,1.6428257093712801e+00,-5.0277152521185977e+00,1.7184839590294926e-17,2.9613447418689275e-17,1.0980782753172969e-03,7.5261617185271679e-01,8.8847060638155972e-01,-6.4085286168658051e-04,5.0270743992569109e+00,0.0000000000000000e+00,-1.1101089787986713e+00,8.8817841970012523e-15,1.9255756062642118e-14,2.2389497663273992e-14,4.5639506990575564e-03,-6.2357392733282112e-17
183,3.0573511630343038e+01,8.4916714764004357e+00,4.8863124407053604e-01,-3.1474822748123188e-13,3.1474822748123188e-13,0.0000000000000000e+00,7.5215683818566156e-17,-7.0134473471482571e-03,3.1262319691641961e-03,-1.0139679316312454e-02,-7.0134473471482614e-03,4.3368086899420177e-18,-8.2299030921736510e-18,-7.0134473471482528e-03,3.1262319691641961e-03,-1.0139679316312449e-02,-8.6736173798840355e-19,-4.7117241204395711e-03,7.0134473471482528e-03,4.7117241204395676e-03,0.0000000000000000e+00,3.3882879518780484e+00,2.2770636553793699e+00,-3.3882879518780480e+00,1.6443404003449176e+00,-5.0326283522229636e+00,-3.3882879518780484e+00,1.6443404003449174e+00,-5.0326283522229662e+00,4.6014521440159014e-18,2.9401537396143049e-17,1.0481299966180382e-03,7.5387092019107527e-01,8.8878078440204711e-01,-6.4056575517712488e-04,5.0319877864677887e+00,0.0000000000000000e+00,-1.1112242964986785e+00,7.6790425869906666e-15,1.5053225908410607e-14,2.6645352591003757e-14,4.6394156295798111e-03,-6.6373793016263587e-17
184,3.1086666573096803e+01,8.6341982244901576e+00,5.1315494275376494e-01,-4.3909320623924941e-13,4.3909320623924941e-13,0.0000000000000000e+00,1.1372843058146539e-16,-7.1078380835116837e-03,3.1688966781468616e-03,-1.0276734761658544e-02,-7.1078380835116880e-03,4.3368086899420177e-18,-1.0036612305909395e-17,-7.1078380835116767e-03,3.1688966781468616e-03,-1.0276734761658537e-02,-8.6736173798840355e-19,-4.7751225286280594e-03,7.1078380835116767e-03,4.7751225286280438e-03,0.0000000000000000e+00,3.3919111555864383e+00,2.2794977665039280e+00,-3.3919111555864379e+00,1.6459555885352368e+00,-5.0378667441216729e+00,-3.3919111555864383e+00,1.6459555885352366e+00,-5.0378667441216756e+00,-8.5324187691134178e-20,2.8956446433138803e-17,1.0019656873976679e-03,7.5523579886544034e-01,8.8907751709416483e-01,-6.4030688823413229e-04,5.0372264372334410e+00,0.0000000000000000e+00,-1.1124133890825103e+00,4.7184478546569153e-15,1.1473274499704577e-14,3.1456319031046106e-14,4.7008981080644482e-03,-7.2201343401726587e-17
185,3.1630611636817989e+01,8.7852768064396969e+00,5.4394506372118556e-01,-7.2275518903097691e-13,7.2275518903097691e-13,0.0000000000000000e+00,8.7040424032293348e-17,-7.1730851253021845e-03,3.1985588870858659e-03,-1.0371644012388050e-02,-7.1730851253021871e-03,2.6020852139652106e-18,-4.8037663710803944e-17,-7.1730851253021394e-03,3.1985588870858659e-03,-1.0371644012388005e-02,0.0000000000000000e+00,-4.8189141817780575e-03,7.1730851253021394e-03,4.8189141817780654e-03,0.0000000000000000e+00,3.3957951744288462e+00,2.2821070809588204e+00,-3.3957951744288457e+00,1.6476873615468230e+00,-5.0434825359756665e+00,-3.3957951744288462e+00,1.6476873615468228e+00,-5.0434825359756692e+00,-1.5879932071927562e-17,2.8720547865219095e-17,9.5799294661400903e-04,7.5672335778334021e-01,8.8936593560286681e-01,-6.4007521400188949e-04,5.0428424607616673e+00,0.0000000000000000e+00,-1.1136880934700257e+00,9.3443771239284014e-15,2.5660639684959332e-14,2.0169051614023679e-14,4.7440193536263595e-03,-7.2851344853150875e-17
186,3.2210350040662391e+01,8.9462968465064581e+00,5.7973840384440223e-01,-6.8389738316909643e-13,6.8389738316909643e-13,0.0000000000000000e+00,1.1636111726076731e-16,-7.2008519467775100e-03,3.2114865980558569e-03,-1.0412338544833366e-02,-7.2008519467775126e-03,2.6020852139652106e-18,-5.7229916258609700e-17,-7.2008519467774562e-03,3.2114865980558569e-03,-1.0412338544833314e-02,8.6736173798840355e-19,-4.8375001278375407e-03,7.2008519467774562e-03,4.8375001278375155e-03,0.0000000000000000e+00,3.3999617360964098e+00,2.2849061780681788e+00,-3.3999617360964094e+00,1.6495454363158861e+00,-5.0495071724122935e+00,-3.3999617360964098e+00,1.6495454363158859e+00,-5.0495071724122962e+00,-4.6393761465942976e-17,2.8971969319987647e-17,9.1505273873771365e-04,7.5834081858672275e-01,8.8964969367268687e-01,-6.3987131773868278e-04,5.0488673010945568e+00,0.0000000000000000e+00,-1.1150555580282311e+00,2.1371793224034263e-14,3.7242935665978606e-14,1.6653345369377348e-14,4.7632183380159855e-03,-7.6464141692427741e-17
187,3.2830284489379189e+01,9.1184811784554878e+00,6.1993444871679770e-01,-5.5178084323870280e-13,5.5178084323870280e-13,0.0000000000000000e+00,1.0794062433407403e-16,-7.1815098353593485e-03,3.2033653552560465e-03,-1.0384875190615395e-02,-7.1815098353593520e-03,3.4694469519536142e-18,-3.4727386800700046e-17,-7.1815098353593164e-03,3.2033653552560465e-03,-1.0384875190615362e-02,-8.6736173798840355e-19,-4.8244142247566221e-03,7.1815098353593164e-03,4.8244142247566299e-03,0.0000000000000000e+00,3.4044197968577370e+00,2.2879010548420409e+00,-3.4044197968577365e+00,1.6515338301705242e+00,-5.0559536270282592e+00,-3.4044197968577370e+00,1.6515338301705240e+00,-5.0559536270282619e+00,-7.4897511454721310e-17,2.8971969319987647e-17,8.7229864757708243e-04,7.6009023270643039e-01,8.8993160338554922e-01,-6.3969543096753512e-04,5.0553139315972935e+00,0.0000000000000000e+00,-1.1165187420156961e+00,1.6468308198606490e-14,3.3196576075557594e-14,2.3869795029440866e-14,4.7520547561661327e-03,-6.9174195838139216e-17
188,3.3493719085114975e+01,9.3027475035404876e+00,6.6343459573578656e-01,-7.4218409196191715e-13,7.4218409196191715e-13,0.0000000000000000e+00,9.9932498383068768e-17,-7.1048519863499277e-03,3.1696176382957977e-03,-1.0274469624645725e-02,-7.1048519863499311e-03,3.4694469519536142e-18,-1.9054773217388338e-17,-7.1048519863499120e-03,3.1696176382957977e-03,-1.0274469624645710e-02,0.0000000000000000e+00,-4.7728033965616160e-03,7.1048519863499120e-03,4.7728033965616168e-03,0.0000000000000000e+00,3.4091588301975975e+00,2.2910846179384348e+00,-3.4091588301975970e+00,1.6536478588685033e+00,-5.0628066890660985e+00,-3.4091588301975975e+00,1.6536478588685031e+00,-5.0628066890661012e+00,-9.2737984249420231e-17,2.8684250427988131e-17,8.2919311067383022e-04,7.6196562973952087e-01,8.9021348945788414e-01,-6.3954656042453095e-04,5.0621671425056753e+00,0.0000000000000000e+00,-1.1180742122591627e+00,1.4247862149356177e-14,2.7062867590619442e-14,3.9412917374193057e-14,4.7036667277281256e-03,-7.4220558444830095e-17
189,3.4202038845779043e+01,9.4994805049871509e+00,7.0831976066406810e-01,-6.1783911320389961e-13,6.1783911320389961e-13,0.0000000000000000e+00,1.1694044312436221e-16,-6.9615174921308504e-03,3.1060399307924597e-03,-1.0067557422923311e-02,-6.9615174921308530e-03,2.6020852139652106e-18,2.5231425140483038e-17,-6.9615174921308781e-03,3.1060399307924601e-03,-1.0067557422923338e-02,0.0000000000000000e+00,-4.6763847253685096e-03,6.9615174921308781e-03,4.6763847253685192e-03,0.0000000000000000e+00,3.4141405739288024e+00,2.2944311412729324e+00,-3.4141405739288020e+00,1.6558704450021764e+00,-5.0700110189309768e+00,-3.4141405739288024e+00,1.6558704450021762e+00,-5.0700110189309795e+00,-9.0550461943484383e-17,2.8684250427988131e-17,7.8549488313025119e-04,7.6394961930954897e-01,8.9049590806770318e-01,-6.3942274179384917e-04,5.0693715961891845e+00,0.0000000000000000e+00,-1.1197094326558701e+00,2.6645352591003757e-14,4.0340713186273624e-14,2.9050835811024932e-14,4.6117008220532786e-03,-6.6905598874717679e-17
190,3.4954898256932069e+01,9.7085842175316710e+00,7.5285941115302535e-01,-2.0983215165415459e-12,2.0983215165415459e-12,0.0000000000000000e+00,1.8699328042623144e-16,-6.7448449345387041e-03,3.0096339024175689e-03,-9.7544788369562721e-03,-6.7448449345387058e-03,1.7347234759768071e-18,3.2143784157809854e-17,-6.7448449345387388e-03,3.0096339024175689e-03,-9.7544788369563068e-03,8.6736173798840355e-19,-4.5306906778581277e-03,6.7448449345387388e-03,4.5306906778581572e-03,0.0000000000000000e+00,3.4193000559015987e+00,2.2978969579561896e+00,-3.4193000559015982e+00,1.6581725663026137e+00,-5.0774726222042101e+00,-3.4193000559015987e+00,1.6581725663026134e+00,-5.0774726222042128e+00,-6.8952728799937193e-17,2.9010751151647438e-17,7.4114478927608503e-04,7.6601379543574355e-01,8.9077830356958909e-01,-6.3932250800480261e-04,5.0768332996962071e+00,0.0000000000000000e+00,-1.1214030979454090e+00,2.7940612786399775e-14,6.1494664379132362e-14,4.0338103228047359e-14,4.4715392435143277e-03,-7.1118903816077465e-17
191,3.5754136099051046e+01,9.9305693551514480e+00,7.9923784211897697e-01,-1.0219602941674566e-12,1.0219602941674566e-12,0.0000000000000000e+00,2.0885435538100011e-16,-6.4512230356299979e-03,2.8787689015517788e-03,-9.3299919371817759e-03,-6.4512230356300014e-03,3.4694469519536142e-18,2.8848120484429827e-17,-6.4512230356300292e-03,2.8787689015517788e-03,-9.3299919371818071e-03,-8.6736173798840355e-19,-4.3333036775163852e-03,6.4512230356300292e-03,4.3333036775163886e-03,0.0000000000000000e+00,3.4245734543460653e+00,2.3014391778167620e+00,-3.4245734543460649e+00,1.6605256834778996e+00,-5.0850991378239625e+00,-3.4245734543460653e+00,1.6605256834778994e+00,-5.0850991378239652e+00,-4.4579209673442162e-17,2.9010751151647438e-17,6.9593488987002483e-04,7.6813006808757955e-01,8.9106043359992604e-01,-6.3924690052385991e-04,5.0844598909234406e+00,0.0000000000000000e+00,-1.1231342765293033e+00,2.9976021664879227e-14,6.8309729023738143e-14,3.3491727909525558e-14,4.2805597912228405e-03,-8.0776329131462823e-17
192,3.6593562581710955e+01,1.0163716728129824e+01,8.3942648265990982e-01,-7.0332628610003667e-13,7.0332628610003667e-13,0.0000000000000000e+00,1.7081837332800024e-16,-6.0852605316916650e-03,2.7154938087784164e-03,-8.8007543404700819e-03,-6.0852605316916676e-03,2.6020852139652106e-18,-4.3673155049880465e-17,-6.0852605316916216e-03,2.7154938087784160e-03,-8.8007543404700385e-03,-2.6020852139652106e-18,-4.0873303084757642e-03,6.0852605316916216e-03,4.0873303084757720e-03,0.0000000000000000e+00,3.4298351824989854e+00,2.3049734294010760e+00,-3.4298351824989850e+00,1.6628736696129036e+00,-5.0927088521118868e+00,-3.4298351824989854e+00,1.6628736696129034e+00,-5.0927088521118895e+00,-5.0801472983736071e-17,2.7554578325820654e-17,6.5001084769053237e-04,7.7024561788286305e-01,8.9133883773503042e-01,-6.3920314731946704e-04,5.0920696489645696e+00,0.0000000000000000e+00,-1.1248617530979095e+00,3.1086244689504383e-14,7.0111128517203831e-14,3.6637359812630166e-14,4.0415334472052207e-03,-9.2840906069209479e-17
193,3.7458374676317973e+01,1.0403914854043897e+01,8.6481209460701791e-01,-7.3829831137572910e-13,7.3829831137572910e-13,0.0000000000000000e+00,2.3984591844229459e-16,-5.6629847755289512e-03,2.5269705662118334e-03,-8.1899553417407837e-03,-5.6629847755289529e-03,1.7347234759768071e-18,5.4613667500918315e-17,-5.6629847755290067e-03,2.5269705662118330e-03,-8.1899553417408393e-03,-8.6736173798840355e-19,-3.8035483624648389e-03,5.6629847755290067e-03,3.8035483624648601e-03,0.0000000000000000e+00,3.4349151948150327e+00,2.3083854930569290e+00,-3.4349151948150323e+00,1.6651405429114225e+00,-5.1000557377264535e+00,-3.4349151948150327e+00,1.6651405429114223e+00,-5.1000557377264562e+00,-4.6070729239307968e-17,2.6054368482997185e-17,6.0385112285471856e-04,7.7228990378499285e-01,8.9160758664126571e-01,-6.3920136230910529e-04,5.0994165363641457e+00,0.0000000000000000e+00,-1.1265297017581037e+00,4.9589961766590328e-14,1.0140858787117543e-13,5.3290705182007514e-14,3.7647803866956162e-03,-1.0856161318315066e-16
194,3.8344923875312830e+01,1.0650150374403905e+01,8.8654919899485662e-01,-1.2939649352006199e-12,1.2939649352006199e-12,0.0000000000000000e+00,2.0318465738255420e-16,-5.2013438933000995e-03,2.3207901704751857e-03,-7.5221340637752852e-03,-5.2013438933001021e-03,2.6020852139652106e-18,6.3301645751668764e-17,-5.2013438933001654e-03,2.3207901704751866e-03,-7.5221340637753520e-03,0.0000000000000000e+00,-3.4933505303549137e-03,5.2013438933001654e-03,3.4933505303549059e-03,0.0000000000000000e+00,3.4397310757545165e+00,2.3116200229912169e+00,-3.4397310757545161e+00,1.6672894321104368e+00,-5.1070205078649513e+00,-3.4397310757545165e+00,1.6672894321104366e+00,-5.1070205078649540e+00,6.1981340173463639e-18,2.5669889055970982e-17,5.5732176240025366e-04,7.7422803775559157e-01,8.9186482563206493e-01,-6.3924696037997997e-04,5.1063812609045733e+00,0.0000000000000000e+00,-1.1281110527632996e+00,2.2944609175586571e-14,7.2236141589255832e-14,2.4424906541753444e-14,3.4613251930309852e-03,-1.1674109052832086e-16
195,3.9256946763522997e+01,1.0903461110811181e+01,9.1202288821016708e-01,-1.5037970868547745e-12,1.5037970868547745e-12,0.0000000000000000e+00,2.0769631260260085e-16,-4.7163783893301725e-03,2.1041475460636615e-03,-6.8205259353938345e-03,-4.7163783893301751e-03,2.6020852139652106e-18,-8.1865994698568328e-17,-4.7163783893300936e-03,2.1041475460636611e-03,-6.8205259353937547e-03,0.0000000000000000e+00,-3.1675172232251093e-03,4.7163783893300936e-03,3.1675172232250876e-03,0.0000000000000000e+00,3.4442536706148519e+00,2.3146574549145198e+00,-3.4442536706148514e+00,1.6693072543486307e+00,-5.1135609249634806e+00,-3.4442536706148519e+00,1.6693072543486305e+00,-5.1135609249634832e+00,-2.2674215547999934e-18,2.5669889055970982e-17,5.1007083404362393e-04,7.7604707138228790e-01,8.9211077184859011e-01,-6.3934028370904450e-04,5.1129215846797731e+00,0.0000000000000000e+00,-1.1295962157003321e+00,3.1271281860275245e-14,7.8382260985050663e-14,6.6428344306738537e-14,3.1416602159908347e-03,-1.1056229713698637e-16
196,4.0199380891020219e+01,1.1165218448195741e+01,9.4243412749722211e-01,-1.1113332476497817e-12,1.1113332476497817e-12,0.0000000000000000e+00,2.0764537338327348e-16,-4.2251247439018067e-03,1.8846829396321164e-03,-6.1098076835339231e-03,-4.2251247439018084e-03,1.7347234759768071e-18,-9.2228902371291020e-18,-4.2251247439017998e-03,1.8846829396321164e-03,-6.1098076835339162e-03,8.6736173798840355e-19,-2.8374967442696981e-03,4.2251247439017998e-03,2.8374967442696807e-03,0.0000000000000000e+00,3.4484670594667923e+00,2.3174871199640519e+00,-3.4484670594667919e+00,1.6711868593378911e+00,-5.1196539188046817e+00,-3.4484670594667923e+00,1.6711868593378909e+00,-5.1196539188046843e+00,-4.5190058454334430e-17,2.6078604707353769e-17,4.6197203073392989e-04,7.7773983059502316e-01,8.9234558017072663e-01,-6.3947654140728005e-04,5.1190144422632757e+00,0.0000000000000000e+00,-1.1309799395027405e+00,4.1633363423443370e-14,9.7707230618426839e-14,3.4972025275692431e-14,2.8169548138517533e-03,-1.1029831308924719e-16
197,4.1179356439795647e+01,1.1437402766298320e+01,9.7997554877542825e-01,-1.0685896612017132e-12,1.0685896612017132e-12,0.0000000000000000e+00,2.2647405575421396e-16,-3.7446146244940470e-03,1.6700294723153237e-03,-5.4146440968093710e-03,-3.7446146244940492e-03,2.1684043449710089e-18,-1.2647086888348335e-16,-3.7446146244939221e-03,1.6700294723153237e-03,-5.4146440968092461e-03,-4.3368086899420177e-19,-2.5147281325564757e-03,3.7446146244939221e-03,2.5147281325564718e-03,0.0000000000000000e+00,3.4523721343223626e+00,2.3201096447194707e+00,-3.4523721343223621e+00,1.6729286249612096e+00,-5.1253007592835704e+00,-3.4523721343223626e+00,1.6729286249612094e+00,-5.1253007592835731e+00,-1.1167834148414592e-16,2.6291103031146768e-17,4.1314558739718673e-04,7.7930633221838874e-01,8.9256950153102255e-01,-6.3964562440110839e-04,5.1246611136591707e+00,0.0000000000000000e+00,-1.1322624896028919e+00,7.3089682454489476e-14,1.2735443759314796e-13,7.3829831137572910e-14,2.4986024307879287e-03,-1.3695347302589075e-16
198,4.2207948245294951e+01,1.1723090056696098e+01,1.0285918054993033e+00,-2.7899904608830184e-12,2.7899904608830184e-12,0.0000000000000000e+00,2.4262970937678634e-16,-3.2906274453467802e-03,1.4672545299217687e-03,-4.7578819752685485e-03,-3.2906274453467815e-03,1.3010426069826053e-18,1.2419495834987138e-16,-3.2906274453469060e-03,1.4672545299217691e-03,-4.7578819752686751e-03,4.3368086899420177e-19,-2.2098204112700102e-03,3.2906274453469060e-03,2.2098204112700145e-03,0.0000000000000000e+00,3.4559903304937336e+00,2.3225394606779024e+00,-3.4559903304937332e+00,1.6745421172693222e+00,-5.1305324477630538e+00,-3.4559903304937336e+00,1.6745421172693220e+00,-5.1305324477630565e+00,-1.1284883294660733e-16,2.6291103031146768e-17,3.6391847714216890e-04,7.8075531147057631e-01,8.9278305459235396e-01,-6.3983272924983403e-04,5.1298926150338051e+00,0.0000000000000000e+00,-1.1334508698158312e+00,1.0066022089934753e-13,1.6803353746014068e-13,1.2119934685491293e-13,2.1966126713380226e-03,-1.2834889531061966e-16
199,4.3305255248070665e+01,1.2027862720333378e+01,1.0973070027757146e+00,-2.3470114740575809e-12,2.3470114740575809e-12,0.0000000000000000e+00,1.5161280503548531e-16,-2.8763838517072847e-03,1.2822689940739202e-03,-4.1586528457812051e-03,-2.8763838517072860e-03,1.3010426069826053e-18,-1.2193503571875055e-17,-2.8763838517072734e-03,1.2822689940739204e-03,-4.1586528457811939e-03,-4.3368086899420177e-19,-1.9316432382158061e-03,2.8763838517072734e-03,1.9316432382157943e-03,0.0000000000000000e+00,3.4593738828349609e+00,2.3248116892100632e+00,-3.4593738828349605e+00,1.6760506529779107e+00,-5.1354245358128692e+00,-3.4593738828349609e+00,1.6760506529779104e+00,-5.1354245358128718e+00,-5.1398842622125880e-17,2.6291103031146768e-17,3.1464413112461783e-04,7.8210841467170877e-01,8.9298757047336386e-01,-6.4002370171345468e-04,5.1347845121111577e+00,0.0000000000000000e+00,-1.1345621936248977e+00,1.2101430968414206e-13,2.4832334397972590e-13,7.0684199234468308e-14,1.9201824840464404e-03,-1.5384827113656327e-16
200,4.4497739204358020e+01,1.2359070404949515e+01,1.1924839562873544e+00,-2.4130697440227777e-12,2.4130697440227777e-12,0.0000000000000000e+00,2.0316421560859407e-16,-2.5147509402665327e-03,1.1208160345594588e-03,-3.6355669748259914e-03,-2.5147509402665340e-03,1.3010426069826053e-18,1.7904575294092523e-17,-2.5147509402665517e-03,1.1208160345594585e-03,-3.6355669748260105e-03,0.0000000000000000e+00,-1.6888378470886285e-03,2.5147509402665517e-03,1.6888378470886216e-03,0.0000000000000000e+00,3.4625883037077667e+00,2.3269703720141970e+00,-3.4625883037077663e+00,1.6774834731490305e+00,-5.1400717768567947e+00,-3.4625883037077667e+00,1.6774834731490302e+00,-5.1400717768567974e+00,-4.7993661921150518e-17,2.6032524291934595e-17,2.6595741315451742e-04,7.8339339950278408e-01,8.9318391711898704e-01,-6.4019911410473362e-04,5.1394315777426920e+00,0.0000000000000000e+00,-1.1356179316935697e+00,1.6764367671839864e-13,2.6490143163068779e-13,1.3415194880887310e-13,1.6777856364949399e-03,-1.7483125957882294e-16
201,4.5807243702246041e+01,1.2722780080415703e+01,1.3095044978880210e+00,-2.6034729927459921e-12,2.6034729927459921e-12,0.0000000000000000e+00,1.6318762231850512e-16,-2.2199878510314420e-03,9.8924867550653859e-04,-3.2092365265379806e-03,-2.2199878510314433e-03,1.3010426069826053e-18,-6.2118479332757758e-18,-2.2199878510314368e-03,9.8924867550653837e-04,-3.2092365265379754e-03,-4.3368086899420177e-19,-1.4909709999786677e-03,2.2199878510314368e-03,1.4909709999786436e-03,0.0000000000000000e+00,3.4656883845795314e+00,2.3290523590080263e+00,-3.4656883845795310e+00,1.6788650427633636e+00,-5.1445534273428928e+00,-3.4656883845795314e+00,1.6788650427633633e+00,-5.1445534273428954e+00,-4.0337822385366588e-17,2.5748570767636650e-17,2.1924784103160666e-04,7.8463492219583553e-01,8.9337054545316363e-01,-6.4032727333285244e-04,5.1439131000695619e+00,0.0000000000000000e+00,-1.1366360255715051e+00,1.5857685535062654e-13,3.8560904122921885e-13,1.2415994158724669e-13,1.4791252864173282e-03,-2.0872382876166966e-16
202,4.7239255400522339e+01,1.3120515644427790e+01,1.4320116982762983e+00,-3.5826897004653802e-12,3.5826897004653802e-12,0.0000000000000000e+00,2.2894146606792465e-16,-2.0012033840758584e-03,8.9161735718052912e-04,-2.8928207412563874e-03,-2.0012033840758592e-03,8.6736173798840355e-19,-6.8372478874010265e-17,-2.0012033840757907e-03,8.9161735718052901e-04,-2.8928207412563197e-03,0.0000000000000000e+00,-1.3441400851395336e-03,2.0012033840757907e-03,1.3441400851394991e-03,0.0000000000000000e+00,3.4687107821941989e+00,2.3310823151279272e+00,-3.4687107821941985e+00,1.6802117538442127e+00,-5.1489225360384099e+00,-3.4687107821941989e+00,1.6802117538442125e+00,-5.1489225360384125e+00,-9.3740636633414643e-17,2.5438052728777486e-17,1.7665231572206331e-04,7.8585163903179001e-01,8.9354311079263915e-01,-6.4035170406162578e-04,5.1482821843343496e+00,0.0000000000000000e+00,-1.1376284670662717e+00,1.6042722705833512e-13,4.5050448014287142e-13,1.2360483007493411e-13,1.3307461401993023e-03,-1.9792848613049721e-16
203,4.8773343898413849e+01,1.3546602634281143e+01,1.5340884978915099e+00,-4.2549297418759124e-12,4.2549297418759124e-12,0.0000000000000000e+00,3.3940571892987090e-16,-1.8525875222582537e-03,8.2531745106034511e-04,-2.6779049733185989e-03,-1.8525875222582548e-03,1.0842021724855044e-18,1.1344808095443556e-16,-1.8525875222583678e-03,8.2531745106034554e-04,-2.6779049733187134e-03,-4.3368086899420177e-19,-1.2444157425602232e-03,1.8525875222583678e-03,1.2444157425602559e-03,0.0000000000000000e+00,3.4716668103455421e+00,2.3330678519886394e+00,-3.4716668103455417e+00,1.6815287188146886e+00,-5.1531955291602287e+00,-3.4716668103455421e+00,1.6815287188146884e+00,-5.1531955291602314e+00,-5.9165655289857105e-17,2.5105400312337685e-17,1.4028219701752459e-04,7.8705222352686144e-01,8.9369594024986654e-01,-6.4027284094314574e-04,5.1525552563192871e+00,0.0000000000000000e+00,-1.1385989583569027e+00,3.0198066269804258e-13,7.4659154271529796e-13,1.4118336129816575e-13,1.2294770972262890e-03,-2.5066410939837993e-16
204,5.0347047042453958e+01,1.3983692434829420e+01,1.5737031440401097e+00,-1.0149658891123181e-11,1.0149658891123181e-11,0.0000000000000000e+00,3.3448387144338664e-16,-1.7508244027733015e-03,7.7994397227996689e-04,-2.5307683750532685e-03,-1.7508244027733023e-03,8.6736173798840355e-19,-2.1460035527150037e-16,-1.7508244027730877e-03,7.7994397227996635e-04,-2.5307683750530538e-03,0.0000000000000000e+00,-1.1761154884450348e-03,1.7508244027730877e-03,1.1761154884450441e-03,0.0000000000000000e+00,3.4745021606833890e+00,2.3349724507928795e+00,-3.4745021606833886e+00,1.6827918212891471e+00,-5.1572939819725345e+00,-3.4745021606833890e+00,1.6827918212891468e+00,-5.1572939819725363e+00,-1.3875748134964336e-16,2.4764157838814573e-17,1.1149270531493959e-04,7.8821658911061143e-01,8.9382360592120647e-01,-6.4013355201431033e-04,5.1566538484205218e+00,0.0000000000000000e+00,-1.1395297098905095e+00,5.6103270177724584e-13,1.1177281078636838e-12,2.7052434366699651e-13,1.1604362038411340e-03,-2.8940252368501025e-16
205,5.1924977275721730e+01,1.4421956292628849e+01,1.5779302332677716e+00,-5.2147175466643603e-12,5.2147175466643603e-12,0.0000000000000000e+00,4.2509174116857294e-16,-1.6638220882534656e-03,7.4118029314275934e-04,-2.4050023813962252e-03,-1.6638220882534663e-03,6.5052130349130266e-19,-1.0019130302326585e-16,-1.6638220882533661e-03,7.4118029314275923e-04,-2.4050023813961255e-03,0.0000000000000000e+00,-1.1176814893491317e-03,1.6638220882533661e-03,1.1176814893491824e-03,0.0000000000000000e+00,3.4771961976504451e+00,2.3367821765929992e+00,-3.4771961976504451e+00,1.6839919352726309e+00,-5.1611881329230744e+00,-3.4771961976504451e+00,1.6839919352726307e+00,-5.1611881329230762e+00,-3.8711711875154794e-16,2.4764157838814573e-17,8.9462804594985152e-05,7.8933506355053440e-01,8.9392742115351009e-01,-6.3998776399132318e-04,5.1605481451590851e+00,0.0000000000000000e+00,-1.1404140210574458e+00,4.9589961766590329e-13,1.1424911960387290e-12,2.0890696580030030e-13,1.1024308885624941e-03,-4.0167362049170727e-16
206,5.3531831192914758e+01,1.4868253588809518e+01,1.6068539171930283e+00,-6.7612582199672033e-12,6.7612582199672033e-12,0.0000000000000000e+00,4.2870367054841262e-16,-1.5661099628705103e-03,6.9766032641109500e-04,-2.2637702892816052e-03,-1.5661099628705112e-03,8.6736173798840355e-19,1.8989979593533081e-16,-1.5661099628707011e-03,6.9766032641109565e-04,-2.2637702892817969e-03,0.0000000000000000e+00,-1.0520165280350580e-03,1.5661099628707011e-03,1.0520165280349968e-03,0.0000000000000000e+00,3.4797912121347530e+00,2.3385253704721789e+00,-3.4797912121347530e+00,1.6851479386155042e+00,-5.1649391507502553e+00,-3.4797912121347530e+00,1.6851479386155039e+00,-5.1649391507502571e+00,-3.1504289713093064e-16,2.4764157838814573e-17,7.2270756712204586e-05,7.9042249879738835e-01,8.9401331108328708e-01,-6.3985797811660916e-04,5.1642992927721405e+00,0.0000000000000000e+00,-1.1412658416625741e+00,2.1242267204494663e-13,5.5560881749809770e-13,2.1464311809419695e-13,1.0383032038047391e-03,-2.6858308927830479e-16
207,5.5230451424649651e+01,1.5340038614535660e+01,1.6986202317348926e+00,-7.7210460247556512e-12,7.7210460247556512e-12,0.0000000000000000e+00,3.4040045467137197e-16,-1.4420706542320762e-03,6.4241226561836885e-04,-2.0844829198504453e-03,-1.4420706542320769e-03,6.5052130349130266e-19,-9.3513375739106941e-17,-1.4420706542319834e-03,6.4241226561836820e-04,-2.0844829198503516e-03,0.0000000000000000e+00,-9.6864505293358988e-04,1.4420706542319834e-03,9.6864505293355692e-04,0.0000000000000000e+00,3.4823460903632149e+00,2.3402415387936402e+00,-3.4823460903632144e+00,1.6862860758239115e+00,-5.1686321661871242e+00,-3.4823460903632149e+00,1.6862860758239113e+00,-5.1686321661871260e+00,-2.3318093542602739e-16,2.4764157838814573e-17,5.8226674815102372e-05,7.9150101514838567e-01,8.9408708637217549e-01,-6.3974762853513667e-04,5.1679924185585904e+00,0.0000000000000000e+00,-1.1421045515695747e+00,4.0634162701280729e-13,1.1315507467980180e-12,1.8300176189237999e-13,9.5732699744310434e-04,-1.9773778059263248e-16
208,5.7095512656855647e+01,1.5858051967360522e+01,1.8650612322059956e+00,-6.7729155617257675e-12,6.7729155617257675e-12,0.0000000000000000e+00,4.5646893162686114e-16,-1.2853398853792143e-03,5.7259256305762529e-04,-1.8579324484368396e-03,-1.2853398853792147e-03,4.3368086899420177e-19,1.5919157700114595e-16,-1.2853398853793741e-03,5.7259256305762561e-04,-1.8579324484369998e-03,2.1684043449710089e-19,-8.6330856138071754e-04,1.2853398853793741e-03,8.6330856138074671e-04,0.0000000000000000e+00,3.4848894841940843e+00,2.3419498916262689e+00,-3.4848894841940838e+00,1.6874191050253649e+00,-5.1723085892194467e+00,-3.4848894841940843e+00,1.6874191050253646e+00,-5.1723085892194485e+00,-1.7193400193860145e-16,2.4966368182792196e-17,4.6245093643848137e-05,7.9258067220407358e-01,8.9415252987203164e-01,-6.3965785561581612e-04,5.1716689313638327e+00,0.0000000000000000e+00,-1.1429395925678154e+00,9.4813046302988369e-13,1.3631259179169319e-12,2.1112741184955061e-13,8.5485725762526042e-04,-2.3030228456286767e-16
209,5.9188930901267099e+01,1.6439490573732527e+01,2.0934182444114526e+00,-1.8018364578153978e-11,1.8018364578153978e-11,0.0000000000000000e+00,3.7004704944354896e-16,-1.1026829134076306e-03,4.9121345935366828e-04,-1.5938963727612989e-03,-1.1026829134076310e-03,4.3368086899420177e-19,-1.1198392927115061e-16,-1.1026829134075191e-03,4.9121345935366817e-04,-1.5938963727611874e-03,0.0000000000000000e+00,-7.4057029786179975e-04,1.1026829134075191e-03,7.4057029786181049e-04,0.0000000000000000e+00,3.4873890494416098e+00,2.3436286862591511e+00,-3.4873890494416093e+00,1.6885326004932801e+00,-5.1759216499348870e+00,-3.4873890494416098e+00,1.6885326004932799e+00,-5.1759216499348897e+00,-1.2252132642174089e-16,2.5193337043643365e-17,3.5812340106258303e-05,7.9364606767140111e-01,8.9421112835994854e-01,-6.3959212182429503e-04,5.1752820578130656e+00,0.0000000000000000e+00,-1.1437603631824587e+00,8.9224923745708417e-13,2.2679134719154057e-12,6.8907842395068053e-13,7.3488016871184076e-04,-3.2211166295528276e-16
210,6.1550864517013537e+01,1.7095508258468481e+01,2.3619336157464375e+00,-2.7763902288313602e-11,2.7763902288313602e-11,0.0000000000000000e+00,4.9468499785204128e-16,-9.1609086789435235e-04,4.0807675133669176e-04,-1.3241676192310441e-03,-9.1609086789435289e-04,5.4210108624275222e-19,-1.2047885166252132e-17,-9.1609086789434086e-04,4.0807675133669295e-04,-1.3241676192310339e-03,0.0000000000000000e+00,-6.1521816434401849e-04,9.1609086789434086e-04,6.1521816434392969e-04,0.0000000000000000e+00,3.4897731542699320e+00,2.3452298274315138e+00,-3.4897731542699315e+00,1.6895946323827509e+00,-5.1793677866526799e+00,-3.4897731542699320e+00,1.6895946323827506e+00,-5.1793677866526826e+00,-2.6899878239260379e-16,2.5193337043643365e-17,2.6819221447387695e-05,7.9466540643026917e-01,8.9426285856441179e-01,-6.3954816662259439e-04,5.1787282384860598e+00,0.0000000000000000e+00,-1.1445433268384182e+00,2.6730469689558354e-12,5.2275026342437260e-12,8.5209617139980764e-13,6.1153747466698443e-04,-5.2926805166594148e-16
211,6.4224248153865545e+01,1.7838029950088671e+01,2.6733836368520087e+00,-2.8999580514721401e-11,2.8999580514721401e-11,0.0000000000000000e+00,3.3086800597740818e-16,-7.5213841336737122e-04,3.3502831431947986e-04,-1.0871667276868510e-03,-7.5213841336737165e-04,4.3368086899420177e-19,4.6759297947629615e-17,-7.5213841336741849e-04,3.3502831431947986e-04,-1.0871667276868982e-03,1.0842021724855044e-19,-5.0510617650945230e-04,7.5213841336741849e-04,5.0510617650944612e-04,0.0000000000000000e+00,3.4920030627014533e+00,2.3467273558119159e+00,-3.4920030627014529e+00,1.6905879348442443e+00,-5.1825909975456943e+00,-3.4920030627014533e+00,1.6905879348442441e+00,-5.1825909975456979e+00,-2.2260032092172870e-16,2.5338261460991472e-17,1.9337719957003446e-05,7.9562160753535460e-01,8.9430748185906273e-01,-6.3950772986998139e-04,5.1819514898158268e+00,0.0000000000000000e+00,-1.1452757068895374e+00,2.5512925105886097e-12,4.9842256169294079e-12,7.8622293860538172e-13,5.0233526285681338e-04,-5.5421494797781934e-16
212,6.7282598495085026e+01,1.8687474615502843e+01,3.0583503412194801e+00,-4.4371728513681319e-11,4.4371728513681319e-11,0.0000000000000000e+00,7.7630481928427738e-16,-6.2389606909288168e-04,2.7789439239889776e-04,-9.0179046149177944e-04,-6.2389606909288211e-04,4.3368086899420177e-19,1.1033350608614923e-16,-6.2389606909299226e-04,2.7789439239889907e-04,-9.0179046149189133e-04,-2.1684043449710089e-19,-4.1900139078899910e-04,6.2389606909299226e-04,4.1900139078893209e-04,0.0000000000000000e+00,3.4941072604659347e+00,2.3481404781588013e+00,-3.4941072604659338e+00,1.6915252010288611e+00,-5.1856324614947917e+00,-3.4941072604659347e+00,1.6915252010288608e+00,-5.1856324614947962e+00,1.7622094488187534e-17,2.5172467956782876e-17,1.3442220718468172e-05,7.9652719783587655e-01,8.9434511545846473e-01,-6.3944551380146208e-04,5.1849930159809929e+00,0.0000000000000000e+00,-1.1459667823071333e+00,5.3150076932221663e-12,9.8880238472661543e-12,9.2962674595279781e-13,4.1625382596331727e-04,-9.5090962916125387e-16
213,7.0729262961431871e+01,1.9644771987537567e+01,3.4466644663468458e+00,-4.6854742308255481e-11,4.6854742308255481e-11,0.0000000000000000e+00,7.8282008807280369e-16,-5.2525229017577613e-04,2.3395106820716416e-04,-7.5920335838294026e-04,-5.2525229017577645e-04,3.2526065174565133e-19,-1.8117181391410182e-16,-5.2525229017559528e-04,2.3395106820716421e-04,-7.5920335838275952e-04,0.0000000000000000e+00,-3.5277682512148282e-04,5.2525229017559528e-04,3.5277682512157313e-04,0.0000000000000000e+00,3.4960876248741606e+00,2.3494705084351408e+00,-3.4960876248741597e+00,1.6924072808095270e+00,-5.1884949056836840e+00,-3.4960876248741606e+00,1.6924072808095267e+00,-5.1884949056836884e+00,-1.0445584473518436e-16,2.4798779846558691e-17,9.1464887617690507e-06,7.9738340435540844e-01,8.9437536229969106e-01,-6.3936766566552450e-04,5.1878555380180211e+00,0.0000000000000000e+00,-1.1466171164390198e+00,5.7716794306846477e-12,1.4814880830090241e-11,2.0452158485303093e-12,3.4981763845329001e-04,-1.3928181091423595e-15
214,7.4392688705423282e+01,2.0662273943881004e+01,3.6634257439914109e+00,-8.0047080075473787e-11,8.0047080075473787e-11,0.0000000000000000e+00,9.9274173948352125e-16,-4.3807918842267435e-04,1.9511980840394676e-04,-6.3319899682662110e-04,-4.3807918842267456e-04,2.1684043449710089e-19,4.6211769754011025e-17,-4.3807918842272075e-04,1.9511980840394735e-04,-6.3319899682666805e-04,0.0000000000000000e+00,-2.9423741421563785e-04,4.3807918842272075e-04,2.9423741421564695e-04,0.0000000000000000e+00,3.4978521715435078e+00,2.3506556527456994e+00,-3.4978521715435069e+00,1.6931932154572140e+00,-5.1910453870007185e+00,-3.4978521715435078e+00,1.6931932154572138e+00,-5.1910453870007229e+00,-3.5166389482833151e-16,2.4798779846558691e-17,6.2138387609619894e-06,7.9814976744474753e-01,8.9439791950708913e-01,-6.3931466661637515e-04,5.1904060723341043e+00,0.0000000000000000e+00,-1.1471965187978084e+00,6.3230901995818085e-12,1.6188700555316861e-11,2.0089485630592208e-12,2.9151435095652387e-04,-1.3637789763232929e-15
215,7.8277472711684425e+01,2.1741257278762454e+01,3.8847840062611425e+00,-5.2601811795227604e-11,5.2601811795227604e-11,0.0000000000000000e+00,7.4057923996892956e-16,-3.4975008054850766e-04,1.5577574411159919e-04,-5.0552582466010685e-04,-3.4975008054850766e-04,0.0000000000000000e+00,1.2214903623843172e-16,-3.4975008054862985e-04,1.5577574411159914e-04,-5.0552582466022893e-04,5.4210108624275222e-20,-2.3491420678383668e-04,3.4975008054862985e-04,2.3491420678385823e-04,0.0000000000000000e+00,3.4993824448153901e+00,2.3516834726227724e+00,-3.4993824448153887e+00,1.6938747921723543e+00,-5.1932572369877406e+00,-3.4993824448153901e+00,1.6938747921723540e+00,-5.1932572369877450e+00,-2.4641211627993176e-17,2.4904077128039324e-17,4.1407796895835554e-06,7.9881665424243420e-01,8.9441470777570209e-01,-6.3928937452839563e-04,5.1926179476132148e+00,0.0000000000000000e+00,-1.1476989721926176e+00,8.1919656243674889e-12,1.6771372683184108e-11,1.3391140048687098e-12,2.3266122364961727e-04,-1.5352481328449448e-15
216,8.2819482019686376e+01,2.3002782331973123e+01,4.5420093080019512e+00,-1.1161127577707930e-10,1.1161127577707930e-10,0.0000000000000000e+00,7.5080840964022111e-16,-2.5839749577429016e-04,1.1508532665981176e-04,-3.7348282243410190e-04,-2.5839749577429022e-04,5.4210108624275222e-20,1.2241126542446628e-16,-2.5839749577441268e-04,1.1508532665981160e-04,-3.7348282243422431e-04,5.4210108624275222e-20,-1.7355159396758270e-04,2.5839749577441268e-04,1.7355159396772608e-04,0.0000000000000000e+00,3.5007635507915391e+00,2.3526111003572794e+00,-3.5007635507915373e+00,1.6944899189246638e+00,-5.1952534697161985e+00,-3.5007635507915391e+00,1.6944899189246636e+00,-5.1952534697162038e+00,5.3075637163233074e-16,2.5150299945998577e-17,2.5550707157227415e-06,7.9941987330366981e-01,8.9442822008538447e-01,-6.3927046489387074e-04,5.1946141992513075e+00,0.0000000000000000e+00,-1.1481524504342597e+00,2.2296979077888562e-11,4.5612537668524187e-11,3.0364599723498031e-12,1.7205260606734915e-04,-2.7412348301331038e-15
217,8.8491872510959652e+01,2.4578266271146973e+01,5.6723904912732763e+00,-1.4683587679087395e-10,1.4683587679087395e-10,0.0000000000000000e+00,5.8452212752529068e-16,-1.7787458414756036e-04,7.9219982151567243e-05,-2.5709456629912763e-04,-1.7787458414756039e-04,2.7105054312137611e-20,-2.5837784801877590e-16,-1.7787458414730205e-04,7.9219982151567379e-05,-2.5709456629886943e-04,2.7105054312137611e-20,-1.1946475510232685e-04,1.7787458414730205e-04,1.1946475510237209e-04,0.0000000000000000e+00,3.5020009035904169e+00,2.3534421519334057e+00,-3.5020009035904156e+00,1.6950410067177166e+00,-5.1970419103081298e+00,-3.5020009035904169e+00,1.6950410067177164e+00,-5.1970419103081342e+00,1.4512859651288850e-16,2.5380925624517000e-17,1.4148275503158427e-06,7.9996125128729689e-01,8.9443910289279571e-01,-6.3923771007368124e-04,5.1964026725980581e+00,0.0000000000000000e+00,-1.1485587516570113e+00,3.2512511201806170e-11,5.6711065958646332e-11,3.8628359770124616e-12,1.1859890884714582e-04,-1.9961178839556651e-15
218,9.5056334272985609e+01,2.6401519464188564e+01,6.5644617620259567e+00,-1.9002632800635411e-10,1.9002632800635411e-10,0.0000000000000000e+00,1.2641486672073540e-15,-1.2364226464544535e-04,5.5065721746410496e-05,-1.7870798639185584e-04,-1.2364226464544538e-04,2.7105054312137611e-20,-2.0363512693175389e-16,-1.2364226464524174e-04,5.5065721746408273e-05,-1.7870798639165001e-04,0.0000000000000000e+00,-8.3039401388458904e-05,1.2364226464524174e-04,8.3039401388406456e-05,0.0000000000000000e+00,3.5029905515026694e+00,2.3541068173293733e+00,-3.5029905515026698e+00,1.6954817634019292e+00,-5.1984723149045964e+00,-3.5029905515026694e+00,1.6954817634019288e+00,-5.1984723149045990e+00,-1.3713046572984160e-15,2.5469890670811833e-17,7.5620227356528474e-07,8.0039518952180655e-01,8.9444661169412643e-01,-6.3920598372257942e-04,5.1978331089208769e+00,0.0000000000000000e+00,-1.1488837341732960e+00,4.2453448164299821e-11,9.3318532230460118e-11,6.6010160300796396e-12,8.2518131803665921e-05,-3.2982751867300020e-15
219,1.0234107940716871e+02,2.8424828504272664e+01,7.2847451341830975e+00,-2.5707935780161506e-10,2.5707935780161506e-10,0.0000000000000000e+00,1.1070652680732358e-15,-8.6330421052899302e-05,3.8448224919351361e-05,-1.2477864597225066e-04,-8.6330421052899356e-05,5.4210108624275222e-20,-2.6667315590809617e-16,-8.6330421052632669e-05,3.8448224919350690e-05,-1.2477864597198335e-04,-1.3552527156068805e-20,-5.7979771536954389e-05,8.6330421052632669e-05,5.7979771536963138e-05,0.0000000000000000e+00,3.5037553502528938e+00,2.3546204616962707e+00,-3.5037553502528960e+00,1.6958223760359050e+00,-5.1995777262887986e+00,-3.5037553502528938e+00,1.6958223760359046e+00,-5.1995777262887994e+00,-3.0843426447902185e-15,2.5420527317683804e-17,4.0139612290867725e-07,8.0073141307433415e-01,8.9445137235160643e-01,-6.3918921384154004e-04,5.1989385370749597e+00,0.0000000000000000e+00,-1.1491348885566230e+00,1.1605827410221536e-10,1.9363766187356022e-10,6.8430446494479237e-12,5.7643335469760847e-05,-6.0487842662837170e-15
220,1.0801234497346434e+02,3.0000000000000000e+01,5.6712655662956308e+00,-2.5928259539398368e-10,2.5928259539398368e-10,0.0000000000000000e+00,3.1618161652765522e-16,-6.4666347999044654e-05,2.8799902813663258e-05,-9.3466250812707913e-05,-6.4666347999044682e-05,2.7105054312137611e-20,-5.5151800001192415e-17,-6.4666347998989536e-05,2.8799902813662730e-05,-9.3466250812652266e-05,0.0000000000000000e+00,-4.3430156527932857e-05,6.4666347998989536e-05,4.3430156527898122e-05,0.0000000000000000e+00,3.5041835216413659e+00,2.3549080230128281e+00,-3.5041835216413690e+00,1.6960130670315101e+00,-5.2001965886728767e+00,-3.5041835216413659e+00,1.6960130670315097e+00,-5.2001965886728767e+00,-3.9969200402016970e-15,2.5382097327385555e-17,2.5087841972205521e-07,8.0092005271720546e-01,8.9445357757753563e-01,-6.3918585834943364e-04,5.1995574028145297e+00,0.0000000000000000e+00,-1.1492754986285378e+00,3.6521156469386070e-11,1.0946319637021969e-10,8.4578640387652139e-12,4.3185491941589211e-05,-6.9451323349754085e-15
