step,t_dless,t_phys_s,dt_dless,min_cone_margin_MPa,max_cone_violation_MPa,max_positive_friction_power,max_abs_normal_power_closed,p_contact_total,p_contact_pert,p_offset,p_contact_metric,p_contact_metric_mismatch,p_normal_total,p_tangent_total,p_tangent_pert,p_tangent_offset,p_cross_metric,p_friction_lumped,d_fric_rate,d_fric_lumped_rate,friction_injection_rate,D_fric,D_fric_lumped,W_contact_total,W_contact_pert,W_offset_external,W_tangent_total,W_tangent_pert,W_tangent_offset,W_normal_total,W_cross_metric,KE,W_elastic,D_vis,bulk_residual_pert,bulk_residual_total,interface_residual_D_fric_plus_W_tangent,coulomb_lumped_residual,endpoint_res_inf,endpoint_res_l2,endpoint_force_res_inf,max_abs_vt,min_gap
0,0.0000000000000000e+00,0.0000000000000000e+00,0.0000000000000000e+00,0.0000000000000000e+00,-0.0000000000000000e+00,0.0000000000000000e+00,0.0000000000000000e+00,0.0000000000000000e+00,0.0000000000000000e+00,0.0000000000000000e+00,0.0000000000000000e+00,0.0000000000000000e+00,0.0000000000000000e+00,0.0000000000000000e+00,0.0000000000000000e+00,0.0000000000000000e+00,0.0000000000000000e+00,0.0000000000000000e+00,-0.0000000000000000e+00,0.0000000000000000e+00,0.0000000000000000e+00,0.0000000000000000e+00,0.0000000000000000e+00,0.0000000000000000e+00,0.0000000000000000e+00,0.0000000000000000e+00,0.0000000000000000e+00,0.0000000000000000e+00,0.0000000000000000e+00,0.0000000000000000e+00,0.0000000000000000e+00,0.0000000000000000e+00,0.0000000000000000e+00,0.0000000000000000e+00,0.0000000000000000e+00,0.0000000000000000e+00,0.0000000000000000e+00,0.0000000000000000e+00,nan,nan,0.0000000000000000e+00,0.0000000000000000e+00,0.0000000000000000e+00
1,1.2621418022223685e-04,3.5055487477818639e-05,1.2621418022223685e-04,-1.9428902930940239e-14,1.9428902930940239e-14,0.0000000000000000e+00,1.3216159372788765e-18,-2.2269019811918794e-03,9.8777026398147536e-04,-3.2146722451733547e-03,-2.2269019811918824e-03,3.0357660829594124e-18,6.1729703533057400e-20,-2.2269019811918820e-03,9.8777026398147623e-04,-3.2146722451733582e-03,-4.3368086899420177e-19,-1.5216113946436576e-03,2.2269019811918820e-03,1.5216113946436576e-03,0.0000000000000000e+00,1.4053330399570424e-07,9.6024467395881878e-08,-1.4053330399570408e-07,6.2335307058162203e-08,-2.0286861105386630e-07,-1.4053330399570424e-07,6.2335307058162256e-08,-2.0286861105386651e-07,3.8955819633932786e-24,-2.7368337679085237e-23,5.9056219336851063e-08,4.3136659531258554e-13,1.9965802949847020e-09,-1.2820760597311312e-09,2.0158653499413517e-07,0.0000000000000000e+00,-4.4508836599822364e-08,1.0842021724855044e-18,2.2733800450244398e-18,1.1564823173178715e-13,1.8979333260077786e-03,-4.6163477377544148e-22
2,2.4308554568590982e-04,6.7516045248058252e-05,1.1687136546367297e-04,-2.0594637106796654e-13,2.0594637106796654e-13,0.0000000000000000e+00,4.5075718550077304e-18,-4.2246749572306683e-03,1.8752517116757276e-03,-6.0999266689063959e-03,-4.2246749572306718e-03,3.4694469519536142e-18,3.1828868262978045e-18,-4.2246749572306752e-03,1.8752517116757291e-03,-6.0999266689064045e-03,0.0000000000000000e+00,-2.8864859106993816e-03,4.2246749572306752e-03,2.8864859106993760e-03,0.0000000000000000e+00,5.1753560708939778e-07,3.5361464298197075e-07,-5.1753560708939704e-07,2.2963795088194220e-07,-7.4717355797133919e-07,-5.1753560708939778e-07,2.2963795088194242e-07,-7.4717355797134025e-07,1.9349696408706180e-22,-5.2710775346497554e-23,2.1308269735571452e-07,2.6174530171873204e-12,1.0331922020486270e-08,-6.2207140527242091e-09,7.4095284391861498e-07,0.0000000000000000e+00,-1.6392096410742702e-07,5.7824115865893572e-18,9.0569646134920796e-18,3.1456319031046106e-14,3.5828450813309796e-03,-6.1674851840973783e-21
3,3.6568796518506887e-04,1.0156838052397854e-04,1.2260241949915905e-04,-1.2434497875801753e-13,1.2434497875801753e-13,0.0000000000000000e+00,1.1157232571002110e-17,-6.2590428239567963e-03,2.7801764048266848e-03,-9.0392192287834811e-03,-6.2590428239568006e-03,4.3368086899420177e-18,5.0977300943700837e-18,-6.2590428239568067e-03,2.7801764048266875e-03,-9.0392192287834933e-03,8.6736173798840355e-19,-4.2761889315485356e-03,6.2590428239568067e-03,4.2761889315485347e-03,0.0000000000000000e+00,1.1602001897493680e-06,7.9269527585464635e-07,-1.1602001897493663e-06,5.1502132632574654e-07,-1.6752215160751127e-06,-1.1602001897493680e-06,5.1502132632574707e-07,-1.6752215160751151e-06,7.0110879879684134e-22,4.5954848268940897e-25,4.6905786736875250e-07,9.4113092363678254e-12,3.1695276342516264e-08,-1.4258771305241410e-08,1.6609627447698714e-06,0.0000000000000000e+00,-3.6750491389472165e-07,7.9508159315603669e-18,1.5545441159764955e-17,2.1834386150961414e-14,5.2817084659869803e-03,-1.9915159313156045e-20
4,5.1194714539530128e-04,1.4219128716844523e-04,1.4625918021023241e-04,-1.0491607582707729e-13,1.0491607582707729e-13,0.0000000000000000e+00,2.8622807466840685e-17,-8.6099945062089282e-03,3.8272891128907161e-03,-1.2437283619099643e-02,-8.6099945062089352e-03,6.9388939039072284e-18,-3.9281129276497690e-18,-8.6099945062089317e-03,3.8272891128907187e-03,-1.2437283619099650e-02,0.0000000000000000e+00,-5.8819364801999110e-03,8.6099945062089317e-03,5.8819364801999110e-03,0.0000000000000000e+00,2.2475667949620599e-06,1.5355548234521749e-06,-2.2475667949620574e-06,9.9822257127010934e-07,-3.2457893662321667e-06,-2.2475667949620599e-06,9.9822257127011040e-07,-3.2457893662321701e-06,7.8664242277900536e-22,6.3889356854642564e-23,8.9087926180872383e-07,2.8452947746729580e-11,8.0984101291596017e-08,-2.6330755222042842e-08,3.2194586110101239e-06,0.0000000000000000e+00,-7.1201197150988507e-07,1.7347234759768071e-17,4.2694138448227526e-17,2.8310687127941492e-14,7.2240962472858404e-03,-2.3584289680585315e-20
5,6.9413821858504119e-04,1.9279413443590320e-04,1.8219107318973992e-04,-2.0594637106796654e-13,2.0594637106796654e-13,0.0000000000000000e+00,1.5497627737697273e-17,-1.1430889847996846e-02,5.0857146228707392e-03,-1.6516604470867585e-02,-1.1430889847996856e-02,1.0408340855860843e-17,-6.0900567598528800e-18,-1.1430889847996849e-02,5.0857146228707427e-03,-1.6516604470867592e-02,0.0000000000000000e+00,-7.8083418981659538e-03,1.1430889847996849e-02,7.8083418981659616e-03,0.0000000000000000e+00,4.0732019090441697e-06,2.7826780784625604e-06,-4.0732019090441663e-06,1.8101574292513796e-06,-5.8833593382955458e-06,-4.0732019090441697e-06,1.8101574292513813e-06,-5.8833593382955501e-06,-1.2596812060250911e-22,6.3889356854642564e-23,1.5781362208061832e-06,7.9165350481646915e-11,1.8844228794130178e-07,-4.3499755153413069e-08,5.8398595831421324e-06,0.0000000000000000e+00,-1.2905238305816093e-06,1.5901631863120734e-17,4.3068838632800780e-17,9.8069700508555505e-15,9.5253913827240810e-03,-3.1546437379084780e-20
6,9.2197657713562219e-04,2.5607533398949717e-04,2.2783835855058100e-04,-1.3211653993039363e-13,1.3211653993039363e-13,0.0000000000000000e+00,1.6554181557328426e-17,-1.4803306318103495e-02,6.5931408447115047e-03,-2.1396447162815000e-02,-1.4803306318103508e-02,1.2143064331837650e-17,-7.8348179286054825e-18,-1.4803306318103501e-02,6.5931408447115099e-03,-2.1396447162815010e-02,1.7347234759768071e-18,-1.0110894734947098e-02,1.4803306318103501e-02,1.0110894734947097e-02,0.0000000000000000e+00,7.0617800052332941e-06,4.8240228089465200e-06,-7.0617800052332899e-06,3.1406030589930876e-06,-1.0202383064226378e-05,-7.0617800052332941e-06,3.1406030589930906e-06,-1.0202383064226384e-05,-1.7122784166229523e-21,2.6150763150749954e-22,2.6648440742633145e-06,2.0738325682477119e-10,4.0931576355536594e-07,-6.6235837917582509e-08,1.0136147226308795e-05,0.0000000000000000e+00,-2.2377571962867742e-06,2.6020852139652106e-17,5.5516986040466600e-17,6.1062266354383610e-15,1.2234453873133457e-02,-6.7787663325505608e-20
7,1.2080242368392924e-03,3.3552393584346420e-04,2.8604765970367016e-04,-1.6320278461989801e-13,1.6320278461989801e-13,0.0000000000000000e+00,3.8674729172231532e-17,-1.8815690022274477e-02,8.3908385001222868e-03,-2.7206528522396765e-02,-1.8815690022274494e-02,1.7347234759768071e-17,-1.6473810785585056e-17,-1.8815690022274477e-02,8.3908385001222937e-03,-2.7206528522396772e-02,0.0000000000000000e+00,-1.2849660984992305e-02,1.8815690022274477e-02,1.2849660984992321e-02,0.0000000000000000e+00,1.1870097617608980e-05,8.1079294235387134e-06,-1.1870097617608976e-05,5.2836691713120071e-06,-1.7153766788920983e-05,-1.1870097617608980e-05,5.2836691713120122e-06,-1.7153766788920990e-05,-5.1889915937727727e-21,5.0961442677559037e-22,4.3457184709897098e-06,5.1957598407852429e-10,8.4335816082297287e-07,-9.4072963515245850e-08,1.7059693825405739e-05,0.0000000000000000e+00,-3.7621681940702662e-06,5.7824115865893574e-17,9.6156827876373757e-17,7.9565983431469557e-15,1.5397714307683934e-02,-7.5131782690225581e-20
8,1.5728608448800764e-03,4.3685585530056360e-04,3.6483660804078407e-04,-2.3703261575747092e-13,2.3703261575747092e-13,0.0000000000000000e+00,4.9537605188771918e-17,-2.3616006673765878e-02,1.0547440671057246e-02,-3.4163447344823128e-02,-2.3616006673765896e-02,1.7347234759768071e-17,-1.5351018583025985e-17,-2.3616006673765882e-02,1.0547440671057255e-02,-3.4163447344823135e-02,0.0000000000000000e+00,-1.6125162473155603e-02,2.3616006673765882e-02,1.6125162473155579e-02,0.0000000000000000e+00,1.9610415765608333e-05,1.3393467578064323e-05,-1.9610415765608330e-05,8.7383579387832934e-06,-2.8348773704391625e-05,-1.9610415765608333e-05,8.7383579387833019e-06,-2.8348773704391631e-05,-1.0994422992933163e-20,5.0961442677559037e-22,6.9349340209015561e-06,1.2694124738559774e-09,1.6771858193102103e-06,-1.2496868609767030e-07,2.8223805018293953e-05,0.0000000000000000e+00,-6.2169481875440104e-06,3.1803263726241468e-17,6.6938126621000065e-17,8.3266726846886741e-15,1.9097137170727516e-02,-6.8019519446755474e-20
9,2.0500374548450603e-03,5.6938976429463637e-04,4.7717660996498385e-04,-1.5154544286133387e-13,1.5154544286133387e-13,0.0000000000000000e+00,8.1035241136567300e-17,-2.9432302588718845e-02,1.3168734478195724e-02,-4.2601037066914565e-02,-2.9432302588718866e-02,2.0816681711721685e-17,-2.7312633087540112e-17,-2.9432302588718838e-02,1.3168734478195733e-02,-4.2601037066914572e-02,0.0000000000000000e+00,-2.0092264833308050e-02,2.9432302588718838e-02,2.0092264833308046e-02,0.0000000000000000e+00,3.2267121954731586e-05,2.2034522169940099e-05,-3.2267121954731586e-05,1.4396759968311457e-05,-4.6663881923043041e-05,-3.2267121954731586e-05,1.4396759968311469e-05,-4.6663881923043055e-05,-2.1173471329376988e-20,5.0961442677559037e-22,1.0967321472834594e-05,3.0852959222263009e-09,3.2725241318086835e-06,-1.5382906774595206e-07,4.6510052855297091e-05,0.0000000000000000e+00,-1.0232599784791487e-05,6.0715321659188248e-17,1.4830814863983570e-16,4.9960036108132044e-15,2.3457358065725312e-02,-1.2587441437884622e-19
10,2.6913799637090854e-03,7.4752009995809746e-04,6.4134250886402518e-04,-2.6034729927459921e-13,2.6034729927459921e-13,0.0000000000000000e+00,6.6764113932614790e-17,-3.6564259031398247e-02,1.6394676584946997e-02,-5.2958935616345244e-02,-3.6564259031398261e-02,1.3877787807814457e-17,2.5183000068576963e-17,-3.6564259031398288e-02,1.6394676584947008e-02,-5.2958935616345293e-02,0.0000000000000000e+00,-2.4954186090755583e-02,3.6564259031398288e-02,2.4954186090755517e-02,0.0000000000000000e+00,5.3430322157654166e-05,3.6479624095469654e-05,-5.3430322157654152e-05,2.3876896079218672e-05,-7.7307218236872811e-05,-5.3430322157654166e-05,2.3876896079218689e-05,-7.7307218236872852e-05,-2.1856383421047735e-20,5.0961442677559037e-22,1.7360269855001565e-05,7.5736882493456385e-09,6.3387671767318370e-06,-1.7028535923592559e-07,7.7136932877636902e-05,0.0000000000000000e+00,-1.6950698062184512e-05,5.7824115865893574e-17,1.1091156826732331e-16,5.1810407815840644e-15,2.8626642540272040e-02,-1.2689850353439758e-19
11,3.5671213405128990e-03,9.9075379061233496e-04,8.7574137680381360e-04,-9.7144514654701197e-14,9.7144514654701197e-14,0.0000000000000000e+00,5.1638914251136608e-17,-4.5294545222562856e-02,2.0360112068403387e-02,-6.5654657290966242e-02,-4.5294545222562883e-02,2.7755575615628914e-17,-5.3875226732367543e-18,-4.5294545222562876e-02,2.0360112068403397e-02,-6.5654657290966270e-02,0.0000000000000000e+00,-3.0901814005289741e-02,4.5294545222562876e-02,3.0901814005289758e-02,0.0000000000000000e+00,8.9273893128093086e-05,6.0937329308901968e-05,-8.9273893128093032e-05,3.9970740688927799e-05,-1.2924463381702082e-04,-8.9273893128093086e-05,3.9970740688927820e-05,-1.2924463381702091e-04,-1.3188524106705733e-20,5.0961442677559037e-22,2.7590849207924035e-05,1.8800391421646468e-08,1.2202845667950569e-05,-1.5824542163154516e-07,1.2908638839538930e-04,0.0000000000000000e+00,-2.8336563819191118e-05,6.9388939039072284e-17,1.3919106680594376e-16,3.3306690738754696e-15,3.4702583324767680e-02,-1.8786318945526332e-19
12,4.7425128172476462e-03,1.3172141068910461e-03,1.1753914767347472e-03,-1.5154544286133387e-13,1.5154544286133387e-13,0.0000000000000000e+00,5.9088365245693343e-17,-5.5631202087356363e-02,2.5077507772807622e-02,-8.0708709860163985e-02,-5.5631202087356384e-02,2.0816681711721685e-17,-1.3340311324147095e-18,-5.5631202087356391e-02,2.5077507772807636e-02,-8.0708709860164027e-02,6.9388939039072284e-18,-3.7938331055329781e-02,5.5631202087356391e-02,3.7938331055329781e-02,0.0000000000000000e+00,1.4858752471367506e-04,1.0139438918961987e-04,-1.4858752471367498e-04,6.6674236231164329e-05,-2.1526176094483932e-04,-1.4858752471367506e-04,6.6674236231164356e-05,-2.1526176094483943e-04,-1.7138752633494100e-20,4.5875728030852166e-21,4.3572459917215263e-05,4.5990345822430529e-08,2.2951626887406132e-05,-1.0415908072050444e-07,2.1515760186411882e-04,0.0000000000000000e+00,-4.7193135524055188e-05,8.0953762212251006e-17,1.5375670531781984e-16,3.5157062446463292e-15,4.1681066248442263e-02,-2.0693289532312363e-19
13,6.2330863854651005e-03,1.7312149977846696e-03,1.4905735682174542e-03,-1.3988810110276972e-13,1.3988810110276972e-13,0.0000000000000000e+00,5.5493380965281880e-17,-6.7052354778587897e-02,3.0320408682455814e-02,-9.7372763461043704e-02,-6.7052354778587939e-02,4.1633363423443370e-17,2.6210685159338447e-17,-6.7052354778587953e-02,3.0320408682455821e-02,-9.7372763461043774e-02,-1.3877787807814457e-17,-4.5706380744875708e-02,6.7052354778587953e-02,4.5706380744875694e-02,0.0000000000000000e+00,2.4002195827331485e-04,1.6373368745489631e-04,-2.4002195827331474e-04,1.0796157123243156e-04,-3.4798352950574628e-04,-2.4002195827331485e-04,1.0796157123243159e-04,-3.4798352950574649e-04,1.4014888456173067e-21,-5.8389311982945260e-22,6.6826327273713582e-05,1.0587566477250685e-07,4.0937004868732097e-05,-9.2363425213383638e-08,3.4789116608053292e-04,0.0000000000000000e+00,-7.6288270818418538e-05,7.5171350625661645e-17,1.6084669384106679e-16,5.3660779523549235e-15,4.9628465099289226e-02,-3.6853070437639423e-19
14,7.9699336445049306e-03,2.2136174285808511e-03,1.7368472590398301e-03,-7.3829831137572910e-14,7.3829831137572910e-14,0.0000000000000000e+00,5.8713510696876241e-17,-7.8864082258668089e-02,3.5761621335944779e-02,-1.1462570359461287e-01,-7.8864082258668131e-02,4.1633363423443370e-17,2.3891050481468031e-17,-7.8864082258668144e-02,3.5761621335944786e-02,-1.1462570359461294e-01,-1.3877787807814457e-17,-5.3734758908615114e-02,7.8864082258668144e-02,5.3734758908615114e-02,0.0000000000000000e+00,3.6673924013182294e-04,2.5009072287637753e-04,-3.6673924013182278e-04,1.6534876758705498e-04,-5.3208800771887763e-04,-3.6673924013182294e-04,1.6534876758705501e-04,-5.3208800771887806e-04,4.4911019956053757e-20,-2.4687490835368363e-20,9.7730169682247651e-05,2.1968238067800988e-07,6.7557176736158102e-05,1.5826121202878064e-07,5.3224626893090651e-04,0.0000000000000000e+00,-1.1664851725544541e-04,9.2518585385429716e-17,1.5052829107320115e-16,2.9605947323337509e-15,5.7484040089379324e-02,-4.2743812999272595e-19
15,1.0002183370731997e-02,2.7780667218703357e-03,2.0322497262270662e-03,-2.1760371282653068e-13,2.1760371282653068e-13,0.0000000000000000e+00,1.1342563304170487e-16,-9.0987947108187625e-02,4.1392773143330494e-02,-1.3238072025151812e-01,-9.0987947108187653e-02,2.7755575615628914e-17,6.2950076369756793e-17,-9.0987947108187722e-02,4.1392773143330508e-02,-1.3238072025151823e-01,0.0000000000000000e+00,-6.1969011926604763e-02,9.0987947108187722e-02,6.1969011926604700e-02,0.0000000000000000e+00,5.3933011022177515e-04,3.6766020117803486e-04,-5.3933011022177482e-04,2.4374726611591611e-04,-7.8307737633769080e-04,-5.3933011022177515e-04,2.4374726611591616e-04,-7.8307737633769145e-04,1.3315244809037954e-19,-3.8789056071902487e-20,1.3779440900479065e-04,4.2491990512371562e-07,1.0583256874608374e-04,3.0463154008199202e-07,7.8338200787777287e-04,0.0000000000000000e+00,-1.7166990904374029e-04,1.3877787807814457e-16,2.4946264515556744e-16,5.7361522938966427e-15,6.5101881188634220e-02,-4.6211831977776276e-19
16,1.2470765335007010e-02,3.4637055620088801e-03,2.4685819642750132e-03,-1.6708856520608606e-13,1.6708856520608606e-13,0.0000000000000000e+00,7.4423020090914859e-17,-1.0403269412708749e-01,4.7484696087491368e-02,-1.5151739021457886e-01,-1.0403269412708752e-01,2.7755575615628914e-17,-3.0620519565549818e-17,-1.0403269412708752e-01,4.7484696087491382e-02,-1.5151739021457888e-01,2.7755575615628914e-17,-7.0822864904047919e-02,1.0403269412708752e-01,7.0822864904047905e-02,0.0000000000000000e+00,7.8004232902914930e-04,5.3156401725122388e-04,-7.8004232902914887e-04,3.5344792490272326e-04,-1.1334902539318721e-03,-7.8004232902914930e-04,3.5344792490272332e-04,-1.1334902539318729e-03,1.7305652851031446e-19,-4.5305993854960455e-21,1.9133609760692483e-04,7.9700394782403502e-07,1.6180414298184423e-04,4.8931963386982923e-07,1.1339795735657420e-03,0.0000000000000000e+00,-2.4847831177792542e-04,6.9388939039072284e-17,1.9576004071121152e-16,4.0708177569589078e-15,7.2835701593206376e-02,-3.1769797590667303e-19
17,1.5446127920030615e-02,4.2901007076067013e-03,2.9753625850236047e-03,-8.5487172896137054e-14,8.5487172896137054e-14,0.0000000000000000e+00,6.2117446299135499e-17,-1.1792283053967423e-01,5.4024522649546505e-02,-1.7194735318922072e-01,-1.1792283053967426e-01,2.7755575615628914e-17,3.3727531610494090e-17,-1.1792283053967431e-01,5.4024522649546519e-02,-1.7194735318922083e-01,2.7755575615628914e-17,-8.0243839836919628e-02,1.1792283053967431e-01,8.0243839836919670e-02,0.0000000000000000e+00,1.1102414108455328e-03,7.5630312781576530e-04,-1.1102414108455322e-03,5.0446129063530304e-04,-1.6147027014808352e-03,-1.1102414108455328e-03,5.0446129063530314e-04,-1.6147027014808361e-03,1.7767877220518689e-19,7.8052301827039727e-20,2.6169449274250861e-04,1.4523113603134248e-06,2.4204125363880117e-04,7.2676710632024397e-07,1.6154294685871554e-03,0.0000000000000000e+00,-3.5393828302976752e-04,1.5034270125132329e-16,3.2948788073717976e-16,3.1456319031046105e-15,8.0613322573875115e-02,-4.1903326793413382e-19
18,1.8934962217073078e-02,5.2591105827000271e-03,3.4888342970424632e-03,-5.0515147620444623e-14,5.0515147620444623e-14,0.0000000000000000e+00,1.0455341723346378e-16,-1.3229471474165050e-01,6.0855424652006856e-02,-1.9315013939365736e-01,-1.3229471474165053e-01,2.7755575615628914e-17,6.8376760915114179e-17,-1.3229471474165058e-01,6.0855424652006870e-02,-1.9315013939365744e-01,0.0000000000000000e+00,-8.9984387608321864e-02,1.3229471474165058e-01,8.9984387608321906e-02,0.0000000000000000e+00,1.5467251876951638e-03,1.0532521669336173e-03,-1.5467251876951629e-03,7.0485984072934807e-04,-2.2515850284245110e-03,-1.5467251876951638e-03,7.0485984072934829e-04,-2.2515850284245123e-03,3.5579125102448616e-19,1.2646960389802053e-19,3.5078151583377661e-04,2.5491765284068728e-06,3.5255231933251801e-04,1.0231709653533722e-06,2.2526081993898646e-03,0.0000000000000000e+00,-4.9347302076154648e-04,1.0408340855860843e-16,2.1976511486029977e-16,2.0354088784794539e-15,8.8263436101961176e-02,-5.6477399611590683e-19
19,2.2909394822136237e-02,6.3629934599876833e-03,3.9744326050631593e-03,-5.8286708792820718e-14,5.8286708792820718e-14,0.0000000000000000e+00,1.4836178625785955e-16,-1.4675741649516821e-01,6.7799141641302380e-02,-2.1455655813647059e-01,-1.4675741649516824e-01,2.7755575615628914e-17,5.0860115190358888e-18,-1.4675741649516827e-01,6.7799141641302393e-02,-2.1455655813647068e-01,2.7755575615628914e-17,-9.9779162170958627e-02,1.4675741649516827e-01,9.9779162170958710e-02,0.0000000000000000e+00,2.1012621321451520e-03,1.4303533866812667e-03,-2.1012621321451507e-03,9.6052429226254200e-04,-3.0617864244076930e-03,-2.1012621321451520e-03,9.6052429226254233e-04,-3.0617864244076947e-03,5.0177767003479666e-19,1.8162593624754629e-19,4.5924007070985656e-04,4.2849999846189528e-06,4.9838157277435680e-04,1.3823512062902544e-06,3.0631687756139830e-03,0.0000000000000000e+00,-6.7090874546388529e-04,6.9388939039072284e-17,1.8184374386832401e-16,2.7755575615628914e-15,9.5664132662074769e-02,-9.8436919924875146e-19
20,2.7270099405696659e-02,7.5741618457768438e-03,4.3607045835604222e-03,-1.0103029524088925e-13,1.0103029524088925e-13,0.0000000000000000e+00,1.2652982391799482e-16,-1.6082559104430399e-01,7.4623953446168775e-02,-2.3544954449047278e-01,-1.6082559104430405e-01,5.5511151231257827e-17,-3.0631735594775830e-20,-1.6082559104430405e-01,7.4623953446168789e-02,-2.3544954449047284e-01,0.0000000000000000e+00,-1.0929985793735753e-01,1.6082559104430405e-01,1.0929985793735741e-01,0.0000000000000000e+00,2.7719014475464905e-03,1.8862193073375948e-03,-2.7719014475464888e-03,1.2710568140389406e-03,-4.0429582615854297e-03,-2.7719014475464905e-03,1.2710568140389411e-03,-4.0429582615854314e-03,5.1280017893144185e-19,2.4214286915076174e-19,5.8506898197299392e-04,6.8508758885148729e-06,6.8093681062638366e-04,1.7998544489517248e-06,4.0447581160343807e-03,0.0000000000000000e+00,-8.8568214020889576e-04,1.3877787807814457e-16,2.3811181751563656e-16,2.7755575615628914e-15,1.0267397079821035e-01,-5.6483638505002479e-19
21,3.2132024714621676e-02,8.9245422981555390e-03,4.8619253089250171e-03,-8.1601392309949006e-14,8.1601392309949006e-14,0.0000000000000000e+00,1.2809174189403488e-16,-1.7477739725395403e-01,8.1454121775228011e-02,-2.5623151902918206e-01,-1.7477739725395408e-01,5.5511151231257827e-17,-8.7663727872723578e-18,-1.7477739725395405e-01,8.1454121775228025e-02,-2.5623151902918206e-01,-2.7755575615628914e-17,-1.1873533983297929e-01,1.7477739725395405e-01,1.1873533983297931e-01,0.0000000000000000e+00,3.5877397788255743e-03,2.4405643570202555e-03,-3.5877397788255721e-03,1.6504767860825464e-03,-5.2382165649081189e-03,-3.5877397788255743e-03,1.6504767860825470e-03,-5.2382165649081207e-03,4.9141498946521408e-19,1.7467010137605760e-19,7.3201541654908009e-04,1.0606499123788815e-05,9.1013563419878719e-04,2.2807637891095536e-06,5.2404973286972276e-03,0.0000000000000000e+00,-1.1471754218053188e-03,1.6190752442450201e-16,3.8656967582603563e-16,2.0354088784794539e-15,1.0951450230301860e-01,-1.3740042182165209e-18
22,3.7597916536237529e-02,1.0442672051645847e-02,5.4658918216158522e-03,-8.1601392309949006e-14,8.1601392309949006e-14,0.0000000000000000e+00,2.6275423799193884e-16,-1.8873430291742802e-01,8.8349340500937623e-02,-2.7708364341836567e-01,-1.8873430291742804e-01,2.7755575615628914e-17,-9.4808279642724768e-17,-1.8873430291742793e-01,8.8349340500937651e-02,-2.7708364341836556e-01,-2.7755575615628914e-17,-1.2816828700691577e-01,1.8873430291742793e-01,1.2816828700691579e-01,0.0000000000000000e+00,4.5811975933397892e-03,3.1153386143559928e-03,-4.5811975933397874e-03,2.1145404639512210e-03,-6.6957380572910093e-03,-4.5811975933397892e-03,2.1145404639512219e-03,-6.6957380572910110e-03,2.0835106664330123e-19,2.2961127614351149e-20,9.0377873254887501e-04,1.6050586201615183e-05,1.1975492799647944e-03,2.8381347640634227e-06,6.6985761920550719e-03,0.0000000000000000e+00,-1.4658589789837964e-03,1.6190752442450201e-16,3.4690614364291228e-16,3.1456319031046105e-15,1.1630573592444740e-01,-1.2375965393467172e-18
23,4.3643798076137726e-02,1.2121891646790875e-02,6.0458815399001969e-03,-6.9944050551384862e-14,6.9944050551384862e-14,0.0000000000000000e+00,1.3719863220225610e-16,-2.0247065250237048e-01,9.5200922814546063e-02,-2.9767157531691657e-01,-2.0247065250237051e-01,2.7755575615628914e-17,-4.4149651187601190e-18,-2.0247065250237048e-01,9.5200922814546063e-02,-2.9767157531691657e-01,-2.7755575615628914e-17,-1.3744682435959890e-01,2.0247065250237048e-01,1.3744682435959882e-01,0.0000000000000000e+00,5.7637870024848086e-03,3.9182773636206661e-03,-5.7637870024848069e-03,2.6694020382626725e-03,-8.4331890407474807e-03,-5.7637870024848086e-03,2.6694020382626734e-03,-8.4331890407474824e-03,-9.1594925272928993e-20,-1.4484579462948374e-19,1.1000622814221733e-03,2.3690716180316567e-05,1.5491226789966087e-03,3.4736383364261832e-06,8.4366626790839047e-03,0.0000000000000000e+00,-1.8455096388641425e-03,1.3877787807814457e-16,2.3913190906296400e-16,2.4054832200211726e-15,1.2298368779422578e-01,-2.4469563298875405e-18
24,5.0295637077094495e-02,1.3969413521051900e-02,6.6518390009567691e-03,-1.5154544286133387e-13,1.5154544286133387e-13,0.0000000000000000e+00,1.0769886868738054e-16,-2.1592524099843036e-01,1.0197298780709485e-01,-3.1789822880552521e-01,-2.1592524099843038e-01,2.7755575615628914e-17,1.1975107228248258e-17,-2.1592524099843041e-01,1.0197298780709486e-01,-3.1789822880552526e-01,2.7755575615628914e-17,-1.4653035841398673e-01,2.1592524099843041e-01,1.4653035841398657e-01,0.0000000000000000e+00,7.1553380635991995e-03,4.8627626134982484e-03,-7.1553380635991978e-03,3.3251865925847703e-03,-1.0480524656183970e-02,-7.1553380635991995e-03,3.3251865925847711e-03,-1.0480524656183971e-02,-6.6450501204594598e-20,-1.4484579462948374e-19,1.3219148492276743e-03,3.4188059896206171e-05,1.9732670589848304e-03,4.1833755239405537e-06,1.0484708031707909e-02,0.0000000000000000e+00,-2.2925754501009511e-03,2.0816681711721685e-16,3.7024054855156202e-16,3.8857805861880479e-15,1.2954835392749720e-01,-2.0390889006521431e-18
25,5.7724832789822073e-02,1.6032843135848077e-02,7.4291957127275779e-03,-1.0491607582707729e-13,1.0491607582707729e-13,0.0000000000000000e+00,1.7869233197140265e-16,-2.2933755584438467e-01,1.0877199418636807e-01,-3.3810955003075271e-01,-2.2933755584438473e-01,5.5511151231257827e-17,-7.6258707650912793e-18,-2.2933755584438470e-01,1.0877199418636810e-01,-3.3810955003075283e-01,-2.7755575615628914e-17,-1.5558135296359432e-01,2.2933755584438470e-01,1.5558135296359416e-01,0.0000000000000000e+00,8.8093102942700657e-03,5.9849861289638052e-03,-8.8093102942700639e-03,4.1080194509371133e-03,-1.2917329745207179e-02,-8.8093102942700657e-03,4.1080194509371141e-03,-1.2917329745207181e-02,-5.0294836761732458e-20,-1.4484579462948374e-19,1.5757121021466064e-03,4.8648618406648845e-05,2.4891092533068900e-03,5.4505229230318586e-06,1.2922780268130209e-02,0.0000000000000000e+00,-2.8243241653062605e-03,1.8503717077085943e-16,4.4280437865362606e-16,2.7755575615628914e-15,1.3619549992376243e-01,-2.2798123308829707e-18
26,6.6100013777637634e-02,1.8359016405173852e-02,8.3751809878155614e-03,-9.3258734068513149e-14,9.3258734068513149e-14,0.0000000000000000e+00,1.3700232063926247e-16,-2.4273908994110882e-01,1.1562865183067363e-01,-3.5836774177178243e-01,-2.4273908994110882e-01,0.0000000000000000e+00,3.5860340862591370e-18,-2.4273908994110882e-01,1.1562865183067363e-01,-3.5836774177178243e-01,0.0000000000000000e+00,-1.6462103909121478e-01,2.4273908994110882e-01,1.6462103909121475e-01,0.0000000000000000e+00,1.0786173968557269e-02,7.3258626220590551e-03,-1.0786173968557267e-02,5.0477174630248417e-03,-1.5833891431582110e-02,-1.0786173968557269e-02,5.0477174630248426e-03,-1.5833891431582113e-02,-6.7212018434949917e-20,-2.6107477923042998e-19,1.8672519023304334e-03,6.8579026062808740e-05,3.1188435159291497e-03,6.9569812975499648e-06,1.5840848412879659e-02,0.0000000000000000e+00,-3.4603113464982136e-03,1.3877787807814457e-16,3.2844912225897420e-16,2.2204460492503131e-15,1.4314078793995980e-01,-2.5604379316154306e-18
27,7.5616080215469866e-02,2.1002066078848670e-02,9.5160664378322324e-03,-6.9944050551384862e-14,6.9944050551384862e-14,0.0000000000000000e+00,1.4355921185833680e-16,-2.5619550218491016e-01,1.2257046218561535e-01,-3.7876596437052551e-01,-2.5619550218491016e-01,0.0000000000000000e+00,4.7976173765655170e-17,-2.5619550218491022e-01,1.2257046218561535e-01,-3.7876596437052557e-01,0.0000000000000000e+00,-1.7369389829645709e-01,2.5619550218491022e-01,1.7369389829645715e-01,0.0000000000000000e+00,1.3160121331959231e-02,8.9355763326051246e-03,-1.3160121331959228e-02,6.1810767602307323e-03,-1.9341198092189961e-02,-1.3160121331959231e-02,6.1810767602307332e-03,-1.9341198092189964e-02,1.7812267936511575e-19,-2.6107477923042998e-19,2.2038961943946981e-03,9.6079160611262733e-05,3.8898221486312655e-03,8.7207434064937375e-06,1.9349918835596454e-02,0.0000000000000000e+00,-4.2245449993541066e-03,3.0068540250264658e-16,4.4387231645014119e-16,2.0354088784794539e-15,1.5012841377153330e-01,-3.8426215261157512e-18
28,8.5988531471137358e-02,2.3882973235771071e-02,1.0372451255667492e-02,-6.2172489379008766e-14,6.2172489379008766e-14,0.0000000000000000e+00,1.4113293172025818e-16,-2.6912771612240549e-01,1.2930790622630670e-01,-3.9843562234871222e-01,-2.6912771612240555e-01,5.5511151231257827e-17,-2.7294045055722162e-17,-2.6912771612240549e-01,1.2930790622630670e-01,-3.9843562234871222e-01,-5.5511151231257827e-17,-1.8240972188066282e-01,2.6912771612240549e-01,1.8240972188066285e-01,0.0000000000000000e+00,1.5884566069640733e-02,1.0782410053732079e-02,-1.5884566069640730e-02,7.4873748095855919e-03,-2.3371940879226324e-02,-1.5884566069640733e-02,7.4873748095855928e-03,-2.3371940879226328e-02,2.8538486531872641e-19,-5.4896813437653408e-19,2.5759631127784269e-03,1.3212578031832848e-04,4.7899629719065995e-03,1.0677055417762996e-05,2.3382617934644086e-02,0.0000000000000000e+00,-5.1021560159086547e-03,1.8503717077085943e-16,3.3533999095039393e-16,2.2204460492503131e-15,1.5688043156955439e-01,-4.2324146382999544e-18
29,9.7338539566596896e-02,2.7035392923978357e-02,1.1350008095459538e-02,-5.8286708792820718e-14,5.8286708792820718e-14,0.0000000000000000e+00,1.1356146382282811e-16,-2.8162090043768773e-01,1.3586708023382779e-01,-4.1748798067151549e-01,-2.8162090043768767e-01,-5.5511151231257827e-17,-3.9675742062446615e-18,-2.8162090043768773e-01,1.3586708023382782e-01,-4.1748798067151555e-01,5.5511151231257827e-17,-1.9082628791919123e-01,2.8162090043768773e-01,1.9082628791919140e-01,0.0000000000000000e+00,1.9010066697900833e-02,1.2900525920104759e-02,-1.9010066697900830e-02,8.9922439311035419e-03,-2.8002310629004372e-02,-1.9010066697900833e-02,8.9922439311035419e-03,-2.8002310629004379e-02,1.0797504946847775e-19,-5.4896813437653408e-19,2.9879250754370015e-03,1.7900599852106622e-04,5.8381144587828426e-03,1.2801601637368182e-05,2.8015112230641740e-02,0.0000000000000000e+00,-6.1095407777960742e-03,1.3877787807814457e-16,3.5299811246216910e-16,1.8503717077085944e-15,1.6344996526281003e-01,-7.4258196284509437e-18
30,1.0993246643637594e-01,3.0533306113310472e-02,1.2593926869779046e-02,-4.2743586448068527e-14,4.2743586448068527e-14,0.0000000000000000e+00,1.1269909697792084e-16,-2.9385241099007309e-01,1.4233423871726625e-01,-4.3618664970733934e-01,-2.9385241099007309e-01,0.0000000000000000e+00,-1.1798153874046555e-17,-2.9385241099007309e-01,1.4233423871726625e-01,-4.3618664970733934e-01,0.0000000000000000e+00,-1.9906324525187033e-01,2.9385241099007309e-01,1.9906324525187044e-01,0.0000000000000000e+00,2.2633801097716233e-02,1.5355646054129082e-02,-2.2633801097716229e-02,1.0744067464076619e-02,-3.3377868561792846e-02,-2.2633801097716233e-02,1.0744067464076619e-02,-3.3377868561792853e-02,8.6988362224729711e-21,-1.9941644484468102e-19,3.4497170733517302e-03,2.4028022262830235e-04,7.0692142307975797e-03,1.5144062700993624e-05,3.3393012624493845e-02,0.0000000000000000e+00,-7.2781550435871509e-03,1.1564823173178715e-16,3.1093678329885520e-16,1.1102230246251565e-15,1.6994214415932249e-01,-6.4742448838512767e-18
31,1.2399416708194523e-01,3.4438887641706287e-02,1.4061700645569289e-02,-5.4400928206632670e-14,5.4400928206632670e-14,0.0000000000000000e+00,1.9370248713652437e-16,-3.0587720672870056e-01,1.4873809690526285e-01,-4.5461530363396341e-01,-3.0587720672870050e-01,-5.5511151231257827e-17,1.4878933432233833e-16,-3.0587720672870067e-01,1.4873809690526288e-01,-4.5461530363396352e-01,0.0000000000000000e+00,-2.0715762910816862e-01,3.0587720672870067e-01,2.0715762910816859e-01,0.0000000000000000e+00,2.6850410274037784e-02,1.8211724219745224e-02,-2.6850410274037780e-02,1.2790553488941958e-02,-3.9640963762979736e-02,-2.6850410274037784e-02,1.2790553488941958e-02,-3.9640963762979743e-02,9.7186332149599460e-19,-1.9941644484468102e-19,3.9699130838850736e-03,3.2033119196965218e-04,8.5180559312345097e-03,1.7746718147278531e-05,3.9658710481127013e-02,0.0000000000000000e+00,-8.6386860542925596e-03,1.6190752442450201e-16,3.3974608361776351e-16,1.6653345369377348e-15,1.7639981543384822e-01,-5.6045295175269254e-18
32,1.3991272203055624e-01,3.8860203080933652e-02,1.5918554948611011e-02,-4.6629367034256575e-14,4.6629367034256575e-14,0.0000000000000000e+00,1.0618613130357207e-16,-3.1782338402602928e-01,1.5514373377324106e-01,-4.7296711779927036e-01,-3.1782338402602928e-01,0.0000000000000000e+00,-7.9249454807203460e-17,-3.1782338402602917e-01,1.5514373377324109e-01,-4.7296711779927025e-01,-5.5511151231257827e-17,-2.1519557418163562e-01,3.1782338402602917e-01,2.1519557418163554e-01,0.0000000000000000e+00,3.1814616336742943e-02,2.1573350556890535e-02,-3.1814616336742936e-02,1.5209233298712094e-02,-4.7023849635455028e-02,-3.1814616336742943e-02,1.5209233298712094e-02,-4.7023849635455035e-02,1.5253505180867265e-18,-6.4124510041239776e-19,4.5632858264706144e-03,4.2584956871758557e-04,1.0240771538475586e-02,2.0673634951692485e-05,4.7044523270406723e-02,0.0000000000000000e+00,-1.0241265779852408e-02,6.9388939039072284e-17,2.2850404966761176e-16,1.1102230246251565e-15,1.8290481064881978e-01,-7.2562766743576491e-18
33,1.5740007250464388e-01,4.3717245249136873e-02,1.7487350474087643e-02,-4.2743586448068527e-14,4.2743586448068527e-14,0.0000000000000000e+00,1.5903098626352286e-16,-3.2930544477076618e-01,1.6135398322827066e-01,-4.9065942799903683e-01,-3.2930544477076623e-01,5.5511151231257827e-17,-1.6375604650164961e-18,-3.2930544477076623e-01,1.6135398322827066e-01,-4.9065942799903689e-01,0.0000000000000000e+00,-2.2291769902878336e-01,3.2930544477076623e-01,2.2291769902878342e-01,0.0000000000000000e+00,3.7472900652270651e-02,2.5404070734880688e-02,-3.7472900652270644e-02,1.7976586549439115e-02,-5.5449487201709759e-02,-3.7472900652270651e-02,1.7976586549439115e-02,-5.5449487201709766e-02,8.1810072565263142e-19,-1.1266165788129415e-18,5.2192251126249537e-03,5.6000277637612765e-04,1.2221212074339557e-02,2.3853413901524928e-05,5.5473340615611280e-02,0.0000000000000000e+00,-1.2068829917389962e-02,1.1564823173178715e-16,2.6024706795200938e-16,1.4802973661668755e-15,1.8926094249159792e-01,-7.4278973667757875e-18
34,1.7567020726028126e-01,4.8791702643833521e-02,1.8270134755637379e-02,-3.8857805861880479e-14,3.8857805861880479e-14,0.0000000000000000e+00,8.5397328315324334e-17,-3.3982260602929248e-01,1.6709507483334601e-01,-5.0691768086263855e-01,-3.3982260602929254e-01,5.5511151231257827e-17,2.8896901771025398e-17,-3.3982260602929248e-01,1.6709507483334601e-01,-5.0691768086263855e-01,-1.1102230246251565e-16,-2.2998758234101138e-01,3.3982260602929248e-01,2.2998758234101141e-01,0.0000000000000000e+00,4.3585430480717675e-02,2.9541390995963694e-02,-4.3585430480717668e-02,2.0976990825013066e-02,-6.4562421305730727e-02,-4.3585430480717675e-02,2.0976990825013066e-02,-6.4562421305730741e-02,1.0671166451579789e-18,-2.1408127922485880e-18,5.9077504035356682e-03,7.2045622310995473e-04,1.4375849576955573e-02,2.7065378588129324e-05,6.4589486684318867e-02,0.0000000000000000e+00,-1.4044039484753981e-02,9.2518585385429716e-17,2.4734666880049383e-16,1.2952601953960161e-15,1.9518799969043704e-01,-7.9900649386451664e-18
35,1.9490842714941276e-01,5.4135041840994123e-02,1.9238219889131492e-02,-3.1086244689504383e-14,3.1086244689504383e-14,0.0000000000000000e+00,6.9275120386684706e-17,-3.4957843832526497e-01,1.7245236642787926e-01,-5.2203080475314423e-01,-3.4957843832526508e-01,1.1102230246251565e-16,-1.2696122234135380e-17,-3.4957843832526503e-01,1.7245236642787926e-01,-5.2203080475314434e-01,-5.5511151231257827e-17,-2.3654253898887861e-01,3.4957843832526503e-01,2.3654253898887884e-01,0.0000000000000000e+00,5.0216854922262612e-02,3.4028995525487507e-02,-5.0216854922262605e-02,2.4243134993900770e-02,-7.4459989916163372e-02,-5.0216854922262612e-02,2.4243134993900770e-02,-7.4459989916163385e-02,1.2229537247109949e-18,-3.7427163927772436e-18,6.6349389625280381e-03,9.1162304058331803e-04,1.6726828484301352e-02,3.0255493511936044e-05,7.4490245409675304e-02,0.0000000000000000e+00,-1.6187859396775105e-02,1.3877787807814457e-16,2.9634845277824204e-16,1.4802973661668755e-15,2.0078292706289905e-01,-8.3746186229355314e-18
36,2.1575885946580511e-01,5.9926166639233079e-02,2.0850432316392359e-02,-5.8286708792820718e-14,5.8286708792820718e-14,0.0000000000000000e+00,6.9215112045037796e-17,-3.5891428933558145e-01,1.7759898217470821e-01,-5.3651327151028960e-01,-3.5891428933558150e-01,5.5511151231257827e-17,3.9460960340406852e-18,-3.5891428933558150e-01,1.7759898217470821e-01,-5.3651327151028971e-01,0.0000000000000000e+00,-2.4281217539565561e-01,3.5891428933558150e-01,2.4281217539565564e-01,0.0000000000000000e+00,5.7603044754636956e-02,3.9026372039396670e-02,-5.7603044754636942e-02,2.7892495969550828e-02,-8.5495540724187774e-02,-5.7603044754636956e-02,2.7892495969550828e-02,-8.5495540724187788e-02,1.1317328101851277e-18,-4.3214321435534244e-18,7.4246153722910971e-03,1.1442055097629082e-03,1.9357700980117416e-02,3.4025892620592052e-05,8.5529566616808356e-02,0.0000000000000000e+00,-1.8576672715240286e-02,9.2518585385429716e-17,2.0898758646001359e-16,1.4802973661668755e-15,2.0623159785950287e-01,-7.1286824372393663e-18
37,2.3913508395655764e-01,6.6418820186333299e-02,2.3376224490752523e-02,-4.2743586448068527e-14,4.2743586448068527e-14,0.0000000000000000e+00,1.2205906374041825e-16,-3.6809978378360175e-01,1.8268910921067272e-01,-5.5078889299427447e-01,-3.6809978378360175e-01,0.0000000000000000e+00,-2.0501331129951373e-17,-3.6809978378360175e-01,1.8268910921067275e-01,-5.5078889299427447e-01,0.0000000000000000e+00,-2.4897736822762942e-01,3.6809978378360175e-01,2.4897736822762945e-01,0.0000000000000000e+00,6.6100466845222153e-02,4.4774463426367990e-02,-6.6100466845222139e-02,3.2103583622335542e-02,-9.8204050467557688e-02,-6.6100466845222153e-02,3.2103583622335542e-02,-9.8204050467557702e-02,9.3823336413553107e-19,-4.3214321435534244e-18,8.3098788717202512e-03,1.4358428404424547e-03,2.2396137923267001e-02,3.8276013094161454e-05,9.8242326480651843e-02,0.0000000000000000e+00,-2.1326003418854163e-02,9.2518585385429716e-17,2.7581557752109618e-16,1.4802973661668755e-15,2.1169966984201752e-01,-8.9486083426102778e-18
38,2.6537878241413076e-01,7.3707903243650633e-02,2.6243698457573128e-02,-6.2172489379008766e-14,6.2172489379008766e-14,0.0000000000000000e+00,9.7437672790005630e-17,-3.7708074407549907e-01,1.8769740591557132e-01,-5.6477814999107046e-01,-3.7708074407549907e-01,0.0000000000000000e+00,-4.8746842004037262e-17,-3.7708074407549907e-01,1.8769740591557135e-01,-5.6477814999107046e-01,5.5511151231257827e-17,-2.5500141079981198e-01,3.7708074407549907e-01,2.5500141079981187e-01,0.0000000000000000e+00,7.5878613380016863e-02,5.1387596979274017e-02,-7.5878613380016849e-02,3.6963739630197792e-02,-1.1284235301021464e-01,-7.5878613380016863e-02,3.6963739630197792e-02,-1.1284235301021465e-01,2.9569276902423889e-20,-3.5930231865804896e-18,9.3020597681698382e-03,1.8013281818557074e-03,2.5903440958137791e-02,4.3089277965542572e-05,1.1288544228818018e-01,0.0000000000000000e+00,-2.4491016400742846e-02,1.3877787807814457e-16,3.4577080718770742e-16,1.4802973661668755e-15,2.1716685787369625e-01,-1.4343531584820032e-17
39,2.9393213290379039e-01,8.1638482983403829e-02,2.8553350489659624e-02,-4.6629367034256575e-14,4.6629367034256575e-14,0.0000000000000000e+00,1.5080010742008645e-16,-3.8553265606524256e-01,1.9244879208425014e-01,-5.7798144814949270e-01,-3.8553265606524256e-01,0.0000000000000000e+00,-7.4590122570403085e-17,-3.8553265606524245e-01,1.9244879208425014e-01,-5.7798144814949259e-01,-5.5511151231257827e-17,-2.6066641910918226e-01,3.8553265606524245e-01,2.6066641910918220e-01,0.0000000000000000e+00,8.6766197231181674e-02,5.8749619121090862e-02,-8.6766197231181674e-02,4.2390963444598015e-02,-1.2915716067577968e-01,-8.6766197231181674e-02,4.2390963444598015e-02,-1.2915716067577970e-01,-1.7312725120099402e-18,-3.5930231865804896e-18,1.0377906056569805e-02,2.2435677458485085e-03,2.9817731550172449e-02,4.8241907992747912e-05,1.2920540258377244e-01,0.0000000000000000e+00,-2.8016578110090812e-02,1.8503717077085943e-16,3.7298302863477764e-16,1.2952601953960161e-15,2.2244354635908159e-01,-1.3072763694854614e-17
40,3.2416628448238549e-01,9.0035898552713836e-02,3.0234151578595103e-02,-4.2743586448068527e-14,4.2743586448068527e-14,0.0000000000000000e+00,1.7880872335574736e-16,-3.9325035725617641e-01,1.9682035085535160e-01,-5.9007070811152795e-01,-3.9325035725617652e-01,1.1102230246251565e-16,1.8215115458780926e-17,-3.9325035725617652e-01,1.9682035085535160e-01,-5.9007070811152817e-01,0.0000000000000000e+00,-2.6583500703046931e-01,3.9325035725617652e-01,2.6583500703046942e-01,0.0000000000000000e+00,9.8539119066979097e-02,6.6708781083217220e-02,-9.8539119066979097e-02,4.8275574580850876e-02,-1.4681469364782995e-01,-9.8539119066979097e-02,4.8275574580850876e-02,-1.4681469364782998e-01,-2.5834977671385210e-18,-4.4321894668945723e-18,1.1511393239873737e-02,2.7610109570873290e-03,3.4056589865597897e-02,5.3419481708089078e-05,1.4686811312953807e-01,0.0000000000000000e+00,-3.1830337983761878e-02,1.8503717077085943e-16,4.9743260790839921e-16,1.4802973661668755e-15,2.2739428871988246e-01,-1.4179214367718730e-17
41,3.5605011360388955e-01,9.8891505510234401e-02,3.1883829121504059e-02,-5.8286708792820718e-14,5.8286708792820718e-14,0.0000000000000000e+00,1.6625612729214281e-16,-4.0025884712201665e-01,2.0081349078440858e-01,-6.0107233790642522e-01,-4.0025884712201670e-01,5.5511151231257827e-17,-7.4972747779587108e-17,-4.0025884712201659e-01,2.0081349078440858e-01,-6.0107233790642511e-01,-5.5511151231257827e-17,-2.7052422490028649e-01,4.0025884712201659e-01,2.7052422490028649e-01,0.0000000000000000e+00,1.1118917500634658e-01,7.5259374132527909e-02,-1.1118917500634658e-01,5.4614619310735538e-02,-1.6580379431708209e-01,-1.1118917500634658e-01,5.4614619310735538e-02,-1.6580379431708211e-01,-3.4883230922673914e-18,-5.3171434969922694e-18,1.2699032100712051e-02,3.3596918695120237e-03,3.8614395845039645e-02,5.8500504528186115e-05,1.6586229482161030e-01,0.0000000000000000e+00,-3.5929800873818668e-02,1.3877787807814457e-16,3.2404626276553935e-16,1.4802973661668755e-15,2.3202043953737977e-01,-1.3181466859509179e-17
42,3.9044271297092625e-01,1.0844391344346259e-01,3.4392599367036703e-02,-3.8857805861880479e-14,3.8857805861880479e-14,0.0000000000000000e+00,1.1260799757616640e-16,-4.0674246853419749e-01,2.0452277830675192e-01,-6.1126524684094941e-01,-4.0674246853419743e-01,-5.5511151231257827e-17,2.1508087899123420e-17,-4.0674246853419749e-01,2.0452277830675192e-01,-6.1126524684094941e-01,5.5511151231257827e-17,-2.7485755921649457e-01,4.0674246853419749e-01,2.7485755921649457e-01,0.0000000000000000e+00,1.2506661147536444e-01,8.4637922734131982e-02,-1.2506661147536444e-01,6.1584903266626370e-02,-1.8665151474199076e-01,-1.2506661147536444e-01,6.1584903266626370e-02,-1.8665151474199079e-01,-4.4077174060492253e-18,-5.3171434969922694e-18,1.3970051463998686e-02,4.0642928201003788e-03,4.3614185763765502e-02,6.3626781238196317e-05,1.8671514152322899e-01,0.0000000000000000e+00,-4.0428688741232455e-02,1.3877787807814457e-16,2.7437649608509950e-16,9.2518585385429718e-16,2.3643420310331187e-01,-1.7867523848583596e-17
43,4.2821327474910170e-01,1.1893453702564330e-01,3.7770561778175449e-02,-5.0515147620444623e-14,5.0515147620444623e-14,0.0000000000000000e+00,7.3789959941933792e-17,-4.1279183144348564e-01,2.0799962164450614e-01,-6.2079145308799177e-01,-4.1279183144348575e-01,1.1102230246251565e-16,5.7144542588282698e-18,-4.1279183144348564e-01,2.0799962164450611e-01,-6.2079145308799177e-01,-1.1102230246251565e-16,-2.7889541589657774e-01,4.1279183144348564e-01,2.7889541589657763e-01,0.0000000000000000e+00,1.4054374692868488e-01,9.5095703212310354e-02,-1.4054374692868488e-01,6.9375504662746473e-02,-2.0991925159143129e-01,-1.4054374692868488e-01,6.9375504662746473e-02,-2.0991925159143132e-01,-3.8936120508812751e-18,-6.3654871804712013e-18,1.5352708044651921e-02,4.9056581906134055e-03,4.9186057145248339e-02,6.8918717767194049e-05,2.0998817030919853e-01,0.0000000000000000e+00,-4.5448043716374523e-02,9.2518585385429716e-17,1.9257427408731533e-16,1.1102230246251565e-15,2.4069981633184451e-01,-1.1336153988254908e-17
44,4.6928187883295025e-01,1.3034117876477172e-01,4.1068604083848548e-02,-4.2743586448068527e-14,4.2743586448068527e-14,0.0000000000000000e+00,7.7565050371845081e-17,-4.1830946594230473e-01,2.1119144187538189e-01,-6.2950090781768664e-01,-4.1830946594230478e-01,5.5511151231257827e-17,-2.6209617217643453e-17,-4.1830946594230467e-01,2.1119144187538189e-01,-6.2950090781768653e-01,-1.1102230246251565e-16,-2.8257246551479331e-01,4.1830946594230467e-01,2.8257246551479326e-01,0.0000000000000000e+00,1.5760983199663983e-01,1.0662505427605076e-01,-1.5760983199663983e-01,7.7983300574339318e-02,-2.3559313257097908e-01,-1.5760983199663983e-01,7.7983300574339318e-02,-2.3559313257097911e-01,-4.3144659174760444e-18,-1.0925018164781540e-17,1.6839429237343839e-02,5.8972971975573829e-03,5.5320879920474630e-02,7.4305781036537732e-05,2.3566743835201570e-01,0.0000000000000000e+00,-5.0984777720589070e-02,9.2518585385429716e-17,2.4682703236770798e-16,1.2952601953960161e-15,2.4483426094458943e-01,-1.8586052212077953e-17
45,5.1306744007394978e-01,1.4250244456779354e-01,4.3785561240999527e-02,-2.7200464103316335e-14,2.7200464103316335e-14,0.0000000000000000e+00,9.2893774757748954e-17,-4.2318357395772654e-01,2.1403161135736759e-01,-6.3721518531509413e-01,-4.2318357395772666e-01,1.1102230246251565e-16,3.7839991456500357e-17,-4.2318357395772666e-01,2.1403161135736759e-01,-6.3721518531509425e-01,-5.5511151231257827e-17,-2.8581422642493326e-01,4.2318357395772666e-01,2.8581422642493337e-01,0.0000000000000000e+00,1.7603245451284866e-01,1.1906861943029878e-01,-1.7603245451284866e-01,8.7292615593542996e-02,-2.6332507010639161e-01,-1.7603245451284866e-01,8.7292615593542996e-02,-2.6332507010639161e-01,-4.0598446857304380e-18,-1.4570898532473479e-17,1.8404519733184715e-02,7.0385793960344480e-03,6.1929035223593949e-02,7.9518759270119643e-05,2.6340458886566176e-01,0.0000000000000000e+00,-5.6963835082549874e-02,9.2518585385429716e-17,1.9347503299218316e-16,9.2518585385429718e-16,2.4904314870230071e-01,-2.2263695197406350e-17
46,5.5943620661606908e-01,1.5538118538770004e-01,4.6368766542119300e-02,-3.4972025275692431e-14,3.4972025275692431e-14,0.0000000000000000e+00,5.7797724674291375e-17,-4.2740654943419931e-01,2.1650876114524126e-01,-6.4391531057944063e-01,-4.2740654943419931e-01,0.0000000000000000e+00,-4.8859718616615936e-17,-4.2740654943419931e-01,2.1650876114524126e-01,-6.4391531057944063e-01,5.5511151231257827e-17,-2.8861593752812947e-01,4.2740654943419931e-01,2.8861593752812936e-01,0.0000000000000000e+00,1.9575286194014499e-01,1.3238642851384422e-01,-1.9575286194014499e-01,9.7274428603308274e-02,-2.9302729054345322e-01,-1.9575286194014499e-01,9.7274428603308274e-02,-2.9302729054345322e-01,-4.3153302637530634e-18,-1.4570898532473479e-17,2.0038804275534183e-02,8.3370648698310578e-03,6.8982946325035405e-02,8.4386867092375861e-05,2.9311167741054567e-01,0.0000000000000000e+00,-6.3366433426300772e-02,9.2518585385429716e-17,2.2035161406298493e-16,1.1102230246251565e-15,2.5289856920172882e-01,-1.9896464056819979e-17
47,6.0863304996422118e-01,1.6904541331282427e-01,4.9196843348152108e-02,-2.3314683517128287e-14,2.3314683517128287e-14,0.0000000000000000e+00,7.8443480299304613e-17,-4.3101164652278268e-01,2.1863761942552604e-01,-6.4964926594830874e-01,-4.3101164652278257e-01,-1.1102230246251565e-16,2.5216332696361871e-17,-4.3101164652278268e-01,2.1863761942552606e-01,-6.4964926594830874e-01,1.1102230246251565e-16,-2.9100001675399129e-01,4.3101164652278268e-01,2.9100001675399140e-01,0.0000000000000000e+00,2.1686859469699449e-01,1.4664406616629783e-01,-2.1686859469699449e-01,1.0797834276253598e-01,-3.2484693745953042e-01,-2.1686859469699449e-01,1.0797834276253598e-01,-3.2484693745953042e-01,-4.8969202404223853e-18,-1.0474438415673821e-17,2.1746273500162484e-02,9.8105562720250186e-03,7.6510355976109237e-02,8.8842985760756443e-05,3.2493578044529126e-01,0.0000000000000000e+00,-7.0224528530696662e-02,9.2518585385429716e-17,2.0844932110116471e-16,7.4014868308343773e-16,2.5642115976786434e-01,-2.3368953727610977e-17
48,6.6082316568359656e-01,1.8354101075556020e-01,5.2190115719375374e-02,-2.7200464103316335e-14,2.7200464103316335e-14,0.0000000000000000e+00,5.6069410283354868e-17,-4.3401708630836905e-01,2.2042667183999559e-01,-6.5444375814836464e-01,-4.3401708630836910e-01,5.5511151231257827e-17,-5.7117320466924397e-18,-4.3401708630836905e-01,2.2042667183999559e-01,-6.5444375814836464e-01,-5.5511151231257827e-17,-2.9297885528849354e-01,4.3401708630836905e-01,2.9297885528849360e-01,0.0000000000000000e+00,2.3944156953051571e-01,1.6188302862108161e-01,-2.3944156953051571e-01,1.1943575084723254e-01,-3.5887732037774822e-01,-2.3944156953051571e-01,1.1943575084723254e-01,-3.5887732037774822e-01,-4.3879465579391595e-18,-9.0258717124362743e-18,2.3527524589145941e-02,1.1475673472216674e-02,8.4525377989887865e-02,9.2825204017932261e-05,3.5897014558176621e-01,0.0000000000000000e+00,-7.7558540909434093e-02,9.2518585385429716e-17,2.5548576417977592e-16,5.5511151231257827e-16,2.5961996528227610e-01,-2.4032840869171160e-17
49,7.1601711732766737e-01,1.9887091170094673e-01,5.5193951644070816e-02,-3.1086244689504383e-14,3.1086244689504383e-14,0.0000000000000000e+00,5.8732627568720117e-17,-4.3643556813372497e-01,2.2188029923374220e-01,-6.5831586736746717e-01,-4.3643556813372497e-01,0.0000000000000000e+00,1.2194062547924897e-18,-4.3643556813372486e-01,2.2188029923374225e-01,-6.5831586736746717e-01,-1.1102230246251565e-16,-2.9456127110186175e-01,4.3643556813372486e-01,2.9456127110186170e-01,0.0000000000000000e+00,2.6346343038938069e-01,1.7809735928355189e-01,-2.6346343038938069e-01,1.3164208563387220e-01,-3.9510551602325289e-01,-2.6346343038938069e-01,1.3164208563387220e-01,-3.9510551602325289e-01,-4.5119211642029285e-18,-1.3621691407583394e-17,2.5377713331913701e-02,1.3344422620315584e-02,9.3016511625326315e-02,9.6561943683404206e-05,3.9520207796693629e-01,0.0000000000000000e+00,-8.5366071105828806e-02,5.5511151231257827e-17,1.7760195000264516e-16,5.5511151231257827e-16,2.6249541423977868e-01,-2.5905397397994663e-17
50,7.7392832109867882e-01,2.1495551863691462e-01,5.7911203771011444e-02,-2.7200464103316335e-14,2.7200464103316335e-14,0.0000000000000000e+00,5.8859761744530112e-17,-4.3827079411950481e-01,2.2300076537116090e-01,-6.6127155949066574e-01,-4.3827079411950481e-01,0.0000000000000000e+00,-2.6529474992499907e-17,-4.3827079411950476e-01,2.2300076537116093e-01,-6.6127155949066574e-01,-5.5511151231257827e-17,-2.9575026325047721e-01,4.3827079411950476e-01,2.9575026325047721e-01,0.0000000000000000e+00,2.8879107958150418e-01,1.9519018506068025e-01,-2.8879107958150418e-01,1.4452388462697172e-01,-4.3331496420847587e-01,-2.8879107958150418e-01,1.4452388462697172e-01,-4.3331496420847587e-01,-5.2447894382667690e-18,-1.8443767793358601e-17,2.7281591602574328e-02,1.5417410144826680e-02,1.0192462548926964e-01,9.9742609698943996e-05,4.3341470681817484e-01,0.0000000000000000e+00,-9.3600894520823930e-02,1.3877787807814457e-16,2.4583887328075612e-16,7.4014868308343773e-16,2.6503602578011287e-01,-2.8826791950579201e-17
51,8.3436409399585842e-01,2.3174131462496406e-01,6.0435772897179607e-02,-1.9428902930940239e-14,1.9428902930940239e-14,0.0000000000000000e+00,1.1221229124857040e-16,-4.3954824535052650e-01,2.2379973392614122e-01,-6.6334797927666767e-01,-4.3954824535052650e-01,0.0000000000000000e+00,1.4419686610216427e-17,-4.3954824535052656e-01,2.2379973392614128e-01,-6.6334797927666789e-01,5.5511151231257827e-17,-2.9656338179101921e-01,4.3954824535052656e-01,2.9656338179101921e-01,0.0000000000000000e+00,3.1531691563861974e-01,2.1308865152849452e-01,-3.1531691563861974e-01,1.5802525137991083e-01,-4.7334216701853055e-01,-3.1531691563861974e-01,1.5802525137991083e-01,-4.7334216701853055e-01,-5.6107216485190630e-18,-1.8443767793358601e-17,2.9227731194348256e-02,1.7696099706571610e-02,1.1120370270761072e-01,1.0228222861977110e-04,4.7344444924715035e-01,0.0000000000000000e+00,-1.0222826411012523e-01,9.2518585385429716e-17,2.2586665159925103e-16,5.5511151231257827e-16,2.6724513829632540e-01,-3.1488252960250839e-17
52,8.9740318828079779e-01,2.4925017279310022e-01,6.3039094284939368e-02,-3.1086244689504383e-14,3.1086244689504383e-14,0.0000000000000000e+00,8.9655056611651127e-17,-4.4030219637602230e-01,2.2429565807714597e-01,-6.6459785445316832e-01,-4.4030219637602230e-01,0.0000000000000000e+00,3.0578149327753989e-17,-4.4030219637602241e-01,2.2429565807714597e-01,-6.6459785445316832e-01,5.5511151231257827e-17,-2.9702386869786263e-01,4.4030219637602241e-01,2.9702386869786257e-01,0.0000000000000000e+00,3.4304940311494247e-01,2.3179825285344779e-01,-3.4304940311494247e-01,1.7214901521248188e-01,-5.1519841832742430e-01,-3.4304940311494247e-01,1.7214901521248188e-01,-5.1519841832742430e-01,-4.1924102373630878e-18,-1.4944395097025811e-17,3.1213548001600457e-02,2.0190976487263430e-02,1.2084864227580912e-01,1.0415155219112293e-04,5.1530256987961542e-01,0.0000000000000000e+00,-1.1125115026149468e-01,9.2518585385429716e-17,2.3351780757185127e-16,9.2518585385429718e-16,2.6913853742736027e-01,-3.3674963034384972e-17
53,9.6339414366473031e-01,2.6757889866239171e-01,6.5990955383932515e-02,-1.9428902930940239e-14,1.9428902930940239e-14,0.0000000000000000e+00,6.9830431292568625e-17,-4.4056320967416329e-01,2.2450580233432652e-01,-6.6506901200848978e-01,-4.4056320967416324e-01,-5.5511151231257827e-17,-1.2971523097463834e-18,-4.4056320967416329e-01,2.2450580233432654e-01,-6.6506901200848989e-01,5.5511151231257827e-17,-2.9715227873000433e-01,4.4056320967416329e-01,2.9715227873000433e-01,0.0000000000000000e+00,3.7211397796989620e-01,2.5140337867100243e-01,-3.7211397796989615e-01,1.8695743378761051e-01,-5.5907141175750663e-01,-3.7211397796989620e-01,1.8695743378761051e-01,-5.5907141175750663e-01,-3.2262697534568872e-18,-1.1281161192813145e-17,3.3244285291728397e-02,2.2924048171914218e-02,1.3089443647012311e-01,1.0533614615521047e-04,5.5917674790366190e-01,0.0000000000000000e+00,-1.2071059929889377e-01,5.5511151231257827e-17,1.6449716021451756e-16,5.5511151231257827e-16,2.7073539351107823e-01,-3.7707436021059567e-17
54,1.0325792870818979e+00,2.8679479757676984e-01,6.9185143417167638e-02,-1.1657341758564144e-14,1.1657341758564144e-14,0.0000000000000000e+00,6.8581675143787949e-17,-4.4035225772836284e-01,2.2444231777322002e-01,-6.6479457550158283e-01,-4.4035225772836284e-01,0.0000000000000000e+00,-6.3622374551428584e-18,-4.4035225772836284e-01,2.2444231777322005e-01,-6.6479457550158294e-01,0.0000000000000000e+00,-2.9696281839906319e-01,4.4035225772836284e-01,2.9696281839906319e-01,0.0000000000000000e+00,4.0258710944521869e-01,2.7195534777159192e-01,-4.0258710944521869e-01,2.0248770382586473e-01,-6.0507481327108337e-01,-4.0258710944521869e-01,2.0248770382586473e-01,-6.0507481327108337e-01,-3.4912277431428115e-18,-9.3608877132198181e-18,3.5320800642470659e-02,2.5914691559859100e-02,1.4135801831331649e-01,1.0580668978152352e-04,6.0518061996086492e-01,0.0000000000000000e+00,-1.3063176167362678e-01,9.2518585385429716e-17,1.9351650525867190e-16,5.5511151231257827e-16,2.7204572582218201e-01,-3.9483859202454338e-17
55,1.1046625845286249e+00,3.0681564726698884e-01,7.2083297446726924e-02,-1.1657341758564144e-14,1.1657341758564144e-14,0.0000000000000000e+00,5.6841231278162177e-17,-4.3969190159324367e-01,2.2411782509407410e-01,-6.6380972668731775e-01,-4.3969190159324367e-01,0.0000000000000000e+00,2.6121002702795555e-17,-4.3969190159324367e-01,2.2411782509407410e-01,-6.6380972668731775e-01,0.0000000000000000e+00,-2.9647113047070800e-01,4.3969190159324367e-01,2.9647113047070811e-01,0.0000000000000000e+00,4.3430535189653574e-01,2.9334368569727465e-01,-4.3430535189653574e-01,2.1865455092638947e-01,-6.5295990282292515e-01,-4.3430535189653574e-01,2.1865455092638947e-01,-6.5295990282292515e-01,-2.7790892668795114e-18,-9.3608877132198181e-18,3.7427428437918901e-02,2.9158824864042903e-02,1.5217382398768536e-01,1.0552636325769638e-04,6.5306542918618293e-01,0.0000000000000000e+00,-1.4096166619926109e-01,9.2518585385429716e-17,2.1279274638648835e-16,7.4014868308343773e-16,2.7306922708230741e-01,-3.6465729389063352e-17
56,1.1791534715470866e+00,3.2750519540246226e-01,7.4490887018461738e-02,-1.9428902930940239e-14,1.9428902930940239e-14,0.0000000000000000e+00,5.9573794806841991e-17,-4.3861517836811670e-01,2.2355076586476771e-01,-6.6216594423288444e-01,-4.3861517836811670e-01,0.0000000000000000e+00,1.2086113564431876e-18,-4.3861517836811670e-01,2.2355076586476774e-01,-6.6216594423288444e-01,0.0000000000000000e+00,-2.9569997651713370e-01,4.3861517836811670e-01,2.9569997651713364e-01,0.0000000000000000e+00,4.6701828862699413e-01,3.1539936121038903e-01,-4.6701828862699413e-01,2.3532816614180399e-01,-7.0234645476879809e-01,-4.6701828862699413e-01,2.3532816614180399e-01,-7.0234645476879809e-01,-1.7611856703070530e-18,-9.3608877132198181e-18,3.9543774824403334e-02,3.2640580266237451e-02,1.6324829574747207e-01,1.0448469630885970e-04,7.0245093946510695e-01,0.0000000000000000e+00,-1.5161892741660510e-01,5.5511151231257827e-17,1.6719070913367254e-16,5.5511151231257827e-16,2.7380975304281280e-01,-2.9357800761656876e-17
57,1.2563808511805501e+00,3.4895479349769004e-01,7.7227379633463489e-02,-1.5543122344752192e-14,1.5543122344752192e-14,0.0000000000000000e+00,5.7072038784796777e-17,-4.3714525326863157e-01,2.2275511167324977e-01,-6.5990036494188131e-01,-4.3714525326863152e-01,-5.5511151231257827e-17,8.6043289322730706e-18,-4.3714525326863157e-01,2.2275511167324979e-01,-6.5990036494188131e-01,5.5511151231257827e-17,-2.9466492283210066e-01,4.3714525326863157e-01,2.9466492283210072e-01,0.0000000000000000e+00,5.0083463028798259e-01,3.3819552831254640e-01,-5.0083463028798259e-01,2.5256168286044128e-01,-7.5339631314842381e-01,-5.0083463028798259e-01,2.5256168286044128e-01,-7.5339631314842381e-01,-1.3822718378084533e-18,-7.2173973382063419e-18,4.1673158962586360e-02,3.6380773735991544e-02,1.7461042567087065e-01,1.0267550900727729e-04,7.5349898865743115e-01,0.0000000000000000e+00,-1.6263910197543618e-01,9.2518585385429716e-17,1.9707761722684101e-16,5.5511151231257827e-16,2.7428179015806842e-01,-3.2942548286709216e-17
58,1.3366711171859038e+00,3.7125509612284241e-01,8.0290266005353716e-02,-1.9428902930940239e-14,1.9428902930940239e-14,0.0000000000000000e+00,5.7680296909428605e-17,-4.3529784999592547e-01,2.2174062943869838e-01,-6.5703847943462379e-01,-4.3529784999592547e-01,0.0000000000000000e+00,1.0047855967704753e-17,-4.3529784999592552e-01,2.2174062943869841e-01,-6.5703847943462390e-01,5.5511151231257827e-17,-2.9337656053958894e-01,4.3529784999592552e-01,2.9337656053958888e-01,0.0000000000000000e+00,5.3585897470580635e-01,3.6180253187359429e-01,-5.3585897470580635e-01,2.7040602350650389e-01,-8.0626499821231012e-01,-5.3585897470580635e-01,2.7040602350650389e-01,-8.0626499821231012e-01,-6.3347739420832269e-19,-2.7603922395852325e-18,4.3817565705225665e-02,4.0402010210736125e-02,1.8628652357491463e-01,1.0007598437256071e-04,8.0636507419668280e-01,0.0000000000000000e+00,-1.7405644283221205e-01,9.2518585385429716e-17,2.1206240638416315e-16,5.5511151231257827e-16,2.7449430341330494e-01,-3.4642264807396855e-17
59,1.4198552653735503e+00,3.9435916303521690e-01,8.3184148187646523e-02,-1.9428902930940239e-14,1.9428902930940239e-14,0.0000000000000000e+00,3.9162903470315115e-17,-4.3309720207993468e-01,2.2052132785235792e-01,-6.5361852993229264e-01,-4.3309720207993474e-01,5.5511151231257827e-17,-2.9715360544596550e-17,-4.3309720207993468e-01,2.2052132785235795e-01,-6.5361852993229264e-01,0.0000000000000000e+00,-2.9185149000779176e-01,4.3309720207993468e-01,2.9185149000779176e-01,0.0000000000000000e+00,5.7197732605445506e-01,3.8614338031374468e-01,-5.7197732605445506e-01,2.8880061560303283e-01,-8.6077794165748778e-01,-5.7197732605445506e-01,2.8880061560303283e-01,-8.6077794165748778e-01,-1.4514897018110144e-18,-4.5156832454132860e-19,4.5965093091614666e-02,4.4702700806587836e-02,1.9822950115084034e-01,9.6679446009995118e-05,8.6087462110349788e-01,0.0000000000000000e+00,-1.8583394574071038e-01,9.2518585385429716e-17,2.0680025236009454e-16,5.5511151231257827e-16,2.7445288665408984e-01,-3.7824949847548649e-17
60,1.5053336940614439e+00,4.1810045724808487e-01,8.5478428687893571e-02,-2.3314683517128287e-14,2.3314683517128287e-14,0.0000000000000000e+00,8.7027801893171221e-17,-4.3058215025014590e-01,2.1911931293824011e-01,-6.4970146318838595e-01,-4.3058215025014590e-01,0.0000000000000000e+00,-1.8136687415329792e-18,-4.3058215025014585e-01,2.1911931293824011e-01,-6.4970146318838595e-01,-5.5511151231257827e-17,-2.9011631136358285e-01,4.3058215025014585e-01,2.9011631136358274e-01,0.0000000000000000e+00,6.0889030301813152e-01,4.1101622691783130e-01,-6.0889030301813152e-01,3.0759051118409231e-01,-9.1648081420222371e-01,-6.0889030301813152e-01,3.0759051118409231e-01,-9.1648081420222371e-01,-2.7990156425274799e-18,-2.8240713154933024e-18,4.8093786358485768e-02,4.9256596860153656e-02,2.1033265781765734e-01,9.2529852204426000e-05,9.1657334405442825e-01,0.0000000000000000e+00,-1.9787407610030022e-01,9.2518585385429716e-17,2.0806399329414065e-16,9.2518585385429718e-16,2.7416710701920338e-01,-3.9667069789319217e-17
61,1.5929943004586493e+00,4.4244784265631976e-01,8.7660606397205409e-02,-7.7715611723760958e-15,7.7715611723760958e-15,0.0000000000000000e+00,5.6921757456148578e-17,-4.2777939935585829e-01,2.1755082920386237e-01,-6.4533022855972066e-01,-4.2777939935585829e-01,0.0000000000000000e+00,1.5060643329559758e-17,-4.2777939935585829e-01,2.1755082920386237e-01,-6.4533022855972066e-01,0.0000000000000000e+00,-2.8818914449217703e-01,4.2777939935585829e-01,2.8818914449217714e-01,0.0000000000000000e+00,6.4651254999138519e-01,4.3636353038939540e-01,-6.4651254999138519e-01,3.2672989591195761e-01,-9.7324244590334263e-01,-6.4651254999138519e-01,3.2672989591195761e-01,-9.7324244590334263e-01,-2.2183967298700810e-18,-5.2571419048628208e-18,5.0195321099233928e-02,5.4060604114358327e-02,2.2256163782421376e-01,8.7667125848400751e-05,9.7333011302919115e-01,0.0000000000000000e+00,-2.1014901960198978e-01,9.2518585385429716e-17,1.9872660483875954e-16,7.4014868308343773e-16,2.7364876738436272e-01,-3.7248571305025106e-17
62,1.6833349656071093e+00,4.6753960374269954e-01,9.0340665148459953e-02,-1.9428902930940239e-14,1.9428902930940239e-14,0.0000000000000000e+00,4.2812007853905320e-17,-4.2469249597273012e-01,2.1581944971090217e-01,-6.4051194568363234e-01,-4.2469249597273007e-01,-5.5511151231257827e-17,4.2088749046752514e-18,-4.2469249597273007e-01,2.1581944971090217e-01,-6.4051194568363223e-01,0.0000000000000000e+00,-2.8607223877505950e-01,4.2469249597273007e-01,2.8607223877505955e-01,0.0000000000000000e+00,6.8501898901356173e-01,4.6230310805611385e-01,-6.8501898901356173e-01,3.4630537553832436e-01,-1.0313243645518859e+00,-6.8501898901356173e-01,3.4630537553832436e-01,-1.0313243645518859e+00,-1.3479861826844968e-18,-5.2571419048628208e-18,5.2275580012864704e-02,5.9145586541257178e-02,2.3496627744495333e-01,8.2068460750817085e-05,1.0314064330126369e+00,0.0000000000000000e+00,-2.2271588095744788e-01,9.2518585385429716e-17,2.2084876237282098e-16,7.4014868308343773e-16,2.7290398584943121e-01,-3.7952973456486464e-17
63,1.7764750744609066e+00,4.9340889920425424e-01,9.3140108853797310e-02,-1.1657341758564144e-14,1.1657341758564144e-14,0.0000000000000000e+00,4.9614778136245357e-17,-4.2133374380554417e-01,2.1393263762838866e-01,-6.3526638143393277e-01,-4.2133374380554411e-01,-5.5511151231257827e-17,9.7461242195927156e-18,-4.2133374380554411e-01,2.1393263762838866e-01,-6.3526638143393277e-01,0.0000000000000000e+00,-2.8377393064362061e-01,4.2133374380554411e-01,2.8377393064362061e-01,0.0000000000000000e+00,7.2441847704662032e-01,4.8884087518090152e-01,-7.2441847704662032e-01,3.6631895363578842e-01,-1.0907374306824087e+00,-7.2441847704662032e-01,3.6631895363578842e-01,-1.0907374306824087e+00,-6.9810111394001459e-19,-5.2571419048628208e-18,5.4330420456954388e-02,6.4522982632101281e-02,2.4754126665754464e-01,7.5716110811863135e-05,1.0908131467932205e+00,0.0000000000000000e+00,-2.3557760186571880e-01,9.2518585385429716e-17,1.6867206384852334e-16,7.4014868308343773e-16,2.7193817998039882e-01,-3.4669793425908285e-17
64,1.8718887527899575e+00,5.1990966956133466e-01,9.5413678329050899e-02,-1.1657341758564144e-14,1.1657341758564144e-14,0.0000000000000000e+00,4.3030650759041433e-17,-4.1773847218477533e-01,2.1191038351488750e-01,-6.2964885569966289e-01,-4.1773847218477528e-01,-5.5511151231257827e-17,-1.1450642359266204e-17,-4.1773847218477528e-01,2.1191038351488750e-01,-6.2964885569966278e-01,0.0000000000000000e+00,-2.8131828338987580e-01,4.1773847218477528e-01,2.8131828338987580e-01,0.0000000000000000e+00,7.6444796030229245e-01,5.1579963854892308e-01,-7.6444796030229245e-01,3.8663457815480629e-01,-1.1510825384570986e+00,-7.6444796030229245e-01,3.8663457815480629e-01,-1.1510825384570986e+00,-7.7941828668243376e-19,-5.2571419048628208e-18,5.6342019448564012e-02,7.0165993887867609e-02,2.6019523741558709e-01,6.8672597212438014e-05,1.1511512110543112e+00,0.0000000000000000e+00,-2.4864832175336937e-01,9.2518585385429716e-17,1.8282665053520151e-16,3.7007434154171886e-16,2.7076413323098381e-01,-3.2822469421770757e-17
65,1.9692649054649602e+00,5.4695550937684612e-01,9.7376152675002769e-02,-1.1657341758564144e-14,1.1657341758564144e-14,0.0000000000000000e+00,7.9359164668308714e-17,-4.1393452018240695e-01,2.0976943127910944e-01,-6.2370395146151636e-01,-4.1393452018240695e-01,0.0000000000000000e+00,-1.8845130849740776e-18,-4.1393452018240695e-01,2.0976943127910944e-01,-6.2370395146151636e-01,0.0000000000000000e+00,-2.7872417112350006e-01,4.1393452018240695e-01,2.7872417112350006e-01,0.0000000000000000e+00,8.0494051844250403e-01,5.4306702832651199e-01,-8.0494051844250403e-01,4.0716535716747987e-01,-1.2121058756099838e+00,-8.0494051844250403e-01,4.0716535716747987e-01,-1.2121058756099838e+00,-1.4286813529240519e-18,-5.2571419048628208e-18,5.8298976186414164e-02,7.6057752094910711e-02,2.7286964225404553e-01,6.1013367890550008e-05,1.2121668889778745e+00,0.0000000000000000e+00,-2.6187349011599204e-01,9.2518585385429716e-17,1.7675650919352822e-16,7.4014868308343773e-16,2.6949703533866154e-01,-3.4220428934744717e-17
66,2.0683132641793671e+00,5.7446579778103002e-01,9.9048358714406870e-02,-1.1657341758564144e-14,1.1657341758564144e-14,0.0000000000000000e+00,6.5135615082072790e-17,-4.0994876423931526e-01,2.0752576921221710e-01,-6.1747453345153236e-01,-4.0994876423931526e-01,0.0000000000000000e+00,-1.7452064081891871e-17,-4.0994876423931526e-01,2.0752576921221716e-01,-6.1747453345153236e-01,0.0000000000000000e+00,-2.7600976708871344e-01,4.0994876423931526e-01,2.7600976708871344e-01,0.0000000000000000e+00,8.4574266198960724e-01,5.7053977137806144e-01,-8.4574266198960724e-01,4.2783155952151247e-01,-1.2735742215111197e+00,-8.4574266198960724e-01,4.2783155952151247e-01,-1.2735742215111197e+00,-2.3863094686903257e-18,-5.2571419048628208e-18,6.0191709859789548e-02,8.2180783371484184e-02,2.8551187969987701e-01,5.2813409638308162e-05,1.2736270349207581e+00,0.0000000000000000e+00,-2.7520289061154579e-01,9.2518585385429716e-17,1.6309271122324308e-16,5.5511151231257827e-16,2.6808251176384390e-01,-3.4632865191936400e-17
67,2.1692500339859722e+00,6.0250058486895108e-01,1.0093676980660504e-01,-1.9428902930940239e-14,1.9428902930940239e-14,0.0000000000000000e+00,5.9653044869765942e-17,-4.0578593368691851e-01,2.0518352871540815e-01,-6.1096946240232664e-01,-4.0578593368691857e-01,5.5511151231257827e-17,-4.6070039029099692e-17,-4.0578593368691851e-01,2.0518352871540818e-01,-6.1096946240232675e-01,0.0000000000000000e+00,-2.7317815537052070e-01,4.0578593368691851e-01,2.7317815537052070e-01,0.0000000000000000e+00,8.8691147470352760e-01,5.9825639883297910e-01,-8.8691147470352760e-01,4.4866033122249560e-01,-1.3355718059260231e+00,-8.8691147470352760e-01,4.4866033122249560e-01,-1.3355718059260231e+00,-5.5921674183631190e-18,-5.2571419048628208e-18,6.2020952259381840e-02,8.8548161241459783e-02,2.9813530349676637e-01,4.4085775112390202e-05,1.3356158917011356e+00,0.0000000000000000e+00,-2.8865507587054851e-01,9.2518585385429716e-17,2.1820464722267795e-16,7.4014868308343773e-16,2.6648864406680439e-01,-3.9061007860199341e-17
68,2.2731683816963759e+00,6.3136349338258446e-01,1.0391834771040376e-01,-1.1657341758564144e-14,1.1657341758564144e-14,0.0000000000000000e+00,6.8859245036550304e-17,-4.0141081807246021e-01,2.0272490134224858e-01,-6.0413571941470878e-01,-4.0141081807246015e-01,-5.5511151231257827e-17,-1.4755908002969882e-17,-4.0141081807246015e-01,2.0272490134224858e-01,-6.0413571941470878e-01,0.0000000000000000e+00,-2.7020532445757728e-01,4.0141081807246015e-01,2.7020532445757728e-01,0.0000000000000000e+00,9.2885275106354737e-01,6.2649015553141185e-01,-9.2885275106354737e-01,4.6985491625686382e-01,-1.3987076673204111e+00,-9.2885275106354737e-01,4.6985491625686382e-01,-1.3987076673204111e+00,-8.7526333751097222e-18,-5.2571419048628208e-18,6.3801437992326501e-02,9.5230653296109649e-02,3.1085752072468475e-01,3.4695756257085986e-05,1.3987423630766682e+00,0.0000000000000000e+00,-3.0236259553213551e-01,9.2518585385429716e-17,2.3235799127134733e-16,5.5511151231257827e-16,2.6470360916960234e-01,-4.1006730161913784e-17
69,2.3799277840300377e+00,6.6101549353864708e-01,1.0675940233366177e-01,-7.7715611723760958e-15,7.7715611723760958e-15,0.0000000000000000e+00,3.7632621839709392e-17,-3.9683907721230222e-01,2.0015792316673392e-01,-5.9699700037903614e-01,-3.9683907721230205e-01,-1.6653345369377348e-16,1.6632745460866593e-17,-3.9683907721230210e-01,2.0015792316673392e-01,-5.9699700037903602e-01,5.5511151231257827e-17,-2.6710188085150682e-01,3.9683907721230210e-01,2.6710188085150682e-01,0.0000000000000000e+00,9.7146309193030200e-01,6.5517145358559581e-01,-9.7146309193030200e-01,4.9136068103440206e-01,-1.4628237729647040e+00,-9.7146309193030200e-01,4.9136068103440206e-01,-1.4628237729647040e+00,-8.6524483524684804e-18,-2.2939732407115217e-18,6.5524554049778347e-02,1.0222224481072459e-01,3.2363850814188849e-01,2.4625967989355679e-05,1.4628483989326935e+00,0.0000000000000000e+00,-3.1629163834470619e-01,4.6259292692714858e-17,1.4431490715233658e-16,3.7007434154171886e-16,2.6273335932657099e-01,-3.4803249176898858e-17
70,2.4883832230921130e+00,6.9113856116264505e-01,1.0845543906207533e-01,-1.1657341758564144e-14,1.1657341758564144e-14,0.0000000000000000e+00,6.1796114309992584e-17,-3.9213006300662423e-01,1.9751537517383183e-01,-5.8964543818045612e-01,-3.9213006300662423e-01,0.0000000000000000e+00,2.5257937069887777e-17,-3.9213006300662423e-01,1.9751537517383183e-01,-5.8964543818045612e-01,0.0000000000000000e+00,-2.6390802485440618e-01,3.9213006300662423e-01,2.6390802485440623e-01,0.0000000000000000e+00,1.0142470891847379e+00,6.8396690982041886e-01,-1.0142470891847379e+00,5.1292559712179697e-01,-1.5271726863065347e+00,-1.0142470891847379e+00,5.1292559712179697e-01,-1.5271726863065347e+00,-6.3808121692269933e-18,7.1626989910214395e-19,6.7167843266720900e-02,1.0944810838056919e-01,3.3632371329835592e-01,1.4067823849051031e-05,1.5271867541303839e+00,0.0000000000000000e+00,-3.3028017936431908e-01,9.2518585385429716e-17,1.8653453923763305e-16,7.4014868308343773e-16,2.6060506486321139e-01,-3.5369537057085188e-17
71,2.5987255084629082e+00,7.2178569285798133e-01,1.1034228537079516e-01,-1.5543122344752192e-14,1.5543122344752192e-14,0.0000000000000000e+00,5.1988221629890225e-17,-3.8728391622845076e-01,1.9479989786956825e-01,-5.8208381409801901e-01,-3.8728391622845071e-01,-5.5511151231257827e-17,-1.8652465719715242e-17,-3.8728391622845071e-01,1.9479989786956825e-01,-5.8208381409801890e-01,0.0000000000000000e+00,-2.6062374292278123e-01,3.8728391622845071e-01,2.6062374292278123e-01,0.0000000000000000e+00,1.0572482490441097e+00,7.1290592682347786e-01,-1.0572482490441097e+00,5.3457007902853515e-01,-1.5918183280726446e+00,-1.0572482490441097e+00,5.3457007902853515e-01,-1.5918183280726446e+00,-6.0163807668623190e-18,7.1626989910214395e-19,6.8731964967148007e-02,1.1691893930821677e-01,3.4892224931758725e-01,3.0745644169494213e-06,1.5918214026370618e+00,0.0000000000000000e+00,-3.4434232222063188e-01,9.2518585385429716e-17,1.8922538822631428e-16,5.5511151231257827e-16,2.5832260036977006e-01,-3.5021519739117804e-17
72,2.7107669608120499e+00,7.5290476143574447e-01,1.1204145234914176e-01,-1.5543122344752192e-14,1.5543122344752192e-14,0.0000000000000000e+00,5.7559888495804870e-17,-3.8231724333879735e-01,1.9202105979608622e-01,-5.7433830313488354e-01,-3.8231724333879724e-01,-1.1102230246251565e-16,-2.9362701826112696e-18,-3.8231724333879724e-01,1.9202105979608619e-01,-5.7433830313488343e-01,0.0000000000000000e+00,-2.5726016556935921e-01,3.8231724333879724e-01,2.5726016556935927e-01,0.0000000000000000e+00,1.1003618648678588e+00,7.4191815945133255e-01,-1.1003618648678588e+00,5.5624006997650810e-01,-1.6566019348443666e+00,-1.1003618648678588e+00,5.5624006997650810e-01,-1.6566019348443666e+00,-7.2257974293016796e-18,7.1626989910214395e-19,7.0212336427288732e-02,1.2461954020121860e-01,3.6139988039539972e-01,-8.3129526010639054e-06,1.6565936218917658e+00,0.0000000000000000e+00,-3.5844370541652626e-01,9.2518585385429716e-17,1.6867206384852334e-16,5.5511151231257827e-16,2.5589626780464914e-01,-3.7234209125061227e-17
73,2.8247701755641068e+00,7.8456870173258675e-01,1.1400321475205688e-01,-1.1657341758564144e-14,1.1657341758564144e-14,0.0000000000000000e+00,4.0242588198662621e-17,-3.7722737047836147e-01,1.8917861719314902e-01,-5.6640598767151051e-01,-3.7722737047836141e-01,-5.5511151231257827e-17,-1.4661479955784099e-18,-3.7722737047836136e-01,1.8917861719314905e-01,-5.6640598767151040e-01,-5.5511151231257827e-17,-2.5381539737081277e-01,3.7722737047836136e-01,2.5381539737081271e-01,0.0000000000000000e+00,1.1436571287292416e+00,7.7105028802953091e-01,-1.1436571287292416e+00,5.7796906429611739e-01,-1.7216261930253587e+00,-1.1436571287292416e+00,5.7796906429611739e-01,-1.7216261930253587e+00,-7.4767423417999387e-18,-2.4479549483733524e-18,7.1610714914964693e-02,1.3256505574376695e-01,3.7377319794436792e-01,-2.0095693017752048e-05,1.7216060973323413e+00,0.0000000000000000e+00,-3.7260684069971073e-01,9.2518585385429716e-17,1.8833271040669381e-16,5.5511151231257827e-16,2.5332893753911051e-01,-3.6542075866546566e-17
74,2.9399517975989249e+00,8.1655993997385867e-01,1.1518162203481808e-01,-1.9428902930940239e-14,1.9428902930940239e-14,0.0000000000000000e+00,4.4364354243796870e-17,-3.7205635617377303e-01,1.8629537774511115e-01,-5.5835173391888415e-01,-3.7205635617377297e-01,-5.5511151231257827e-17,-2.1501544118369567e-17,-3.7205635617377297e-01,1.8629537774511118e-01,-5.5835173391888415e-01,0.0000000000000000e+00,-2.5031775730838973e-01,3.7205635617377297e-01,2.5031775730838968e-01,0.0000000000000000e+00,1.1868089862292848e+00,8.0008372526827110e-01,-1.1868089862292848e+00,5.9959291618055832e-01,-1.7864019024098428e+00,-1.1868089862292848e+00,5.9959291618055832e-01,-1.7864019024098428e+00,-8.7994703578403529e-18,-5.6448871682915350e-18,7.2916809495119542e-02,1.4069675376725171e-01,3.8594722526096187e-01,-3.2127657225156092e-05,1.7863697747526179e+00,0.0000000000000000e+00,-3.8672526096101367e-01,9.2518585385429716e-17,1.8911226587979627e-16,7.4014868308343773e-16,2.5064369066523018e-01,-3.9641318665352586e-17
75,3.0565449966562377e+00,8.4894323812907135e-01,1.1659319905731280e-01,-1.5543122344752192e-14,1.5543122344752192e-14,0.0000000000000000e+00,4.5991938497659659e-17,-3.6680047339031985e-01,1.8337123505291758e-01,-5.5017170844323737e-01,-3.6680047339031979e-01,-5.5511151231257827e-17,-1.1013328777037617e-17,-3.6680047339031985e-01,1.8337123505291761e-01,-5.5017170844323748e-01,5.5511151231257827e-17,-2.4676460804365885e-01,3.6680047339031985e-01,2.4676460804365882e-01,0.0000000000000000e+00,1.2298818269313954e+00,8.2906193685395668e-01,-1.2298818269313954e+00,6.2114322266595989e-01,-1.8510250495973550e+00,-1.2298818269313954e+00,6.2114322266595989e-01,-1.8510250495973550e+00,-1.0694976881749070e-17,-2.4087758155882158e-18,7.4133605685896650e-02,1.4902573179834874e-01,3.9793950099088871e-01,-4.4384190825752512e-05,1.8509806654065295e+00,0.0000000000000000e+00,-4.0081989007743868e-01,9.2518585385429716e-17,2.0069550285120643e-16,7.4014868308343773e-16,2.4784309810896926e-01,-3.7091642497312871e-17
76,3.1750505137466245e+00,8.8185767502593726e-01,1.1850551709038681e-01,-7.7715611723760958e-15,7.7715611723760958e-15,0.0000000000000000e+00,5.3288362064030725e-17,-3.6144341194857355e-01,1.8039809405155785e-01,-5.4184150600013137e-01,-3.6144341194857338e-01,-1.6653345369377348e-16,-1.6959107155314028e-17,-3.6144341194857343e-01,1.8039809405155788e-01,-5.4184150600013137e-01,5.5511151231257827e-17,-2.4314481843990243e-01,3.6144341194857343e-01,2.4314481843990243e-01,0.0000000000000000e+00,1.2730322860313943e+00,8.5809042181040129e-01,-1.2730322860313943e+00,6.4269755888953439e-01,-1.9157298449209286e+00,-1.2730322860313943e+00,6.4269755888953439e-01,-1.9157298449209286e+00,-1.2352420873969594e-17,4.1696018653546557e-18,7.5265921442167968e-02,1.5758285573489811e-01,4.0979184938047442e-01,-5.6932331993886365e-05,1.9156729125889349e+00,0.0000000000000000e+00,-4.1494186422099300e-01,4.6259292692714858e-17,1.5716250041522723e-16,3.7007434154171886e-16,2.4492142541304085e-01,-3.7617971389010040e-17
77,3.2952843302869863e+00,9.1525214023356694e-01,1.2023381654036180e-01,-7.7715611723760958e-15,7.7715611723760958e-15,0.0000000000000000e+00,4.4427563366319234e-17,-3.5600024352152415e-01,1.7738401627128048e-01,-5.3338425979280468e-01,-3.5600024352152410e-01,-5.5511151231257827e-17,7.1007552646606863e-19,-3.5600024352152404e-01,1.7738401627128048e-01,-5.3338425979280446e-01,-5.5511151231257827e-17,-2.3946847370727370e-01,3.5600024352152404e-01,2.3946847370727375e-01,0.0000000000000000e+00,1.3161627804563134e+00,8.8710364082438309e-01,-1.3161627804563134e+00,6.6420631319652423e-01,-1.9803690936528375e+00,-1.3161627804563134e+00,6.6420631319652423e-01,-1.9803690936528375e+00,-1.3329262417880316e-17,4.1696018653546557e-18,7.6311430881914957e-02,1.6634975523311751e-01,4.2147538456859723e-01,-6.9742512894488407e-05,1.9802993511399432e+00,0.0000000000000000e+00,-4.2905913963193032e-01,9.2518585385429716e-17,1.8904153003820452e-16,3.7007434154171886e-16,2.4188904101442954e-01,-3.8197069299468880e-17
78,3.4170307085895297e+00,9.4906671346566918e-01,1.2174637830254342e-01,-1.5543122344752192e-14,1.5543122344752192e-14,0.0000000000000000e+00,4.3123036481032763e-17,-3.5048672920063395e-01,1.7433826567579427e-01,-5.2482499487642820e-01,-3.5048672920063395e-01,0.0000000000000000e+00,-1.3138991852478227e-17,-3.5048672920063395e-01,1.7433826567579430e-01,-5.2482499487642831e-01,0.0000000000000000e+00,-2.3574611841551313e-01,3.5048672920063395e-01,2.3574611841551307e-01,0.0000000000000000e+00,1.3591688955797387e+00,9.1603146857811790e-01,-1.3591688955797387e+00,6.8561677019420542e-01,-2.0447856657739441e+00,-1.3591688955797387e+00,6.8561677019420542e-01,-2.0447856657739441e+00,-1.4085850192338984e-17,7.9046105644944840e-19,7.7268452979660604e-02,1.7530463497655022e-01,4.3296093835164751e-01,-8.2743886347103057e-05,2.0447029218875969e+00,0.0000000000000000e+00,-4.4313742700162084e-01,9.2518585385429716e-17,2.1194885220928253e-16,5.5511151231257827e-16,2.3875740292740122e-01,-3.8228822426051387e-17
79,3.5406019770894259e+00,9.8338814270514763e-01,1.2357126849989619e-01,-1.1657341758564144e-14,1.1657341758564144e-14,0.0000000000000000e+00,4.6397934317908369e-17,-3.4489406962742142e-01,1.7125722404534727e-01,-5.1615129367276869e-01,-3.4489406962742136e-01,-5.5511151231257827e-17,4.4044350509851289e-18,-3.4489406962742131e-01,1.7125722404534727e-01,-5.1615129367276857e-01,-5.5511151231257827e-17,-2.3197171940928935e-01,3.4489406962742131e-01,2.3197171940928940e-01,0.0000000000000000e+00,1.4021334392805658e+00,9.4492971183813768e-01,-1.4021334392805658e+00,7.0696960672054754e-01,-2.1091030460011133e+00,-1.4021334392805658e+00,7.0696960672054754e-01,-2.1091030460011133e+00,-1.4625520324211434e-17,-2.6393306303186036e-18,7.8139743544201570e-02,1.8446395375679225e-01,4.4426995776684292e-01,-9.5951652710812851e-05,2.1090070943484025e+00,0.0000000000000000e+00,-4.5720372744242810e-01,9.2518585385429716e-17,1.7883270586676888e-16,7.4014868308343773e-16,2.3552427216146682e-01,-3.9231551268702354e-17
80,3.6652946603735796e+00,1.0180210404488603e+00,1.2469268328415373e-01,-7.7715611723760958e-15,7.7715611723760958e-15,0.0000000000000000e+00,2.9554956172787418e-17,-3.3926054500194303e-01,1.6816115281043564e-01,-5.0742169781237867e-01,-3.3926054500194291e-01,-1.1102230246251565e-16,1.0971784927548748e-17,-3.3926054500194291e-01,1.6816115281043564e-01,-5.0742169781237856e-01,0.0000000000000000e+00,-2.2817101135354992e-01,3.3926054500194291e-01,2.2817101135354997e-01,0.0000000000000000e+00,1.4447879766202516e+00,9.7361792773439582e-01,-1.4447879766202516e+00,7.2813110080359733e-01,-2.1729190774238489e+00,-1.4447879766202516e+00,7.2813110080359733e-01,-2.1729190774238489e+00,-1.3666869260266033e-17,-6.1002478299275998e-18,7.8921307201766835e-02,1.9376828130607754e-01,4.5533227216296873e-01,-1.0924013278423850e-04,2.1728098372910649e+00,0.0000000000000000e+00,-4.7117004888585579e-01,4.6259292692714858e-17,1.3258755804348537e-16,7.4014868308343773e-16,2.3221392633663512e-01,-4.1306587443129468e-17
81,3.7909379151365039e+00,1.0529179556469679e+00,1.2564325476292426e-01,-7.7715611723760958e-15,7.7715611723760958e-15,0.0000000000000000e+00,3.7156745112024729e-17,-3.3359871865076818e-01,1.6505802857111349e-01,-4.9865674722188169e-01,-3.3359871865076801e-01,-1.6653345369377348e-16,-9.4381876956141533e-18,-3.3359871865076801e-01,1.6505802857111351e-01,-4.9865674722188152e-01,0.0000000000000000e+00,-2.2435236950863413e-01,3.3359871865076801e-01,2.2435236950863416e-01,0.0000000000000000e+00,1.4870580905616071e+00,1.0020461829483194e+00,-1.4870580905616073e+00,7.4906447205270488e-01,-2.2361225626143120e+00,-1.4870580905616071e+00,7.4906447205270488e-01,-2.2361225626143120e+00,-1.3570526186408197e-17,-6.1002478299275998e-18,7.9614198925887225e-02,2.0319658969008680e-01,4.6613116219044542e-01,-1.2252124628542305e-04,2.2360000413680270e+00,0.0000000000000000e+00,-4.8501190761328772e-01,9.2518585385429716e-17,2.0595777971499129e-16,5.5511151231257827e-16,2.2883704029368995e-01,-4.0749529529758684e-17
82,3.9173552349205951e+00,1.0880298643316137e+00,1.2641731978409121e-01,-3.8857805861880479e-15,3.8857805861880479e-15,0.0000000000000000e+00,4.4988595659401594e-17,-3.2792154945104723e-01,1.6195524251403226e-01,-4.8987679196507949e-01,-3.2792154945104718e-01,-5.5511151231257827e-17,2.0879448943542799e-19,-3.2792154945104712e-01,1.6195524251403226e-01,-4.8987679196507938e-01,-5.5511151231257827e-17,-2.2052443483741055e-01,3.2792154945104712e-01,2.2052443483741058e-01,0.0000000000000000e+00,1.5288719001997495e+00,1.0301662495680886e+00,-1.5288719001997497e+00,7.6973454268491115e-01,-2.2986064428846609e+00,-1.5288719001997495e+00,7.6973454268491115e-01,-2.2986064428846609e+00,-1.4153903762587504e-17,-9.6090333083200844e-18,8.0220027238394651e-02,2.1272696983079364e-01,4.7665180916470634e-01,-1.3573645101649934e-04,2.2984707064336445e+00,0.0000000000000000e+00,-4.9870565063166095e-01,9.2518585385429716e-17,1.7844338527163819e-16,5.5511151231257827e-16,2.2540435473644871e-01,-4.0091446878746165e-17
83,4.0467640525787756e+00,1.1239726496743370e+00,1.2940881765818046e-01,-3.8857805861880479e-15,3.8857805861880479e-15,0.0000000000000000e+00,3.5726997510427331e-17,-3.2213298003396046e-01,1.5880365582151748e-01,-4.8093663585547797e-01,-3.2213298003396029e-01,-1.6653345369377348e-16,1.0650691752900796e-19,-3.2213298003396029e-01,1.5880365582151751e-01,-4.8093663585547780e-01,0.0000000000000000e+00,-2.1662237895509945e-01,3.2213298003396029e-01,2.1662237895509942e-01,0.0000000000000000e+00,1.5709332942367493e+00,1.0584515757260533e+00,-1.5709332942367495e+00,7.9048905757838317e-01,-2.3614223518151327e+00,-1.5709332942367493e+00,7.9048905757838317e-01,-2.3614223518151327e+00,-1.4133502371446890e-17,-1.3200849532160846e-17,8.0749926914977718e-02,2.2251857837112177e-01,4.8707133689938076e-01,-1.4921539290291275e-04,2.3612731364222297e+00,0.0000000000000000e+00,-5.1248171851069602e-01,4.6259292692714858e-17,1.1406457265696477e-16,3.7007434154171886e-16,2.2186068071692541e-01,-4.1121357683985960e-17
84,4.1800802293749735e+00,1.1610006885051625e+00,1.3331617679619789e-01,-1.1657341758564144e-14,1.1657341758564144e-14,0.0000000000000000e+00,3.5973829726179751e-17,-3.1619963279229119e-01,1.5558415047826724e-01,-4.7178378327055842e-01,-3.1619963279229107e-01,-1.1102230246251565e-16,4.4237286285511466e-19,-3.1619963279229102e-01,1.5558415047826726e-01,-4.7178378327055825e-01,-5.5511151231257827e-17,-2.1262366621274351e-01,3.1619963279229102e-01,2.1262366621274353e-01,0.0000000000000000e+00,1.6134833259699111e+00,1.0870642965493857e+00,-1.6134833259699113e+00,8.1144554776199862e-01,-2.4249288737319099e+00,-1.6134833259699111e+00,8.1144554776199862e-01,-2.4249288737319099e+00,-1.4096915094526116e-17,-1.6901116758014270e-17,8.1205165003421453e-02,2.3263318635098634e-01,4.9744400129392058e-01,-1.6319511367024475e-04,2.4247656786182397e+00,0.0000000000000000e+00,-5.2641902942052532e-01,9.2518585385429716e-17,1.8237253131567635e-16,5.5511151231257827e-16,2.1818506426508077e-01,-4.2971662993262214e-17
85,4.3148323043658259e+00,1.1984275423589392e+00,1.3475207499085240e-01,-1.1657341758564144e-14,1.1657341758564144e-14,0.0000000000000000e+00,4.1269013747439113e-17,-3.1024020139963954e-01,1.5235782023643712e-01,-4.6259802163607666e-01,-3.1024020139963943e-01,-1.1102230246251565e-16,-2.1318621548630164e-17,-3.1024020139963943e-01,1.5235782023643712e-01,-4.6259802163607655e-01,0.0000000000000000e+00,-2.0860823089388125e-01,3.1024020139963943e-01,2.0860823089388125e-01,0.0000000000000000e+00,1.6556903597270551e+00,1.1154452326431112e+00,-1.6556903597270554e+00,8.3219345752728802e-01,-2.4878838172543434e+00,-1.6556903597270551e+00,8.3219345752728802e-01,-2.4878838172543434e+00,-1.5503474008742737e-17,-2.0641238164785771e-17,8.1576741062240554e-02,2.4287438913796922e-01,5.0756503959516908e-01,-1.7728773190917035e-04,2.4877065295224341e+00,0.0000000000000000e+00,-5.4024512708394390e-01,9.2518585385429716e-17,1.8024807405554284e-16,7.4014868308343773e-16,2.1445046897468162e-01,-4.2261536960015727e-17
86,4.4496917359173356e+00,1.2358842140712256e+00,1.3485943155150970e-01,-1.1657341758564144e-14,1.1657341758564144e-14,0.0000000000000000e+00,4.1299878946350411e-17,-3.0431711960930585e-01,1.4916008325407201e-01,-4.5347720286337789e-01,-3.0431711960930569e-01,-1.6653345369377348e-16,-1.3085511355764168e-17,-3.0431711960930574e-01,1.4916008325407204e-01,-4.5347720286337778e-01,5.5511151231257827e-17,-2.0461806470820759e-01,3.0431711960930574e-01,2.0461806470820759e-01,0.0000000000000000e+00,1.6971297852105978e+00,1.1433089643066281e+00,-1.6971297852105980e+00,8.5252472406095448e-01,-2.5496545092715523e+00,-1.6971297852105978e+00,8.5252472406095459e-01,-2.5496545092715523e+00,-1.7823334911997343e-17,-1.6898137014877112e-17,8.1864325303314001e-02,2.5313113269112025e-01,5.1733813748165869e-01,-1.9112858486158846e-04,2.5494633806866909e+00,0.0000000000000000e+00,-5.5382082090396967e-01,9.2518585385429716e-17,1.6795691078330756e-16,5.5511151231257827e-16,2.1069932571095373e-01,-4.5009503302281248e-17
87,4.5854454205417570e+00,1.2735892610242676e+00,1.3575368462442139e-01,-3.8857805861880479e-15,3.8857805861880479e-15,0.0000000000000000e+00,3.3536058032526513e-17,-2.9839845605802973e-01,1.4597614261772709e-01,-4.4437459867575679e-01,-2.9839845605802950e-01,-2.2204460492503131e-16,1.7385574361053536e-17,-2.9839845605802950e-01,1.4597614261772709e-01,-4.4437459867575657e-01,0.0000000000000000e+00,-2.0063158661224151e-01,2.9839845605802950e-01,2.0063158661224156e-01,0.0000000000000000e+00,1.7380402152992829e+00,1.1708160309863846e+00,-1.7380402152992831e+00,8.7255763912507556e-01,-2.6105978544243587e+00,-1.7380402152992829e+00,8.7255763912507567e-01,-2.6105978544243587e+00,-1.7531460213454745e-17,-1.3130215356183744e-17,8.2073408778733550e-02,2.6345317611606806e-01,5.2682628989031599e-01,-2.0476433995797461e-04,2.6103930900844006e+00,0.0000000000000000e+00,-5.6722418431289823e-01,9.2518585385429716e-17,2.2535683409298065e-16,5.5511151231257827e-16,2.0691515589537979e-01,-4.4058406617326152e-17
88,4.7216332246287518e+00,1.3114148829345555e+00,1.3618780408699482e-01,-7.7715611723760958e-15,7.7715611723760958e-15,0.0000000000000000e+00,4.2141029768161476e-17,-2.9250931514045775e-01,1.4281812842692576e-01,-4.3532744356738351e-01,-2.9250931514045764e-01,-1.1102230246251565e-16,2.3957319222513058e-17,-2.9250931514045764e-01,1.4281812842692579e-01,-4.3532744356738340e-01,0.0000000000000000e+00,-1.9666563668819734e-01,2.9250931514045764e-01,1.9666563668819739e-01,0.0000000000000000e+00,1.7782774311880141e+00,1.1978695491919582e+00,-1.7782774311880143e+00,8.9222276792831334e-01,-2.6705001991163275e+00,-1.7782774311880141e+00,8.9222276792831345e-01,-2.6705001991163275e+00,-1.4716261267580625e-17,-1.3130215356183744e-17,8.2206738406941648e-02,2.7379564458308270e-01,5.3600223602774544e-01,-2.1814891054361407e-04,2.6702820502057838e+00,0.0000000000000000e+00,-5.8040788199605586e-01,9.2518585385429716e-17,1.9424772197837122e-16,7.4014868308343773e-16,2.0311585741773719e-01,-4.2867216797994680e-17
89,4.8583969841065402e+00,1.3494004741680541e+00,1.3676375947778840e-01,-7.7715611723760958e-15,7.7715611723760958e-15,0.0000000000000000e+00,5.0198405958287198e-17,-2.8664690107429858e-01,1.3968514984557406e-01,-4.2633205091987264e-01,-2.8664690107429847e-01,-1.1102230246251565e-16,2.5045133335382408e-17,-2.8664690107429847e-01,1.3968514984557412e-01,-4.2633205091987258e-01,0.0000000000000000e+00,-1.9271827306934552e-01,2.8664690107429847e-01,1.9271827306934552e-01,0.0000000000000000e+00,1.8178812219152445e+00,1.2244963528812589e+00,-1.8178812219152447e+00,9.1154087312898679e-01,-2.7294220950442316e+00,-1.8178812219152445e+00,9.1154087312898691e-01,-2.7294220950442316e+00,-1.1365381449855749e-17,-1.3130215356183744e-17,8.2268122359280674e-02,2.8415961966557540e-01,5.4488185926562860e-01,-2.3127183850213395e-04,2.7291908232057294e+00,0.0000000000000000e+00,-5.9338486903398557e-01,9.2518585385429716e-17,1.7427233074101723e-16,1.1102230246251565e-15,1.9930229403794586e-01,-4.3985062293412714e-17
90,4.9976801640977397e+00,1.3880858244468812e+00,1.3928317999119955e-01,-7.7715611723760958e-15,7.7715611723760958e-15,0.0000000000000000e+00,4.1090919911915489e-17,-2.8073157645663127e-01,1.3653658923931505e-01,-4.1726816569594632e-01,-2.8073157645663110e-01,-1.6653345369377348e-16,1.7009331261312883e-17,-2.8073157645663110e-01,1.3653658923931503e-01,-4.1726816569594616e-01,0.0000000000000000e+00,-1.8873583537031838e-01,2.8073157645663110e-01,1.8873583537031838e-01,0.0000000000000000e+00,1.8573943612197812e+00,1.2510614235033510e+00,-1.8573943612197814e+00,9.3077739423020822e-01,-2.7881717554499899e+00,-1.8573943612197812e+00,9.3077739423020833e-01,-2.7881717554499894e+00,-8.4366416689282281e-18,-1.3130215356183744e-17,8.2260468337214315e-02,2.9468212536942379e-01,5.5359038559657225e-01,-2.4441492699789347e-04,2.7879273405229918e+00,0.0000000000000000e+00,-6.0633293771643015e-01,9.2518585385429716e-17,1.5068037072613367e-16,3.7007434154171886e-16,1.9542499288960646e-01,-4.4558476051684566e-17
91,5.1414533693025044e+00,1.4280182614030696e+00,1.4377320520476466e-01,-1.1657341758564144e-14,1.1657341758564144e-14,0.0000000000000000e+00,4.6404563478280877e-17,-2.7468709379641010e-01,1.3333225437634105e-01,-4.0801934817275115e-01,-2.7468709379640993e-01,-1.6653345369377348e-16,-2.5129633056094509e-18,-2.7468709379640993e-01,1.3333225437634108e-01,-4.0801934817275098e-01,0.0000000000000000e+00,-1.8466697330962703e-01,2.7468709379640993e-01,1.8466697330962700e-01,0.0000000000000000e+00,1.8973215224462052e+00,1.2779040828215398e+00,-1.8973215224462054e+00,9.5017734854597136e-01,-2.8474988709921769e+00,-1.8973215224462052e+00,9.5017734854597147e-01,-2.8474988709921765e+00,-7.3945470265186660e-18,-1.3130215356183744e-17,8.2182974172512024e-02,3.0549981218450728e-01,5.6223663048475780e-01,-2.5793170419430300e-04,2.8472409392879827e+00,0.0000000000000000e+00,-6.1941743962466544e-01,9.2518585385429716e-17,1.8636237995846467e-16,3.7007434154171886e-16,1.9143423518775138e-01,-4.5121354910372862e-17
92,5.2892567744935084e+00,1.4690700704052670e+00,1.4780340519100399e-01,-1.1657341758564144e-14,1.1657341758564144e-14,0.0000000000000000e+00,3.0554063914018481e-17,-2.6854300421568689e-01,1.3008608373753788e-01,-3.9862908795322477e-01,-2.6854300421568666e-01,-2.2204460492503131e-16,4.7016566464334155e-18,-2.6854300421568666e-01,1.3008608373753791e-01,-3.9862908795322460e-01,0.0000000000000000e+00,-1.8053156472459714e-01,2.6854300421568666e-01,1.8053156472459711e-01,0.0000000000000000e+00,1.9374671515904205e+00,1.3048928765676571e+00,-1.9374671515904209e+00,9.6964441222746467e-01,-2.9071115638178857e+00,-1.9374671515904205e+00,9.6964441222746478e-01,-2.9071115638178853e+00,-7.2327988621723376e-18,-1.3130215356183744e-17,8.2034497561631906e-02,3.1656407696538891e-01,5.7077402844993930e-01,-2.7180925050462879e-04,2.9068397545673808e+00,0.0000000000000000e+00,-6.3257427502276342e-01,9.2518585385429716e-17,1.6752635355084551e-16,5.5511151231257827e-16,1.8734848500920420e-01,-4.7003856540749449e-17
93,5.4381179236582220e+00,1.5104156635968466e+00,1.4886114916471360e-01,-3.8857805861880479e-15,3.8857805861880479e-15,0.0000000000000000e+00,4.4164856004306824e-17,-2.6243068064313108e-01,1.2686561059665868e-01,-3.8929629123978976e-01,-2.6243068064313091e-01,-1.6653345369377348e-16,-1.9775721645352561e-17,-2.6243068064313091e-01,1.2686561059665868e-01,-3.8929629123978959e-01,0.0000000000000000e+00,-1.7641800187836840e-01,2.6243068064313091e-01,1.7641800187836840e-01,0.0000000000000000e+00,1.9769878280425734e+00,1.3314608379068391e+00,-1.9769878280425739e+00,9.8876947447666907e-01,-2.9657573025192430e+00,-1.9769878280425734e+00,9.8876947447666919e-01,-2.9657573025192425e+00,-8.3547701813336833e-18,-1.3130215356183744e-17,8.1819363233028047e-02,3.2763952682155562e-01,5.7902503064545119e-01,-2.8555377663419534e-04,2.9654717487426088e+00,0.0000000000000000e+00,-6.4552699013573434e-01,9.2518585385429716e-17,1.3385252439981240e-16,5.5511151231257827e-16,1.8325529374012534e-01,-4.6692161576893241e-17
94,5.5853349769285607e+00,1.5513046156809365e+00,1.4721705327033874e-01,-1.5543122344752192e-14,1.5543122344752192e-14,0.0000000000000000e+00,4.3285613916573919e-17,-2.5646276029351123e-01,1.2373028685447782e-01,-3.8019304714798907e-01,-2.5646276029351112e-01,-1.1102230246251565e-16,-2.2358080030846007e-17,-2.5646276029351101e-01,1.2373028685447782e-01,-3.8019304714798885e-01,-1.1102230246251565e-16,-1.7240204084311345e-01,2.5646276029351101e-01,1.7240204084311342e-01,0.0000000000000000e+00,2.0151828097105731e+00,1.3571369673123843e+00,-2.0151828097105735e+00,1.0072154692688653e+00,-3.0223982789794386e+00,-2.0151828097105731e+00,1.0072154692688653e+00,-3.0223982789794381e+00,-1.1456177244257089e-17,-2.1302403464093658e-17,8.1546538495850057e-02,3.3851619114337356e-01,5.8685410223361600e-01,-2.9863739602564721e-04,3.0220996415834129e+00,0.0000000000000000e+00,-6.5804584239818875e-01,9.2518585385429716e-17,2.4311447935300735e-16,7.4014868308343773e-16,1.7923294992180561e-01,-4.6692783036460833e-17
95,5.7320824156049444e+00,1.5920631341759572e+00,1.4674743867638362e-01,-1.9428902930940239e-14,1.9428902930940239e-14,0.0000000000000000e+00,4.6432023209090480e-17,-2.5058987798782179e-01,1.2065707736392881e-01,-3.7124695535175056e-01,-2.5058987798782162e-01,-1.6653345369377348e-16,-2.2460568630078704e-17,-2.5058987798782162e-01,1.2065707736392881e-01,-3.7124695535175045e-01,0.0000000000000000e+00,-1.6845042011015871e-01,2.5058987798782162e-01,1.6845042011015871e-01,0.0000000000000000e+00,2.0523871476815172e+00,1.3821465801181017e+00,-2.0523871476815176e+00,1.0251470791408270e+00,-3.0775342268223445e+00,-2.0523871476815172e+00,1.0251470791408270e+00,-3.0775342268223440e+00,-1.4744688192220804e-17,-2.9448522725258120e-17,8.1219529679806959e-02,3.4927373033889925e-01,5.9434269202949264e-01,-3.1112709262814953e-04,3.0772230997297165e+00,0.0000000000000000e+00,-6.7024056756341555e-01,9.2518585385429716e-17,1.9919715525021471e-16,3.7007434154171886e-16,1.7525255192689343e-01,-4.9050384278385255e-17
96,5.8818905692968837e+00,1.6336717541153012e+00,1.4980815369193934e-01,-7.7715611723760958e-15,7.7715611723760958e-15,0.0000000000000000e+00,3.0868953975434229e-17,-2.4467358134761177e-01,1.1757523773036890e-01,-3.6224881907798068e-01,-2.4467358134761161e-01,-1.6653345369377348e-16,1.7100306166195570e-18,-2.4467358134761164e-01,1.1757523773036890e-01,-3.6224881907798057e-01,2.7755575615628914e-17,-1.6446995735407505e-01,2.4467358134761164e-01,1.6446995735407507e-01,0.0000000000000000e+00,2.0894843998985793e+00,1.4070836736552719e+00,-2.0894843998985797e+00,1.0429916507778436e+00,-3.1324760506764231e+00,-2.0894843998985793e+00,1.0429916507778436e+00,-3.1324760506764227e+00,-1.6298988086176163e-17,-2.7369516956440930e-17,8.0833315640164452e-02,3.6016015561017994e-01,6.0167463928263132e-01,-3.2354024486802579e-04,3.1321525104315553e+00,0.0000000000000000e+00,-6.8240072624330739e-01,9.2518585385429716e-17,2.0770370905276124e-16,9.2518585385429718e-16,1.7122266059111746e-01,-4.9046535103733543e-17
97,6.0335710441421257e+00,1.6758004038217322e+00,1.5168047484524205e-01,-3.8857805861880479e-15,3.8857805861880479e-15,0.0000000000000000e+00,3.4727078166568041e-17,-2.3876924079652173e-01,1.1450977513132593e-01,-3.5327901592784766e-01,-2.3876924079652156e-01,-1.6653345369377348e-16,1.2231876095874005e-17,-2.3876924079652156e-01,1.1450977513132596e-01,-3.5327901592784750e-01,0.0000000000000000e+00,-1.6049788037486554e-01,2.3876924079652156e-01,1.6049788037486559e-01,0.0000000000000000e+00,2.1261488183102522e+00,1.4317293116233505e+00,-2.1261488183102526e+00,1.0605930332555067e+00,-3.1867418515657593e+00,-2.1261488183102522e+00,1.0605930332555067e+00,-3.1867418515657588e+00,-1.5241630570976616e-17,-2.5264527511950122e-17,8.0392634782136124e-02,3.7107605300240409e-01,6.0878850235546600e-01,-3.3584311550050039e-04,3.1864060084502590e+00,0.0000000000000000e+00,-6.9441950668690167e-01,9.2518585385429716e-17,1.9393074013565219e-16,1.2952601953960161e-15,1.6718029878769652e-01,-4.9212042515593159e-17
98,6.1892130122577198e+00,1.7190293425566048e+00,1.5564196811559405e-01,-3.8857805861880479e-15,3.8857805861880479e-15,0.0000000000000000e+00,4.8550133125209500e-17,-2.3280046474060406e-01,1.1142379974231167e-01,-3.4422426448291576e-01,-2.3280046474060384e-01,-2.2204460492503131e-16,-8.7101486825421621e-18,-2.3280046474060387e-01,1.1142379974231167e-01,-3.4422426448291554e-01,2.7755575615628914e-17,-1.5648278875824270e-01,2.3280046474060387e-01,1.5648278875824270e-01,0.0000000000000000e+00,2.1628468368469966e+00,1.4563970592225879e+00,-2.1628468368469971e+00,1.0781754063838691e+00,-3.2410222432308666e+00,-2.1628468368469966e+00,1.0781754063838691e+00,-3.2410222432308657e+00,-1.4967566278087812e-17,-2.3104561304451285e-17,7.9892923104301489e-02,3.8215721537564024e-01,6.1577712491576131e-01,-3.4814298816598921e-04,3.2406741002427002e+00,0.0000000000000000e+00,-7.0644977762440875e-01,9.2518585385429716e-17,1.9318447783893968e-16,7.4014868308343773e-16,1.6307533301555432e-01,-4.8846141331102937e-17
99,6.3492345547321900e+00,1.7634746906824463e+00,1.6002154247447020e-01,-7.7715611723760958e-15,7.7715611723760958e-15,0.0000000000000000e+00,6.7848927315853614e-17,-2.2676107073444063e-01,1.0831308322559086e-01,-3.3507415396003148e-01,-2.2676107073444043e-01,-1.9428902930940239e-16,1.2394200770169279e-17,-2.2676107073444043e-01,1.0831308322559086e-01,-3.3507415396003126e-01,0.0000000000000000e+00,-1.5242051494537170e-01,2.2676107073444043e-01,1.5242051494537173e-01,0.0000000000000000e+00,2.1996167097313228e+00,1.4811126507896439e+00,-2.1996167097313233e+00,1.0957567238593970e+00,-3.2953734335907208e+00,-2.1996167097313228e+00,1.0957567238593970e+00,-3.2953734335907199e+00,-1.4672802429278620e-17,-2.0883816293311419e-17,7.9333291367950504e-02,3.9341523360563202e-01,6.2264759160948724e-01,-3.6060727632714062e-04,3.2950128263143932e+00,0.0000000000000000e+00,-7.1850405894167890e-01,9.2518585385429716e-17,2.0045545232664351e-16,9.2518585385429718e-16,1.5890344244396420e-01,-4.9189239665076486e-17
100,6.5148098170761291e+00,1.8094625624533860e+00,1.6557526234393904e-01,-7.7715611723760958e-15,7.7715611723760958e-15,0.0000000000000000e+00,3.2343981466815286e-17,-2.2061700235606613e-01,1.0516113272844274e-01,-3.2577813508450887e-01,-2.2061700235606591e-01,-2.2204460492503131e-16,8.9425032649690366e-18,-2.2061700235606593e-01,1.0516113272844275e-01,-3.2577813508450870e-01,2.7755575615628914e-17,-1.4828814968237422e-01,2.2061700235606593e-01,1.4828814968237422e-01,0.0000000000000000e+00,2.2366540806407662e+00,1.5060076088070613e+00,-2.2366540806407667e+00,1.1134297485145250e+00,-3.3500838291552921e+00,-2.2366540806407662e+00,1.1134297485145250e+00,-3.3500838291552912e+00,-1.2906387245192116e-17,-1.8585997936279021e-17,7.8709841801307440e-02,4.0491131929404872e-01,6.2943524324199041e-01,-3.7334417717849178e-04,3.3497104849781132e+00,0.0000000000000000e+00,-7.3064647183370490e-01,9.2518585385429716e-17,2.6353590593458830e-16,5.5511151231257827e-16,1.5464183932611544e-01,-4.9411458041576808e-17
101,6.6833685378822656e+00,1.8562790779676672e+00,1.6855872080613654e-01,-3.8857805861880479e-15,3.8857805861880479e-15,0.0000000000000000e+00,5.0589913889091138e-17,-2.1447469060254770e-01,1.0202041598582284e-01,-3.1649510658837054e-01,-2.1447469060254754e-01,-1.6653345369377348e-16,8.1844563143990344e-18,-2.1447469060254754e-01,1.0202041598582284e-01,-3.1649510658837038e-01,0.0000000000000000e+00,-1.4415726300861126e-01,2.1447469060254754e-01,1.4415726300861131e-01,0.0000000000000000e+00,2.2733233302400064e+00,1.5306547211414689e+00,-2.2733233302400069e+00,1.1308908769274804e+00,-3.4042142071674877e+00,-2.2733233302400064e+00,1.1308908769274804e+00,-3.4042142071674868e+00,-1.1462938046193773e-17,-1.6246775775774819e-17,7.8033335998636086e-02,4.1644651363626745e-01,6.3602497783773582e-01,-3.8604945484088660e-04,3.4038281577126464e+00,0.0000000000000000e+00,-7.4266860909853749e-01,9.2518585385429716e-17,1.7957902705406344e-16,5.5511151231257827e-16,1.5036409745748852e-01,-4.8572440663567432e-17
102,6.8499620990205470e+00,1.9025497781860197e+00,1.6659356113828139e-01,-7.7715611723760958e-15,7.7715611723760958e-15,0.0000000000000000e+00,2.7258118788028286e-17,-2.0851715692100709e-01,9.8982830087157025e-02,-3.0749998700816411e-01,-2.0851715692100695e-01,-1.3877787807814457e-16,1.1830679918402652e-17,-2.0851715692100692e-01,9.8982830087157053e-02,-3.0749998700816394e-01,-2.7755575615628914e-17,-1.4015091182908751e-01,2.0851715692100692e-01,1.4015091182908751e-01,0.0000000000000000e+00,2.3085571893457115e+00,1.5543366767949376e+00,-2.3085571893457120e+00,1.1476338002093063e+00,-3.4561909895550187e+00,-2.3085571893457115e+00,1.1476338002093063e+00,-3.4561909895550178e+00,-9.7957416353486326e-18,-1.8558725867400052e-17,7.7327509692593013e-02,4.2767270189049783e-01,6.4223553848279602e-01,-3.9805014341931511e-04,3.4557929394115989e+00,0.0000000000000000e+00,-7.5422051255077394e-01,9.2518585385429716e-17,1.7639293696930162e-16,7.4014868308343773e-16,1.4619914223014274e-01,-4.9827608196823616e-17
103,7.0135999130952840e+00,1.9479995313919902e+00,1.6363781407473699e-01,-1.1657341758564144e-14,1.1657341758564144e-14,0.0000000000000000e+00,4.6548902170174686e-17,-2.0277374495159475e-01,9.6064974062981617e-02,-2.9883871901457637e-01,-2.0277374495159456e-01,-1.9428902930940239e-16,-1.2020650614978685e-17,-2.0277374495159456e-01,9.6064974062981617e-02,-2.9883871901457615e-01,0.0000000000000000e+00,-1.3628879450049225e-01,2.0277374495159456e-01,1.3628879450049225e-01,0.0000000000000000e+00,2.3422085614113413e+00,1.5769546714285549e+00,-2.3422085614113417e+00,1.1635923983649092e+00,-3.5058009597762516e+00,-2.3422085614113413e+00,1.1635923983649092e+00,-3.5058009597762507e+00,-9.8112848301116110e-18,-2.0829656728463846e-17,7.6601984943581780e-02,4.3852371487340641e-01,6.4805758664921287e-01,-4.0911189870818099e-04,3.5053918478775428e+00,0.0000000000000000e+00,-7.6525388998278632e-01,9.2518585385429716e-17,2.2191205176128091e-16,5.5511151231257827e-16,1.4217135678661180e-01,-5.0074067605121682e-17
104,7.1811319522829660e+00,1.9945308901627419e+00,1.6753203918768200e-01,-7.7715611723760958e-15,7.7715611723760958e-15,0.0000000000000000e+00,5.4576572982393120e-17,-1.9700236347074312e-01,9.3147903228683659e-02,-2.9015026669942678e-01,-1.9700236347074296e-01,-1.6653345369377348e-16,-2.2954380724055627e-17,-1.9700236347074290e-01,9.3147903228683659e-02,-2.9015026669942656e-01,-2.7755575615628914e-17,-1.3240810237643405e-01,1.9700236347074290e-01,1.3240810237643408e-01,0.0000000000000000e+00,2.3756962147425962e+00,1.5994623409571518e+00,-2.3756962147425966e+00,1.1794420079515300e+00,-3.5551382226941275e+00,-2.3756962147425962e+00,1.1794420079515300e+00,-3.5551382226941266e+00,-1.2741003990552363e-17,-2.3154630819320953e-17,7.5829681895031101e-02,4.4944553716205105e-01,6.5374685785273878e-01,-4.1993104170900963e-04,3.5547182916524176e+00,0.0000000000000000e+00,-7.7623387378544439e-01,9.2518585385429716e-17,2.3527523559637512e-16,3.7007434154171886e-16,1.3811483073699879e-01,-5.1584246553763431e-17
105,7.3578627467967781e+00,2.0436171667056398e+00,1.7673079451381213e-01,-3.8857805861880479e-15,3.8857805861880479e-15,0.0000000000000000e+00,3.5110557559600787e-17,-1.9103484937189333e-01,9.0145805103210908e-02,-2.8118065447510421e-01,-1.9103484937189313e-01,-1.9428902930940239e-16,1.0709519415173667e-17,-1.9103484937189316e-01,9.0145805103210908e-02,-2.8118065447510410e-01,2.7755575615628914e-17,-1.2839575900697142e-01,1.9103484937189316e-01,1.2839575900697142e-01,0.0000000000000000e+00,2.4099852772058985e+00,1.6225083777744316e+00,-2.4099852772058989e+00,1.1956388293029694e+00,-3.6056241065088690e+00,-2.4099852772058985e+00,1.1956388293029694e+00,-3.6056241065088681e+00,-1.3823026024467435e-17,-2.3154630819320953e-17,7.4986260556304238e-02,4.6075465881434202e-01,6.5946669822358706e-01,-4.3121170873594572e-04,3.6051928948001324e+00,0.0000000000000000e+00,-7.8747689943146693e-01,9.2518585385429716e-17,1.8673519112425255e-16,5.5511151231257827e-16,1.3391125713096694e-01,-5.3784460870651428e-17
106,7.5410971805721179e+00,2.0945098032335356e+00,1.8323443377533977e-01,-3.8857805861880479e-15,3.8857805861880479e-15,0.0000000000000000e+00,4.3549763471565337e-17,-1.8498183129421664e-01,8.7110784486958484e-02,-2.7209261578117511e-01,-1.8498183129421644e-01,-1.9428902930940239e-16,-2.7544150653798737e-19,-1.8498183129421647e-01,8.7110784486958484e-02,-2.7209261578117494e-01,2.7755575615628914e-17,-1.2432614084413142e-01,1.8498183129421647e-01,1.2432614084413143e-01,0.0000000000000000e+00,2.4444348789918671e+00,1.6456620548853540e+00,-2.4444348789918675e+00,1.2118785847162206e+00,-3.6563134637080887e+00,-2.4444348789918671e+00,1.2118785847162206e+00,-3.6563134637080879e+00,-1.2867084845689115e-17,-1.8068853637282562e-17,7.4084403355401757e-02,4.7224274289634410e-01,6.6510864360953781e-01,-4.4279485493681214e-04,3.6558706688531513e+00,0.0000000000000000e+00,-7.9877282410651307e-01,9.2518585385429716e-17,2.0811541155596456e-16,5.5511151231257827e-16,1.2963705727162647e-01,-5.2188364914711233e-17
107,7.7221265689382284e+00,2.1447899971531985e+00,1.8102938836611049e-01,-1.1657341758564144e-14,1.1657341758564144e-14,0.0000000000000000e+00,5.2514920768901366e-17,-1.7913711061206988e-01,8.4187360421259627e-02,-2.6332447103332951e-01,-1.7913711061206969e-01,-1.9428902930940239e-16,-2.6467486348016417e-18,-1.7913711061206972e-01,8.4187360421259627e-02,-2.6332447103332934e-01,2.7755575615628914e-17,-1.2039675419575159e-01,1.7913711061206972e-01,1.2039675419575159e-01,0.0000000000000000e+00,2.4773929936647723e+00,1.6678130728894809e+00,-2.4773929936647727e+00,1.2273835839167127e+00,-3.7047765775814860e+00,-2.4773929936647723e+00,1.2273835839167127e+00,-3.7047765775814852e+00,-1.3131585992677210e-17,-1.3044278759835929e-17,7.3169449438105813e-02,4.8334902510210198e-01,6.7041137974206633e-01,-4.5372963443868208e-04,3.7043228479470467e+00,0.0000000000000000e+00,-8.0957992077529140e-01,9.2518585385429716e-17,1.8544149783183460e-16,1.1102230246251565e-15,1.2550006846878781e-01,-5.2377265016388560e-17
108,7.9024551633563647e+00,2.1948755483360114e+00,1.8032859441813631e-01,-7.7715611723760958e-15,7.7715611723760958e-15,0.0000000000000000e+00,5.0809207015748071e-17,-1.7344499489602011e-01,8.1351949418882241e-02,-2.5479694431490235e-01,-1.7344499489601989e-01,-2.2204460492503131e-16,8.4495088558839116e-18,-1.7344499489601989e-01,8.1351949418882241e-02,-2.5479694431490213e-01,0.0000000000000000e+00,-1.1657013529008078e-01,1.7344499489601989e-01,1.1657013529008077e-01,0.0000000000000000e+00,2.5091833114164026e+00,1.6891790259417898e+00,-2.5091833114164031e+00,1.2423093194489232e+00,-3.7514926308653269e+00,-2.5091833114164026e+00,1.2423093194489232e+00,-3.7514926308653260e+00,-1.2608384195470590e-17,-1.0541716790819599e-17,7.2237428211471458e-02,4.9416589534223870e-01,6.7544206761638947e-01,-4.6392827882368870e-04,3.7510287025865026e+00,0.0000000000000000e+00,-8.2000428547461279e-01,9.2518585385429716e-17,1.8355673350758474e-16,7.4014868308343773e-16,1.2146526470406646e-01,-5.1798455861548132e-17
109,8.0837231713172244e+00,2.2452220179007796e+00,1.8126800796085973e-01,-7.7715611723760958e-15,7.7715611723760958e-15,0.0000000000000000e+00,4.4243853405447011e-17,-1.6785341302142909e-01,7.8577838797669886e-02,-2.4643125181909897e-01,-1.6785341302142889e-01,-1.9428902930940239e-16,3.6406944704874358e-17,-1.6785341302142892e-01,7.8577838797669899e-02,-2.4643125181909881e-01,0.0000000000000000e+00,-1.1281125394579576e-01,1.6785341302142892e-01,1.1281125394579575e-01,0.0000000000000000e+00,2.5401165526781071e+00,1.7099687796868308e+00,-2.5401165526781075e+00,1.2568043965107314e+00,-3.7969209491888396e+00,-2.5401165526781071e+00,1.2568043965107314e+00,-3.7969209491888387e+00,-8.5428642048968565e-18,-1.0541716790819599e-17,7.1282542181651309e-02,5.0478616394532783e-01,6.8026208604462823e-01,-4.7360433912402300e-04,3.7964473448497147e+00,0.0000000000000000e+00,-8.3014777299127629e-01,9.2518585385429716e-17,1.4810199912361139e-16,7.4014868308343773e-16,1.1749723427177497e-01,-5.2956862528173920e-17
110,8.2721458239474543e+00,2.2975556616180381e+00,1.8842265263022995e-01,-1.1657341758564144e-14,1.1657341758564144e-14,0.0000000000000000e+00,4.3042820963545349e-17,-1.6217757121863838e-01,7.5774988662498238e-02,-2.3795255988113662e-01,-1.6217757121863824e-01,-1.3877787807814457e-16,-1.3550632682759678e-17,-1.6217757121863818e-01,7.5774988662498238e-02,-2.3795255988113642e-01,-5.5511151231257827e-17,-1.0899587302383409e-01,1.6217757121863818e-01,1.0899587302383407e-01,0.0000000000000000e+00,2.5712092094284467e+00,1.7308655233047847e+00,-2.5712092094284471e+00,1.2713461811062419e+00,-3.8425553905346899e+00,-2.5712092094284467e+00,1.2713461811062419e+00,-3.8425553905346890e+00,-6.3895407346213257e-18,-1.5771495973595326e-17,7.0273414806652057e-02,5.1555199213924396e-01,6.8503748413879240e-01,-4.8329002155345080e-04,3.8420721005131355e+00,0.0000000000000000e+00,-8.4034368612366195e-01,9.2518585385429716e-17,2.1087338023975632e-16,7.4014868308343773e-16,1.1346679161773603e-01,-5.4607597692545468e-17
111,8.4673711256041706e+00,2.3517787140954223e+00,1.9522530165671625e-01,-1.5543122344752192e-14,1.5543122344752192e-14,0.0000000000000000e+00,5.7106551582471983e-17,-1.5644455939130519e-01,7.2954279866330476e-02,-2.2939883925763566e-01,-1.5644455939130497e-01,-2.2204460492503131e-16,1.5883108424286321e-17,-1.5644455939130500e-01,7.2954279866330490e-02,-2.2939883925763549e-01,0.0000000000000000e+00,-1.0514218870779550e-01,1.5644455939130500e-01,1.0514218870779550e-01,0.0000000000000000e+00,2.6023107602098627e+00,1.7517681071536557e+00,-2.6023107602098632e+00,1.2858640392631036e+00,-3.8881747994729676e+00,-2.6023107602098627e+00,1.2858640392631036e+00,-3.8881747994729667e+00,-6.1618615944980699e-18,-2.1190086595812279e-17,6.9212565106172672e-02,5.2640777651720261e-01,6.8975062816649446e-01,-4.9306947323390915e-04,3.8876817299997328e+00,0.0000000000000000e+00,-8.5054265305620702e-01,9.2518585385429716e-17,2.6139570498104648e-16,1.6653345369377348e-15,1.0939281918702023e-01,-5.4367082383508581e-17
112,8.6677957036360240e+00,2.4074458449445193e+00,2.0042457803185343e-01,-7.7715611723760958e-15,7.7715611723760958e-15,0.0000000000000000e+00,4.5930932814288939e-17,-1.5071415064367141e-01,7.0144903353925397e-02,-2.2085905399759681e-01,-1.5071415064367125e-01,-1.6653345369377348e-16,1.6835652757010716e-17,-1.5071415064367122e-01,7.0144903353925411e-02,-2.2085905399759664e-01,-5.5511151231257827e-17,-1.0129036626468557e-01,1.5071415064367122e-01,1.0129036626468559e-01,0.0000000000000000e+00,2.6330918376336472e+00,1.7724551860148541e+00,-2.6330918376336476e+00,1.3002043359699149e+00,-3.9332961736035634e+00,-2.6330918376336472e+00,1.3002043359699149e+00,-3.9332961736035625e+00,-2.8830396427548474e-18,-2.6752986126605904e-17,6.8109666782965622e-02,5.3723226040992011e-01,6.9435964691423468e-01,-5.0276186279463175e-04,3.9327934117407679e+00,0.0000000000000000e+00,-8.6063665161879310e-01,1.3877787807814457e-16,2.4372984875378742e-16,9.2518585385429718e-16,1.0531875568265228e-01,-5.7556548785193474e-17
113,8.8679423433303111e+00,2.4630357795237909e+00,2.0014663969428703e-01,-1.5543122344752192e-14,1.5543122344752192e-14,0.0000000000000000e+00,5.0957809123941116e-17,-1.4514783248516883e-01,6.7424475030163938e-02,-2.1257230751533276e-01,-1.4514783248516863e-01,-1.9428902930940239e-16,2.9316496099140549e-17,-1.4514783248516866e-01,6.7424475030163966e-02,-2.1257230751533263e-01,0.0000000000000000e+00,-9.7548931910208678e-02,1.4514783248516866e-01,9.7548931910208678e-02,0.0000000000000000e+00,2.6626997285019098e+00,1.7923536946992917e+00,-2.6626997285019103e+00,1.3139713603741185e+00,-3.9766710888760297e+00,-2.6626997285019098e+00,1.3139713603741185e+00,-3.9766710888760288e+00,1.7355591113597567e-18,-3.2308171318854724e-17,6.6996488999385775e-02,5.4771433540601122e-01,6.9874862220542722e-01,-5.1191376329429161e-04,3.9761591751127345e+00,0.0000000000000000e+00,-8.7034603380261810e-01,5.5511151231257827e-17,1.8200548080610225e-16,9.2518585385429718e-16,1.0136008324658810e-01,-5.7365027733851151e-17
114,9.0635440621764989e+00,2.5173633803811488e+00,1.9560171884618782e-01,-3.8857805861880479e-15,3.8857805861880479e-15,0.0000000000000000e+00,5.0987280043960556e-17,-1.3985658916325308e-01,6.4846759243598881e-02,-2.0470334840685195e-01,-1.3985658916325289e-01,-1.9428902930940239e-16,1.7075328460488351e-17,-1.3985658916325289e-01,6.4846759243598895e-02,-2.0470334840685178e-01,-2.7755575615628914e-17,-9.3992461405496705e-02,1.3985658916325289e-01,9.3992461405496733e-02,0.0000000000000000e+00,2.6905734058785074e+00,1.8110866075806646e+00,-2.6905734058785078e+00,1.3269076007630460e+00,-4.0174810066415549e+00,-2.6905734058785074e+00,1.3269076007630460e+00,-4.0174810066415541e+00,6.2727194234968590e-18,-3.5022690467845900e-17,6.5898976673341381e-02,5.5763969180835737e-01,7.0284877136040291e-01,-5.2016092094420152e-04,4.0169608457206092e+00,0.0000000000000000e+00,-8.7948679829784271e-01,9.2518585385429716e-17,1.9653395379874245e-16,7.4014868308343773e-16,9.7597119054815704e-02,-5.6393835720974164e-17
115,9.2639246489016447e+00,2.5730182928194560e+00,2.0038058672514580e-01,-1.5543122344752192e-14,1.5543122344752192e-14,0.0000000000000000e+00,4.9810497425427431e-17,-1.3458385637922643e-01,6.2290150127094823e-02,-1.9687400650632125e-01,-1.3458385637922626e-01,-1.6653345369377348e-16,-9.2678684640279695e-18,-1.3458385637922626e-01,6.2290150127094823e-02,-1.9687400650632109e-01,0.0000000000000000e+00,-9.0448494691418427e-02,1.3458385637922626e-01,9.0448494691418427e-02,0.0000000000000000e+00,2.7180696746279636e+00,1.8295658010800879e+00,-2.7180696746279640e+00,1.3396454850101067e+00,-4.0577151596380716e+00,-2.7180696746279636e+00,1.3396454850101067e+00,-4.0577151596380707e+00,7.0549511309587764e-18,-3.7803529731222836e-17,6.4766385742785107e-02,5.6747895898853695e-01,7.0687209289989195e-01,-5.2804737889267095e-04,4.0571871122591778e+00,0.0000000000000000e+00,-8.8850387354787563e-01,9.2518585385429716e-17,2.7056743541734523e-16,1.1102230246251565e-15,9.3850279099381234e-02,-5.5729690713629437e-17
116,9.4748285536641657e+00,2.6315960150643534e+00,2.1090390476252097e-01,-7.7715611723760958e-15,7.7715611723760958e-15,0.0000000000000000e+00,5.5700957198302696e-17,-1.2919492655981935e-01,5.9688024698947954e-02,-1.8888295125876731e-01,-1.2919492655981915e-01,-1.9428902930940239e-16,-1.0932046693488906e-17,-1.2919492655981915e-01,5.9688024698947961e-02,-1.8888295125876711e-01,0.0000000000000000e+00,-8.6826476499906519e-02,1.2919492655981915e-01,8.6826476499906532e-02,0.0000000000000000e+00,2.7458856622856387e+00,1.8482597929005449e+00,-2.7458856622856391e+00,1.3525083216934157e+00,-4.0983939839790553e+00,-2.7458856622856387e+00,1.3525083216934157e+00,-4.0983939839790544e+00,4.9248306396628050e-18,-3.7803529731222836e-17,6.3566819813345651e-02,5.7747446147084591e-01,7.1093097043633791e-01,-5.3606997288624392e-04,4.0978579140061688e+00,0.0000000000000000e+00,-8.9762586938509381e-01,1.3877787807814457e-16,3.2883166934853027e-16,5.5511151231257827e-16,9.0024082846793918e-02,-5.6433917720495741e-17
117,9.6860418177620264e+00,2.6902596606364635e+00,2.1121326409786079e-01,-7.7715611723760958e-15,7.7715611723760958e-15,0.0000000000000000e+00,5.5706824213065865e-17,-1.2396375251389935e-01,5.7168473512336060e-02,-1.8113222602623541e-01,-1.2396375251389916e-01,-1.9428902930940239e-16,2.5195794634905587e-17,-1.2396375251389920e-01,5.7168473512336060e-02,-1.8113222602623524e-01,1.3877787807814457e-17,-8.3310516996508363e-02,1.2396375251389920e-01,8.3310516996508363e-02,0.0000000000000000e+00,2.7726208977565703e+00,1.8662273877706321e+00,-2.7726208977565707e+00,1.3648491429025413e+00,-4.1374700406591121e+00,-2.7726208977565703e+00,1.3648491429025413e+00,-4.1374700406591112e+00,6.4311770201506851e-18,-3.6337943300549842e-17,6.2359216494365065e-02,5.8711358712282935e-01,7.1483261903453665e-01,-5.4372025081028674e-04,4.1369263204083015e+00,0.0000000000000000e+00,-9.0639350998593815e-01,9.2518585385429716e-17,1.7724011203764300e-16,7.4014868308343773e-16,8.6311951248229962e-02,-5.8434872175866969e-17
118,9.8916213284544696e+00,2.7473585535666047e+00,2.0557951069244318e-01,-3.8857805861880479e-15,3.8857805861880479e-15,0.0000000000000000e+00,4.2106610565586413e-17,-1.1902799409295872e-01,5.4798170701161060e-02,-1.7382616479411978e-01,-1.1902799409295854e-01,-1.8041124150158794e-16,-2.5560456182497074e-17,-1.1902799409295853e-01,5.4798170701161060e-02,-1.7382616479411958e-01,1.3877787807814457e-17,-7.9993126862153749e-02,1.1902799409295853e-01,7.9993126862153763e-02,0.0000000000000000e+00,2.7975979599414402e+00,1.8830133293700104e+00,-2.7975979599414407e+00,1.3763581668681841e+00,-4.1739561268096246e+00,-2.7975979599414402e+00,1.3763581668681841e+00,-4.1739561268096237e+00,6.3936935488895816e-18,-3.3484954473525793e-17,6.1179014806381375e-02,5.9613929942296096e-01,7.1848931813567629e-01,-5.5053450316555619e-04,4.1734055923064588e+00,0.0000000000000000e+00,-9.1458463057142980e-01,5.5511151231257827e-17,1.9084411222388565e-16,1.1102230246251565e-15,8.2812652096688130e-02,-5.9573719969173012e-17
119,1.0097676706889892e+01,2.8045896168731308e+00,2.0605537843542265e-01,-1.1657341758564144e-14,1.1657341758564144e-14,0.0000000000000000e+00,3.9218669031268921e-17,-1.1423083921154961e-01,5.2503576639295668e-02,-1.6673441585084528e-01,-1.1423083921154945e-01,-1.6653345369377348e-16,-1.8459946824494289e-17,-1.1423083921154942e-01,5.2503576639295682e-02,-1.6673441585084509e-01,-1.3877787807814457e-17,-7.6768902685847504e-02,1.1423083921154942e-01,7.6768902685847504e-02,0.0000000000000000e+00,2.8216300785264230e+00,1.8991641590314197e+00,-2.8216300785264234e+00,1.3874132179456942e+00,-4.2090432964721174e+00,-2.8216300785264230e+00,1.3874132179456942e+00,-4.2090432964721165e+00,1.8583731486468701e-18,-3.3484954473525793e-17,5.9992400373986704e-02,6.0483422677665188e-01,7.2202980457493626e-01,-5.5678622011945400e-04,4.2084865102519977e+00,0.0000000000000000e+00,-9.2246591949500334e-01,1.3877787807814457e-16,2.4656680347894312e-16,9.2518585385429718e-16,7.9416551169984542e-02,-6.1394611948144618e-17
120,1.0317423476947534e+01,2.8656234098469691e+00,2.1974677005764143e-01,-7.7715611723760958e-15,7.7715611723760958e-15,0.0000000000000000e+00,4.1203499471403605e-17,-1.0927708931379582e-01,5.0144564839528658e-02,-1.5942165415332449e-01,-1.0927708931379562e-01,-1.9428902930940239e-16,1.1862261028111363e-17,-1.0927708931379565e-01,5.0144564839528658e-02,-1.5942165415332432e-01,1.3877787807814457e-17,-7.3439429740917245e-02,1.0927708931379565e-01,7.3439429740917259e-02,0.0000000000000000e+00,2.8461876512142825e+00,1.9156680569746827e+00,-2.8461876512142830e+00,1.3986915167168898e+00,-4.2448791679311721e+00,-2.8461876512142825e+00,1.3986915167168898e+00,-4.2448791679311713e+00,1.1334630768417072e-18,-3.3484954473525793e-17,5.8723984008142736e-02,6.1372093750594303e-01,7.2568343129402768e-01,-5.6316390877642064e-04,4.2443160040223962e+00,0.0000000000000000e+00,-9.3051959423959985e-01,1.3877787807814457e-16,2.5269601751361068e-16,9.2518585385429718e-16,7.5915846686675240e-02,-6.1202238047328045e-17
121,1.0545802472427349e+01,2.9290547691612927e+00,2.2837899547981522e-01,-1.5543122344752192e-14,1.5543122344752192e-14,0.0000000000000000e+00,5.5797123101562057e-17,-1.0430575741805476e-01,4.7783949146509214e-02,-1.5208970656456397e-01,-1.0430575741805459e-01,-1.6653345369377348e-16,-1.6696294140311028e-19,-1.0430575741805458e-01,4.7783949146509214e-02,-1.5208970656456378e-01,-1.3877787807814457e-17,-7.0098124772964343e-02,1.0430575741805458e-01,7.0098124772964329e-02,0.0000000000000000e+00,2.8705765692084522e+00,1.9320585382314375e+00,-2.8705765692084526e+00,1.4098739245433711e+00,-4.2804504937518226e+00,-2.8705765692084522e+00,1.4098739245433711e+00,-4.2804504937518217e+00,2.4689432912814248e-18,-3.3484954473525793e-17,5.7403674030749988e-02,6.2253773909534804e-01,7.2936292330498309e-01,-5.6958811229002038e-04,4.2798809056395335e+00,0.0000000000000000e+00,-9.3851803097701469e-01,9.2518585385429716e-17,2.3189705451258426e-16,1.2952601953960161e-15,7.2407871893038794e-02,-6.2803387119456592e-17
122,1.0768988311079800e+01,2.9910437497840023e+00,2.2318583865245145e-01,-1.1657341758564144e-14,1.1657341758564144e-14,0.0000000000000000e+00,5.9074974303345245e-17,-9.9619205651673315e-02,4.5563580977986913e-02,-1.4518278662966022e-01,-9.9619205651673148e-02,-1.6653345369377348e-16,1.5438183822726164e-17,-9.9619205651673148e-02,4.5563580977986913e-02,-1.4518278662966005e-01,-1.3877787807814457e-17,-6.6948200934831531e-02,9.9619205651673148e-02,6.6948200934831545e-02,0.0000000000000000e+00,2.8933331511608960e+00,1.9473519378001032e+00,-2.8933331511608964e+00,1.4202908479418563e+00,-4.3136239991027514e+00,-2.8933331511608960e+00,1.4202908479418563e+00,-4.3136239991027505e+00,4.1731034111038820e-18,-3.6582280184053628e-17,5.6112471368912384e-02,6.3074546226633954e-01,7.3285751715358294e-01,-5.7539715302157290e-04,4.3130486019497312e+00,0.0000000000000000e+00,-9.4598121336079277e-01,1.3877787807814457e-16,2.9886510498276502e-16,1.2952601953960161e-15,6.9105573146374805e-02,-5.9429268622250381e-17
123,1.0985435302675361e+01,3.0511610423903437e+00,2.1644699159556069e-01,-1.5543122344752192e-14,1.5543122344752192e-14,0.0000000000000000e+00,4.2699732213999417e-17,-9.5231673062091987e-02,4.3491248472998442e-02,-1.3872292153509042e-01,-9.5231673062091807e-02,-1.8041124150158794e-16,1.7255284810928447e-17,-9.5231673062091834e-02,4.3491248472998442e-02,-1.3872292153509028e-01,1.3877787807814457e-17,-6.3999229176194550e-02,9.5231673062091834e-02,6.3999229176194550e-02,0.0000000000000000e+00,2.9144205944145689e+00,1.9615235264524540e+00,-2.9144205944145694e+00,1.4299286729027172e+00,-4.3443492673172850e+00,-2.9144205944145689e+00,1.4299286729027172e+00,-4.3443492673172841e+00,7.7113048763930664e-18,-3.6582280184053628e-17,5.4860403088318015e-02,6.3832419849007727e-01,7.3616363822857001e-01,-5.8043309575195323e-04,4.3437688342215344e+00,0.0000000000000000e+00,-9.5289706796211493e-01,1.3877787807814457e-16,3.3177943868258724e-16,1.1102230246251565e-15,6.6019508683975409e-02,-5.9779085978302621e-17
124,1.1208315798111235e+01,3.1130652151468827e+00,2.2288049543587363e-01,-1.5543122344752192e-14,1.5543122344752192e-14,0.0000000000000000e+00,6.2924041562277277e-17,-9.0871128271041046e-02,4.1439831050987280e-02,-1.3231095932202833e-01,-9.0871128271040907e-02,-1.3877787807814457e-16,-2.2933051026154666e-17,-9.0871128271040866e-02,4.1439831050987287e-02,-1.3231095932202816e-01,-1.3877787807814457e-17,-6.1068370486310711e-02,9.0871128271040866e-02,6.1068370486310725e-02,0.0000000000000000e+00,2.9351599366961354e+00,1.9754610907403314e+00,-2.9351599366961358e+00,1.4393934134438220e+00,-4.3745533501399558e+00,-2.9351599366961354e+00,1.4393934134438220e+00,-4.3745533501399549e+00,7.0785732028837245e-18,-3.6582280184053628e-17,5.3572280447430003e-02,6.4574155482244833e-01,7.3949438728404060e-01,-5.8519088990305335e-04,4.3739681592500546e+00,0.0000000000000000e+00,-9.5969884595580401e-01,1.3877787807814457e-16,4.0370344528919833e-16,1.2952601953960161e-15,6.2959095197407819e-02,-6.0000769239458756e-17
125,1.1441237714278305e+01,3.1777583526463857e+00,2.3292191616707036e-01,-1.1657341758564144e-14,1.1657341758564144e-14,0.0000000000000000e+00,5.2080386639251622e-17,-8.6482457210146621e-02,3.9381692838136056e-02,-1.2586415004828266e-01,-8.6482457210146482e-02,-1.3877787807814457e-16,-2.3941657048960600e-17,-8.6482457210146441e-02,3.9381692838136056e-02,-1.2586415004828250e-01,-1.3877787807814457e-17,-5.8118573653019180e-02,8.6482457210146441e-02,5.8118573653019180e-02,0.0000000000000000e+00,2.9558147051808246e+00,1.9893417164458465e+00,-2.9558147051808250e+00,1.4488059655497205e+00,-4.4046206707305435e+00,-2.9558147051808246e+00,1.4488059655497205e+00,-4.4046206707305426e+00,1.6194997905697777e-18,-3.9814721112409778e-17,5.2228483293865563e-02,6.5308080523773326e-01,7.4290676221025076e-01,-5.8991480787096151e-04,4.4040307559226743e+00,0.0000000000000000e+00,-9.6647298873497811e-01,1.3877787807814457e-16,2.8092762284379953e-16,1.2952601953960161e-15,5.9885173833338919e-02,-6.1631850319374617e-17
126,1.1675691407826578e+01,3.2428769352322573e+00,2.3445369354827328e-01,-1.5543122344752192e-14,1.5543122344752192e-14,0.0000000000000000e+00,5.7461700720017362e-17,-8.2235752111890825e-02,3.7394913151953715e-02,-1.1963066526384454e-01,-8.2235752111890659e-02,-1.6653345369377348e-16,-1.1182220820581369e-17,-8.2235752111890645e-02,3.7394913151953715e-02,-1.1963066526384436e-01,0.0000000000000000e+00,-5.5264159679158646e-02,8.2235752111890645e-02,5.5264159679158632e-02,0.0000000000000000e+00,2.9755930088530258e+00,2.0026332167530105e+00,-2.9755930088530262e+00,1.4578062449759590e+00,-4.4333992538289833e+00,-2.9755930088530258e+00,1.4578062449759590e+00,-4.4333992538289824e+00,-2.4979616585565072e-18,-4.1441570417320425e-17,5.0879448662988075e-02,6.6005091660812165e-01,7.4628151697554268e-01,-5.9436272930657452e-04,4.4328048910996785e+00,0.0000000000000000e+00,-9.7295979210001526e-01,1.3877787807814457e-16,4.2427615079732402e-16,1.6653345369377348e-15,5.6916238770351880e-02,-6.2870856853808650e-17
127,1.1906052488032683e+01,3.3068588107102963e+00,2.3036108020610513e-01,-1.5543122344752192e-14,1.5543122344752192e-14,0.0000000000000000e+00,4.1312951625780140e-17,-7.8225826662000814e-02,3.5523640801494796e-02,-1.1374946746349561e-01,-7.8225826662000661e-02,-1.5265566588595902e-16,2.1997370419826886e-17,-7.8225826662000675e-02,3.5523640801494789e-02,-1.1374946746349546e-01,-1.3877787807814457e-17,-5.2568860276108860e-02,7.8225826662000675e-02,5.2568860276108874e-02,0.0000000000000000e+00,2.9940750601619910e+00,2.0150534822324015e+00,-2.9940750601619914e+00,1.4662050434038507e+00,-4.4602801035658404e+00,-2.9940750601619910e+00,1.4662050434038507e+00,-4.4602801035658395e+00,-1.2522668864200961e-18,-4.3040021512460052e-17,4.9558631887387905e-02,6.6650031289873890e-01,7.4954777888679713e-01,-5.9831973092672186e-04,4.4596817838349150e+00,0.0000000000000000e+00,-9.7902157792958944e-01,2.3129646346357430e-16,4.4546041567876518e-16,2.0354088784794539e-15,5.4118262677820668e-02,-6.2631011839334917e-17
128,1.2139682160416285e+01,3.3717485246891008e+00,2.3362967238360177e-01,-1.9428902930940239e-14,1.9428902930940239e-14,0.0000000000000000e+00,4.5953832010612511e-17,-7.4318751810145328e-02,3.3706065426462997e-02,-1.0802481723660833e-01,-7.4318751810145176e-02,-1.5265566588595902e-16,-7.1620472788828491e-18,-7.4318751810145162e-02,3.3706065426462997e-02,-1.0802481723660816e-01,0.0000000000000000e+00,-4.9942658767152495e-02,7.4318751810145162e-02,4.9942658767152488e-02,0.0000000000000000e+00,3.0118945301081621e+00,2.0270283485372129e+00,-3.0118945301081625e+00,1.4742921001964762e+00,-4.4861866303046369e+00,-3.0118945301081621e+00,1.4742921001964762e+00,-4.4861866303046360e+00,4.8071895614171454e-19,-4.4661153021934469e-17,4.8224969285179796e-02,6.7264702475294946e-01,7.5281814097385047e-01,-6.0196518449640024e-04,4.4855846651201423e+00,0.0000000000000000e+00,-9.8486618157094918e-01,1.1102230246251565e-16,2.8395821348397772e-16,2.9605947323337509e-15,5.1397882053319341e-02,-6.1534096685087247e-17
129,1.2381275186640272e+01,3.4388500285820136e+00,2.4159302622398648e-01,-1.5543122344752192e-14,1.5543122344752192e-14,0.0000000000000000e+00,5.5954170145942697e-17,-7.0443735771169830e-02,3.1908537851586968e-02,-1.0235227362275680e-01,-7.0443735771169691e-02,-1.3877787807814457e-16,-1.0526376364538598e-17,-7.0443735771169677e-02,3.1908537851586968e-02,-1.0235227362275665e-01,0.0000000000000000e+00,-4.7337971668955210e-02,7.0443735771169677e-02,4.7337971668955210e-02,0.0000000000000000e+00,3.0293813338374034e+00,2.0387795094872310e+00,-3.0293813338374038e+00,1.4822181154816914e+00,-4.5115994493190934e+00,-3.0293813338374034e+00,1.4822181154816914e+00,-4.5115994493190925e+00,-1.6559809424313358e-18,-4.4661153021934469e-17,4.6853344198507001e-02,6.7859697844194877e-01,7.5616232145930651e-01,-6.0547138192923455e-04,4.5109939779371659e+00,0.0000000000000000e+00,-9.9060182435017241e-01,1.8503717077085943e-16,4.3836629661350285e-16,2.4054832200211726e-15,4.8705413302280773e-02,-6.1251965302347804e-17
130,1.2621068407758756e+01,3.5054516437522225e+00,2.3979322111848411e-01,-2.7200464103316335e-14,2.7200464103316335e-14,0.0000000000000000e+00,5.0994086222923016e-17,-6.6760119642858246e-02,3.0203370390371603e-02,-9.6963490033229849e-02,-6.6760119642858107e-02,-1.3877787807814457e-16,-2.6059474143469602e-17,-6.6760119642858079e-02,3.0203370390371607e-02,-9.6963490033229682e-02,0.0000000000000000e+00,-4.4861905372389356e-02,6.6760119642858079e-02,4.4861905372389356e-02,0.0000000000000000e+00,3.0458316110572055e+00,2.0498339622384671e+00,-3.0458316110572059e+00,1.4896651227552689e+00,-4.5354967338124732e+00,-3.0458316110572055e+00,1.4896651227552689e+00,-4.5354967338124723e+00,-6.0425004127686429e-18,-4.4661153021934469e-17,4.5500748748832538e-02,6.8410615801424357e-01,7.5944955541896697e-01,-6.0866057322583877e-04,4.5348880732392489e+00,0.0000000000000000e+00,-9.9599764881873831e-01,1.8503717077085943e-16,4.0708177569589076e-16,1.8503717077085944e-15,4.6150602650857242e-02,-6.1580122683316764e-17
131,1.2864005383620180e+01,3.5729264243213623e+00,2.4293697586142393e-01,-1.5543122344752192e-14,1.5543122344752192e-14,0.0000000000000000e+00,5.5756910174573483e-17,-6.3187929229009787e-02,2.8554217047223704e-02,-9.1742146276233491e-02,-6.3187929229009634e-02,-1.5265566588595902e-16,-1.0926393783012647e-17,-6.3187929229009621e-02,2.8554217047223704e-02,-9.1742146276233325e-02,0.0000000000000000e+00,-4.2460709028332266e-02,6.3187929229009621e-02,4.2460709028332259e-02,0.0000000000000000e+00,3.0616162040632173e+00,2.0604409081718793e+00,-3.0616162040632178e+00,1.4968023180557701e+00,-4.5584185221189868e+00,-3.0616162040632173e+00,1.4968023180557701e+00,-4.5584185221189859e+00,-1.0535117864603459e-17,-4.4661153021934469e-17,4.4140671011378162e-02,6.8929796775919938e-01,7.6275209147113820e-01,-6.1158781405423746e-04,4.5578069343049332e+00,0.0000000000000000e+00,-1.0011752958913380e+00,2.3129646346357430e-16,5.5124309227517513e-16,3.3306690738754696e-15,4.3677959086734379e-02,-6.0768642310614955e-17
132,1.3114793894037470e+01,3.6425819374422659e+00,2.5078851041729067e-01,-2.3314683517128287e-14,2.3314683517128287e-14,0.0000000000000000e+00,5.1304338617733514e-17,-5.9664142088481267e-02,2.6931557255087321e-02,-8.6595699343568588e-02,-5.9664142088481129e-02,-1.3877787807814457e-16,-3.8167361261800090e-18,-5.9664142088481129e-02,2.6931557255087321e-02,-8.6595699343568450e-02,6.9388939039072284e-18,-4.0092022922884107e-02,5.9664142088481129e-02,4.0092022922884094e-02,0.0000000000000000e+00,3.0770211480469136e+00,2.0707925465103409e+00,-3.0770211480469141e+00,1.5037599153990835e+00,-4.5807810634459960e+00,-3.0770211480469136e+00,1.5037599153990835e+00,-4.5807810634459951e+00,-1.2383821659010974e-17,-4.3791055588882213e-17,4.2748826027112954e-02,6.9426095062568483e-01,7.6613576502042036e-01,-6.1437372586525818e-04,4.5801666897201319e+00,0.0000000000000000e+00,-1.0062286015365727e+00,2.7755575615628914e-16,4.7752497883927362e-16,1.8503717077085944e-15,4.1243446253627365e-02,-5.9437457745802747e-17
133,1.3363950554956350e+01,3.7117842108435397e+00,2.4915666091887978e-01,-1.1657341758564144e-14,1.1657341758564144e-14,0.0000000000000000e+00,4.0013770130524785e-17,-5.6323714171321190e-02,2.5396299318603106e-02,-8.1720013489924304e-02,-5.6323714171321052e-02,-1.3877787807814457e-16,1.3128512355371976e-18,-5.6323714171321052e-02,2.5396299318603106e-02,-8.1720013489924165e-02,0.0000000000000000e+00,-3.7846568103099339e-02,5.6323714171321052e-02,3.7846568103099346e-02,0.0000000000000000e+00,3.0914707215333292e+00,2.0805020060587189e+00,-3.0914707215333297e+00,1.5102788324075549e+00,-4.6017495539408833e+00,-3.0914707215333292e+00,1.5102788324075549e+00,-4.6017495539408824e+00,-1.2695751458349873e-17,-4.2926619771098265e-17,4.1379659086471197e-02,6.9880805760394626e-01,7.6947422774946195e-01,-6.1688796767533915e-04,4.6011326659732088e+00,0.0000000000000000e+00,-1.0109687154746103e+00,3.7007434154171886e-16,5.9038167441993069e-16,2.5905203907920322e-15,3.8939397095716123e-02,-6.0081060545218935e-17
134,1.3613465858688116e+01,3.7810860958622565e+00,2.4951530373176567e-01,-3.4972025275692431e-14,3.4972025275692431e-14,0.0000000000000000e+00,5.7330886833066866e-17,-5.3133214451091190e-02,2.3933266256016574e-02,-7.7066480707107768e-02,-5.3133214451091051e-02,-1.3877787807814457e-16,-4.3091962691370083e-18,-5.3133214451091051e-02,2.3933266256016578e-02,-7.7066480707107629e-02,6.9388939039072284e-18,-3.5701879248531986e-02,5.3133214451091051e-02,3.5701879248531979e-02,0.0000000000000000e+00,3.1051263109287128e+00,2.0896777376486901e+00,-3.1051263109287133e+00,1.5164330731762086e+00,-4.6215593841049207e+00,-3.1051263109287128e+00,1.5164330731762086e+00,-4.6215593841049198e+00,-1.3069568428921784e-17,-4.2060939661100311e-17,4.0023445239861608e-02,7.0299469838340112e-01,7.7279579184633729e-01,-6.1913770660848577e-04,4.6209402463983134e+00,0.0000000000000000e+00,-1.0154485732800227e+00,1.8503717077085943e-16,4.3660538939771205e-16,5.9211894646675018e-15,3.6742399475550004e-02,-5.9601222897884578e-17
135,1.3868456509999612e+01,3.8519087369337397e+00,2.5499065131149656e-01,-1.9428902930940239e-14,1.9428902930940239e-14,0.0000000000000000e+00,4.5971582089165453e-17,-5.0027422661119994e-02,2.2512276131377112e-02,-7.2539698792497109e-02,-5.0027422661119862e-02,-1.3183898417423734e-16,2.9787226689108335e-17,-5.0027422661119897e-02,2.2512276131377108e-02,-7.2539698792496998e-02,6.9388939039072284e-18,-3.3614120175928554e-02,5.0027422661119897e-02,3.3614120175928554e-02,0.0000000000000000e+00,3.1182788099521885e+00,2.0985152035684655e+00,-3.1182788099521890e+00,1.5223546627281472e+00,-4.6406334726803351e+00,-3.1182788099521885e+00,1.5223546627281472e+00,-4.6406334726803342e+00,-9.8212386434604788e-18,-4.0291586585161633e-17,3.8654202595925675e-02,7.0691098912652861e-01,7.7616825293592806e-01,-6.2121806976489502e-04,4.6400122546105713e+00,0.0000000000000000e+00,-1.0197636063837230e+00,5.5511151231257827e-16,8.4779540883713001e-16,2.4054832200211726e-15,3.4607062916090406e-02,-6.1873293571953755e-17
136,1.4127043038681085e+01,3.9237301186688556e+00,2.5858652868147303e-01,-3.1086244689504383e-14,3.1086244689504383e-14,0.0000000000000000e+00,4.7425457002742051e-17,-4.7032398446262558e-02,2.1144612573571243e-02,-6.8177011019833797e-02,-4.7032398446262433e-02,-1.2490009027033011e-16,-2.9705947926659201e-17,-4.7032398446262405e-02,2.1144612573571239e-02,-6.8177011019833644e-02,0.0000000000000000e+00,-3.1600813481918247e-02,4.7032398446262405e-02,3.1600813481918261e-02,0.0000000000000000e+00,3.1308279910594901e+00,2.1069470552248530e+00,-3.1308279910594905e+00,1.5279992043797703e+00,-4.6588271954392599e+00,-3.1308279910594901e+00,1.5279992043797703e+00,-4.6588271954392582e+00,-9.8107298469418550e-18,-3.9394434341411431e-17,3.7284199482073198e-02,7.1052682272573608e-01,7.7956505148942101e-01,-6.2313068253994075e-04,4.6582040647567204e+00,0.0000000000000000e+00,-1.0238809358346370e+00,7.8640797577615262e-16,1.3871309994994975e-15,3.5157062446463292e-15,3.2550680516653926e-02,-6.3440107509601208e-17
137,1.4387989912836117e+01,3.9962070769885196e+00,2.6094687415503159e-01,-3.1086244689504383e-14,3.1086244689504383e-14,0.0000000000000000e+00,6.0237268406718492e-17,-4.4162240697828328e-02,1.9836425048413344e-02,-6.3998665746241676e-02,-4.4162240697828217e-02,-1.1102230246251565e-16,4.0646204778483985e-17,-4.4162240697828259e-02,1.9836425048413344e-02,-6.3998665746241606e-02,0.0000000000000000e+00,-2.9671442377302286e-02,4.4162240697828259e-02,2.9671442377302293e-02,0.0000000000000000e+00,3.1427264690716634e+00,2.1149414570442984e+00,-3.1427264690716639e+00,1.5333461412133136e+00,-4.6760726102849768e+00,-3.1427264690716634e+00,1.5333461412133136e+00,-4.6760726102849750e+00,-8.3833169329734333e-18,-3.9394434341411431e-17,3.5921842716283722e-02,7.1383170632016202e-01,7.8296772963745287e-01,-6.2486253941496095e-04,4.6754477477455625e+00,0.0000000000000000e+00,-1.0277850120273651e+00,2.7755575615628914e-16,7.0241045928203632e-16,7.9565983431469557e-15,3.0582440016695529e-02,-6.4223483554002233e-17
138,1.4651689662102523e+01,4.0694486354412662e+00,2.6369974926640616e-01,-3.4972025275692431e-14,3.4972025275692431e-14,0.0000000000000000e+00,4.9769919409971888e-17,-4.1411434247520987e-02,1.8584929568824980e-02,-5.9996363816345967e-02,-4.1411434247520883e-02,-1.0408340855860843e-16,-1.5476226871506371e-17,-4.1411434247520862e-02,1.8584929568824977e-02,-5.9996363816345835e-02,-6.9388939039072284e-18,-2.7822305060132630e-02,4.1411434247520862e-02,2.7822305060132644e-02,0.0000000000000000e+00,3.1540093473851103e+00,2.1225220004361174e+00,-3.1540093473851107e+00,1.5384119920028343e+00,-4.6924213393879439e+00,-3.1540093473851103e+00,1.5384119920028343e+00,-4.6924213393879421e+00,-5.0646585014179435e-18,-4.0309326632734696e-17,3.4566810847597808e-02,7.1684033774692602e-01,7.8637841869804892e-01,-6.2642471026141955e-04,4.6917949146776836e+00,0.0000000000000000e+00,-1.0314873469489929e+00,5.5511151231257827e-16,1.2788665719196982e-15,2.9605947323337509e-15,2.8698077534766595e-02,-6.6008107054846686e-17
139,1.4917441060674332e+01,4.1432600313433996e+00,2.6575139857180829e-01,-6.9944050551384862e-14,6.9944050551384862e-14,0.0000000000000000e+00,6.0025120199817755e-17,-3.8785717079126938e-02,1.7392387310191458e-02,-5.6178104389318397e-02,-3.8785717079126834e-02,-1.0408340855860843e-16,2.6387526354282063e-17,-3.8785717079126855e-02,1.7392387310191458e-02,-5.6178104389318313e-02,-6.9388939039072284e-18,-2.6057263878481035e-02,3.8785717079126855e-02,2.6057263878481018e-02,0.0000000000000000e+00,3.1646655999483762e+00,2.1296812858360585e+00,-3.1646655999483766e+00,1.5431925031415641e+00,-4.7078581030899400e+00,-3.1646655999483762e+00,1.5431925031415641e+00,-4.7078581030899382e+00,-3.6148119525261995e-18,-4.2153347392239437e-17,3.3224328255930892e-02,7.1955602351230852e-01,7.8978432786538444e-01,-6.2782350794021724e-04,4.7072302795820002e+00,0.0000000000000000e+00,-1.0349843141123176e+00,5.5511151231257827e-16,1.2390584145951664e-15,4.8109664400423453e-15,2.6901020015492196e-02,-6.6538688884115457e-17
140,1.5183672053477478e+01,4.2172046326392660e+00,2.6623099280314655e-01,-3.8857805861880479e-14,3.8857805861880479e-14,0.0000000000000000e+00,3.9533924612523240e-17,-3.6297053533260432e-02,1.6263900907911695e-02,-5.2560954441172127e-02,-3.6297053533260314e-02,-1.1796119636642288e-16,-1.0564571017008658e-17,-3.6297053533260314e-02,1.6263900907911695e-02,-5.2560954441172009e-02,1.3877787807814457e-17,-2.4384366090621216e-02,3.6297053533260314e-02,2.4384366090621213e-02,0.0000000000000000e+00,3.1746602802296495e+00,2.1363958484487000e+00,-3.1746602802296500e+00,1.5476726766547513e+00,-4.7223329568844008e+00,-3.1746602802296495e+00,1.5476726766547513e+00,-4.7223329568843990e+00,-1.5085313982651270e-18,-4.1229673085742975e-17,3.1903560792735694e-02,7.2197870776856177e-01,7.9316134962520635e-01,-6.2905846824756750e-04,4.7217038984161537e+00,0.0000000000000000e+00,-1.0382644317809495e+00,4.6259292692714859e-16,1.0028775675037422e-15,7.4014868308343775e-15,2.5198977793154019e-02,-6.4206914639049174e-17
141,1.5453219883337473e+01,4.2920704722596028e+00,2.6954782985999515e-01,-6.6058269965196814e-14,6.6058269965196814e-14,0.0000000000000000e+00,5.1734985697060712e-17,-3.3916198910908121e-02,1.5186029219176073e-02,-4.9102228130084191e-02,-3.3916198910908024e-02,-9.7144514654701197e-17,-1.3869666342289330e-17,-3.3916198910908010e-02,1.5186029219176077e-02,-4.9102228130084087e-02,0.0000000000000000e+00,-2.2783957641705026e-02,3.3916198910908010e-02,2.2783957641705009e-02,0.0000000000000000e+00,3.1841231951415181e+00,2.1427529080987910e+00,-3.1841231951415190e+00,1.5519113068622539e+00,-4.7360345020037720e+00,-3.1841231951415181e+00,1.5519113068622539e+00,-4.7360345020037702e+00,-4.8016292255065228e-18,-3.9359309292316032e-17,3.0591717826109886e-02,7.2414872067899871e-01,7.9654070861882520e-01,-6.3015973832003525e-04,4.7354043422654524e+00,0.0000000000000000e+00,-1.0413702870427270e+00,7.8640797577615262e-16,1.4962003109441281e-15,4.9960036108132044e-15,2.3571573617340094e-02,-6.4001812961552974e-17
142,1.5729800191068259e+01,4.3688895546891349e+00,2.7658030773078579e-01,-6.6058269965196814e-14,6.6058269965196814e-14,0.0000000000000000e+00,5.4378461141652890e-17,-3.1612535381075238e-02,1.4144697734405439e-02,-4.5757233115480675e-02,-3.1612535381075141e-02,-9.7144514654701197e-17,-1.0636728476063059e-17,-3.1612535381075127e-02,1.4144697734405439e-02,-4.5757233115480564e-02,0.0000000000000000e+00,-2.1235461949245433e-02,3.1612535381075127e-02,2.1235461949245443e-02,0.0000000000000000e+00,3.1931851738893609e+00,2.1488403604070889e+00,-3.1931851738893617e+00,1.5559674576056486e+00,-4.7491526314950097e+00,-3.1931851738893609e+00,1.5559674576056486e+00,-4.7491526314950079e+00,-8.1906223356225410e-18,-3.9359309292316032e-17,2.9272848431086920e-02,7.2610130704324849e-01,7.9996213937465366e-01,-6.3116275665953125e-04,4.7485214687383506e+00,0.0000000000000000e+00,-1.0443448134822719e+00,1.6653345369377348e-15,2.3654018849970041e-15,5.7361522938966427e-15,2.1997511201402354e-02,-6.2495635751572956e-17
143,1.6011099255893974e+01,4.4470192531679951e+00,2.8129906482571521e-01,-6.2172489379008766e-14,6.2172489379008766e-14,0.0000000000000000e+00,6.0936622866324709e-17,-2.9408330755920073e-02,1.3149672451282821e-02,-4.2558003207202891e-02,-2.9408330755919979e-02,-9.3675067702747583e-17,4.3038317756369527e-17,-2.9408330755920017e-02,1.3149672451282821e-02,-4.2558003207202835e-02,-3.4694469519536142e-18,-1.9753851616269618e-02,2.9408330755920017e-02,1.9753851616269611e-02,0.0000000000000000e+00,3.2017677301789567e+00,2.1546054881940027e+00,-3.2017677301789575e+00,1.5598063980097692e+00,-4.7615741281887258e+00,-3.2017677301789567e+00,1.5598063980097692e+00,-4.7615741281887241e+00,-3.6333539539139775e-18,-3.9847285383839519e-17,2.7960273275489035e-02,7.2782494899398986e-01,8.0338911109947364e-01,-6.3206464081666525e-04,4.7609420635479101e+00,0.0000000000000000e+00,-1.0471622419849540e+00,1.0639637319324418e-15,2.0776139651646289e-15,4.8109664400423453e-15,2.0491609022674526e-02,-6.6079359587304260e-17
144,1.6296735346870811e+01,4.5263535434420401e+00,2.8563609097683695e-01,-7.3829831137572910e-14,7.3829831137572910e-14,0.0000000000000000e+00,3.9659154112548175e-17,-2.7307135128229423e-02,1.2202400499670687e-02,-3.9509535627900112e-02,-2.7307135128229333e-02,-9.0205620750793969e-17,-1.7251528016136855e-17,-2.7307135128229316e-02,1.2202400499670685e-02,-3.9509535627900001e-02,0.0000000000000000e+00,-1.8341517023946395e-02,2.7307135128229316e-02,1.8341517023946399e-02,0.0000000000000000e+00,3.2098677221654959e+00,2.1600461942853593e+00,-3.2098677221654968e+00,1.5634271315177042e+00,-4.7732948536832005e+00,-3.2098677221654959e+00,1.5634271315177042e+00,-4.7732948536831987e+00,4.9464956206854992e-20,-4.0342785016443285e-17,2.6657590610573340e-02,7.2932751549240704e-01,8.0680915932146524e-01,-6.3286609325841070e-04,4.7726619875899425e+00,0.0000000000000000e+00,-1.0498215278801366e+00,4.1633363423443370e-16,9.6441472811721894e-16,8.1416355139178157e-15,1.9055990785297940e-02,-6.4335182010269683e-17
145,1.6583801795780136e+01,4.6060851099532156e+00,2.8706644890932509e-01,-9.3258734068513149e-14,9.3258734068513149e-14,0.0000000000000000e+00,5.6160073767279415e-17,-2.5328398587342985e-02,1.1311419895951257e-02,-3.6639818483294243e-02,-2.5328398587342892e-02,-9.3675067702747583e-17,1.8361071009753276e-17,-2.5328398587342912e-02,1.1311419895951254e-02,-3.6639818483294166e-02,3.4694469519536142e-18,-1.7011533650575110e-02,2.5328398587342912e-02,1.7011533650575110e-02,0.0000000000000000e+00,3.2174226700405839e+00,2.1651205316429825e+00,-3.2174226700405848e+00,1.5668021459783357e+00,-4.7842248160189200e+00,-3.2174226700405839e+00,1.5668021459783357e+00,-4.7842248160189182e+00,2.0872123975169899e-19,-3.9844804108354982e-17,2.5379270524807051e-02,7.3060894709623547e-01,8.1018036419132278e-01,-6.3356416597049048e-04,4.7835912518529504e+00,0.0000000000000000e+00,-1.0523021383976014e+00,1.0639637319324418e-15,2.0977862437535493e-15,5.7361522938966427e-15,1.7703636941511780e-02,-6.5047504859071279e-17
146,1.6873980628552644e+01,4.6866811287260131e+00,2.9017883277250789e-01,-7.7715611723760958e-14,7.7715611723760958e-14,0.0000000000000000e+00,4.0120399951625442e-17,-2.3457600872608165e-02,1.0470056384283642e-02,-3.3927657256891806e-02,-2.3457600872608078e-02,-8.6736173798840355e-17,3.3527435417546702e-18,-2.3457600872608085e-02,1.0470056384283638e-02,-3.3927657256891723e-02,3.4694469519536142e-18,-1.5754146724579018e-02,2.3457600872608085e-02,1.5754146724579018e-02,0.0000000000000000e+00,3.2245010022300482e+00,2.1698744850861122e+00,-3.2245010022300491e+00,1.5699624076598659e+00,-4.7944634098899144e+00,-3.2245010022300482e+00,1.5699624076598659e+00,-4.7944634098899126e+00,3.3591659205493357e-18,-3.8838044041470947e-17,2.4118761490234168e-02,7.3169384556730710e-01,8.1351562729449478e-01,-6.3417330782988834e-04,4.7938292365820852e+00,0.0000000000000000e+00,-1.0546265171439360e+00,6.4763009769800805e-16,1.8116405316439300e-15,8.5117098554595340e-15,1.6424444763206310e-02,-7.0401602877870613e-17
147,1.7167779201454596e+01,4.7682825159491484e+00,2.9379857290195233e-01,-1.3211653993039363e-13,1.3211653993039363e-13,0.0000000000000000e+00,4.0126131107162008e-17,-2.1689990480554953e-02,9.6759842487090901e-03,-3.1365974729264043e-02,-2.1689990480554873e-02,-7.9797279894933126e-17,1.3141376525194954e-17,-2.1689990480554887e-02,9.6759842487090866e-03,-3.1365974729263973e-02,0.0000000000000000e+00,-1.4566151723081483e-02,2.1689990480554887e-02,1.4566151723081486e-02,0.0000000000000000e+00,3.2311331511848080e+00,2.1743285152930540e+00,-3.2311331511848089e+00,1.5729218466536650e+00,-4.8040549978384730e+00,-3.2311331511848080e+00,1.5729218466536650e+00,-4.8040549978384712e+00,5.7821403890209629e-18,-3.8328384759849447e-17,2.2875105757319613e-02,7.3259895303027767e-01,8.1681308064305191e-01,-6.3470722301572913e-04,4.8034202906154579e+00,0.0000000000000000e+00,-1.0568046358917540e+00,6.4763009769800805e-16,1.5194470113975681e-15,7.2164496600635175e-15,1.5214795473098529e-02,-7.2730951279037010e-17
148,1.7464839581823114e+01,4.8507898572465242e+00,2.9706038036851723e-01,-1.3211653993039363e-13,1.3211653993039363e-13,0.0000000000000000e+00,6.0446539051539969e-17,-2.0026250423891483e-02,8.9293562520619471e-03,-2.8955606675953430e-02,-2.0026250423891410e-02,-7.2858385991025898e-17,-1.4860629091410868e-18,-2.0026250423891407e-02,8.9293562520619436e-03,-2.8955606675953351e-02,-3.4694469519536142e-18,-1.3448034668074952e-02,2.0026250423891407e-02,1.3448034668074956e-02,0.0000000000000000e+00,3.2373292723801179e+00,2.1784894677255897e+00,-3.2373292723801188e+00,1.5756853014166874e+00,-4.8130145737968055e+00,-3.2373292723801179e+00,1.5756853014166874e+00,-4.8130145737968038e+00,7.5133063370706229e-18,-3.8843702375457314e-17,2.1651078621242360e-02,7.3333810745844041e-01,8.2006094318534062e-01,-6.3517215166397634e-04,4.8123794016451420e+00,0.0000000000000000e+00,-1.0588398046545282e+00,1.4802973661668755e-15,2.4097850460811632e-15,1.0177044392397269e-14,1.4075279958085336e-02,-7.2646305048811737e-17
149,1.7769850822477984e+01,4.9355055184229775e+00,3.0501124065487062e-01,-1.0103029524088925e-13,1.0103029524088925e-13,0.0000000000000000e+00,5.1463144648763475e-17,-1.8441078939452328e-02,8.2187169886787804e-03,-2.6659795928131107e-02,-1.8441078939452255e-02,-7.2858385991025898e-17,-3.6565981796791015e-17,-1.8441078939452217e-02,8.2187169886787786e-03,-2.6659795928130996e-02,0.0000000000000000e+00,-1.2382770274632353e-02,1.8441078939452217e-02,1.2382770274632351e-02,0.0000000000000000e+00,3.2431957563070144e+00,2.1824288106569343e+00,-3.2431957563070153e+00,1.5783004789636867e+00,-4.8214962352707014e+00,-3.2431957563070144e+00,1.5783004789636867e+00,-4.8214962352706996e+00,1.7101556544651464e-18,-3.9372812535058129e-17,2.0429382810646480e-02,7.3393477034078358e-01,8.2330073506604751e-01,-6.3559074620922473e-04,4.8208606445244930e+00,0.0000000000000000e+00,-1.0607669456500801e+00,1.8503717077085944e-15,3.4922426576396051e-15,8.8817841970012523e-15,1.2988144687153105e-02,-7.0290467113045995e-17
150,1.8079468614809002e+01,5.0215006310391548e+00,3.0961779233101794e-01,-1.1657341758564144e-13,1.1657341758564144e-13,0.0000000000000000e+00,5.6565043618027520e-17,-1.6953453288742058e-02,7.5524092955875539e-03,-2.4505862584329612e-02,-1.6953453288741989e-02,-6.9388939039072284e-17,-6.6577311130481857e-18,-1.6953453288741982e-02,7.5524092955875522e-03,-2.4505862584329532e-02,0.0000000000000000e+00,-1.1383120821538856e-02,1.6953453288741982e-02,1.1383120821538866e-02,0.0000000000000000e+00,3.2486751447715556e+00,2.1861079820239224e+00,-3.2486751447715565e+00,1.5807419896150408e+00,-4.8294171343865964e+00,-3.2486751447715556e+00,1.5807419896150408e+00,-4.8294171343865946e+00,-4.9812596292819198e-18,-3.9372812535058129e-17,1.9225763698435438e-02,7.3439374935685542e-01,8.2648651012969887e-01,-6.3596643005103815e-04,4.8287811679565458e+00,0.0000000000000000e+00,-1.0625671627476332e+00,1.3877787807814457e-15,2.6608383759847477e-15,7.7715611723760958e-15,1.1966324128602773e-02,-7.2982485206060330e-17
151,1.8390932239681000e+01,5.1080084163155091e+00,3.1146362487199752e-01,-1.0491607582707729e-13,1.0491607582707729e-13,0.0000000000000000e+00,5.6204422331363083e-17,-1.5574405306368198e-02,6.9352631304965620e-03,-2.2509668436864760e-02,-1.5574405306368133e-02,-6.4184768611141862e-17,-5.2253404816666897e-18,-1.5574405306368128e-02,6.9352631304965603e-03,-2.2509668436864687e-02,0.0000000000000000e+00,-1.0456498210590170e-02,1.5574405306368128e-02,1.0456498210590175e-02,0.0000000000000000e+00,3.2537407671452341e+00,2.1895091054787077e+00,-3.2537407671452350e+00,1.5829981810999338e+00,-4.8367389482451681e+00,-3.2537407671452341e+00,1.5829981810999338e+00,-4.8367389482451664e+00,-6.8318319060336014e-18,-3.9372812535058129e-17,1.8052346843468139e-02,7.3472694671099514e-01,8.2958258858825051e-01,-6.3629895722017160e-04,4.8361026492879482e+00,0.0000000000000000e+00,-1.0642316616665264e+00,1.2027416100105863e-15,2.1624029946333722e-15,7.7715611723760958e-15,1.1017328137325887e-02,-7.3953057443672462e-17
152,1.8705359260200908e+01,5.1953392729681873e+00,3.1442702051990779e-01,-5.8286708792820718e-14,5.8286708792820718e-14,0.0000000000000000e+00,4.2560411009153020e-17,-1.4295775452754192e-02,6.3635304078513994e-03,-2.0659305860605590e-02,-1.4295775452754129e-02,-6.2450045135165055e-17,-2.2557168684849853e-18,-1.4295775452754129e-02,6.3635304078513959e-03,-2.0659305860605527e-02,1.7347234759768071e-18,-9.5974176733351849e-03,1.4295775452754129e-02,9.5974176733351832e-03,0.0000000000000000e+00,3.2584367631144748e+00,2.1926618519892775e+00,-3.2584367631144757e+00,1.5850889311143199e+00,-4.8435256942287950e+00,-3.2584367631144748e+00,1.5850889311143199e+00,-4.8435256942287932e+00,-8.0079551925069759e-18,-3.9100090568069467e-17,1.6906149695143907e-02,7.3495214149307797e-01,8.3259404279741045e-01,-6.3659712868768814e-04,4.8428890971001080e+00,0.0000000000000000e+00,-1.0657749111251973e+00,1.1564823173178715e-15,2.8215438353861342e-15,1.1657341758564144e-14,1.0135532256629306e-02,-6.8552804175544495e-17
153,1.9024855150147491e+01,5.2840779879803668e+00,3.1949588994658384e-01,-1.6708856520608606e-13,1.6708856520608606e-13,0.0000000000000000e+00,3.8714752962279096e-17,-1.3107484478029594e-02,5.8326066149741477e-03,-1.8940091093003743e-02,-1.3107484478029537e-02,-5.7245874707234634e-17,-7.4327301557923926e-18,-1.3107484478029528e-02,5.8326066149741451e-03,-1.8940091093003673e-02,-1.7347234759768071e-18,-8.7991054637062312e-03,1.3107484478029528e-02,8.7991054637062277e-03,0.0000000000000000e+00,3.2628143775739864e+00,2.1956006587550734e+00,-3.2628143775739873e+00,1.5870372389403289e+00,-4.8498516165143153e+00,-3.2628143775739864e+00,1.5870372389403289e+00,-4.8498516165143135e+00,-9.5556646946178928e-18,-3.9100090568069467e-17,1.5781477352490851e-02,7.3508521232890389e-01,8.3553367714690308e-01,-6.3687211203111715e-04,4.8492147444022855e+00,0.0000000000000000e+00,-1.0672137188189130e+00,1.5265566588595902e-15,3.6461479422813651e-15,7.9565983431469557e-15,9.3139683383405801e-03,-6.8221434178448393e-17
154,1.9349659695119751e+01,5.3742911608502055e+00,3.2480454497225963e-01,-2.0594637106796654e-13,2.0594637106796654e-13,0.0000000000000000e+00,4.6931594130233282e-17,-1.2008174435249503e-02,5.3417924704380424e-03,-1.7349966905687547e-02,-1.2008174435249446e-02,-5.7245874707234634e-17,2.0631471151237982e-18,-1.2008174435249449e-02,5.3417924704380407e-03,-1.7349966905687492e-02,1.7347234759768071e-18,-8.0606476907267351e-03,1.2008174435249449e-02,8.0606476907267369e-03,0.0000000000000000e+00,3.2668932176564893e+00,2.1983387209809084e+00,-3.2668932176564902e+00,1.5888519867454667e+00,-4.8557452044019564e+00,-3.2668932176564893e+00,1.5888519867454667e+00,-4.8557452044019547e+00,-1.0427697182725456e-17,-3.9100090568069467e-17,1.4680111028961915e-02,7.3513933397170472e-01,8.3839541218108171e-01,-6.3712956371819729e-04,4.8551080748382383e+00,0.0000000000000000e+00,-1.0685544966755809e+00,2.9143354396410359e-15,4.5536440946561036e-15,1.9798977272481959e-14,8.5516827260224918e-03,-7.4428714971633097e-17
155,1.9675421785836946e+01,5.4647702882491780e+00,3.2576209071719475e-01,-2.4480417692984702e-13,2.4480417692984702e-13,0.0000000000000000e+00,5.9073321139091220e-17,-1.1009907014046576e-02,4.8963819570811157e-03,-1.5906288971127690e-02,-1.1009907014046520e-02,-5.5511151231257827e-17,8.7790405880438985e-18,-1.1009907014046527e-02,4.8963819570811140e-03,-1.5906288971127641e-02,-1.7347234759768071e-18,-7.3901429718853497e-03,1.1009907014046527e-02,7.3901429718853402e-03,0.0000000000000000e+00,3.2706424268251002e+00,2.2008553619156515e+00,-3.2706424268251011e+00,1.5905195912987846e+00,-4.8611620181238848e+00,-3.2706424268251002e+00,1.5905195912987846e+00,-4.8611620181238830e+00,-8.6617103156593713e-18,-3.9100090568069467e-17,1.3618832067102042e-02,7.3512786270039943e-01,8.4113553408768371e-01,-6.3736244359935412e-04,4.8605246556802868e+00,0.0000000000000000e+00,-1.0697870649094487e+00,2.8218168542556063e-15,4.8377489690254984e-15,1.9984014443252818e-14,7.8570980099909368e-03,-7.6702582867110397e-17
156,2.0000503626777807e+01,5.5550604789734122e+00,3.2508184094086090e-01,-1.0491607582707729e-13,1.0491607582707729e-13,0.0000000000000000e+00,5.2452914945308649e-17,-1.0112195657664781e-02,4.4960864217793474e-03,-1.4608282079444129e-02,-1.0112195657664731e-02,-5.0306980803327406e-17,-9.7452687624676041e-18,-1.0112195657664720e-02,4.4960864217793457e-03,-1.4608282079444066e-02,0.0000000000000000e+00,-6.7872578330703225e-03,1.0112195657664720e-02,6.7872578330703277e-03,0.0000000000000000e+00,3.2740756328356313e+00,2.2031597696923670e+00,-3.2740756328356322e+00,1.5920462517545739e+00,-4.8661218845902052e+00,-3.2740756328356313e+00,1.5920462517545739e+00,-4.8661218845902035e+00,-8.8187619325146641e-18,-3.9382054118616402e-17,1.2603940526780820e-02,7.3506563409281311e-01,8.4373910933394169e-01,-6.3756780103840782e-04,4.8654843167891677e+00,0.0000000000000000e+00,-1.0709158631432643e+00,4.9960036108132044e-15,7.3527890655470753e-15,8.3266726846886741e-15,7.2300400706160547e-03,-8.1681714926568355e-17
157,2.0332660852356721e+01,5.6473158296911050e+00,3.3215722557891425e-01,-2.7200464103316335e-13,2.7200464103316335e-13,0.0000000000000000e+00,4.9520037960075612e-17,-9.2908945156209045e-03,4.1300868785529594e-03,-1.3420981394173864e-02,-9.2908945156208577e-03,-4.6837533851373792e-17,7.6214888773891520e-18,-9.2908945156208629e-03,4.1300868785529576e-03,-1.3420981394173821e-02,-1.7347234759768071e-18,-6.2357714038507707e-03,9.2908945156208629e-03,6.2357714038507664e-03,0.0000000000000000e+00,3.2772980711354394e+00,2.2053226163223516e+00,-3.2772980711354402e+00,1.5934788746499746e+00,-4.8707769457854138e+00,-3.2772980711354394e+00,1.5934788746499746e+00,-4.8707769457854120e+00,-9.1714763496986468e-18,-3.9670154587079938e-17,1.1613536404519655e-02,7.3496352109778207e-01,8.4626405623684031e-01,-6.3776091083256325e-04,4.8701391848745823e+00,0.0000000000000000e+00,-1.0719754548130878e+00,2.8218168542556063e-15,5.7796946026072806e-15,1.0732155904709847e-14,6.6537647376506918e-03,-8.4573714246854213e-17
158,2.0672697528849039e+01,5.7417596666180390e+00,3.4003667649231772e-01,-3.8080649744642869e-13,3.8080649744642869e-13,0.0000000000000000e+00,5.2629003177371544e-17,-8.5447722490640289e-03,3.7977729096641284e-03,-1.2342545158728157e-02,-8.5447722490639838e-03,-4.5102810375396984e-17,-2.7909531493434844e-17,-8.5447722490639560e-03,3.7977729096641266e-03,-1.2342545158728083e-02,0.0000000000000000e+00,-5.7348545088070323e-03,8.5447722490639560e-03,5.7348545088070305e-03,0.0000000000000000e+00,3.2803304615602835e+00,2.2073578422477880e+00,-3.2803304615602844e+00,1.5948267561970157e+00,-4.8751572177572990e+00,-3.2803304615602835e+00,1.5948267561970157e+00,-4.8751572177572973e+00,-1.2620815641545989e-17,-3.9965089389782115e-17,1.0649481366153457e-02,7.3483167535064164e-01,8.4870765743381971e-01,-6.3794204640088559e-04,4.8745192757108988e+00,0.0000000000000000e+00,-1.0729726193124955e+00,5.5973744158184981e-15,8.6983216681093538e-15,2.1834386150961414e-14,6.1274397559425839e-03,-9.0303585673566866e-17
159,2.1014230105118230e+01,5.8366189837691742e+00,3.4153257626919142e-01,-4.9349413444588208e-13,4.9349413444588208e-13,0.0000000000000000e+00,3.2479128574117911e-17,-7.8859360867636844e-03,3.5044848372878024e-03,-1.1390420924051486e-02,-7.8859360867636393e-03,-4.5102810375396984e-17,3.3234790006907278e-18,-7.8859360867636445e-03,3.5044848372878007e-03,-1.1390420924051445e-02,1.7347234759768071e-18,-5.2926299674891002e-03,7.8859360867636445e-03,5.2926299674890967e-03,0.0000000000000000e+00,3.2831362726342150e+00,2.2092409648392670e+00,-3.2831362726342159e+00,1.5960737356474648e+00,-4.8792100082816798e+00,-3.2831362726342150e+00,1.5960737356474648e+00,-4.8792100082816781e+00,-1.6819284565614227e-17,-3.9668857100849615e-17,9.7330093366684387e-03,7.3468331289392874e-01,8.5101931984908141e-01,-6.3809356778632420e-04,4.8785719147138948e+00,0.0000000000000000e+00,-1.0738953077949480e+00,4.3946328058079116e-15,8.2352299474004244e-15,1.7023419710919068e-14,5.6597447569402704e-03,-9.0775522701851841e-17
160,2.1360506804959801e+01,5.9327959624080444e+00,3.4627669984157095e-01,-3.6914915568786455e-13,3.6914915568786455e-13,0.0000000000000000e+00,3.6418807454908878e-17,-7.3047265400712127e-03,3.2458871621665599e-03,-1.0550613702237772e-02,-7.3047265400711719e-03,-4.0766001685454967e-17,-1.9685276490606722e-18,-7.3047265400711710e-03,3.2458871621665582e-03,-1.0550613702237730e-02,8.6736173798840355e-19,-4.9026063384122092e-03,7.3047265400711710e-03,4.9026063384122083e-03,0.0000000000000000e+00,3.2857663588956285e+00,2.2110061512303232e+00,-3.2857663588956294e+00,1.5972424839168018e+00,-4.8830088428124307e+00,-3.2857663588956285e+00,1.5972424839168018e+00,-4.8830088428124290e+00,-1.6584690524370061e-17,-3.9218336360550403e-17,8.8577863436131044e-03,7.3452745603741554e-01,8.5321902531152782e-01,-6.3821622424531377e-04,4.8823706265881857e+00,0.0000000000000000e+00,-1.0747602076653053e+00,2.4980018054066022e-15,5.8817230826184730e-15,2.7385501274087197e-14,5.2440456768790313e-03,-9.7171007414514176e-17
161,2.1712875970392183e+01,6.0306650991772583e+00,3.5236916543238195e-01,-1.8263168755083825e-13,1.8263168755083825e-13,0.0000000000000000e+00,4.7781755247625036e-17,-6.7969933846039245e-03,3.0200965735168095e-03,-9.8170899581207331e-03,-6.7969933846038864e-03,-3.8163916471489756e-17,2.0871764480603602e-17,-6.7969933846039072e-03,3.0200965735168077e-03,-9.8170899581207158e-03,0.0000000000000000e+00,-4.5619918768513498e-03,6.7969933846039072e-03,4.5619918768513594e-03,0.0000000000000000e+00,3.2882508645361379e+00,2.2126736675174556e+00,-3.2882508645361388e+00,1.5983464536465797e+00,-4.8865973181827185e+00,-3.2882508645361379e+00,1.5983464536465797e+00,-4.8865973181827167e+00,-1.3254231631219338e-17,-3.9065520594678928e-17,8.0237316004010389e-03,7.3437316099579686e-01,8.5531125523545692e-01,-6.3830581492485550e-04,4.8859590123677936e+00,0.0000000000000000e+00,-1.0755771970186823e+00,4.6721885619642007e-15,8.8488743096167356e-15,3.7192471324942744e-14,4.8775611657817294e-03,-9.2095478432423713e-17
162,2.2064648349746044e+01,6.1283684809824441e+00,3.5177237935386074e-01,-1.7874590696465020e-13,1.7874590696465020e-13,0.0000000000000000e+00,4.2235770525204270e-17,-6.3683896029563857e-03,2.8295945105350044e-03,-9.1979841134913892e-03,-6.3683896029563467e-03,-3.9031278209478160e-17,3.0627238000967445e-18,-6.3683896029563501e-03,2.8295945105350022e-03,-9.1979841134913528e-03,0.0000000000000000e+00,-4.2745686321289025e-03,6.3683896029563501e-03,4.2745686321289016e-03,0.0000000000000000e+00,3.2905664735854572e+00,2.2142278964752298e+00,-3.2905664735854581e+00,1.5993753335221406e+00,-4.8899418071075988e+00,-3.2905664735854572e+00,1.5993753335221406e+00,-4.8899418071075971e+00,-9.0444856856598100e-18,-3.9065520594678928e-17,7.2484870276462512e-03,7.3423218979430216e-01,8.5725630939176500e-01,-6.3834730842704523e-04,4.8893034597991711e+00,0.0000000000000000e+00,-1.0763385771102274e+00,5.0885221961986344e-15,8.3555808209851617e-15,2.2019423321732272e-14,4.5646790922035420e-03,-8.7897123307341090e-17
163,2.2409906073053875e+01,6.2242624429344735e+00,3.4525772330783155e-01,-3.1474822748123188e-13,3.1474822748123188e-13,0.0000000000000000e+00,5.2001711174123014e-17,-6.0181296081801890e-03,2.6740038207169669e-03,-8.6921334288971551e-03,-6.0181296081801535e-03,-3.5561831257524545e-17,-1.8373117466085954e-17,-6.0181296081801353e-03,2.6740038207169652e-03,-8.6921334288970996e-03,0.0000000000000000e+00,-4.0397922376300766e-03,6.0181296081801353e-03,4.0397922376300723e-03,0.0000000000000000e+00,3.2927047442967301e+00,2.2156631951275561e+00,-3.2927047442967310e+00,1.6003254134370650e+00,-4.8930301577337962e+00,-3.2927047442967301e+00,1.6003254134370650e+00,-4.8930301577337945e+00,-1.1687501515692850e-17,-3.9065520594678928e-17,6.5434649109593649e-03,7.3411386890649577e-01,8.5902974322081893e-01,-6.3833639879096182e-04,4.8923918213350053e+00,0.0000000000000000e+00,-1.0770415491691741e+00,2.1741867565575985e-15,5.8027152265639694e-15,1.9984014443252818e-14,4.3053799299173894e-03,-8.5878464873060060e-17
164,2.2756748662863544e+01,6.3205965952653616e+00,3.4684258980966831e-01,-3.3806291099836017e-13,3.3806291099836017e-13,0.0000000000000000e+00,4.7357766675355386e-17,-5.7310408271125648e-03,2.5465610566186370e-03,-8.2776018837312018e-03,-5.7310408271125310e-03,-3.3827107781547738e-17,-4.0679169079952763e-17,-5.7310408271124911e-03,2.5465610566186353e-03,-8.2776018837311255e-03,8.6736173798840355e-19,-3.8474749655174872e-03,5.7310408271124911e-03,3.8474749655174872e-03,0.0000000000000000e+00,3.2947423006476759e+00,2.2170310152191863e+00,-3.2947423006476773e+00,1.6012307705582272e+00,-4.8959730712059049e+00,-3.2947423006476759e+00,1.6012307705582272e+00,-4.8959730712059031e+00,-2.1928425515598199e-17,-3.8915101598926071e-17,5.8906100144911619e-03,7.3402132656068586e-01,8.6068055465163018e-01,-6.3827933141991089e-04,4.8953347918744843e+00,0.0000000000000000e+00,-1.0777112854284896e+00,6.4300416842873655e-15,1.2017508972752491e-14,1.6468308198606490e-14,4.0889945534804545e-03,-8.5651153959306897e-17
165,2.3116542951423160e+01,6.4205280305049186e+00,3.5979428855961615e-01,-3.9634961979118088e-13,3.9634961979118088e-13,0.0000000000000000e+00,5.2906943514813073e-17,-5.4961696032645151e-03,2.4423888893123089e-03,-7.9385584925768249e-03,-5.4961696032644830e-03,-3.2092384305570931e-17,-3.4473268656818615e-17,-5.4961696032644483e-03,2.4423888893123072e-03,-7.9385584925767555e-03,0.0000000000000000e+00,-3.6902705465952658e-03,5.4961696032644483e-03,3.6902705465952650e-03,0.0000000000000000e+00,3.2967620437423291e+00,2.2183870341111231e+00,-3.2967620437423304e+00,1.6021282684064551e+00,-4.8988903121487857e+00,-3.2967620437423291e+00,1.6021282684064551e+00,-4.8988903121487839e+00,-3.5448134450109454e-17,-3.8759065699204388e-17,5.2712413643970909e-03,7.3395900879952114e-01,8.6225984744700579e-01,-6.3817079553118994e-04,4.8982521413532538e+00,0.0000000000000000e+00,-1.0783750096312059e+00,4.4871513911933415e-15,8.9623484773511365e-15,2.0909200297107116e-14,3.9075294502876915e-03,-8.9543053174240514e-17
166,2.3489713918783597e+01,6.5241747851750764e+00,3.7317096736043709e-01,-2.7977620220553945e-13,2.7977620220553945e-13,0.0000000000000000e+00,1.0526983863660597e-16,-5.3141620402551992e-03,2.3617696002349673e-03,-7.6759316404901665e-03,-5.3141620402551671e-03,-3.2092384305570931e-17,1.2120318931026109e-17,-5.3141620402551793e-03,2.3617696002349664e-03,-7.6759316404901457e-03,0.0000000000000000e+00,-3.5686080890973901e-03,5.3141620402551793e-03,3.5686080890973970e-03,0.0000000000000000e+00,3.2987790947007789e+00,2.2197414354923399e+00,-3.2987790947007802e+00,1.6030246546419036e+00,-4.9018037493426840e+00,-3.2987790947007789e+00,1.6030246546419036e+00,-4.9018037493426823e+00,-3.9618870386376057e-17,-3.8759065699204388e-17,4.6896640775650270e-03,7.3393602598619323e-01,8.6376096554806792e-01,-6.3799903007732972e-04,4.9011657503126065e+00,0.0000000000000000e+00,-1.0790376592084390e+00,1.1009711660866136e-14,1.7884258955584182e-14,3.1641356201816961e-14,3.7615757614887185e-03,-9.7371205117287960e-17
167,2.3864123758514708e+01,6.6281656317277813e+00,3.7440983973111130e-01,-4.1966430330830917e-13,4.1966430330830917e-13,0.0000000000000000e+00,1.1488282649870496e-16,-5.1883270773608482e-03,2.3061637926156497e-03,-7.4944908699764983e-03,-5.1883270773608178e-03,-3.0357660829594124e-17,4.9999876288607330e-17,-5.1883270773608690e-03,2.3061637926156484e-03,-7.4944908699765174e-03,8.6736173798840355e-19,-3.4846841822625666e-03,5.1883270773608690e-03,3.4846841822625749e-03,0.0000000000000000e+00,3.3007452123344310e+00,2.2210618465067884e+00,-3.3007452123344323e+00,1.6038985147386500e+00,-4.9046437270730827e+00,-3.3007452123344310e+00,1.6038985147386500e+00,-4.9046437270730809e+00,-2.7989664218251907e-17,-3.8596691314549818e-17,4.1663260832482257e-03,7.3396033625027823e-01,8.6513408419155047e-01,-6.3776821357297564e-04,4.9040059588595089e+00,0.0000000000000000e+00,-1.0796833658276426e+00,9.2981178312356860e-15,1.6729803511931539e-14,5.2180482157382357e-14,3.6542817880169036e-03,-9.6909346160068427e-17
168,2.4229358863532092e+01,6.7296082321380704e+00,3.6523510501738343e-01,-5.4400928206632670e-13,5.4400928206632670e-13,0.0000000000000000e+00,7.9086620739254582e-17,-5.1144943606044567e-03,2.2737044607459471e-03,-7.3881988213504038e-03,-5.1144943606044281e-03,-2.8622937353617317e-17,-6.5420665219873656e-18,-5.1144943606044220e-03,2.2737044607459454e-03,-7.3881988213503674e-03,8.6736173798840355e-19,-3.4356740255651235e-03,5.1144943606044220e-03,3.4356740255651261e-03,0.0000000000000000e+00,3.3026266883693665e+00,2.2223256253851855e+00,-3.3026266883693678e+00,1.6047348790698912e+00,-4.9073615674392590e+00,-3.3026266883693665e+00,1.6047348790698912e+00,-4.9073615674392572e+00,-2.0053505361283452e-17,-3.8279900359087563e-17,3.7113481262170457e-03,7.3403356838007927e-01,8.6635246049535586e-01,-6.3750206823898203e-04,4.9067240653710202e+00,0.0000000000000000e+00,-1.0803010629841809e+00,4.2558549277297670e-15,9.9713190371219828e-15,2.1279274638648836e-14,3.5835359294440067e-03,-8.9617474167659277e-17
169,2.4591352552026574e+01,6.8301505419777699e+00,3.6199368849448277e-01,-2.0983215165415459e-13,2.0983215165415459e-13,0.0000000000000000e+00,7.0504739229316887e-17,-5.0835258579612899e-03,2.2603263739378091e-03,-7.3438522318990986e-03,-5.0835258579612621e-03,-2.7755575615628914e-17,-1.0224638061522769e-17,-5.0835258579612509e-03,2.2603263739378078e-03,-7.3438522318990587e-03,-8.6736173798840355e-19,-3.4154432488162773e-03,5.0835258579612509e-03,3.4154432488162816e-03,0.0000000000000000e+00,3.3044724978464965e+00,2.2235656559914165e+00,-3.3044724978464979e+00,1.6055555243426887e+00,-4.9100280221891861e+00,-3.3044724978464965e+00,1.6055555243426887e+00,-4.9100280221891843e+00,-2.3088225979324544e-17,-3.8279900359087563e-17,3.3116183102467238e-03,7.3415737155343319e-01,8.6744933032055982e-01,-6.3720415844903400e-04,4.9093908180307375e+00,0.0000000000000000e+00,-1.0809068418550800e+00,1.6005715271679342e-14,2.0606366918536547e-14,2.6090241078691179e-14,3.5428732605275711e-03,-9.1245733683356570e-17
170,2.4952714316980867e+01,6.9305173375629598e+00,3.6136176495429240e-01,-3.7692071686024065e-13,3.7692071686024065e-13,0.0000000000000000e+00,1.0445125606749031e-16,-5.0893494609821326e-03,2.2633324777894537e-03,-7.3526819387715863e-03,-5.0893494609821066e-03,-2.6020852139652106e-17,2.7680757203342626e-17,-5.0893494609821344e-03,2.2633324777894528e-03,-7.3526819387715872e-03,0.0000000000000000e+00,-3.4199122252166004e-03,5.0893494609821344e-03,3.4199122252166064e-03,0.0000000000000000e+00,3.3063105419364534e+00,2.2248006740505097e+00,-3.3063105419364547e+00,1.6063728630160443e+00,-4.9126834049524986e+00,-3.3063105419364534e+00,1.6063728630160443e+00,-4.9126834049524968e+00,-1.9934238968154330e-17,-3.8436616043334221e-17,2.9602136223024524e-03,7.3433406554030922e-01,8.6844170582561830e-01,-6.3687802781431380e-04,4.9120465269246845e+00,0.0000000000000000e+00,-1.0815098678859436e+00,6.6613381477509392e-15,1.1253158423730500e-14,3.0346096006420950e-14,3.5281140463762728e-03,-8.9274793367166191e-17
171,2.5312892362048359e+01,7.0305553596490409e+00,3.6017804506749229e-01,-9.0927265716800321e-13,9.0927265716800321e-13,0.0000000000000000e+00,1.0444887045269263e-16,-5.1267581810538580e-03,2.2804083190994745e-03,-7.4071665001533326e-03,-5.1267581810538329e-03,-2.5153490401663703e-17,-2.9556631651871336e-17,-5.1267581810538043e-03,2.2804083190994732e-03,-7.4071665001532779e-03,8.6736173798840355e-19,-3.4455780644033042e-03,5.1267581810538043e-03,3.4455780644033025e-03,0.0000000000000000e+00,3.3081503507758070e+00,2.2260370734859825e+00,-3.3081503507758083e+00,1.6071911408548027e+00,-4.9153414916306106e+00,-3.3081503507758070e+00,1.6071911408548027e+00,-4.9153414916306089e+00,-2.0272063363985897e-17,-3.8280413715756721e-17,2.6538423642236924e-03,7.3456459547657060e-01,8.6933616973800698e-01,-6.3653327600143861e-04,4.9147049583546094e+00,0.0000000000000000e+00,-1.0821132772898245e+00,9.2055992458502568e-15,1.4244629639877320e-14,2.8865798640254070e-14,3.5358275691782888e-03,-9.1990988039505584e-17
172,2.5680755891639610e+01,7.1327279945496969e+00,3.6786352959125068e-01,-3.3029134982598407e-13,3.3029134982598407e-13,0.0000000000000000e+00,8.7426811498165797e-17,-5.1926654548333766e-03,2.3101887068087811e-03,-7.5028541616421578e-03,-5.1926654548333515e-03,-2.5153490401663703e-17,2.1392186601251604e-17,-5.1926654548333732e-03,2.3101887068087798e-03,-7.5028541616421526e-03,0.0000000000000000e+00,-3.4903761528554552e-03,5.1926654548333732e-03,3.4903761528554521e-03,0.0000000000000000e+00,3.3100484205768295e+00,2.2273128157857047e+00,-3.3100484205768308e+00,1.6080354974672435e+00,-4.9180839180440739e+00,-3.3100484205768295e+00,1.6080354974672435e+00,-4.9180839180440721e+00,-2.1773764150723292e-17,-3.8120878340572315e-17,2.3823557345955732e-03,7.3485719880007905e-01,8.7015978894128532e-01,-6.3615399128358341e-04,4.9174477640527909e+00,0.0000000000000000e+00,-1.0827356047911247e+00,5.4585965377403535e-15,1.3300408250854634e-14,2.7200464103316335e-14,3.5635768455002321e-03,-9.1808564502884479e-17
173,2.6063305030648046e+01,7.2389794991631051e+00,3.8254913900843590e-01,-2.6034729927459921e-13,2.6034729927459921e-13,0.0000000000000000e+00,1.0830126212769019e-16,-5.2858222950026386e-03,2.3521302563660096e-03,-7.6379525513686486e-03,-5.2858222950026134e-03,-2.5153490401663703e-17,-6.3835892534186488e-18,-5.2858222950026073e-03,2.3521302563660083e-03,-7.6379525513686156e-03,0.0000000000000000e+00,-3.5534716825348883e-03,5.2858222950026073e-03,3.5534716825349026e-03,0.0000000000000000e+00,3.3120526888102346e+00,2.2286601247480724e+00,-3.3120526888102360e+00,1.6089272805198160e+00,-4.9209799693300518e+00,-3.3120526888102346e+00,1.6089272805198160e+00,-4.9209799693300500e+00,-1.8903001154154397e-17,-3.8120878340572315e-17,2.1401553677587500e-03,7.3522328341787480e-01,8.7092811753667043e-01,-6.3572419751189990e-04,4.9203442451325401e+00,0.0000000000000000e+00,-1.0833925640621622e+00,1.1934897514720433e-14,2.4096919804472039e-14,3.5157062446463293e-14,3.6103493321873251e-03,-9.7166495331123181e-17
174,2.6455161399113113e+01,7.3478160498077560e+00,3.9185636846506711e-01,-4.1966430330830917e-13,4.1966430330830917e-13,0.0000000000000000e+00,9.1891700873977754e-17,-5.4020290724256749e-03,2.4043670246552823e-03,-7.8063960970809572e-03,-5.4020290724256514e-03,-2.3418766925686896e-17,2.0986363195568734e-17,-5.4020290724256731e-03,2.4043670246552810e-03,-7.8063960970809546e-03,8.6736173798840355e-19,-3.6320302820216496e-03,5.4020290724256731e-03,3.6320302820216392e-03,0.0000000000000000e+00,3.3141467401220019e+00,2.2300679671007875e+00,-3.3141467401220033e+00,1.6098592123953934e+00,-4.9240059525173967e+00,-3.3141467401220019e+00,1.6098592123953934e+00,-4.9240059525173949e+00,-1.6041906170910774e-17,-3.7950937730175471e-17,1.9298065092801654e-03,7.3566351306647226e-01,8.7163062699710903e-01,-6.3526582253192743e-04,4.9233706866948648e+00,0.0000000000000000e+00,-1.0840787730212145e+00,9.0668213677721123e-15,1.7120268618516985e-14,4.7739590058881731e-14,3.6736901053364486e-03,-9.4025763636558198e-17
175,2.6850050027877209e+01,7.4574947987121831e+00,3.9488862876409669e-01,-4.1189274213593308e-13,4.1189274213593308e-13,0.0000000000000000e+00,1.0789540969168121e-16,-5.5352479199065052e-03,2.4642058467479891e-03,-7.9994537666544935e-03,-5.5352479199064827e-03,-2.2551405187698492e-17,-2.4780962070004753e-19,-5.5352479199064818e-03,2.4642058467479878e-03,-7.9994537666544692e-03,-8.6736173798840355e-19,-3.7219837460027265e-03,5.5352479199064818e-03,3.7219837460027282e-03,0.0000000000000000e+00,3.3163062432789596e+00,2.2315199753585069e+00,-3.3163062432789610e+00,1.6108204844280067e+00,-4.9271267277069679e+00,-3.3163062432789596e+00,1.6108204844280067e+00,-4.9271267277069661e+00,-1.1947196679045449e-17,-3.7950937730175471e-17,1.7516643976999966e-03,7.3617316463681814e-01,8.7226084672919468e-01,-6.3480866429377336e-04,4.9264919190426735e+00,0.0000000000000000e+00,-1.0847862679204527e+00,8.6042284408449632e-15,1.6673789707431331e-14,1.8503717077085944e-14,3.7498419617628025e-03,-9.7403831876580745e-17
176,2.7249445802187548e+01,7.5684253893984028e+00,3.9939577431033868e-01,-7.5772721430666934e-13,7.5772721430666934e-13,0.0000000000000000e+00,1.1763372723810806e-16,-5.6814531275738260e-03,2.5298521585554092e-03,-8.2113052861292352e-03,-5.6814531275738052e-03,-2.0816681711721685e-17,1.8818504831843788e-17,-5.6814531275738234e-03,2.5298521585554088e-03,-8.2113052861292318e-03,-8.6736173798840355e-19,-3.8206263610260629e-03,5.6814531275738234e-03,3.8206263610260577e-03,0.0000000000000000e+00,3.3185461947789925e+00,2.2330262186605156e+00,-3.3185461947789938e+00,1.6118177872599961e+00,-4.9303639820389904e+00,-3.3185461947789925e+00,1.6118177872599961e+00,-4.9303639820389886e+00,-8.2386680823774219e-18,-3.8297358343126507e-17,1.6012589385336138e-03,7.3675455274021540e-01,8.7282761770822193e-01,-6.3435787302523750e-04,4.9297296241659652e+00,0.0000000000000000e+00,-1.0855199761184768e+00,1.0824674490095276e-14,2.0574061601265341e-14,3.9597954544963919e-14,3.8360676283194545e-03,-9.7026479170173512e-17
177,2.7655205279831701e+01,7.6811234734212537e+00,4.0575947764415332e-01,-2.7589042161935140e-13,2.7589042161935140e-13,0.0000000000000000e+00,1.1195360504441806e-16,-5.8369746262923478e-03,2.5996730663856524e-03,-8.4366476926780003e-03,-5.8369746262923253e-03,-2.2551405187698492e-17,-2.8144164763129983e-17,-5.8369746262922975e-03,2.5996730663856511e-03,-8.4366476926779482e-03,0.0000000000000000e+00,-3.9254916062974000e-03,5.8369746262922975e-03,3.9254916062973948e-03,0.0000000000000000e+00,3.3208830503933378e+00,2.2345977490506113e+00,-3.3208830503933391e+00,1.6128584639979133e+00,-4.9337415143912526e+00,-3.3208830503933378e+00,1.6128584639979133e+00,-4.9337415143912509e+00,-1.0130655533580270e-17,-3.8473328465993857e-17,1.4744468856355498e-03,7.3741086515711884e-01,8.7333923544918535e-01,-6.3391650597366400e-04,4.9331075978852788e+00,0.0000000000000000e+00,-1.0862853013427265e+00,1.2860083368574731e-14,1.9585666642424525e-14,3.0346096006420950e-14,3.9298664577576432e-03,-1.0052232727447904e-16
178,2.8066914880717956e+01,7.7954741805522021e+00,4.1170960088625463e-01,-2.9531932455029164e-13,2.9531932455029164e-13,0.0000000000000000e+00,8.9103546614797384e-17,-5.9973390286420444e-03,2.6716749645790201e-03,-8.6690139932210641e-03,-5.9973390286420236e-03,-2.0816681711721685e-17,1.6941963762064116e-18,-5.9973390286420245e-03,2.6716749645790193e-03,-8.6690139932210433e-03,-8.6736173798840355e-19,-4.0335712193326316e-03,5.9973390286420245e-03,4.0335712193326576e-03,0.0000000000000000e+00,3.3233192006691556e+00,2.2362361603402956e+00,-3.3233192006691570e+00,1.6139435962948938e+00,-4.9372627969640508e+00,-3.3233192006691556e+00,1.6139435962948938e+00,-4.9372627969640490e+00,-1.5575508497597448e-17,-3.8651879043479464e-17,1.3680798048892264e-03,7.3814147124981544e-01,8.7380055119085276e-01,-6.3349404933643605e-04,4.9366293029147146e+00,0.0000000000000000e+00,-1.0870830403288601e+00,1.0824674490095276e-14,2.0014821659085534e-14,2.9790984494108371e-14,4.0282560481035984e-03,-1.0288292211297160e-16
179,2.8486089902304030e+01,7.9118983786442971e+00,4.1917502158607434e-01,-3.8469227803261674e-13,3.8469227803261674e-13,0.0000000000000000e+00,1.0086588620762533e-16,-6.1588270146706202e-03,2.7441983741051572e-03,-8.9030253887757774e-03,-6.1588270146705985e-03,-2.1684043449710089e-17,-1.0973381469151503e-17,-6.1588270146705881e-03,2.7441983741051564e-03,-8.9030253887757444e-03,8.6736173798840355e-19,-4.1423655260204905e-03,6.1588270146705881e-03,4.1423655260204965e-03,0.0000000000000000e+00,3.3258669812509605e+00,2.2379497345711554e+00,-3.3258669812509618e+00,1.6150786957067189e+00,-4.9409456769576812e+00,-3.3258669812509605e+00,1.6150786957067189e+00,-4.9409456769576785e+00,-1.7520309803415667e-17,-3.8651879043479464e-17,1.2786565842132184e-03,7.3894849697296328e-01,8.7421844842442797e-01,-6.3309372511444195e-04,4.9403125832325667e+00,0.0000000000000000e+00,-1.0879172466798051e+00,7.4940054162198066e-15,1.6579970684277718e-14,3.2936616397212979e-14,4.1287020345253909e-03,-1.0903840829047224e-16
180,2.8915501373633461e+01,8.0311657100132035e+00,4.2941147132943058e-01,-4.1577852272212112e-13,4.1577852272212112e-13,0.0000000000000000e+00,1.1124436103656031e-16,-6.3181353207420908e-03,2.8157696971863773e-03,-9.1339050179284689e-03,-6.3181353207420708e-03,-1.9949319973733282e-17,-1.1179955287845893e-17,-6.3181353207420604e-03,2.8157696971863773e-03,-9.1339050179284377e-03,8.6736173798840355e-19,-4.2496549174815016e-03,6.3181353207420604e-03,4.2496549174815060e-03,0.0000000000000000e+00,3.3285458566280464e+00,2.2397515494941906e+00,-3.3285458566280477e+00,1.6162724527417378e+00,-4.9448183093697855e+00,-3.3285458566280464e+00,1.6162724527417378e+00,-4.9448183093697828e+00,-2.2276758269254969e-17,-3.8279423963395012e-17,1.2028731746328990e-03,7.3983673505449166e-01,8.7460012914496266e-01,-6.3271536765063807e-04,4.9441855940021346e+00,0.0000000000000000e+00,-1.0887943071338557e+00,9.8994886362409797e-15,1.9319520016606615e-14,2.1464311809419694e-14,4.2289346983672557e-03,-1.1672597073374740e-16
181,2.9357248667445440e+01,8.1538592671025825e+00,4.4174729381197864e-01,-4.6240788975637770e-13,4.6240788975637770e-13,0.0000000000000000e+00,1.0265655792276263e-16,-6.4714685434763119e-03,2.8846946200476210e-03,-9.3561631635239329e-03,-6.4714685434762919e-03,-1.9949319973733282e-17,7.1690112847256994e-17,-6.4714685434763639e-03,2.8846946200476202e-03,-9.3561631635239832e-03,0.0000000000000000e+00,-4.3528881553903526e-03,6.4714685434763639e-03,4.3528881553903543e-03,0.0000000000000000e+00,3.3313707430760191e+00,2.2416516245553617e+00,-3.3313707430760204e+00,1.6175315350845427e+00,-4.9489022781605634e+00,-3.3313707430760191e+00,1.6175315350845427e+00,-4.9489022781605607e+00,-8.9116590942518207e-18,-3.8087846613138793e-17,1.1380134868017137e-03,7.4080994000568356e-01,8.7495122064235187e-01,-6.3236094970542389e-04,4.9482699172108582e+00,0.0000000000000000e+00,-1.0897191185206574e+00,9.5294142946992614e-15,1.4269305518616560e-14,1.9613940101711101e-14,4.3263782308348223e-03,-1.1102226538107037e-16
182,2.9814903024558898e+01,8.2809709478718201e+00,4.5765435711345859e-01,-3.1086244689504383e-13,3.1086244689504383e-13,0.0000000000000000e+00,1.1239699209287457e-16,-6.6151218488447426e-03,2.9493177252150888e-03,-9.5644395740598319e-03,-6.6151218488447218e-03,-2.0816681711721685e-17,-5.9898204986538717e-17,-6.6151218488446628e-03,2.9493177252150884e-03,-9.5644395740597521e-03,8.6736173798840355e-19,-4.4495749774208808e-03,6.6151218488446628e-03,4.4495749774208747e-03,0.0000000000000000e+00,3.3343653106324216e+00,2.2436658673583927e+00,-3.3343653106324229e+00,1.6188665156691744e+00,-4.9532318263015975e+00,-3.3343653106324216e+00,1.6188665156691744e+00,-4.9532318263015949e+00,-6.2133500886827393e-18,-3.7889370673846847e-17,1.0815413678633499e-03,7.4187522040751708e-01,8.7527772394390391e-01,-6.3202994989008943e-04,4.9525997963517074e+00,0.0000000000000000e+00,-1.0906994432740289e+00,1.3785269222429028e-14,2.1982454826342175e-14,1.2767564783189300e-14,4.4185091658195067e-03,-1.1241545587769620e-16
183,3.0291649963720346e+01,8.4133855175060326e+00,4.7674693916144761e-01,-4.7795101210112989e-13,4.7795101210112989e-13,0.0000000000000000e+00,8.7873569159617797e-17,-6.7445093587810796e-03,3.0075882424426279e-03,-9.7520976012237075e-03,-6.7445093587810605e-03,-1.9081958235744878e-17,1.5506116914569656e-18,-6.7445093587810614e-03,3.0075882424426270e-03,-9.7520976012236884e-03,-8.6736173798840355e-19,-4.5366322644717566e-03,6.7445093587810614e-03,4.5366322644717532e-03,0.0000000000000000e+00,3.3375498922757023e+00,2.2458079407570142e+00,-3.3375498922757036e+00,1.6202864840126512e+00,-4.9578363762883546e+00,-3.3375498922757023e+00,1.6202864840126512e+00,-4.9578363762883519e+00,-2.0121868344116353e-17,-3.7889370673846847e-17,1.0313554561153194e-03,7.4303888836175702e-01,8.7558450425489898e-01,-6.3173593987975174e-04,4.9572046403484755e+00,0.0000000000000000e+00,-1.0917419515186881e+00,8.3266726846886741e-15,1.6004324758549867e-14,2.1649348980190553e-14,4.5022269316886687e-03,-1.1743565803487253e-16
184,3.0791135668153974e+01,8.5521156889201446e+00,4.9948570443362783e-01,-2.0594637106796654e-13,2.0594637106796654e-13,0.0000000000000000e+00,1.0263582731659159e-16,-6.8545146465371527e-03,3.0572181373725664e-03,-9.9117327839097196e-03,-6.8545146465371328e-03,-1.9949319973733282e-17,5.4673919666197637e-18,-6.8545146465371389e-03,3.0572181373725651e-03,-9.9117327839097040e-03,8.6736173798840355e-19,-4.6106197875948720e-03,6.8545146465371389e-03,4.6106197875948841e-03,0.0000000000000000e+00,3.3409461513181555e+00,2.2480924015744432e+00,-3.3409461513181569e+00,1.6218011260560889e+00,-4.9627472773742456e+00,-3.3409461513181555e+00,1.6218011260560889e+00,-4.9627472773742429e+00,-1.8369172093680238e-17,-3.7889370673846847e-17,9.8565450573141538e-04,7.4430791710997735e-01,8.7587608544207685e-01,-6.3146899830335279e-04,4.9621158083759429e+00,0.0000000000000000e+00,-1.0928537497437123e+00,8.5117098554595340e-15,1.6431509138323379e-14,4.2743586448068527e-14,4.5740849527874262e-03,-1.1419579982447680e-16
185,3.1317177663764173e+01,8.6982217647782605e+00,5.2604199561019982e-01,-4.4686476741162551e-13,4.4686476741162551e-13,0.0000000000000000e+00,1.0765961447441806e-16,-6.9389744819177285e-03,3.0954476322610533e-03,-1.0034422114178782e-02,-6.9389744819177111e-03,-1.7347234759768071e-17,-6.2082259603472782e-17,-6.9389744819176469e-03,3.0954476322610528e-03,-1.0034422114178699e-02,-1.7347234759768071e-18,-4.6673934576436692e-03,6.9389744819176469e-03,4.6673934576436839e-03,0.0000000000000000e+00,3.3445741285919355e+00,2.2505327138758546e+00,-3.3445741285919368e+00,1.6234194063459793e+00,-4.9679935349379161e+00,-3.3445741285919355e+00,1.6234194063459793e+00,-4.9679935349379134e+00,-3.3260071070128974e-17,-3.8117505023630522e-17,9.4291562966608534e-04,7.4568875259262812e-01,8.7615650769510622e-01,-6.3123042857871070e-04,4.9673623045093374e+00,0.0000000000000000e+00,-1.0940414147160809e+00,1.2027416100105864e-14,2.7316237285773092e-14,2.0169051614023679e-14,4.6299313012855272e-03,-1.2613996493695810e-16
186,3.1875211398002271e+01,8.8532134190308902e+00,5.5803373423809788e-01,-7.4218409196191715e-13,7.4218409196191715e-13,0.0000000000000000e+00,1.0769555134162489e-16,-6.9907591534687464e-03,3.1190833427079978e-03,-1.0109842496176745e-02,-6.9907591534687291e-03,-1.7347234759768071e-17,-3.6577427615556279e-17,-6.9907591534686927e-03,3.1190833427079982e-03,-1.0109842496176691e-02,0.0000000000000000e+00,-4.7021593116495768e-03,6.9907591534686927e-03,4.7021593116495760e-03,0.0000000000000000e+00,3.3484607592306839e+00,2.2531469771358497e+00,-3.3484607592306852e+00,1.6251533653092294e+00,-4.9736141245399148e+00,-3.3484607592306839e+00,1.6251533653092294e+00,-4.9736141245399121e+00,-6.0787787908927733e-17,-3.8601522133215435e-17,9.0178747403698190e-04,7.4719049302950991e-01,8.7643006492071129e-01,-6.3101988497105133e-04,4.9729831046549435e+00,0.0000000000000000e+00,-1.0953137820948342e+00,2.4609943712524305e-14,3.9833638146415450e-14,2.0539125955565396e-14,4.6649606378064493e-03,-1.3694597053229131e-16
187,3.2471557084394995e+01,9.0188460658934027e+00,5.9634568639272345e-01,-2.7200464103316335e-13,2.7200464103316335e-13,0.0000000000000000e+00,1.0081785103290773e-16,-7.0012426557142498e-03,3.1242608367625514e-03,-1.0125503492476802e-02,-7.0012426557142333e-03,-1.6479873021779667e-17,-3.6493593247985951e-17,-7.0012426557141960e-03,3.1242608367625514e-03,-1.0125503492476748e-02,-8.6736173798840355e-19,-4.7091173187845305e-03,7.0012426557141960e-03,4.7091173187845288e-03,0.0000000000000000e+00,3.3526327941921368e+00,2.2559531642468538e+00,-3.3526327941921381e+00,1.6270149609942757e+00,-4.9796477551864138e+00,-3.3526327941921368e+00,1.6270149609942757e+00,-4.9796477551864111e+00,-8.2575581955070784e-17,-3.8860145848711175e-17,8.6116425511107493e-04,7.4882221437920538e-01,8.7670074594980341e-01,-6.3083641015593273e-04,4.9790169187762583e+00,0.0000000000000000e+00,-1.0966796299452830e+00,6.9388939039072284e-15,1.7565914951817589e-14,2.3314683517128287e-14,4.6733601244190901e-03,-1.4689905788399742e-16
188,3.3110751567987258e+01,9.1963797960654379e+00,6.3919448359226294e-01,-1.4144241333724494e-12,1.4144241333724494e-12,0.0000000000000000e+00,9.8095404436127767e-17,-6.9603951444676413e-03,3.1064838068390905e-03,-1.0066878951306733e-02,-6.9603951444676257e-03,-1.5612511283791264e-17,-2.1885772307744456e-17,-6.9603951444676031e-03,3.1064838068390896e-03,-1.0066878951306693e-02,-8.6736173798840355e-19,-4.6815244706688696e-03,6.9603951444676031e-03,4.6815244706688531e-03,0.0000000000000000e+00,3.3570948951240314e+00,2.2589543874614586e+00,-3.3570948951240327e+00,1.6290062897967068e+00,-4.9861011849207397e+00,-3.3570948951240314e+00,1.6290062897967068e+00,-4.9861011849207371e+00,-1.0123346616449030e-16,-3.9414558686912360e-17,8.2033460014166264e-04,7.5058420867660181e-01,8.7697106706890593e-01,-6.3067945105754752e-04,4.9854705054696815e+00,0.0000000000000000e+00,-1.0981405076625728e+00,3.1641356201816961e-14,4.3700585539016774e-14,2.0539125955565396e-14,4.6483508030392079e-03,-1.4384385435242091e-16
189,3.3792357865831221e+01,9.3856932392680879e+00,6.8160629784396320e-01,-3.4194869158454821e-13,3.4194869158454821e-13,0.0000000000000000e+00,8.8948746605498145e-17,-6.8586355052402924e-03,3.0614502781635836e-03,-9.9200857834038751e-03,-6.8586355052402768e-03,-1.5612511283791264e-17,5.0369743010607011e-17,-6.8586355052403271e-03,3.0614502781635836e-03,-9.9200857834039098e-03,0.0000000000000000e+00,-4.6129421651745581e-03,6.8586355052403271e-03,4.6129421651745781e-03,0.0000000000000000e+00,3.3618044642845013e+00,2.2621219709585043e+00,-3.3618044642845026e+00,1.6311083411552190e+00,-4.9929128054397216e+00,-3.3618044642845013e+00,1.6311083411552190e+00,-4.9929128054397189e+00,-9.1526039255153272e-17,-3.9710158298473254e-17,7.7909688817549144e-04,7.5245761895108076e-01,8.7724107672872231e-01,-6.3054858724043150e-04,4.9922822568524809e+00,0.0000000000000000e+00,-1.0996824933259970e+00,1.3415194880887309e-14,2.9925751058062876e-14,3.6452322641859311e-14,4.5833870473854458e-03,-1.6545815959512460e-16
190,3.4513608173810596e+01,9.5860176488964228e+00,7.2125030797937484e-01,-6.8389738316909643e-13,6.8389738316909643e-13,0.0000000000000000e+00,1.7194573882151499e-16,-6.6891504175170778e-03,2.9860923290928295e-03,-9.6752427466099064e-03,-6.6891504175170622e-03,-1.5612511283791264e-17,-9.3906889816731415e-18,-6.6891504175170535e-03,2.9860923290928290e-03,-9.6752427466098821e-03,8.6736173798840355e-19,-4.4987957538543044e-03,6.6891504175170535e-03,4.4987957538543096e-03,0.0000000000000000e+00,3.3666901366691149e+00,2.2654078928486676e+00,-3.3666901366691162e+00,1.6332892371392200e+00,-4.9999793738083360e+00,-3.3666901366691149e+00,1.6332892371392200e+00,-4.9999793738083333e+00,-7.6747961585617272e-17,-3.9397365838146423e-17,7.3748479628679914e-04,7.5441154221895779e-01,8.7750976790983448e-01,-6.3044221414099155e-04,4.9993489315941950e+00,0.0000000000000000e+00,-1.1012822438204473e+00,1.8873791418627661e-14,3.5893686666083829e-14,2.3314683517128287e-14,4.4737028494616308e-03,-1.8265772602343640e-16
191,3.5273523288122114e+01,9.7970810549815894e+00,7.5991511431151793e-01,-1.2589929099249275e-12,1.2589929099249275e-12,0.0000000000000000e+00,1.7600142856636804e-16,-6.4484375131312723e-03,2.8788258387994837e-03,-9.3272633519307559e-03,-6.4484375131312593e-03,-1.3010426069826053e-17,-1.1144281292306108e-16,-6.4484375131311483e-03,2.8788258387994828e-03,-9.3272633519306310e-03,0.0000000000000000e+00,-4.3367385170585615e-03,6.4484375131311483e-03,4.3367385170585450e-03,0.0000000000000000e+00,3.3716818624861631e+00,2.2687650208664096e+00,-3.3716818624861644e+00,1.6355176571192109e+00,-5.0071995196053747e+00,-3.3716818624861631e+00,1.6355176571192107e+00,-5.0071995196053720e+00,-1.2265956379191584e-16,-3.9067805191009973e-17,6.9544177305398626e-04,7.5641530912439980e-01,8.7777654713120412e-01,-6.3035909055297878e-04,5.0065691605148226e+00,0.0000000000000000e+00,-1.1029168416197535e+00,1.7208456881689926e-14,4.0735705157591597e-14,1.9798977272481959e-14,4.3167106002571960e-03,-1.9452329004918060e-16
192,3.6071864355515146e+01,1.0018817116981493e+01,7.9834106739303223e-01,-9.5978780478844783e-13,9.5978780478844783e-13,0.0000000000000000e+00,1.6007460506620445e-16,-6.1369214509260682e-03,2.7398299389962671e-03,-8.8767513899223362e-03,-6.1369214509260552e-03,-1.3010426069826053e-17,-5.1738898041170739e-17,-6.1369214509260032e-03,2.7398299389962662e-03,-8.8767513899222703e-03,0.0000000000000000e+00,-4.1270656706967413e-03,6.1369214509260032e-03,4.1270656706967664e-03,0.0000000000000000e+00,3.3767055669406081e+00,2.2721435221011386e+00,-3.3767055669406094e+00,1.6377604589446906e+00,-5.0144660258852998e+00,-3.3767055669406081e+00,1.6377604589446904e+00,-5.0144660258852971e+00,-1.8779689444701889e-16,-3.9067805191009973e-17,6.5281882466605517e-04,7.5843669866984065e-01,8.7804063995568338e-01,-6.3030149450038486e-04,5.0138357243908001e+00,0.0000000000000000e+00,-1.1045620448394695e+00,1.9984014443252818e-14,5.0252620904652871e-14,3.3121653567983841e-14,4.1124293518024577e-03,-1.9397808219193611e-16
193,3.6895588473816410e+01,1.0247603220598712e+01,8.2372411830126424e-01,-1.0647038806155251e-12,1.0647038806155251e-12,0.0000000000000000e+00,2.2135641087744510e-16,-5.7658252712805853e-03,2.5741181763420896e-03,-8.3399434476226740e-03,-5.7658252712805740e-03,-1.1275702593849246e-17,2.1118134656890468e-16,-5.7658252712807848e-03,2.5741181763420900e-03,-8.3399434476228752e-03,0.0000000000000000e+00,-3.8773374520114398e-03,5.7658252712807848e-03,3.8773374520114368e-03,0.0000000000000000e+00,3.3816078567151644e+00,2.2754402320535290e+00,-3.3816078567151657e+00,1.6399490725576935e+00,-5.0215569292728590e+00,-3.3816078567151644e+00,1.6399490725576933e+00,-5.0215569292728564e+00,-1.2212859928036773e-16,-3.9067805191009973e-17,6.1004020888372505e-04,7.6041176767047236e-01,8.7829698776115894e-01,-6.3027691717842949e-04,5.0209266523556808e+00,0.0000000000000000e+00,-1.1061676246616354e+00,3.7377508495713606e-14,8.9850308151754332e-14,7.0499162063697440e-14,3.8680368788878970e-03,-2.0526239003744365e-16
194,3.7741608358411192e+01,1.0482581884788244e+01,8.4601988459478150e-01,-1.0258460747536446e-12,1.0258460747536446e-12,0.0000000000000000e+00,1.5846787623767846e-16,-5.3481000070855021e-03,2.3874912055515630e-03,-7.7355912126370651e-03,-5.3481000070854899e-03,-1.2143064331837650e-17,-6.9028484051435645e-17,-5.3481000070854205e-03,2.3874912055515621e-03,-7.7355912126369827e-03,0.0000000000000000e+00,-3.5962729630140537e-03,5.3481000070854205e-03,3.5962729630140376e-03,0.0000000000000000e+00,3.3863091576058637e+00,2.2786016435639422e+00,-3.3863091576058650e+00,1.6420478826560305e+00,-5.0283570402618949e+00,-3.3863091576058637e+00,1.6420478826560303e+00,-5.0283570402618922e+00,-6.1996525109444238e-17,-3.9067805191009973e-17,5.6693755364650592e-04,7.6230662803960370e-01,8.7854402555711930e-01,-6.3029150566107361e-04,5.0277267487562343e+00,0.0000000000000000e+00,-1.1077075140419215e+00,5.5326114060486972e-14,1.0985887304583763e-13,3.8672768691109624e-14,3.5919495756606863e-03,-2.0291128668736699e-16
195,3.8615822971702961e+01,1.0725391522938367e+01,8.7421461329176964e-01,-1.4649392809928941e-12,1.4649392809928941e-12,0.0000000000000000e+00,2.0355709916894579e-16,-4.8954665540948787e-03,2.1852111312781427e-03,-7.0806776853730210e-03,-4.8954665540948683e-03,-1.0408340855860843e-17,1.0946687972776575e-16,-4.8954665540949776e-03,2.1852111312781431e-03,-7.0806776853731207e-03,0.0000000000000000e+00,-3.2917616863409765e-03,4.8954665540949776e-03,3.2917616863409752e-03,0.0000000000000000e+00,3.3907866953958692e+00,2.2816124538376052e+00,-3.3907866953958705e+00,1.6440466442585755e+00,-5.0348333396544449e+00,-3.3907866953958692e+00,1.6440466442585753e+00,-5.0348333396544422e+00,-4.4320606890282991e-17,-3.9067805191009973e-17,5.2296445525222383e-04,7.6411074120955058e-01,8.7878258952876143e-01,-6.3034906501124865e-04,5.0342029905894350e+00,0.0000000000000000e+00,-1.1091742415582639e+00,2.9790984494108371e-14,6.1011006364008170e-14,2.2759572004815709e-14,3.2918297359691615e-03,-2.0293812260862883e-16
196,3.9516558806871565e+01,1.0975567325173719e+01,9.0073583516860367e-01,-1.2823075934420558e-12,1.2823075934420558e-12,0.0000000000000000e+00,2.2924402094601375e-16,-4.4257605962584072e-03,1.9752747424927426e-03,-6.4010353387511498e-03,-4.4257605962583985e-03,-8.6736173798840355e-18,1.5968201626264053e-16,-4.4257605962585581e-03,1.9752747424927426e-03,-6.4010353387513007e-03,0.0000000000000000e+00,-2.9758032991975946e-03,4.4257605962585581e-03,2.9758032991975803e-03,0.0000000000000000e+00,3.3949846770569043e+00,2.2844351640284666e+00,-3.3949846770569052e+00,1.6459203936176845e+00,-5.0409050706745893e+00,-3.3949846770569043e+00,1.6459203936176843e+00,-5.0409050706745866e+00,7.6895420917030133e-17,-3.9067805191009973e-17,4.7814829213937461e-04,7.6580067430140375e-01,8.7901112194274289e-01,-6.3044908139842093e-04,5.0402746215931913e+00,0.0000000000000000e+00,-1.1105495130284377e+00,4.6999441375798298e-14,8.1596684425715027e-14,4.8109664400423454e-14,2.9794396478884373e-03,-1.9887545415768541e-16
197,4.0450591324878374e+01,1.1234991148877281e+01,9.3403251800680920e-01,-5.7120974616964304e-13,5.7120974616964304e-13,0.0000000000000000e+00,2.0331569531377143e-16,-3.9544594061085023e-03,1.7646306711469415e-03,-5.7190900772554438e-03,-3.9544594061084936e-03,-8.6736173798840355e-18,2.3639657311741814e-16,-3.9544594061087304e-03,1.7646306711469422e-03,-5.7190900772556728e-03,0.0000000000000000e+00,-2.6588277140363725e-03,3.9544594061087304e-03,2.6588277140363937e-03,0.0000000000000000e+00,3.3988983760520353e+00,2.2870666283251317e+00,-3.3988983760520362e+00,1.6476669902529890e+00,-5.0465653663050247e+00,-3.3988983760520353e+00,1.6476669902529888e+00,-5.0465653663050221e+00,2.6187056200065075e-16,-3.9067805191009973e-17,4.3237159279393826e-04,7.6737395853087831e-01,8.7923007397835096e-01,-6.3058615096567294e-04,5.0459347801540595e+00,0.0000000000000000e+00,-1.1118317477269035e+00,5.6621374255882984e-14,1.2194859262556895e-13,5.9581968988216743e-14,2.6649993666272177e-03,-2.1225882688466149e-16
198,4.1432442553605142e+01,1.1507696429639767e+01,9.8185122872676800e-01,-1.7874590696465020e-12,1.7874590696465020e-12,0.0000000000000000e+00,2.0970665360378164e-16,-3.4935403696000353e-03,1.5586437341378768e-03,-5.0521841037379119e-03,-3.4935403696000275e-03,-7.8062556418956319e-18,-2.2680949137952223e-17,-3.4935403696000050e-03,1.5586437341378757e-03,-5.0521841037378806e-03,0.0000000000000000e+00,-2.3488484460896910e-03,3.4935403696000050e-03,2.3488484460896840e-03,0.0000000000000000e+00,3.4025547899177035e+00,2.2895250248205743e+00,-3.4025547899177040e+00,1.6492984707821017e+00,-5.0518532606998052e+00,-3.4025547899177035e+00,1.6492984707821015e+00,-5.0518532606998026e+00,3.6678903600182403e-16,-3.9067805191009973e-17,3.8549895782964802e-04,7.6884122937074861e-01,8.7944099051042279e-01,-6.3075194310058258e-04,5.0512225087567053e+00,0.0000000000000000e+00,-1.1130297650971293e+00,7.8455760406844404e-14,1.1999711741300213e-13,7.9380946260698693e-14,2.3565076411263689e-03,-1.8244816238895427e-16
199,4.2479909715703720e+01,1.1798626275396540e+01,1.0474671620985774e+00,-1.7913448502326901e-12,1.7913448502326901e-12,0.0000000000000000e+00,2.0279448282347332e-16,-3.0575711072335127e-03,1.3638475827438090e-03,-4.4214186899773217e-03,-3.0575711072335062e-03,-6.5052130349130266e-18,2.9721404143053421e-17,-3.0575711072335361e-03,1.3638475827438088e-03,-4.4214186899773451e-03,0.0000000000000000e+00,-2.0557054911971733e-03,3.0575711072335361e-03,2.0557054911971569e-03,0.0000000000000000e+00,3.4059858269913188e+00,2.2918318376270741e+00,-3.4059858269913192e+00,1.6508290776250776e+00,-5.0568149046163962e+00,-3.4059858269913188e+00,1.6508290776250774e+00,-5.0568149046163935e+00,3.7047635871386206e-16,-3.9067805191009973e-17,3.3768861806851423e-04,7.7021550308231046e-01,8.7964494765320367e-01,-6.3093827149507398e-04,5.0561839663449017e+00,0.0000000000000000e+00,-1.1141539893642447e+00,8.0676206456094717e-14,2.2213601914171687e-13,7.7715611723760958e-14,2.0635914188622808e-03,-2.0156330982708025e-16
200,4.3609377996089641e+01,1.2112331606207587e+01,1.1294682803859217e+00,-2.2187807147133753e-12,2.2187807147133753e-12,0.0000000000000000e+00,2.0358636834361782e-16,-2.6631848222061038e-03,1.1876739603596158e-03,-3.8508587825657197e-03,-2.6631848222060973e-03,-6.5052130349130266e-18,5.1520063280217607e-17,-2.6631848222061494e-03,1.1876739603596158e-03,-3.8508587825657652e-03,4.3368086899420177e-19,-1.7905685565600732e-03,2.6631848222061494e-03,1.7905685565600508e-03,0.0000000000000000e+00,3.4092165331723847e+00,2.2940039598943809e+00,-3.4092165331723852e+00,1.6522700089499058e+00,-5.0614865421222905e+00,-3.4092165331723847e+00,1.6522700089499056e+00,-5.0614865421222879e+00,4.1635618896715745e-16,-3.8822890798340393e-17,2.8969235459814764e-04,7.7150770107640032e-01,8.7984148741337953e-01,-6.3112810552778953e-04,5.0608554140167632e+00,0.0000000000000000e+00,-1.1152125732780038e+00,1.0454600148553558e-13,2.5620096186480098e-13,1.3618735768735254e-13,1.7974104322711819e-03,-1.9670315457397983e-16
201,4.4835145640823079e+01,1.2452783703151111e+01,1.2257676447334376e+00,-4.4647618935300670e-12,4.4647618935300670e-12,0.0000000000000000e+00,1.7714245283513950e-16,-2.3280465725943455e-03,1.0380065696708317e-03,-3.3660531422651770e-03,-2.3280465725943394e-03,-6.0715321659188248e-18,-3.8792548632126240e-18,-2.3280465725943359e-03,1.0380065696708315e-03,-3.3660531422651675e-03,4.3368086899420177e-19,-1.5653100073858765e-03,2.3280465725943359e-03,1.5653100073858661e-03,0.0000000000000000e+00,3.4122755781479470e+00,2.2960607235760504e+00,-3.4122755781479470e+00,1.6536340925405182e+00,-5.0659096706884652e+00,-3.4122755781479470e+00,1.6536340925405180e+00,-5.0659096706884625e+00,4.4555446973041201e-16,-3.8291298820987420e-17,2.4284896221131086e-04,7.7273116850410539e-01,8.8002878114447791e-01,-6.3129392972349763e-04,5.0652783767587417e+00,0.0000000000000000e+00,-1.1162148545718966e+00,2.3555231839130408e-13,4.3314229124442910e-13,1.7226960598767013e-13,1.5699318157509799e-03,-1.6739673734869881e-16
202,4.6170234053345951e+01,1.2823599209337241e+01,1.3350884125228717e+00,-4.9271697832864447e-12,4.9271697832864447e-12,0.0000000000000000e+00,2.1191922082743728e-16,-2.0650975386127595e-03,9.2060984102731406e-04,-2.9857073796400735e-03,-2.0650975386127543e-03,-5.2041704279304213e-18,5.2651415587742266e-17,-2.0650975386128068e-03,9.2060984102731438e-04,-2.9857073796401212e-03,0.0000000000000000e+00,-1.3886164782185178e-03,2.0650975386128068e-03,1.3886164782185180e-03,0.0000000000000000e+00,3.4152081960466547e+00,2.2980326000872378e+00,-3.4152081960466547e+00,1.6549415555777682e+00,-5.0701497516244229e+00,-3.4152081960466547e+00,1.6549415555777680e+00,-5.0701497516244203e+00,4.7811204304892336e-16,-3.8001797669523914e-17,1.9886072749990320e-04,7.7390708773195482e-01,8.8020422371156259e-01,-6.3138340675106264e-04,5.0695183682176719e+00,0.0000000000000000e+00,-1.1171755959594170e+00,1.3563224617503997e-13,3.3311260432196995e-13,1.6431300764452317e-13,1.3901836066554493e-03,-1.9211446672513833e-16
203,4.7622660858710482e+01,1.3227004988293716e+01,1.4524268053645315e+00,-3.9634961979118088e-12,3.9634961979118088e-12,0.0000000000000000e+00,2.0274493803972265e-16,-1.8769654158206023e-03,8.3663866588333286e-04,-2.7136040817039350e-03,-1.8769654158205973e-03,-4.9873299934333204e-18,3.5692142125847682e-17,-1.8769654158206333e-03,8.3663866588333242e-04,-2.7136040817039657e-03,2.1684043449710089e-19,-1.2622308839897267e-03,1.8769654158206333e-03,1.2622308839897027e-03,0.0000000000000000e+00,3.4180709749983813e+00,2.2999576809701381e+00,-3.4180709749983813e+00,1.6562176929953301e+00,-5.0742886679937120e+00,-3.4180709749983813e+00,1.6562176929953298e+00,-5.0742886679937094e+00,5.4226831870116669e-16,-3.7844325239748671e-17,1.5946406863459400e-04,7.7506221354973692e-01,8.8036463810558852e-01,-6.3137727137019262e-04,5.0736572907223412e+00,0.0000000000000000e+00,-1.1181132940282432e+00,2.4350891673445102e-13,5.3014985427807072e-13,1.5894692969216825e-13,1.2605197286556771e-03,-1.9509125293033911e-16
204,4.9171821873622640e+01,1.3657278309910632e+01,1.5491610149121584e+00,-3.8857805861880479e-12,3.8857805861880479e-12,0.0000000000000000e+00,4.5697754801957478e-16,-1.7518836432325381e-03,7.8082858215091939e-04,-2.5327122253834575e-03,-1.7518836432325335e-03,-4.5536491244391186e-18,-2.5352605346730215e-16,-1.7518836432322798e-03,7.8082858215091895e-04,-2.5327122253831985e-03,-2.1684043449710089e-19,-1.1782114610965804e-03,1.7518836432322798e-03,1.1782114610965548e-03,0.0000000000000000e+00,3.4208818107440240e+00,2.3018480000402124e+00,-3.4208818107440244e+00,1.6574705515971060e+00,-5.0783523623411311e+00,-3.4208818107440240e+00,1.6574705515971058e+00,-5.0783523623411284e+00,3.7353841711316030e-16,-3.7844325239748671e-17,1.2635762361303129e-04,7.7620755623903637e-01,8.8050536162104187e-01,-6.3127611341484702e-04,5.0777210862277151e+00,0.0000000000000000e+00,-1.1190338107038116e+00,2.5794181605457805e-13,6.4453460928937975e-13,2.7570538444858056e-13,1.1738337287153929e-03,-2.4912303587454440e-16
205,5.0769060128384091e+01,1.4100904894025767e+01,1.5972382547614501e+00,-4.9776849309068893e-12,4.9776849309068893e-12,0.0000000000000000e+00,4.7154619302485730e-16,-1.6627789579266037e-03,7.4109323763048166e-04,-2.4038721955570853e-03,-1.6627789579265995e-03,-4.1199682554449168e-18,1.7825286097184450e-16,-1.6627789579267778e-03,7.4109323763048231e-04,-2.4038721955572601e-03,0.0000000000000000e+00,-1.1183324567024390e-03,1.6627789579267778e-03,1.1183324567024164e-03,0.0000000000000000e+00,3.4236088256108612e+00,2.3036820639398363e+00,-3.4236088256108617e+00,1.6586859874727615e+00,-5.0822948130836236e+00,-3.4236088256108612e+00,1.6586859874727613e+00,-5.0822948130836210e+00,3.1342380580727659e-16,-3.8017498158327605e-17,1.0025370061542657e-04,7.7733160310076499e-01,8.8062300472345456e-01,-6.3112594792658072e-04,5.0816636871356966e+00,0.0000000000000000e+00,-1.1199267616710249e+00,3.7636560534792807e-13,7.8289320280753343e-13,1.4654943925052066e-13,1.1125829478039284e-03,-2.9015600936537283e-16
206,5.2387800333316711e+01,1.4550503559436736e+01,1.6187402049326209e+00,-8.7080342936474153e-12,8.7080342936474153e-12,0.0000000000000000e+00,3.9533273392570329e-16,-1.5786940453954286e-03,7.0361656764254105e-04,-2.2823106130379694e-03,-1.5786940453954245e-03,-4.1199682554449168e-18,-3.6810229555627259e-18,-1.5786940453954206e-03,7.0361656764254083e-04,-2.2823106130379616e-03,-2.1684043449710089e-19,-1.0617766164487579e-03,1.5786940453954206e-03,1.0617766164487503e-03,0.0000000000000000e+00,3.4262323769477017e+00,2.3054465790437604e+00,-3.4262323769477021e+00,1.6598552923958894e+00,-5.0860876693435921e+00,-3.4262323769477017e+00,1.6598552923958891e+00,-5.0860876693435895e+00,4.5471703223024671e-16,-3.8193002323015364e-17,8.0204261026707376e-05,7.7842484773097376e-01,8.8071926424560798e-01,-6.3097615828078268e-04,5.0854566931853107e+00,0.0000000000000000e+00,-1.1207857979039413e+00,6.8759812658451368e-13,1.2354499872767393e-12,2.1723363848498897e-13,1.0560985214337691e-03,-2.7171670383695595e-16
207,5.4057993389006477e+01,1.5014393049874171e+01,1.6701930556897651e+00,-4.1461278854626471e-12,4.1461278854626471e-12,0.0000000000000000e+00,3.9526833558502454e-16,-1.4766841322733028e-03,6.5815608842663929e-04,-2.1348402206999421e-03,-1.4766841322732987e-03,-4.1199682554449168e-18,-2.4698157715905176e-18,-1.4766841322732963e-03,6.5815608842663778e-04,-2.1348402206999339e-03,0.0000000000000000e+00,-9.9312811168466284e-04,1.4766841322732963e-03,9.9312811168467325e-04,0.0000000000000000e+00,3.4287839126551258e+00,2.3071626228472768e+00,-3.4287839126551263e+00,1.6609925040126869e+00,-5.0897764166678137e+00,-3.4287839126551258e+00,1.6609925040126867e+00,-5.0897764166678110e+00,4.4958048816586725e-16,-3.8374085016960269e-17,6.4440297651220796e-05,7.7949769903850374e-01,8.8079951878180607e-01,-6.3084589472595098e-04,5.0891455707730877e+00,0.0000000000000000e+00,-1.1216212898078490e+00,5.4659980245711880e-13,9.9610306402115376e-13,1.8244665038006741e-13,9.8869574543020448e-04,-2.4506039326384510e-16
208,5.5847310603487422e+01,1.5511368802484819e+01,1.7893172144809455e+00,-8.7274631965783556e-12,8.7274631965783556e-12,0.0000000000000000e+00,4.7239897633726659e-16,-1.3437629487804336e-03,5.9891290088027105e-04,-1.9426758496607047e-03,-1.3437629487804300e-03,-3.6862873864507151e-18,1.8278379968551583e-16,-1.3437629487806125e-03,5.9891290088027148e-04,-1.9426758496608840e-03,-2.1684043449710089e-19,-9.0367175646453228e-04,1.3437629487806125e-03,9.0367175646450615e-04,0.0000000000000000e+00,3.4313072499124568e+00,2.3088596111755288e+00,-3.4313072499124573e+00,1.6621171516038655e+00,-5.0934244015163230e+00,-3.4313072499124568e+00,1.6621171516038653e+00,-5.0934244015163204e+00,6.1089994588028065e-16,-3.8568083178080864e-17,5.1454930807032192e-05,7.8056605921437994e-01,8.8086889951507574e-01,-6.3073794360279933e-04,5.0927936635727198e+00,0.0000000000000000e+00,-1.1224476387369280e+00,5.4993047153099427e-13,1.2899443284036290e-12,3.0993726104118957e-13,9.0122870579419079e-04,-3.3051842304791649e-16
209,5.7825406822235891e+01,1.6060777174065244e+01,1.9780962187484690e+00,-1.6172618799714655e-11,1.6172618799714655e-11,0.0000000000000000e+00,3.6135294414011509e-16,-1.1782884455176462e-03,5.2515112880088094e-04,-1.7034395743185271e-03,-1.1782884455176427e-03,-3.4694469519536142e-18,8.1493020154935713e-17,-1.1782884455177240e-03,5.2515112880087964e-04,-1.7034395743186037e-03,-2.1684043449710089e-19,-7.9232414433083576e-04,1.1782884455177240e-03,7.9232414433084606e-04,0.0000000000000000e+00,3.4338016800757321e+00,2.3105370327147168e+00,-3.4338016800757325e+00,1.6632289050072373e+00,-5.0970305850829698e+00,-3.4338016800757321e+00,1.6632289050072371e+00,-5.0970305850829671e+00,8.7228243489491446e-16,-3.8997014421631356e-17,4.0357733969412944e-05,7.8162755496290359e-01,8.8093033738513937e-01,-6.3065492522484945e-04,5.0963999301577445e+00,0.0000000000000000e+00,-1.1232646473610153e+00,1.0458300891968975e-12,1.6597367150525809e-12,3.8543242671570021e-13,7.9204979053695791e-04,-3.0267334196865681e-16
210,6.0044743619245352e+01,1.6677189158516104e+01,2.2193367970094613e+00,-1.5173973189064327e-11,1.5173973189064327e-11,0.0000000000000000e+00,3.0174325322988458e-16,-9.9389260836196770e-04,4.4295020296920894e-04,-1.4368428113311765e-03,-9.9389260836196445e-04,-3.2526065174565133e-18,1.0183942846972201e-16,-9.9389260836206658e-04,4.4295020296921013e-04,-1.4368428113312767e-03,2.1684043449710089e-19,-6.6827489222516545e-04,9.9389260836206658e-04,6.6827489222520491e-04,0.0000000000000000e+00,3.4362120807470533e+00,2.3121578133084695e+00,-3.4362120807470533e+00,1.6643031764616529e+00,-5.1005152572087065e+00,-3.4362120807470533e+00,1.6643031764616527e+00,-5.1005152572087038e+00,1.0757206595541892e-15,-3.8997014421631356e-17,3.0769762280611249e-05,7.8265703309475632e-01,8.8098477481045967e-01,-6.3059879415638953e-04,5.0998846584145499e+00,0.0000000000000000e+00,-1.1240542674385838e+00,1.9521421516325672e-12,3.3354030058218492e-12,6.6187795984736419e-13,6.6967424113646939e-04,-2.2349872201902028e-16
211,6.2543646617374584e+01,1.7371249545431080e+01,2.4989029981292319e+00,-2.5319746299601320e-11,2.5319746299601320e-11,0.0000000000000000e+00,3.7515996599574690e-16,-8.1678141409554034e-04,3.6399858480550516e-04,-1.1807799989010455e-03,-8.1678141409553774e-04,-2.6020852139652106e-18,6.5604450944162647e-18,-8.1678141409554424e-04,3.6399858480550549e-04,-1.1807799989010498e-03,-1.0842021724855044e-19,-5.4916159454615487e-04,8.1678141409554424e-04,5.4916159454615140e-04,0.0000000000000000e+00,3.4384744301187302e+00,2.3136789411518821e+00,-3.4384744301187302e+00,1.6653114198342065e+00,-5.1037858499529367e+00,-3.4384744301187302e+00,1.6653114198342063e+00,-5.1037858499529341e+00,1.2111610440773167e-15,-3.8861548618661244e-17,2.2639045589056745e-05,7.8362605379947514e-01,8.8103216665421846e-01,-6.3056033492392416e-04,5.1031552896180123e+00,0.0000000000000000e+00,-1.1247954889668481e+00,2.4820886087203084e-12,4.7882976001048758e-12,7.0758214102776650e-13,5.5121550421485289e-04,-4.3504792900288816e-16
212,6.5383733684465597e+01,1.8160072452976163e+01,2.8400870670910123e+00,-1.8554602299047929e-11,1.8554602299047929e-11,0.0000000000000000e+00,4.6651210564586693e-16,-6.6966793486605337e-04,2.9842543969407840e-04,-9.6809337456013177e-04,-6.6966793486605120e-04,-2.1684043449710089e-18,2.2712556046195405e-17,-6.6966793486607397e-04,2.9842543969407873e-04,-9.6809337456015270e-04,1.0842021724855044e-19,-4.5025520966066333e-04,6.6966793486607397e-04,4.5025520966070518e-04,0.0000000000000000e+00,3.4405852529046661e+00,2.3150981565220126e+00,-3.4405852529046661e+00,1.6662520907866623e+00,-5.1068373436913284e+00,-3.4405852529046661e+00,1.6662520907866620e+00,-5.1068373436913257e+00,1.2527299800545126e-15,-3.8861548618661244e-17,1.6021480912159783e-05,7.8453293690376802e-01,8.8107261875404053e-01,-6.3051364794164400e-04,5.1062068300433872e+00,0.0000000000000000e+00,-1.1254870963826535e+00,1.8104036788220887e-12,4.8873699203941678e-12,7.0887740122316245e-13,4.5191282920732190e-04,-3.6861358522326769e-16
213,6.8655828621729498e+01,1.9068883831361038e+01,3.2720949372639012e+00,-2.3097079804301757e-11,2.3097079804301757e-11,0.0000000000000000e+00,7.6259126087088371e-16,-5.5789055161192618e-04,2.4860906633258575e-04,-8.0649961794451198e-04,-5.5789055161192466e-04,-1.5178830414797062e-18,1.4247810330860377e-16,-5.5789055161206713e-04,2.4860906633258960e-04,-8.0649961794465673e-04,0.0000000000000000e+00,-3.7512667934302599e-04,5.5789055161206713e-04,3.7512667934306405e-04,0.0000000000000000e+00,3.4425935968590662e+00,2.3164485204721719e+00,-3.4425935968590662e+00,1.6671470652055016e+00,-5.1097406620645680e+00,-3.4425935968590662e+00,1.6671470652055014e+00,-5.1097406620645653e+00,1.5229897401335746e-15,-3.8684167996683228e-17,1.0944982614445210e-05,7.8539930132556957e-01,8.8110637807591297e-01,-6.3044082140462088e-04,5.1091102212431636e+00,0.0000000000000000e+00,-1.1261450763868943e+00,6.8937448342391389e-12,1.4983897693488241e-11,1.0130785099704553e-12,3.7582382559971854e-04,-5.0312949163078784e-16
214,7.2275487851472889e+01,2.0074229812128138e+01,3.6196592297433909e+00,-4.9870108043137407e-11,4.9870108043137407e-11,0.0000000000000000e+00,8.4828044300049711e-16,-4.6862961120952893e-04,2.0883294286744788e-04,-6.7746255407697678e-04,-4.6862961120952779e-04,-1.1384122811097797e-18,-7.9467470351999954e-17,-4.6862961120944826e-04,2.0883294286744742e-04,-6.7746255407689568e-04,-5.4210108624275222e-20,-3.1513747834695320e-04,4.6862961120944826e-04,3.1513747834697537e-04,0.0000000000000000e+00,3.4444514234500034e+00,2.3176977809868440e+00,-3.4444514234500034e+00,1.6679749573008382e+00,-5.1124263807508417e+00,-3.4444514234500034e+00,1.6679749573008380e+00,-5.1124263807508390e+00,1.6370282497102467e-15,-3.8782279056696851e-17,7.3855658221344529e-06,7.8620458256159143e-01,8.8113262090474265e-01,-6.3036826868190232e-04,5.1117960124821593e+00,0.0000000000000000e+00,-1.1267536424631595e+00,7.9639998299777907e-12,1.7215688936643512e-11,1.5826229216031606e-12,3.1510441789361421e-04,-9.0976206830673338e-16
215,7.6050088433787593e+01,2.1122610138444177e+01,3.7746005823147044e+00,-6.7884586840705197e-11,6.7884586840705197e-11,0.0000000000000000e+00,9.6322850027113539e-16,-3.8419594446283074e-04,1.7120329988955631e-04,-5.5539924435238711e-04,-3.8419594446282987e-04,-8.6736173798840355e-19,4.2877589708339061e-16,-3.8419594446325862e-04,1.7120329988955748e-04,-5.5539924435281612e-04,-5.4210108624275222e-20,-2.5835865892676123e-04,3.8419594446325862e-04,2.5835865892681002e-04,0.0000000000000000e+00,3.4460609613695308e+00,2.3187801404136983e+00,-3.4460609613695303e+00,1.6686921998124438e+00,-5.1147531611819739e+00,-3.4460609613695308e+00,1.6686921998124435e+00,-5.1147531611819721e+00,2.2962781451841168e-15,-3.8986900564277386e-17,4.9802810616130327e-06,7.8690517160824014e-01,8.8115171860643215e-01,-6.3032931670981007e-04,5.1141228318652647e+00,0.0000000000000000e+00,-1.1272808209558325e+00,6.0899433644105256e-12,1.4433937999822735e-11,1.5526468999382814e-12,2.5809390745659385e-04,-6.4919576110317095e-16
216,8.0149200294333710e+01,2.2261122183957074e+01,4.0991118605461168e+00,-7.3281936074920395e-11,7.3281936074920395e-11,0.0000000000000000e+00,7.2631066260037135e-16,-2.9729405798137310e-04,1.3247557290832387e-04,-4.2976963088969697e-04,-2.9729405798137245e-04,-6.5052130349130266e-19,7.0380221304773509e-18,-2.9729405798137949e-04,1.3247557290832393e-04,-4.2976963088970342e-04,0.0000000000000000e+00,-1.9991737083606433e-04,2.9729405798137949e-04,1.9991737083616682e-04,0.0000000000000000e+00,3.4474577132454631e+00,2.3197194027682011e+00,-3.4474577132454618e+00,1.6693146066470852e+00,-5.1167723198925463e+00,-3.4474577132454631e+00,1.6693146066470850e+00,-5.1167723198925454e+00,3.1895031478044436e-15,-3.9098007213889016e-17,3.2349591417484538e-06,7.8751486509764979e-01,8.8116619591842682e-01,-6.3031067186680723e-04,5.1161420092206802e+00,0.0000000000000000e+00,-1.1277383104772620e+00,9.2585198766907232e-12,2.1434080756526247e-11,2.1721513476791188e-12,1.9980554727038017e-04,-9.9155990785597023e-16
217,8.5169131287333357e+01,2.3655388087794151e+01,5.0199309929996474e+00,-7.6922912484178596e-11,7.6922912484178596e-11,0.0000000000000000e+00,7.9440451214401550e-16,-2.1115059714912820e-04,9.4086734400540252e-05,-3.0523733154966845e-04,-2.1115059714912763e-04,-5.6920614055488983e-19,-5.0061915088378384e-16,-2.1115059714862700e-04,9.4086734400540198e-05,-3.0523733154916722e-04,0.0000000000000000e+00,-1.4198442650973983e-04,2.1115059714862700e-04,1.4198442650979997e-04,0.0000000000000000e+00,3.4487338917867194e+00,2.3205775644827309e+00,-3.4487338917867190e+00,1.6698832702212378e+00,-5.1186171620079559e+00,-3.4487338917867194e+00,1.6698832702212376e+00,-5.1186171620079541e+00,1.9506315449102071e-15,-3.9098007213889016e-17,1.8978285961502349e-06,7.8807296399322546e-01,8.8117812043157751e-01,-6.3028796783859420e-04,5.1179868740401186e+00,0.0000000000000000e+00,-1.1281563273039885e+00,2.6551353708252161e-11,5.2063834427153415e-11,2.7975769848846239e-12,1.4209925600656696e-04,-1.0122367347941545e-15
218,9.1352302603813101e+01,2.5372739373334369e+01,6.1831713164797435e+00,-1.6368850719317152e-10,1.6368850719317152e-10,0.0000000000000000e+00,1.8082302183343144e-15,-1.4415875371427716e-04,6.4234113991383114e-05,-2.0839286770566026e-04,-1.4415875371427675e-04,-4.0657581468206416e-19,-6.0627488131306548e-16,-1.4415875371367044e-04,6.4234113991375755e-05,-2.0839286770504619e-04,-2.7105054312137611e-20,-9.6933824982903391e-05,1.4415875371367044e-04,9.6933824982616877e-05,0.0000000000000000e+00,3.4498323610800838e+00,2.3213162007225367e+00,-3.4498323610800870e+00,1.6703727326855267e+00,-5.1202050937656125e+00,-3.4498323610800838e+00,1.6703727326855264e+00,-5.1202050937656072e+00,-1.4714261702208746e-15,-3.9181804811066234e-17,1.0184911631483857e-06,7.8855422381958551e-01,8.8118723839358759e-01,-6.3025198119048831e-04,5.1195748417844236e+00,0.0000000000000000e+00,-1.1285161603575471e+00,4.8179238376633293e-11,1.1028210881772526e-10,6.2464848108826727e-12,9.7144307781895040e-05,-2.9939924133246743e-15
219,9.8269038492075978e+01,2.7293835306385947e+01,6.9167358882628776e+00,-3.8254732714904094e-10,3.8254732714904094e-10,0.0000000000000000e+00,1.1139847138309783e-15,-1.0107552102604906e-04,4.5036585498537085e-05,-1.4611210652458614e-04,-1.0107552102604878e-04,-2.8460307027744491e-19,-8.9169279580605865e-16,-1.0107552102515710e-04,4.5036585498535025e-05,-1.4611210652369213e-04,1.3552527156068805e-20,-6.7963037287787888e-05,1.0107552102515710e-04,6.7963037287708389e-05,0.0000000000000000e+00,3.4506804714346431e+00,2.3218864747451002e+00,-3.4506804714346511e+00,1.6707506309698754e+00,-5.1214311024045251e+00,-3.4506804714346431e+00,1.6707506309698752e+00,-5.1214311024045154e+00,-6.6519495661146861e-15,-3.9228674436544755e-17,5.4312916464933509e-07,7.8892670623361849e-01,8.8119315353309646e-01,-6.3022807399581993e-04,5.1208008743305307e+00,0.0000000000000000e+00,-1.1287939966895428e+00,3.9578710679203752e-11,7.3150202457185000e-11,1.0319708051061601e-11,6.8158982741430598e-05,-1.8254195805563186e-15
220,1.0227730436061039e+02,2.8407115238282376e+01,4.0082658685344086e+00,-2.0514201448662561e-10,2.0514201448662561e-10,0.0000000000000000e+00,9.0724570446653842e-16,-8.3089275827651291e-05,3.7022321839553582e-05,-1.2011159766720487e-04,-8.3089275827651074e-05,-2.1684043449710089e-19,-7.7899691736541796e-17,-8.3089275827573161e-05,3.7022321839555466e-05,-1.2011159766712863e-04,-1.3552527156068805e-20,-5.5868890633491600e-05,8.3089275827573161e-05,5.5868890633485481e-05,0.0000000000000000e+00,3.4510495621693482e+00,2.3221346503901610e+00,-3.4510495621693580e+00,1.6709150879286216e+00,-5.1219646500979783e+00,-3.4510495621693482e+00,1.6709150879286214e+00,-5.1219646500979668e+00,-8.5951418032168753e-15,-3.9228674436544755e-17,3.8595761898147543e-07,7.8908916792655892e-01,8.8119530803785862e-01,-6.3022600658513284e-04,5.1213344240913941e+00,0.0000000000000000e+00,-1.1289149117791872e+00,4.2573352250959338e-11,9.0287124235137127e-11,7.2747363688563382e-12,5.6039419185703730e-05,-1.5617065134315338e-15
221,1.0801234497346434e+02,3.0000000000000000e+01,5.7350406128539504e+00,-2.1488366641619905e-10,2.1488366641619905e-10,0.0000000000000000e+00,6.9728376491380351e-16,-6.1999520300545419e-05,2.7625339214917136e-05,-8.9624859515462555e-05,-6.1999520300545270e-05,-1.4907779871675686e-19,1.3773534901763577e-16,-6.1999520300683004e-05,2.7625339214915252e-05,-8.9624859515598256e-05,0.0000000000000000e+00,-4.1688289753370716e-05,6.1999520300683004e-05,4.1688289753330045e-05,0.0000000000000000e+00,3.4514656072384811e+00,2.3224143975859581e+00,-3.4514656072384908e+00,1.6711004664094584e+00,-5.1225660736479472e+00,-3.4514656072384811e+00,1.6711004664094582e+00,-5.1225660736479366e+00,-8.4235618409149331e-15,-3.9267536583368189e-17,2.4014259281861241e-07,7.8927254713958395e-01,8.8119745643288105e-01,-6.3022269440060619e-04,5.1219358509535482e+00,0.0000000000000000e+00,-1.1290512096525229e+00,3.4176365441377740e-11,6.9155662816902196e-11,8.9622753662865762e-12,4.1822145380949921e-05,-2.2934029136448395e-15
