step,t_dless,t_phys_s,dt_dless,min_cone_margin_MPa,max_cone_violation_MPa,max_positive_friction_power,max_abs_normal_power_closed,p_contact_total,p_contact_pert,p_offset,p_contact_metric,p_contact_metric_mismatch,p_normal_total,p_tangent_total,p_tangent_pert,p_tangent_offset,p_cross_metric,p_friction_lumped,d_fric_rate,d_fric_lumped_rate,friction_injection_rate,D_fric,D_fric_lumped,W_contact_total,W_contact_pert,W_offset_external,W_tangent_total,W_tangent_pert,W_tangent_offset,W_normal_total,W_cross_metric,KE,W_elastic,D_vis,bulk_residual_pert,bulk_residual_total,interface_residual_D_fric_plus_W_tangent,coulomb_lumped_residual,endpoint_res_inf,endpoint_res_l2,endpoint_force_res_inf,max_abs_vt,min_gap
0,0.0000000000000000e+00,0.0000000000000000e+00,0.0000000000000000e+00,0.0000000000000000e+00,-0.0000000000000000e+00,0.0000000000000000e+00,0.0000000000000000e+00,0.0000000000000000e+00,0.0000000000000000e+00,0.0000000000000000e+00,0.0000000000000000e+00,0.0000000000000000e+00,0.0000000000000000e+00,0.0000000000000000e+00,0.0000000000000000e+00,0.0000000000000000e+00,0.0000000000000000e+00,0.0000000000000000e+00,-0.0000000000000000e+00,0.0000000000000000e+00,0.0000000000000000e+00,0.0000000000000000e+00,0.0000000000000000e+00,0.0000000000000000e+00,0.0000000000000000e+00,0.0000000000000000e+00,0.0000000000000000e+00,0.0000000000000000e+00,0.0000000000000000e+00,0.0000000000000000e+00,0.0000000000000000e+00,0.0000000000000000e+00,0.0000000000000000e+00,0.0000000000000000e+00,0.0000000000000000e+00,0.0000000000000000e+00,0.0000000000000000e+00,0.0000000000000000e+00,nan,nan,0.0000000000000000e+00,0.0000000000000000e+00,0.0000000000000000e+00
1,3.9685792155974916e-04,1.1022571216019232e-04,3.9685792155974916e-04,-1.9428902930940239e-14,1.9428902930940239e-14,0.0000000000000000e+00,2.0958025922478231e-18,-4.8492453411635231e-03,2.1500437517714389e-03,-6.9992890929349624e-03,-4.8492453411635239e-03,8.6736173798840355e-19,4.0906712363283098e-19,-4.8492453411635248e-03,2.1500437517714393e-03,-6.9992890929349641e-03,8.6736173798840355e-19,-3.3529275080722955e-03,4.8492453411635248e-03,3.3529275080722959e-03,0.0000000000000000e+00,9.6223071361372662e-07,6.6531792099704026e-07,-9.6223071361372619e-07,4.2663094729526922e-07,-1.3888616609089955e-06,-9.6223071361372662e-07,4.2663094729526933e-07,-1.3888616609089959e-06,8.1170764231675129e-23,1.7210968828926478e-22,4.1274691111635242e-07,5.4589384970840681e-12,2.5867460832552211e-08,1.1988883592132531e-08,1.4008505445011279e-06,0.0000000000000000e+00,-2.9691279261668635e-07,2.1684043449710089e-18,3.1708666030019775e-18,2.9420910152566648e-14,4.7126954879720606e-03,-3.8464544718569344e-22
2,7.7057913386748456e-04,2.1402529517995227e-04,3.7372121230773539e-04,-1.3211653993039363e-13,1.3211653993039363e-13,0.0000000000000000e+00,2.0552334253689261e-18,-9.1023626434826831e-03,4.0370520386824264e-03,-1.3139414682165109e-02,-9.1023626434826883e-03,5.2041704279304213e-18,-7.8302018925360607e-19,-9.1023626434826865e-03,4.0370520386824272e-03,-1.3139414682165115e-02,-1.7347234759768071e-18,-6.2941159780000085e-03,9.1023626434826865e-03,6.2941159779999938e-03,0.0000000000000000e+00,3.5692366384458584e-06,2.4679703143972292e-06,-3.5692366384458567e-06,1.5827554170315218e-06,-5.1519920554773789e-06,-3.5692366384458584e-06,1.5827554170315220e-06,-5.1519920554773806e-06,1.1293667716680032e-23,1.0033948174079521e-23,1.4595666787104059e-06,4.5895056806237582e-11,1.3069269218836203e-07,7.5498489240522926e-09,5.1595419044014308e-06,0.0000000000000000e+00,-1.1012663240486292e-06,4.3368086899420177e-18,8.5849218742449218e-18,1.3322676295501878e-14,8.7275513032477117e-03,-9.8283549992272064e-21
3,1.1414258327736401e-03,3.1702649351443774e-04,3.7084669890615559e-04,-8.5487172896137054e-14,8.5487172896137054e-14,0.0000000000000000e+00,7.6953048815267369e-18,-1.3103544219060955e-02,5.8161400159839512e-03,-1.8919684235044906e-02,-1.3103544219060960e-02,5.2041704279304213e-18,3.0088579772824984e-18,-1.3103544219060962e-02,5.8161400159839529e-03,-1.8919684235044913e-02,-1.7347234759768071e-18,-9.0611800214722669e-03,1.3103544219060962e-02,9.0611800214722652e-03,0.0000000000000000e+00,7.6867302665417876e-06,5.3152007304628216e-06,-7.6867302665417842e-06,3.4097672906122152e-06,-1.1096497557154000e-05,-7.6867302665417876e-06,3.4097672906122156e-06,-1.1096497557154003e-05,4.2401596571222702e-22,-6.3328252640693103e-22,3.0392934090779761e-06,1.8230047472331540e-10,3.6787981596355890e-07,-2.4117650959569512e-09,1.1094085792058042e-05,0.0000000000000000e+00,-2.3715295360789660e-06,5.7824115865893572e-18,1.4113519619901317e-17,9.9920072216264089e-15,1.2429224341952989e-02,-1.2336580909073314e-20
4,1.5665836542864144e-03,4.3511239053404892e-04,4.2515782151277427e-04,-1.1268763699945339e-13,1.1268763699945339e-13,0.0000000000000000e+00,1.3327894350773609e-17,-1.7453598142205887e-02,7.7541588747322317e-03,-2.5207757016938118e-02,-1.7453598142205894e-02,6.9388939039072284e-18,-7.9232765321581443e-18,-1.7453598142205887e-02,7.7541588747322334e-03,-2.5207757016938122e-02,0.0000000000000000e+00,-1.2069558924943968e-02,1.7453598142205887e-02,1.2069558924943992e-02,0.0000000000000000e+00,1.4182534305527750e-05,9.8071501991695567e-06,-1.4182534305527745e-05,6.2945266474392698e-06,-2.0477060952967012e-05,-1.4182534305527750e-05,6.2945266474392707e-06,-2.0477060952967019e-05,-6.2068577768421587e-22,-1.0020481533936144e-21,5.4267957899660345e-06,5.6478474143098814e-10,8.5239686477875483e-07,-1.4769207953050186e-08,2.0462291745013966e-05,0.0000000000000000e+00,-4.3753841063581935e-06,1.2143064331837650e-17,2.9337548282921359e-17,6.8463753185217992e-15,1.6372176840334065e-02,-4.2392381730542588e-20
5,2.1138381235435862e-03,5.8711014673264378e-04,5.4725446925717181e-04,-1.3211653993039363e-13,1.3211653993039363e-13,0.0000000000000000e+00,6.7011030995410577e-17,-2.2724314462193102e-02,1.0108095460124750e-02,-3.2832409922317854e-02,-2.2724314462193106e-02,3.4694469519536142e-18,-2.0344948002945651e-17,-2.2724314462193088e-02,1.0108095460124752e-02,-3.2832409922317840e-02,3.4694469519536142e-18,-1.5714592232806062e-02,2.2724314462193088e-02,1.5714592232806066e-02,0.0000000000000000e+00,2.5176305424618448e-05,1.7409650646967330e-05,-2.5176305424618445e-05,1.1182125905318658e-05,-3.6358431329937099e-05,-2.5176305424618448e-05,1.1182125905318658e-05,-3.6358431329937106e-05,-8.3556418850846111e-21,-5.2712978239970598e-23,9.2857144044998604e-06,1.6411019544201590e-09,1.8695484530310359e-06,-2.5221945833340314e-08,3.6333209384103764e-05,0.0000000000000000e+00,-7.7666547776511187e-06,5.4932910072598893e-17,8.9805571201874944e-17,3.3306690738754696e-15,2.1038144240966939e-02,-1.4379513728274964e-19
6,2.8410209651292696e-03,7.8908229401756722e-04,7.2718284158568335e-04,-3.8857805861880479e-14,3.8857805861880479e-14,0.0000000000000000e+00,1.7617376755968588e-17,-2.9230187020253061e-02,1.3023664565568100e-02,-4.2253851585821164e-02,-2.9230187020253071e-02,1.0408340855860843e-17,5.8489097057746804e-18,-2.9230187020253075e-02,1.3023664565568104e-02,-4.2253851585821178e-02,-3.4694469519536142e-18,-2.0213461123724047e-02,2.9230187020253075e-02,2.0213461123724043e-02,0.0000000000000000e+00,4.4066516435204850e-05,3.0472782613189138e-05,-4.4066516435204843e-05,1.9592635398499381e-05,-6.3659151833704228e-05,-4.4066516435204850e-05,1.9592635398499384e-05,-6.3659151833704228e-05,-1.3626277045420449e-20,-5.2712978239970598e-23,1.5579109853333547e-05,4.6308480771363712e-09,3.9834203526956021e-06,-2.5474344393093708e-08,6.3633677489311131e-05,0.0000000000000000e+00,-1.3593733822015713e-05,1.7347234759768071e-17,3.6374080720391038e-17,4.6259292692714861e-15,2.6631763600203744e-02,-1.9314729572599817e-19
7,3.8034799659020274e-03,1.0564014604542947e-03,9.6245900077275787e-04,-5.0515147620444623e-14,5.0515147620444623e-14,0.0000000000000000e+00,3.5942831695530212e-17,-3.7105129872643701e-02,1.6569586446604851e-02,-5.3674716319248555e-02,-3.7105129872643708e-02,6.9388939039072284e-18,-2.7022281117603661e-17,-3.7105129872643680e-02,1.6569586446604855e-02,-5.3674716319248535e-02,0.0000000000000000e+00,-2.5658038794809448e-02,3.7105129872643680e-02,2.5658038794809448e-02,0.0000000000000000e+00,7.5989027841545686e-05,5.2547501600958831e-05,-7.5989027841545672e-05,3.3833780797896071e-05,-1.0982280863944176e-04,-7.5989027841545686e-05,3.3833780797896078e-05,-1.0982280863944175e-04,-2.3815527991430149e-20,-1.7223132015456536e-21,2.5616666002655369e-05,1.2607565550108227e-08,8.2008777916705876e-06,-3.6294380200023782e-09,1.0981917920142174e-04,0.0000000000000000e+00,-2.3441526240586854e-05,2.6020852139652106e-17,6.4532853198195348e-17,3.8857805861880479e-15,3.3163961819438682e-02,-3.2002052641262594e-19
8,5.0566453138500625e-03,1.4044631606949210e-03,1.2531653479480351e-03,-1.1268763699945339e-13,1.1268763699945339e-13,0.0000000000000000e+00,5.5943652195220703e-17,-4.6343281853784640e-02,2.0755212284429017e-02,-6.7098494138213657e-02,-4.6343281853784647e-02,6.9388939039072284e-18,-1.1162959229904919e-17,-4.6343281853784626e-02,2.0755212284429021e-02,-6.7098494138213644e-02,-6.9388939039072284e-18,-3.2042864710529029e-02,4.6343281853784626e-02,3.2042864710529001e-02,0.0000000000000000e+00,1.2827635679997588e-04,8.8701888010050560e-05,-1.2827635679997591e-04,5.7220852992329288e-05,-1.8549720979230521e-04,-1.2827635679997588e-04,5.7220852992329301e-05,-1.8549720979230518e-04,-4.7741737994712614e-20,-6.0701038982778542e-21,4.1090705718983788e-05,3.2661927767947100e-08,1.6149789458289049e-05,5.2304112711493275e-08,1.8554951390501668e-04,0.0000000000000000e+00,-3.9574468789925320e-05,5.2041704279304213e-17,9.3541566626854152e-17,2.7755575615628914e-15,4.0511265986694703e-02,-4.1869861747710991e-19
9,6.6347726003871598e-03,1.8427817492575893e-03,1.5781272865370973e-03,-1.5543122344752192e-14,1.5543122344752192e-14,0.0000000000000000e+00,4.7053690745193999e-17,-5.6710151886684615e-02,2.5487801810425838e-02,-8.2197953697110457e-02,-5.6710151886684622e-02,6.9388939039072284e-18,1.5897977447121530e-18,-5.6710151886684629e-02,2.5487801810425842e-02,-8.2197953697110471e-02,6.9388939039072284e-18,-3.9203729141353325e-02,5.6710151886684629e-02,3.9203729141353408e-02,0.0000000000000000e+00,2.0959207467856453e-04,1.4491998492529147e-04,-2.0959207467856456e-04,9.3709534169734304e-05,-3.0330160884829889e-04,-2.0959207467856453e-04,9.3709534169734331e-05,-3.0330160884829889e-04,-5.5295571673816969e-20,-6.0701038982778542e-21,6.3767825894796632e-05,7.8861039478137118e-08,3.0010498247208823e-05,1.4765101174929354e-07,3.0344925986004815e-04,0.0000000000000000e+00,-6.4672089753273058e-05,1.7347234759768071e-17,5.2224492970596495e-17,3.8857805861880479e-15,4.8386133568332906e-02,-5.8681419864552948e-19
10,8.5345821980970949e-03,2.3704463226477883e-03,1.8998095977099351e-03,-8.1601392309949006e-14,8.1601392309949006e-14,0.0000000000000000e+00,5.6997588157246186e-17,-6.7784257666708897e-02,3.0585508416578810e-02,-9.8369766083287707e-02,-6.7784257666708897e-02,0.0000000000000000e+00,2.6832410822786574e-18,-6.7784257666708911e-02,3.0585508416578814e-02,-9.8369766083287721e-02,1.3877787807814457e-17,-4.6847194644971613e-02,6.7784257666708911e-02,4.6847194644971633e-02,0.0000000000000000e+00,3.2784991174394874e-04,2.2666017037582470e-04,-3.2784991174394874e-04,1.4697384064204936e-04,-4.7482375238599810e-04,-3.2784991174394874e-04,1.4697384064204938e-04,-4.7482375238599821e-04,-5.1236591586364795e-20,1.3703761955923015e-20,9.4996284904861323e-05,1.7431149514030050e-07,5.2082427419293583e-05,2.7918317724583445e-07,4.7510293556324393e-04,0.0000000000000000e+00,-1.0118974136812405e-04,6.9388939039072284e-17,1.4822837374206639e-16,2.7755575615628914e-15,5.6419879541419374e-02,-7.2041494193607818e-19
11,1.0741264988008280e-02,2.9833437068643720e-03,2.2066827899111848e-03,-4.2743586448068527e-14,4.2743586448068527e-14,0.0000000000000000e+00,5.5040187150952087e-17,-7.9221587598786586e-02,3.5893814502739291e-02,-1.1511540210152588e-01,-7.9221587598786614e-02,2.7755575615628914e-17,-2.3745763838702797e-18,-7.9221587598786600e-02,3.5893814502739291e-02,-1.1511540210152589e-01,-1.3877787807814457e-17,-5.4734205966132585e-02,7.9221587598786600e-02,5.4734205966132668e-02,0.0000000000000000e+00,4.9004754612580654e-04,3.3873913462762340e-04,-4.9004754612580644e-04,2.2032322952755308e-04,-7.1037077565335957e-04,-4.9004754612580654e-04,2.2032322952755310e-04,-7.1037077565335967e-04,-5.0896029047449350e-20,1.3703761955923015e-20,1.3580871234244337e-04,3.5263971304409577e-07,8.4604051076420754e-05,4.4217360435514158e-07,7.1081294925771465e-04,0.0000000000000000e+00,-1.5130841149818314e-04,1.5034270125132329e-16,1.9862646926598174e-16,2.5905203907920322e-15,6.4366538148421290e-02,-5.3680875671092934e-19
12,1.3243722128545020e-02,3.6783912427228492e-03,2.5024571405367398e-03,-5.0515147620444623e-14,5.0515147620444623e-14,0.0000000000000000e+00,7.0420073463530886e-17,-9.0814385024743760e-02,4.1315390440998481e-02,-1.3212977546574223e-01,-9.0814385024743760e-02,0.0000000000000000e+00,-4.6105494918487813e-17,-9.0814385024743732e-02,4.1315390440998481e-02,-1.3212977546574223e-01,1.3877787807814457e-17,-6.2720737074941746e-02,9.0814385024743732e-02,6.2720737074941801e-02,0.0000000000000000e+00,7.0280141304573810e-04,4.8570211507985983e-04,-7.0280141304573799e-04,3.1692959264086366e-04,-1.0197310056866016e-03,-7.0280141304573810e-04,3.1692959264086366e-04,-1.0197310056866019e-03,-1.1155567934960749e-19,1.3703761955923015e-20,1.8710090507910692e-04,6.5959735962696305e-07,1.2980229275197884e-04,6.3320254984906409e-07,1.0203642082364508e-03,0.0000000000000000e+00,-2.1709929796587827e-04,6.9388939039072284e-17,1.2518620609626285e-16,3.7007434154171887e-15,7.2108593956374700e-02,-8.7908747073093461e-19
13,1.6008912202353339e-02,4.4464118077298352e-03,2.7651900738083195e-03,-1.5543122344752192e-13,1.5543122344752192e-13,0.0000000000000000e+00,1.3302125103038434e-16,-1.0233536952770572e-01,4.6741919366325817e-02,-1.4907728889403155e-01,-1.0233536952770571e-01,-1.3877787807814457e-17,-1.0153251897819734e-16,-1.0233536952770562e-01,4.6741919366325817e-02,-1.4907728889403143e-01,1.3877787807814457e-17,-7.0650111205618232e-02,1.0233536952770562e-01,7.0650111205618094e-02,0.0000000000000000e+00,9.6984930506921127e-04,6.7009998798025962e-04,-9.6984930506921127e-04,4.3867719214360219e-04,-1.4085264972128135e-03,-9.6984930506921127e-04,4.3867719214360219e-04,-1.4085264972128137e-03,-3.1567926462155176e-19,5.2078483048509670e-20,2.4904981391757943e-04,1.1491330442525485e-06,1.8932524305377725e-04,8.4699787200706892e-07,1.4093734950848206e-03,0.0000000000000000e+00,-2.9974931708895165e-04,1.3877787807814457e-16,2.2213192626336051e-16,3.7007434154171887e-15,7.9527276447182924e-02,-1.1878804064200554e-18
14,1.9289398301364096e-02,5.3575537979764177e-03,3.2804860990107571e-03,-7.3829831137572910e-14,7.3829831137572910e-14,0.0000000000000000e+00,5.7632220084489314e-17,-1.1465488407287500e-01,5.2576363820217999e-02,-1.6723124789309299e-01,-1.1465488407287501e-01,1.3877787807814457e-17,3.9854548863461590e-17,-1.1465488407287504e-01,5.2576363820218006e-02,-1.6723124789309304e-01,-1.3877787807814457e-17,-7.9120497838861367e-02,1.1465488407287504e-01,7.9120497838861353e-02,0.0000000000000000e+00,1.3257660603479731e-03,9.1576018848565444e-04,-1.3257660603479733e-03,6.0158331582913752e-04,-1.9273493761771108e-03,-1.3257660603479731e-03,6.0158331582913752e-04,-1.9273493761771108e-03,-4.1684612640984753e-19,5.2078483048509670e-20,3.2862227692127274e-04,1.9638527359198394e-06,2.7210586792276840e-04,1.1086817508234280e-06,1.9284580579279342e-03,0.0000000000000000e+00,-4.1000587186231863e-04,1.2721305490496587e-16,2.4087058677776639e-16,1.4802973661668755e-15,8.7178609305952559e-02,-9.3852949420044148e-19
15,2.3271068284132813e-02,6.4634468281889101e-03,3.9816699827687173e-03,-2.7200464103316335e-14,2.7200464103316335e-14,0.0000000000000000e+00,9.0380252914981320e-17,-1.2807576381300770e-01,5.8974253198024428e-02,-1.8705001701103213e-01,-1.2807576381300773e-01,2.7755575615628914e-17,2.0780217375218882e-17,-1.2807576381300775e-01,5.8974253198024434e-02,-1.8705001701103219e-01,0.0000000000000000e+00,-8.8337889544202991e-02,1.2807576381300775e-01,8.8337889544203047e-02,0.0000000000000000e+00,1.8090027276405844e-03,1.2491422056886562e-03,-1.8090027276405844e-03,8.2366218749957009e-04,-2.6326649151401545e-03,-1.8090027276405844e-03,8.2366218749957009e-04,-2.6326649151401545e-03,-2.9613231208747151e-19,2.4450097477705418e-20,4.3264863162745292e-04,3.3376896194713348e-06,3.8911778376451110e-04,1.4419175118653409e-06,2.6341068326520200e-03,0.0000000000000000e+00,-5.5986052195192821e-04,1.0408340855860843e-16,1.7583476011348405e-16,2.0354088784794539e-15,9.5209776181857497e-02,-7.5030061911610804e-19
16,2.7639778194447302e-02,7.6768386617023180e-03,4.3687099103144889e-03,-2.3314683517128287e-14,2.3314683517128287e-14,0.0000000000000000e+00,7.8319928517994760e-17,-1.4128661940680093e-01,6.5329106729225317e-02,-2.0661572613602625e-01,-1.4128661940680093e-01,0.0000000000000000e+00,1.0190967657638480e-16,-1.4128661940680101e-01,6.5329106729225317e-02,-2.0661572613602633e-01,-2.7755575615628914e-17,-9.7400963999212609e-02,1.4128661940680101e-01,9.7400963999212636e-02,0.0000000000000000e+00,2.3973857841597382e-03,1.6548617907914420e-03,-2.3973857841597382e-03,1.0951848476993525e-03,-3.4925706318590906e-03,-2.3973857841597382e-03,1.0951848476993525e-03,-3.4925706318590906e-03,-2.8134034286569173e-20,-3.6177931651535184e-20,5.5465287571828585e-04,5.3861837739417030e-06,5.3697116543755950e-04,1.8253772304346102e-06,3.4943960090895254e-03,0.0000000000000000e+00,-7.4252399336829618e-04,1.1564823173178715e-16,1.8434923056615425e-16,1.4802973661668755e-15,1.0283895277019017e-01,-9.8871129092987674e-19
17,3.2554483881375426e-02,9.0418786545296750e-03,4.9147056869281239e-03,-4.6629367034256575e-14,4.6629367034256575e-14,0.0000000000000000e+00,1.2852770446944658e-16,-1.5465824162513900e-01,7.1806267715615338e-02,-2.2646450934075435e-01,-1.5465824162513900e-01,0.0000000000000000e+00,2.4969570945265940e-17,-1.5465824162513903e-01,7.1806267715615352e-02,-2.2646450934075438e-01,0.0000000000000000e+00,-1.0656368335363602e-01,1.5465824162513903e-01,1.0656368335363618e-01,0.0000000000000000e+00,3.1246267299251526e-03,2.1560748969301096e-03,-3.1246267299251526e-03,1.4321748500308905e-03,-4.5568015799560425e-03,-3.1246267299251526e-03,1.4321748500308905e-03,-4.5568015799560433e-03,2.8365304538733983e-19,-1.0438317431258268e-19,7.0003533414021821e-04,8.4382482186169027e-06,7.2596502140114373e-04,2.2637537290882189e-06,4.5590653336851309e-03,0.0000000000000000e+00,-9.6855183299504296e-04,1.3877787807814457e-16,2.8866688228328929e-16,3.5157062446463292e-15,1.1030473253824127e-01,-9.8142408310934430e-19
18,3.8578457659885074e-02,1.0715013455923785e-02,6.0239737785096475e-03,-7.3829831137572910e-14,7.3829831137572910e-14,0.0000000000000000e+00,1.2391428960848976e-16,-1.6937826215232987e-01,7.8977131141734408e-02,-2.4835539329406428e-01,-1.6937826215232987e-01,0.0000000000000000e+00,-1.4151501255401206e-16,-1.6937826215232973e-01,7.8977131141734408e-02,-2.4835539329406414e-01,0.0000000000000000e+00,-1.1663807964710154e-01,1.6937826215232973e-01,1.1663807964710152e-01,0.0000000000000000e+00,4.1006204309428597e-03,2.8283556807468940e-03,-4.1006204309428597e-03,1.8863324705065089e-03,-5.9869529014493685e-03,-4.1006204309428597e-03,1.8863324705065089e-03,-5.9869529014493685e-03,-6.7380296740617119e-20,-1.0438317431258268e-19,8.8805743698585661e-04,1.3362632511406212e-05,9.8803734825154347e-04,3.1249472422973691e-06,5.9900778486916655e-03,0.0000000000000000e+00,-1.2722647501959656e-03,1.1564823173178715e-16,1.7273061315759557e-16,1.6653345369377348e-15,1.1827497129774893e-01,-2.1100310926981207e-18
19,4.5731517565332051e-02,1.2701747446525774e-02,7.1530599054469776e-03,-4.6629367034256575e-14,4.6629367034256575e-14,0.0000000000000000e+00,7.3008851848146619e-17,-1.8490120969264293e-01,8.6616529171065854e-02,-2.7151773886370878e-01,-1.8490120969264295e-01,2.7755575615628914e-17,-5.5759053461927167e-17,-1.8490120969264290e-01,8.6616529171065854e-02,-2.7151773886370878e-01,0.0000000000000000e+00,-1.2724796610768516e-01,1.8490120969264290e-01,1.2724796610768530e-01,0.0000000000000000e+00,5.3677115736314625e-03,3.7006214284401803e-03,-5.3677115736314625e-03,2.4785831565963578e-03,-7.8462947302278211e-03,-5.3677115736314625e-03,2.4785831565963578e-03,-7.8462947302278211e-03,-7.7293690274217464e-19,-1.0438317431258268e-19,1.1223467837127891e-03,2.1051005202507782e-05,1.3395009003601770e-03,4.3155326791160555e-06,7.8506102629069367e-03,0.0000000000000000e+00,-1.6670901451912822e-03,9.2518585385429716e-17,1.8447252412281414e-16,2.4054832200211726e-15,1.2644889692764508e-01,-1.0675493835259230e-18
20,5.3578256979275658e-02,1.4881148166657717e-02,7.8467394139436070e-03,-3.8857805861880479e-14,3.8857805861880479e-14,0.0000000000000000e+00,1.1741955381172363e-16,-1.9999705080299948e-01,9.4132514462444930e-02,-2.9412956526544443e-01,-1.9999705080299948e-01,0.0000000000000000e+00,-4.5142796886523822e-17,-1.9999705080299945e-01,9.4132514462444930e-02,-2.9412956526544437e-01,2.7755575615628914e-17,-1.3755248269416473e-01,1.9999705080299945e-01,1.3755248269416492e-01,0.0000000000000000e+00,6.8778097491262076e-03,4.7395314876618978e-03,-6.8778097491262076e-03,3.1877284789521990e-03,-1.0065538228078407e-02,-6.8778097491262076e-03,3.1877284789521990e-03,-1.0065538228078407e-02,-1.1688121657766897e-18,4.5122102573410625e-21,1.3901550316461171e-03,3.1965527713862730e-05,1.7713133131925117e-03,5.7053936002924958e-06,1.0071243621678699e-02,0.0000000000000000e+00,-2.1382782614643098e-03,9.2518585385429716e-17,1.8884332872402542e-16,3.3306690738754696e-15,1.3423536889571702e-01,-2.6227216500754865e-18
21,6.1885665630443967e-02,1.7188497938540520e-02,8.3074086511683090e-03,-9.7144514654701197e-14,9.7144514654701197e-14,0.0000000000000000e+00,9.0413149832326553e-17,-2.1422854607974204e-01,1.0129410420341918e-01,-3.1552265028316123e-01,-2.1422854607974204e-01,0.0000000000000000e+00,-4.9765906070895649e-17,-2.1422854607974195e-01,1.0129410420341915e-01,-3.1552265028316112e-01,-2.7755575615628914e-17,-1.4725496955103801e-01,2.1422854607974195e-01,1.4725496955103798e-01,0.0000000000000000e+00,8.5983804026657281e-03,5.9225374340114000e-03,-8.5983804026657298e-03,3.9994728702388840e-03,-1.2597853272904615e-02,-8.5983804026657281e-03,3.9994728702388840e-03,-1.2597853272904613e-02,-1.5630348557865046e-18,4.5122102573410625e-21,1.6831610860293653e-03,4.6545621145894054e-05,2.2769552815614536e-03,7.1891184978290640e-06,1.2605042391402442e-02,0.0000000000000000e+00,-2.6758429686543281e-03,1.8503717077085943e-16,2.6797469637754701e-16,2.9605947323337509e-15,1.4148268092233818e-01,-3.0182380273149334e-18
22,7.0835141425480197e-02,1.9674179310582261e-02,8.9494757950362297e-03,-1.0880185641326534e-13,1.0880185641326534e-13,0.0000000000000000e+00,1.4593391259003235e-16,-2.2794050928093901e-01,1.0825614001467559e-01,-3.3619664929561460e-01,-2.2794050928093901e-01,0.0000000000000000e+00,-3.3307409741180737e-17,-2.2794050928093898e-01,1.0825614001467559e-01,-3.3619664929561455e-01,0.0000000000000000e+00,-1.5659250386946721e-01,2.2794050928093898e-01,1.5659250386946710e-01,0.0000000000000000e+00,1.0576971031797952e-02,7.2821752383912626e-03,-1.0576971031797954e-02,4.9371552894757684e-03,-1.5514126321273724e-02,-1.0576971031797952e-02,4.9371552894757684e-03,-1.5514126321273723e-02,-1.9347661703232935e-18,-1.1968671581734332e-19,2.0070478195595002e-03,6.5941425895751796e-05,2.8729724381327086e-03,8.8063941121926254e-06,1.5522932715385915e-02,0.0000000000000000e+00,-3.2947957934066898e-03,1.3877787807814457e-16,2.4952161280682377e-16,2.5905203907920322e-15,1.4842219803810264e-01,-2.7203158869826938e-18
23,8.0405208380701351e-02,2.2332227413576114e-02,9.5700669552211542e-03,-6.2172489379008766e-14,6.2172489379008766e-14,0.0000000000000000e+00,1.2812413257018668e-16,-2.4107685777536611e-01,1.1499039674253209e-01,-3.5606725451789822e-01,-2.4107685777536608e-01,-2.7755575615628914e-17,-5.1414038553713023e-17,-2.4107685777536608e-01,1.1499039674253207e-01,-3.5606725451789817e-01,5.5511151231257827e-17,-1.6552869208487717e-01,2.4107685777536608e-01,1.6552869208487703e-01,0.0000000000000000e+00,1.2821234834743140e-02,8.8235359448807556e-03,-1.2821234834743143e-02,6.0053974416196271e-03,-1.8826632276362772e-02,-1.2821234834743140e-02,6.0053974416196271e-03,-1.8826632276362769e-02,-2.3401611366860136e-18,1.4593600120492899e-19,2.3603361720681893e-03,9.1129177898418342e-05,3.5644884668438151e-03,1.0556375190795206e-05,1.8837188651553566e-02,0.0000000000000000e+00,-3.9976988898623843e-03,1.8503717077085943e-16,3.6077058583367021e-16,1.4802973661668755e-15,1.5514794024779138e-01,-3.1167793120475463e-18
24,9.0937878831943611e-02,2.5257634815988271e-02,1.0532670451242260e-02,-6.9944050551384862e-14,6.9944050551384862e-14,0.0000000000000000e+00,1.6559012697644581e-16,-2.5403677197891855e-01,1.2169026177481386e-01,-3.7572703375373240e-01,-2.5403677197891855e-01,0.0000000000000000e+00,3.6578911930721110e-17,-2.5403677197891855e-01,1.2169026177481387e-01,-3.7572703375373240e-01,-5.5511151231257827e-17,-1.7433629502654854e-01,2.5403677197891855e-01,1.7433629502654838e-01,0.0000000000000000e+00,1.5428669183803267e-02,1.0613378898460927e-02,-1.5428669183803270e-02,7.2518371307927314e-03,-2.2680506314596005e-02,-1.5428669183803267e-02,7.2518371307927314e-03,-2.2680506314596002e-02,-2.4182878865972256e-18,1.4593600120492899e-19,2.7549829811867980e-03,1.2439569337816005e-04,4.3849763032140707e-03,1.2517846986297154e-05,2.2693024161582299e-02,0.0000000000000000e+00,-4.8152902853423399e-03,2.0816681711721685e-16,3.4802240485398756e-16,1.8503717077085944e-15,1.6219304873669371e-01,-5.8302361121800214e-18
25,1.0323044168146446e-01,2.8671845345129395e-02,1.2292562849520849e-02,-1.5543122344752192e-14,1.5543122344752192e-14,0.0000000000000000e+00,7.5221227086330357e-17,-2.6752576166227843e-01,1.2871435327659009e-01,-3.9624011493886852e-01,-2.6752576166227843e-01,0.0000000000000000e+00,4.4616820706662281e-17,-2.6752576166227848e-01,1.2871435327659009e-01,-3.9624011493886857e-01,0.0000000000000000e+00,-1.8349500896539178e-01,2.6752576166227848e-01,1.8349500896539189e-01,0.0000000000000000e+00,1.8634339296173141e-02,1.2812710795384390e-02,-1.8634339296173145e-02,8.7908943649574606e-03,-2.7425233661130609e-02,-1.8634339296173141e-02,8.7908943649574606e-03,-2.7425233661130602e-02,-1.9192360633182625e-18,-1.9525115647481777e-19,3.2205831433997664e-03,1.7085150675054183e-04,5.4144134814149043e-03,1.4953766607751079e-05,2.7440187427738356e-02,0.0000000000000000e+00,-5.8216285007887513e-03,9.2518585385429716e-17,1.7560261482050908e-16,1.2952601953960161e-15,1.6947658360441212e-01,-5.9635488270170922e-18
26,1.1725184069876302e-01,3.2566233256273225e-02,1.4021399017298555e-02,-5.0515147620444623e-14,5.0515147620444623e-14,0.0000000000000000e+00,1.0813604875929855e-16,-2.8112147619569222e-01,1.3587146738040221e-01,-4.1699294357609440e-01,-2.8112147619569222e-01,0.0000000000000000e+00,8.7389156920067370e-17,-2.8112147619569228e-01,1.3587146738040223e-01,-4.1699294357609451e-01,-5.5511151231257827e-17,-1.9271795109660267e-01,2.8112147619569228e-01,1.9271795109660259e-01,0.0000000000000000e+00,2.2480740217045801e-02,1.5450226809638505e-02,-2.2480740217045804e-02,1.0645826047833002e-02,-3.3126566264878810e-02,-2.2480740217045801e-02,1.0645826047833002e-02,-3.3126566264878803e-02,-9.9378182083178150e-19,-5.8442315713635279e-19,3.7553132156253671e-03,2.3420475594434245e-04,6.6741871867061686e-03,1.7879110442875490e-05,3.3144445375321685e-02,0.0000000000000000e+00,-7.0305134074072958e-03,1.3877787807814457e-16,2.4443123106348935e-16,1.1102230246251565e-15,1.7680497931614697e-01,-2.6212669206554426e-18
27,1.3174053312465406e-01,3.6590410056466904e-02,1.4488692425891042e-02,-5.0515147620444623e-14,5.0515147620444623e-14,0.0000000000000000e+00,1.0505279559921629e-16,-2.9350677310905948e-01,1.4248221666992672e-01,-4.3598898977898620e-01,-2.9350677310905954e-01,5.5511151231257827e-17,-6.3628082243218883e-17,-2.9350677310905948e-01,1.4248221666992666e-01,-4.3598898977898615e-01,0.0000000000000000e+00,-2.0111287944357678e-01,2.9350677310905948e-01,2.0111287944357686e-01,0.0000000000000000e+00,2.6643546198748196e-02,1.8303273695403442e-02,-2.6643546198748196e-02,1.2662316504742435e-02,-3.9305862703490638e-02,-2.6643546198748196e-02,1.2662316504742435e-02,-3.9305862703490631e-02,-8.2164836948103840e-19,-9.8656515533476143e-19,4.3094934216815692e-03,3.1157783798777862e-04,8.0621164325548507e-03,2.0871187481763184e-05,3.9326733890972396e-02,0.0000000000000000e+00,-8.3402725033447540e-03,9.2518585385429716e-17,1.9993435411863890e-16,1.4802973661668755e-15,1.8350162696149655e-01,-5.9919183341995306e-18
28,1.4596467018661369e-01,4.0541107654631474e-02,1.4224137061959630e-02,-5.4400928206632670e-14,5.4400928206632670e-14,0.0000000000000000e+00,9.5549736908449704e-17,-3.0430722520640491e-01,1.4831004614250176e-01,-4.5261727134890667e-01,-3.0430722520640485e-01,-5.5511151231257827e-17,-2.3725974037827916e-17,-3.0430722520640491e-01,1.4831004614250176e-01,-4.5261727134890667e-01,5.5511151231257827e-17,-2.0842829001444840e-01,3.0430722520640491e-01,2.0842829001444832e-01,0.0000000000000000e+00,3.0895240323546829e-02,2.1215958558846535e-02,-3.0895240323546829e-02,1.4730451006143119e-02,-4.5625691329689959e-02,-3.0895240323546829e-02,1.4730451006143119e-02,-4.5625691329689952e-02,-1.4429164042109109e-18,-5.9176604354447123e-19,4.8534572245656814e-03,3.9953953017144052e-04,9.5010515776551424e-03,2.3597326249145956e-05,4.5649288655939091e-02,0.0000000000000000e+00,-9.6792817647002941e-03,1.1564823173178715e-16,2.3996938416635225e-16,1.4802973661668755e-15,1.8937030495248960e-01,-7.1090846516826148e-18
29,1.6103943979623539e-01,4.4728065065839935e-02,1.5074769609621702e-02,-5.0515147620444623e-14,5.0515147620444623e-14,0.0000000000000000e+00,1.6686809936075634e-16,-3.1454021519920161e-01,1.5385192723170690e-01,-4.6839214243090854e-01,-3.1454021519920156e-01,-5.5511151231257827e-17,-8.5673574370263203e-17,-3.1454021519920150e-01,1.5385192723170690e-01,-4.6839214243090843e-01,5.5511151231257827e-17,-2.1535473319020471e-01,3.1454021519920150e-01,2.1535473319020468e-01,0.0000000000000000e+00,3.5559731617356136e-02,2.4410174278486092e-02,-3.5559731617356136e-02,1.7007962072845540e-02,-5.2567693690201686e-02,-3.5559731617356136e-02,1.7007962072845540e-02,-5.2567693690201679e-02,-2.2675028980352257e-18,2.4505177203160859e-19,5.4285675667138794e-03,5.0590369071663909e-04,1.1099773933319632e-02,2.6283117904608161e-05,5.2593976808106284e-02,0.0000000000000000e+00,-1.1149557338870044e-02,1.1564823173178715e-16,3.1615781520262557e-16,1.4802973661668755e-15,1.9495496873033713e-01,-1.0163195532443191e-17
30,1.7766640474914999e-01,4.9346138571326567e-02,1.6626964952914602e-02,-5.0515147620444623e-14,5.0515147620444623e-14,0.0000000000000000e+00,1.2477111957716084e-16,-3.2459342968387522e-01,1.5932556764283248e-01,-4.8391899732670773e-01,-3.2459342968387522e-01,0.0000000000000000e+00,-1.3463851898082191e-16,-3.2459342968387506e-01,1.5932556764283248e-01,-4.8391899732670751e-01,-5.5511151231257827e-17,-2.2215496528254258e-01,3.2459342968387506e-01,2.2215496528254258e-01,0.0000000000000000e+00,4.0873157974205876e-02,2.8047403490019392e-02,-4.0873157974205876e-02,1.9611557688505820e-02,-6.0484715662711713e-02,-4.0873157974205876e-02,1.9611557688505820e-02,-6.0484715662711699e-02,-4.0990636254610964e-18,2.4505177203160859e-19,6.0602731280902785e-03,6.3900562541803539e-04,1.2941441808528251e-02,2.9162873530743511e-05,6.0513878536242439e-02,0.0000000000000000e+00,-1.2825754484186484e-02,1.3877787807814457e-16,2.9847103634810502e-16,1.2952601953960161e-15,2.0047817943707638e-01,-9.3924507418531812e-18
31,1.9596039599362633e-01,5.4427222011086351e-02,1.8293991244476338e-02,-4.6629367034256575e-14,4.6629367034256575e-14,0.0000000000000000e+00,7.8828721606605952e-17,-3.3438621004660424e-01,1.6469622089051131e-01,-4.9908243093711557e-01,-3.3438621004660424e-01,0.0000000000000000e+00,-1.1326497000634057e-17,-3.3438621004660424e-01,1.6469622089051128e-01,-4.9908243093711552e-01,0.0000000000000000e+00,-2.2877446111226046e-01,3.3438621004660424e-01,2.2877446111226041e-01,0.0000000000000000e+00,4.6900841853964655e-02,3.2172052979191026e-02,-4.6900841853964655e-02,2.2575383569730097e-02,-6.9476225423694776e-02,-4.6900841853964655e-02,2.2575383569730097e-02,-6.9476225423694762e-02,-5.4342049876433981e-18,-2.6270848526610769e-19,6.7514330861937373e-03,8.0460515588902403e-04,1.5051615952168796e-02,3.2270624521459762e-05,6.9508496048216212e-02,0.0000000000000000e+00,-1.4728788874773628e-02,9.2518585385429716e-17,1.9335056281975671e-16,1.8503717077085944e-15,2.0590711361615871e-01,-7.5801404605573504e-18
32,2.1537398174463052e-01,5.9819268380167649e-02,1.9413585751004186e-02,-5.0515147620444623e-14,5.0515147620444623e-14,0.0000000000000000e+00,1.6310063689297645e-16,-3.4355281384121544e-01,1.6976673300472375e-01,-5.1331954684593917e-01,-3.4355281384121550e-01,5.5511151231257827e-17,-1.9368764159746226e-17,-3.4355281384121550e-01,1.6976673300472375e-01,-5.1331954684593928e-01,0.0000000000000000e+00,-2.3496625747288377e-01,3.4355281384121550e-01,2.3496625747288372e-01,0.0000000000000000e+00,5.3481455541063788e-02,3.6673488082433522e-02,-5.3481455541063788e-02,2.5821946187719751e-02,-7.9303401728783557e-02,-5.3481455541063788e-02,2.5821946187719751e-02,-7.9303401728783543e-02,-5.7321575299866539e-18,-2.6270848526610769e-19,7.4800581325214109e-03,1.0021944182070142e-03,1.7375151366294823e-02,3.5457729303498692e-05,7.9338859458087038e-02,0.0000000000000000e+00,-1.6807967458630266e-02,1.8503717077085943e-16,3.5333137256618115e-16,1.1102230246251565e-15,2.1104541177998537e-01,-7.7558459066830172e-18
33,2.3674606470491094e-01,6.5755279573757874e-02,2.1372082960280425e-02,-3.1086244689504383e-14,3.1086244689504383e-14,0.0000000000000000e+00,1.1998941876958141e-16,-3.5243363776169484e-01,1.7470103284763763e-01,-5.2713467060933250e-01,-3.5243363776169490e-01,5.5511151231257827e-17,2.1958369690853646e-17,-3.5243363776169490e-01,1.7470103284763761e-01,-5.2713467060933250e-01,0.0000000000000000e+00,-2.4096043403923728e-01,3.5243363776169490e-01,2.4096043403923745e-01,0.0000000000000000e+00,6.0918795632508085e-02,4.1759260449437945e-02,-6.0918795632508085e-02,2.9502943022189310e-02,-9.0421738654697409e-02,-6.0918795632508085e-02,2.9502943022189310e-02,-9.0421738654697409e-02,-5.7044848978640396e-18,-2.6270848526610769e-19,8.2761891944317118e-03,1.2454920146164410e-03,2.0020039784149658e-02,3.8777971008499557e-05,9.0460516625705895e-02,0.0000000000000000e+00,-1.9159535183070141e-02,1.3877787807814457e-16,3.0288357997363499e-16,2.0354088784794539e-15,2.1607970251099168e-01,-1.0303750026788327e-17
34,2.5993522979819361e-01,7.2195978115849407e-02,2.3189165093282671e-02,-6.6058269965196814e-14,6.6058269965196814e-14,0.0000000000000000e+00,2.0027896604910083e-16,-3.6087573166873005e-01,1.7941969805670097e-01,-5.4029542972543099e-01,-3.6087573166873010e-01,5.5511151231257827e-17,4.0293437089542055e-18,-3.6087573166873010e-01,1.7941969805670094e-01,-5.4029542972543099e-01,0.0000000000000000e+00,-2.4665382541451852e-01,3.6087573166873010e-01,2.4665382541451833e-01,0.0000000000000000e+00,6.9189319997661827e-02,4.7412944231593902e-02,-6.9189319997661827e-02,3.3608825068136630e-02,-1.0279814506579847e-01,-6.9189319997661827e-02,3.3608825068136630e-02,-1.0279814506579847e-01,-5.4031682096515099e-18,-2.6270848526610769e-19,9.1334099370315169e-03,1.5395861224997904e-03,2.2978592187645752e-02,4.2763179040429533e-05,1.0284090824483888e-01,0.0000000000000000e+00,-2.1776375766067925e-02,1.8503717077085943e-16,2.8286337617034749e-16,1.4802973661668755e-15,2.2093073632233520e-01,-9.7008543553941004e-18
35,2.8363103287295188e-01,7.8777393345908442e-02,2.3695803074758270e-02,-6.9944050551384862e-14,6.9944050551384862e-14,0.0000000000000000e+00,1.2534017087394794e-16,-3.6840679072235011e-01,1.8367141554056257e-01,-5.5207820626291271e-01,-3.6840679072235011e-01,0.0000000000000000e+00,4.7086413475782782e-17,-3.6840679072235016e-01,1.8367141554056254e-01,-5.5207820626291271e-01,0.0000000000000000e+00,-2.5172826237428597e-01,3.6840679072235016e-01,2.5172826237428580e-01,0.0000000000000000e+00,7.7829787515882848e-02,5.3317726135709100e-02,-7.7829787515882834e-02,3.7910692831134352e-02,-1.1574048034701720e-01,-7.7829787515882848e-02,3.7910692831134352e-02,-1.1574048034701720e-01,-4.7975537515181663e-18,-2.6270848526610769e-19,1.0001919202572200e-02,1.8718653888546478e-03,2.6083533400579430e-02,4.6625160871928417e-05,1.1578710550788912e-01,0.0000000000000000e+00,-2.4512061380173748e-02,1.8503717077085943e-16,3.5217877337871740e-16,1.8503717077085944e-15,2.2533182621365988e-01,-9.1043567100631661e-18
36,3.0893916752468048e-01,8.5806627270404598e-02,2.5308134651728598e-02,-2.7200464103316335e-14,2.7200464103316335e-14,0.0000000000000000e+00,1.7064733835930609e-16,-3.7544754955412352e-01,1.8765593208346246e-01,-5.6310348163758595e-01,-3.7544754955412357e-01,5.5511151231257827e-17,7.0559405576532832e-17,-3.7544754955412363e-01,1.8765593208346246e-01,-5.6310348163758606e-01,0.0000000000000000e+00,-2.5646773576871934e-01,3.7544754955412363e-01,2.5646773576871940e-01,0.0000000000000000e+00,8.7242570418377713e-02,5.9748472510945498e-02,-8.7242570418377699e-02,4.2609494087903384e-02,-1.2985206450628109e-01,-8.7242570418377713e-02,4.2609494087903377e-02,-1.2985206450628109e-01,-3.3088556366237157e-18,-2.6270848526610769e-19,1.0921496772499978e-02,2.2613754374129253e-03,2.9477091189895582e-02,5.0469311905103342e-05,1.2990253381818617e-01,0.0000000000000000e+00,-2.7494097907432215e-02,2.3129646346357430e-16,4.0857719923554806e-16,1.4802973661668755e-15,2.2951257524577748e-01,-1.0028501625289496e-17
37,3.3691221881379640e-01,9.3576031211034208e-02,2.7973051289115924e-02,-3.4972025275692431e-14,3.4972025275692431e-14,0.0000000000000000e+00,9.1161305325243627e-17,-3.8221804339548188e-01,1.9149961186051045e-01,-5.7371765525599239e-01,-3.8221804339548182e-01,-5.5511151231257827e-17,5.0234843820379213e-17,-3.8221804339548193e-01,1.9149961186051045e-01,-5.7371765525599239e-01,5.5511151231257827e-17,-2.6102023593639401e-01,3.8221804339548193e-01,2.6102023593639406e-01,0.0000000000000000e+00,9.7839679664166582e-02,6.6986331297949356e-02,-9.7839679664166568e-02,4.7912562826552083e-02,-1.4575224249071866e-01,-9.7839679664166582e-02,4.7912562826552076e-02,-1.4575224249071866e-01,-1.6193637697186751e-18,5.1369965498881521e-19,1.1928601536214143e-02,2.7323671282562393e-03,3.3306169824137248e-02,5.4575662055550422e-05,1.4580681815277419e-01,0.0000000000000000e+00,-3.0853348366217226e-02,1.3877787807814457e-16,2.4364203399728766e-16,9.2518585385429718e-16,2.3361002456137187e-01,-1.1698666630814954e-17
38,3.6660844156547334e-01,1.0182403918428184e-01,2.9696222751676937e-02,-3.8857805861880479e-14,3.8857805861880479e-14,0.0000000000000000e+00,1.0645108481631310e-16,-3.8842326042100389e-01,1.9504920699296138e-01,-5.8347246741396530e-01,-3.8842326042100389e-01,0.0000000000000000e+00,2.8511627510723439e-18,-3.8842326042100395e-01,1.9504920699296138e-01,-5.8347246741396530e-01,5.5511151231257827e-17,-2.6518729869834862e-01,3.8842326042100395e-01,2.6518729869834862e-01,0.0000000000000000e+00,1.0928224757405514e-01,7.4799519379011387e-02,-1.0928224757405512e-01,5.3652082741087237e-02,-1.6293433031514237e-01,-1.0928224757405514e-01,5.3652082741087237e-02,-1.6293433031514237e-01,-8.3113683164726953e-19,2.1621711671542731e-18,1.2987411577921324e-02,3.2774293085786510e-03,3.7445991269582098e-02,5.8749414994840876e-05,1.6299307973013721e-01,0.0000000000000000e+00,-3.4482728195043749e-02,1.3877787807814457e-16,2.8035574000295326e-16,1.1102230246251565e-15,2.3745635877045201e-01,-1.2921267169201831e-17
39,3.9750570261784351e-01,1.1040563077734301e-01,3.0897261052370173e-02,-5.8286708792820718e-14,5.8286708792820718e-14,0.0000000000000000e+00,1.2106567950802865e-16,-3.9398576069406804e-01,1.9825032734311301e-01,-5.9223608803718109e-01,-3.9398576069406804e-01,0.0000000000000000e+00,7.5178989768578611e-17,-3.9398576069406821e-01,1.9825032734311301e-01,-5.9223608803718120e-01,1.1102230246251565e-16,-2.6891728231941803e-01,3.9398576069406821e-01,2.6891728231941814e-01,0.0000000000000000e+00,1.2136939546161603e-01,8.3050703713497750e-02,-1.2136939546161601e-01,5.9728021933165898e-02,-1.8109741739478191e-01,-1.2136939546161603e-01,5.9728021933165898e-02,-1.8109741739478191e-01,3.7432216453068825e-19,4.7348849635189323e-18,1.4078082247528495e-02,3.8920948050793877e-03,4.1820607971240896e-02,6.2763090682885214e-05,1.8116018048546478e-01,0.0000000000000000e+00,-3.8318691748118278e-02,1.8503717077085943e-16,2.7932340032529922e-16,1.4802973661668755e-15,2.4099733101823040e-01,-1.5113876953515544e-17
40,4.2963833825922210e-01,1.1933034275797987e-01,3.2132635641378582e-02,-4.2743586448068527e-14,4.2743586448068527e-14,0.0000000000000000e+00,1.2374236296550902e-16,-3.9896262652131892e-01,2.0112731121545022e-01,-6.0008993773676911e-01,-3.9896262652131892e-01,0.0000000000000000e+00,2.2524430432212765e-17,-3.9896262652131886e-01,2.0112731121545024e-01,-6.0008993773676911e-01,-5.5511151231257827e-17,-2.7224896511163249e-01,3.9896262652131886e-01,2.7224896511163243e-01,0.0000000000000000e+00,1.3410915626602143e-01,9.1745252638554792e-02,-1.3410915626602141e-01,6.6144550004724148e-02,-2.0025370627074557e-01,-1.3410915626602143e-01,6.6144550004724148e-02,-2.0025370627074557e-01,1.9440563656449565e-18,5.6267447617926682e-18,1.5200788620457180e-02,4.5808802863714308e-03,4.6429449925275347e-02,6.6568827379806517e-05,2.0032027509812536e-01,0.0000000000000000e+00,-4.2363903627466643e-02,9.2518585385429716e-17,1.8613258655422468e-16,9.2518585385429718e-16,2.4426057813811120e-01,-1.6975710948497599e-17
41,4.6258358993845233e-01,1.2848075561698891e-01,3.2945251679230236e-02,-5.0515147620444623e-14,5.0515147620444623e-14,0.0000000000000000e+00,9.1659127748948851e-17,-4.0334247583420935e-01,2.0367248065369284e-01,-6.0701495648790216e-01,-4.0334247583420935e-01,0.0000000000000000e+00,4.0174359474152906e-17,-4.0334247583420935e-01,2.0367248065369284e-01,-6.0701495648790216e-01,-5.5511151231257827e-17,-2.7517531483115792e-01,4.0334247583420935e-01,2.7517531483115781e-01,0.0000000000000000e+00,1.4732522802633816e-01,1.0076276797757310e-01,-1.4732522802633813e-01,7.2812665516138617e-02,-2.2013789354247676e-01,-1.4732522802633816e-01,7.2812665516138617e-02,-2.2013789354247676e-01,2.9768700723691553e-18,3.7979159134750677e-18,1.6339857432201028e-02,5.3375038622651642e-03,5.1205394990157277e-02,7.0090768484853960e-05,2.2020798431096161e-01,0.0000000000000000e+00,-4.6562460048765061e-02,9.2518585385429716e-17,2.1384605810815102e-16,1.1102230246251565e-15,2.4723069701841893e-01,-1.6909278803128609e-17
42,4.9627616565747190e-01,1.3783873476112199e-01,3.3692575719019568e-02,-4.6629367034256575e-14,4.6629367034256575e-14,0.0000000000000000e+00,7.0881653892966510e-17,-4.0718089302624039e-01,2.0591263621665942e-01,-6.1309352924289984e-01,-4.0718089302624039e-01,0.0000000000000000e+00,-4.2478511330053246e-17,-4.0718089302624028e-01,2.0591263621665945e-01,-6.1309352924289973e-01,-5.5511151231257827e-17,-2.7773417617913754e-01,4.0718089302624028e-01,2.7773417617913770e-01,0.0000000000000000e+00,1.6097953801502091e-01,1.1007724042338757e-01,-1.6097953801502091e-01,7.9712654297907526e-02,-2.4069219231292843e-01,-1.6097953801502091e-01,7.9712654297907526e-02,-2.4069219231292843e-01,2.9380536669326343e-18,1.9276022473659670e-18,1.7492331191365430e-02,6.1619801292343750e-03,5.6131648187470115e-02,7.3305210162397105e-05,2.4076549752309084e-01,0.0000000000000000e+00,-5.0902297591633339e-02,1.3877787807814457e-16,2.1424595758433605e-16,1.2952601953960161e-15,2.4993293132756045e-01,-1.9417764804087903e-17
43,5.3263494231948905e-01,1.4793724063217298e-01,3.6358776662017145e-02,-3.8857805861880479e-14,3.8857805861880479e-14,0.0000000000000000e+00,1.0302874898086902e-16,-4.1070895051719286e-01,2.0797322707530627e-01,-6.1868217759249911e-01,-4.1070895051719292e-01,5.5511151231257827e-17,-2.9798832589878004e-17,-4.1070895051719281e-01,2.0797322707530627e-01,-6.1868217759249911e-01,-5.5511151231257827e-17,-2.8007981541533522e-01,4.1070895051719281e-01,2.8007981541533505e-01,0.0000000000000000e+00,1.7584827509278483e-01,1.2021795759305344e-01,-1.7584827509278483e-01,8.7236846131406892e-02,-2.6308512122419170e-01,-1.7584827509278483e-01,8.7236846131406892e-02,-2.6308512122419170e-01,1.6240957642783428e-18,-9.0715302502794410e-20,1.8722031337346737e-02,7.1067982219466660e-03,6.1484479458432037e-02,7.6462886318545698e-05,2.6316158411051027e-01,0.0000000000000000e+00,-5.5630317499731394e-02,1.3877787807814457e-16,2.8008846174266692e-16,9.2518585385429718e-16,2.5252331929054139e-01,-2.0523256423234438e-17
44,5.7298238018137659e-01,1.5914358131623083e-01,4.0347437861887547e-02,-4.6629367034256575e-14,4.6629367034256575e-14,0.0000000000000000e+00,1.1284106896494044e-16,-4.1398532483111333e-01,2.0989361186320502e-01,-6.2387893669431838e-01,-4.1398532483111328e-01,-5.5511151231257827e-17,-2.2073119289750476e-17,-4.1398532483111328e-01,2.0989361186320504e-01,-6.2387893669431826e-01,0.0000000000000000e+00,-2.8225058592091234e-01,4.1398532483111328e-01,2.8225058592091246e-01,0.0000000000000000e+00,1.9248542560761991e-01,1.3156225305593572e-01,-1.9248542560761991e-01,9.5666774290714365e-02,-2.8815219989833424e-01,-1.9248542560761991e-01,9.5666774290714365e-02,-2.8815219989833424e-01,5.7764558665927729e-19,-1.2105816649753032e-18,2.0069743486562285e-02,8.2192632579617796e-03,6.7457496513108381e-02,7.9728966918088395e-05,2.8823192886525240e-01,0.0000000000000000e+00,-6.0923172551684196e-02,9.2518585385429716e-17,1.4672292572712841e-16,1.1102230246251565e-15,2.5555582336178961e-01,-2.6324808661142867e-17
45,6.1650429504843307e-01,1.7123162038558404e-01,4.3521914867056477e-02,-4.6629367034256575e-14,4.6629367034256575e-14,0.0000000000000000e+00,5.1225202276243879e-17,-4.1687675376090227e-01,2.1160196357175268e-01,-6.2847871733265492e-01,-4.1687675376090222e-01,-5.5511151231257827e-17,6.6385369932904354e-18,-4.1687675376090222e-01,2.1160196357175268e-01,-6.2847871733265492e-01,0.0000000000000000e+00,-2.8415748669773638e-01,4.1687675376090222e-01,2.8415748669773638e-01,0.0000000000000000e+00,2.1056577993299355e-01,1.4388783501419691e-01,-2.1056577993299355e-01,1.0483892156617497e-01,-3.1540470149916849e-01,-2.1056577993299355e-01,1.0483892156617497e-01,-3.1540470149916849e-01,2.4177429830172182e-19,-1.2105816649753032e-18,2.1503658352193686e-02,9.4912033263146386e-03,7.3927020022633003e-02,8.2960134966364452e-05,3.1548766163413489e-01,0.0000000000000000e+00,-6.6677944918796639e-02,5.5511151231257827e-17,1.3565887578665929e-16,1.1102230246251565e-15,2.5878041145424580e-01,-2.9817145169350514e-17
46,6.6248442103142069e-01,1.8400241783312127e-01,4.5980125982987619e-02,-1.9428902930940239e-14,1.9428902930940239e-14,0.0000000000000000e+00,5.9828403221530944e-17,-4.1932067681983515e-01,2.1305830320773536e-01,-6.3237898002757054e-01,-4.1932067681983509e-01,-5.5511151231257827e-17,1.5469945655344689e-17,-4.1932067681983515e-01,2.1305830320773539e-01,-6.3237898002757054e-01,5.5511151231257827e-17,-2.8575921740395599e-01,4.1932067681983515e-01,2.8575921740395599e-01,0.0000000000000000e+00,2.2979001153536999e-01,1.5699025594139937e-01,-2.2979001153536999e-01,1.1460188784941996e-01,-3.4439189938478992e-01,-2.2979001153536999e-01,1.1460188784941996e-01,-3.4439189938478992e-01,7.5004970704019119e-19,6.5623198561653368e-20,2.2996249216058796e-02,1.0912086829848580e-02,8.0779498207092446e-02,8.5946403579853503e-05,3.4447784578836982e-01,0.0000000000000000e+00,-7.2799755593970616e-02,5.5511151231257827e-17,1.3854638854571220e-16,1.1102230246251565e-15,2.6172474940972590e-01,-3.5959156529620469e-17
47,7.1070583478883120e-01,1.9739572406193906e-01,4.8221413757410514e-02,-1.9428902930940239e-14,1.9428902930940239e-14,0.0000000000000000e+00,1.2684421409384323e-16,-4.2131557261778235e-01,2.1425801098891617e-01,-6.3557358360669847e-01,-4.2131557261778230e-01,-5.5511151231257827e-17,-4.8397107510374998e-17,-4.2131557261778230e-01,2.1425801098891617e-01,-6.3557358360669847e-01,5.5511151231257827e-17,-2.8705521303444587e-01,4.2131557261778230e-01,2.8705521303444592e-01,0.0000000000000000e+00,2.5005834573717456e-01,1.7080121676959217e-01,-2.5005834573717456e-01,1.2490478624550415e-01,-3.7496313198267867e-01,-2.5005834573717456e-01,1.2490478624550415e-01,-3.7496313198267867e-01,-4.3847440794129510e-20,2.7424493902343251e-18,2.4536996817912118e-02,1.2482972795924118e-02,8.7973395098003809e-02,8.8578466335906270e-05,3.7505171044901464e-01,0.0000000000000000e+00,-7.9257128967582385e-02,9.2518585385429716e-17,2.2943863045830894e-16,5.5511151231257827e-16,2.6437921876328735e-01,-3.5970108000794887e-17
48,7.6100933211021493e-01,2.1136732073463660e-01,5.0303497321383728e-02,-1.9428902930940239e-14,1.9428902930940239e-14,0.0000000000000000e+00,1.0009587629237936e-16,-4.2287250612100563e-01,2.1520574992860572e-01,-6.3807825604961133e-01,-4.2287250612100558e-01,-5.5511151231257827e-17,4.0138282882879605e-17,-4.2287250612100569e-01,2.1520574992860572e-01,-6.3807825604961144e-01,5.5511151231257827e-17,-2.8805336948186605e-01,4.2287250612100569e-01,2.8805336948186605e-01,0.0000000000000000e+00,2.7129115211596488e-01,1.8526620328964921e-01,-2.7129115211596488e-01,1.3570655081897712e-01,-4.0699770293494197e-01,-2.7129115211596488e-01,1.3570655081897712e-01,-4.0699770293494197e-01,-2.5157132205762574e-19,5.5348544375028303e-18,2.6117453038463169e-02,1.4205175491359658e-02,9.5474720456689574e-02,9.0798167535294239e-05,4.0708850110247730e-01,0.0000000000000000e+00,-8.6024948826315673e-02,9.2518585385429716e-17,2.3646599343677884e-16,5.5511151231257827e-16,2.6674476503285627e-01,-3.5113260636238288e-17
49,8.1343258460192880e-01,2.2592767099032066e-01,5.2423252491713868e-02,-1.1657341758564144e-14,1.1657341758564144e-14,0.0000000000000000e+00,8.9579254683973155e-17,-4.2401269116262208e-01,2.1591253681214681e-01,-6.3992522797476892e-01,-4.2401269116262214e-01,5.5511151231257827e-17,-1.3615114583758316e-17,-4.2401269116262208e-01,2.1591253681214687e-01,-6.3992522797476892e-01,-5.5511151231257827e-17,-2.8876823019729286e-01,4.2401269116262208e-01,2.8876823019729286e-01,0.0000000000000000e+00,2.9348939038031213e-01,2.0038563547097663e-01,-2.9348939038031213e-01,1.4700686221877990e-01,-4.4049625259909203e-01,-2.9348939038031213e-01,1.4700686221877990e-01,-4.4049625259909203e-01,4.4364405225490237e-19,5.5348544375028303e-18,2.7735384756500170e-02,1.6085871291569506e-02,1.0327818042509622e-01,9.2574254385996424e-05,4.4058882685347800e-01,0.0000000000000000e+00,-9.3103754909335507e-02,1.3877787807814457e-16,1.6723869957884607e-16,5.5511151231257827e-16,2.6883380971363313e-01,-3.3569293564964275e-17
50,8.6788113654119314e-01,2.4105054012698485e-01,5.4448551939264345e-02,-2.3314683517128287e-14,2.3314683517128287e-14,0.0000000000000000e+00,6.0423106003552679e-17,-4.2475435542614060e-01,2.1638828533490603e-01,-6.4114264076104666e-01,-4.2475435542614060e-01,0.0000000000000000e+00,3.6443084903834429e-17,-4.2475435542614060e-01,2.1638828533490606e-01,-6.4114264076104666e-01,-5.5511151231257827e-17,-2.8921246592139160e-01,4.2475435542614060e-01,2.8921246592139160e-01,0.0000000000000000e+00,3.1659645869057423e-01,2.1612074144723181e-01,-3.1659645869057423e-01,1.5877593910281015e-01,-4.7537239779338442e-01,-3.1659645869057423e-01,1.5877593910281015e-01,-4.7537239779338442e-01,1.0651190160752269e-18,2.5123526364793306e-18,2.9384371945510326e-02,1.8127132559604488e-02,1.1135831691914835e-01,9.3882321453020445e-05,4.7546628011483738e-01,0.0000000000000000e+00,-1.0047571724334242e-01,9.2518585385429716e-17,1.6704665507579199e-16,7.4014868308343773e-16,2.7065305087106017e-01,-2.8225705391260336e-17
51,9.2511144617666219e-01,2.5694603142000205e-01,5.7230309635469045e-02,-7.7715611723760958e-15,7.7715611723760958e-15,0.0000000000000000e+00,3.4133476110426294e-17,-4.2512096532833527e-01,2.1664631521250891e-01,-6.4176728054084420e-01,-4.2512096532833521e-01,-5.5511151231257827e-17,-8.6534642952409005e-18,-4.2512096532833527e-01,2.1664631521250893e-01,-6.4176728054084420e-01,5.5511151231257827e-17,-2.8940140029568751e-01,4.2512096532833527e-01,2.8940140029568751e-01,0.0000000000000000e+00,3.4091577256973532e-01,2.3267786680872146e-01,-3.4091577256973532e-01,1.7116729123891025e-01,-5.1208306380864566e-01,-3.4091577256973532e-01,1.7116729123891025e-01,-5.1208306380864566e-01,1.8603233121162364e-18,2.5123526364793306e-18,3.1083072009602242e-02,2.0364066624351248e-02,1.1981485761624464e-01,9.4705011287860019e-05,5.1217776881993338e-01,0.0000000000000000e+00,-1.0823790576101386e-01,9.2518585385429716e-17,1.8011446347287821e-16,7.4014868308343773e-16,2.7223183861579320e-01,-2.7960421713069438e-17
52,9.8616045497967009e-01,2.7390215124630690e-01,6.1049008803007898e-02,-2.7200464103316335e-14,2.7200464103316335e-14,0.0000000000000000e+00,7.8052152252736345e-17,-4.2511701499758475e-01,2.1668946391455418e-01,-6.4180647891213893e-01,-4.2511701499758481e-01,5.5511151231257827e-17,-2.2534935919764245e-17,-4.2511701499758475e-01,2.1668946391455413e-01,-6.4180647891213893e-01,-5.5511151231257827e-17,-2.8933733337173573e-01,4.2511701499758475e-01,2.8933733337173578e-01,0.0000000000000000e+00,3.6686886554251968e-01,2.5034357983187355e-01,-3.6686886554251968e-01,1.8439465113620343e-01,-5.5126351667872320e-01,-3.6686886554251968e-01,1.8439465113620343e-01,-5.5126351667872320e-01,9.0831285247744500e-19,2.5123526364793306e-18,3.2856332855725381e-02,2.2847921421314300e-02,1.2878562317403905e-01,9.5226314875296314e-05,5.5135874299359844e-01,0.0000000000000000e+00,-1.1652528571064613e-01,1.3877787807814457e-16,2.4234307023929637e-16,7.4014868308343773e-16,2.7358984696420413e-01,-3.2124648544714166e-17
53,1.0505874042651042e+00,2.9179648063095143e-01,6.4426949285434132e-02,-1.9428902930940239e-14,1.9428902930940239e-14,0.0000000000000000e+00,6.4501845784669269e-17,-4.2473565284023074e-01,2.1651479589893913e-01,-6.4125044873916992e-01,-4.2473565284023063e-01,-1.1102230246251565e-16,-4.5076549843013428e-17,-4.2473565284023068e-01,2.1651479589893910e-01,-6.4125044873916981e-01,1.1102230246251565e-16,-2.8901646051029256e-01,4.2473565284023068e-01,2.8901646051029256e-01,0.0000000000000000e+00,3.9424557290795859e-01,2.6897436510561146e-01,-3.9424557290795859e-01,1.9834966557482242e-01,-5.9259523848278106e-01,-3.9424557290795859e-01,1.9834966557482242e-01,-5.9259523848278106e-01,-1.2696880296982195e-18,4.3005596990554868e-18,3.4684145765300323e-02,2.5572586241697164e-02,1.3818815520666758e-01,9.5221638842651890e-05,5.9269046012162363e-01,0.0000000000000000e+00,-1.2527120780234713e-01,9.2518585385429716e-17,1.8809110323806735e-16,9.2518585385429718e-16,2.7470484606417700e-01,-3.2284427359706187e-17
54,1.1171336331049435e+00,3.1027943149814752e-01,6.6546228839839294e-02,-1.5543122344752192e-14,1.5543122344752192e-14,0.0000000000000000e+00,9.9641904005562392e-17,-4.2399805190171602e-01,2.1613245878389559e-01,-6.4013051068561166e-01,-4.2399805190171608e-01,5.5511151231257827e-17,4.9746014030294702e-17,-4.2399805190171613e-01,2.1613245878389559e-01,-6.4013051068561166e-01,0.0000000000000000e+00,-2.8845463555574274e-01,4.2399805190171613e-01,2.8845463555574280e-01,0.0000000000000000e+00,4.2248558657787966e-01,2.8818862695921305e-01,-4.2248558657787966e-01,2.1274518718334851e-01,-6.3523077376122827e-01,-4.2248558657787966e-01,2.1274518718334851e-01,-6.3523077376122827e-01,-1.1143204135150925e-18,7.9946174720536970e-18,3.6525198736618851e-02,2.8492237213287565e-02,1.4782239096125285e-01,9.4639727810763574e-05,6.3532541348903893e-01,0.0000000000000000e+00,-1.3429695961866661e-01,5.5511151231257827e-17,1.6132824698803698e-16,5.5511151231257827e-16,2.7555790699780069e-01,-3.2624463930478758e-17
55,1.1857198518961158e+00,3.2932898147542711e-01,6.8586218791172326e-02,-2.7200464103316335e-14,2.7200464103316335e-14,0.0000000000000000e+00,6.4090520661688653e-17,-4.2292837031405195e-01,2.1555628197762000e-01,-6.3848465229167195e-01,-4.2292837031405195e-01,0.0000000000000000e+00,-7.6698326974543460e-18,-4.2292837031405195e-01,2.1555628197762000e-01,-6.3848465229167195e-01,0.0000000000000000e+00,-2.8766848671828760e-01,4.2292837031405195e-01,2.8766848671828749e-01,0.0000000000000000e+00,4.5152932702493737e-01,3.0794568021668300e-01,-4.5152932702493737e-01,2.2754913639512600e-01,-6.7907846342006351e-01,-4.5152932702493737e-01,2.2754913639512600e-01,-6.7907846342006351e-01,3.2860267588052228e-19,7.9946174720536970e-18,3.8372954916763277e-02,3.1607338082033337e-02,1.5766232249677259e-01,9.3479100443188967e-05,6.7917194252050650e-01,0.0000000000000000e+00,-1.4358364680825436e-01,9.2518585385429716e-17,2.0356716984015872e-16,5.5511151231257827e-16,2.7615988239236589e-01,-2.8283740290367132e-17
56,1.2573477758812477e+00,3.4922335299455176e-01,7.1627923985131847e-02,-2.7200464103316335e-14,2.7200464103316335e-14,0.0000000000000000e+00,5.4646062432424682e-17,-4.2152659355773942e-01,2.1478767492461737e-01,-6.3631426848235684e-01,-4.2152659355773942e-01,0.0000000000000000e+00,-2.7029965060933254e-17,-4.2152659355773936e-01,2.1478767492461737e-01,-6.3631426848235673e-01,-5.5511151231257827e-17,-2.8665734136384152e-01,4.2152659355773936e-01,2.8665734136384141e-01,0.0000000000000000e+00,4.8177260500547531e-01,3.2851456359496534e-01,-4.8177260500547531e-01,2.4296145851135315e-01,-7.2473406351682867e-01,-4.8177260500547531e-01,2.4296145851135315e-01,-7.2473406351682867e-01,-9.1413456218809544e-19,6.0065432116938501e-18,4.0248933591479019e-02,3.4969219107702787e-02,1.6783501091269593e-01,9.1705100524586136e-05,7.2482576861735304e-01,0.0000000000000000e+00,-1.5325804141050997e-01,9.2518585385429716e-17,2.0730409254725470e-16,7.4014868308343773e-16,2.7652549918072156e-01,-2.8007422559477998e-17
57,1.3326058087031583e+00,3.7012597283131188e-01,7.5258032821910570e-02,-1.9428902930940239e-14,1.9428902930940239e-14,0.0000000000000000e+00,4.5157752290778984e-17,-4.1978823562094142e-01,2.1382472171181935e-01,-6.3361295733276080e-01,-4.1978823562094131e-01,-1.1102230246251565e-16,3.6030779374560098e-17,-4.1978823562094136e-01,2.1382472171181932e-01,-6.3361295733276068e-01,0.0000000000000000e+00,-2.8541798733760432e-01,4.1978823562094136e-01,2.8541798733760432e-01,0.0000000000000000e+00,5.1343045451941993e-01,3.5004119552697466e-01,-5.1343045451941993e-01,2.5908972141832448e-01,-7.7252017593774469e-01,-5.1343045451941993e-01,2.5908972141832448e-01,-7.7252017593774469e-01,-5.7544277266866977e-19,3.9177131910218287e-18,4.2161093622137845e-02,3.8614668704352428e-02,1.7840321127522241e-01,8.9252183388233153e-05,7.7260942812113265e-01,0.0000000000000000e+00,-1.6338925899244527e-01,9.2518585385429716e-17,1.7809827686695220e-16,5.5511151231257827e-16,2.7665565262363279e-01,-2.7625678782761437e-17
58,1.4113771386689711e+00,3.9200439700176154e-01,7.8771329965812820e-02,-1.1657341758564144e-14,1.1657341758564144e-14,0.0000000000000000e+00,7.5114495221021156e-17,-4.1772246380506672e-01,2.1267254854885487e-01,-6.3039501235392159e-01,-4.1772246380506667e-01,-5.5511151231257827e-17,-2.0395470499289417e-17,-4.1772246380506661e-01,2.1267254854885484e-01,-6.3039501235392148e-01,-5.5511151231257827e-17,-2.8395708089928473e-01,4.1772246380506661e-01,2.8395708089928473e-01,0.0000000000000000e+00,5.4641637034661228e-01,3.7246641121417223e-01,-5.4641637034661228e-01,2.7588760002093549e-01,-8.2230397036754810e-01,-5.4641637034661228e-01,2.7588760002093549e-01,-8.2230397036754810e-01,4.0364264597004495e-20,1.7313695858120552e-18,4.4098207942186690e-02,4.2547931505875089e-02,1.8932753671108687e-01,8.6076138213153630e-05,8.2239004650576097e-01,0.0000000000000000e+00,-1.7394995913244005e-01,4.6259292692714858e-17,1.3948921909492560e-16,5.5511151231257827e-16,2.7654711276372945e-01,-2.7142645770578786e-17
59,1.4935840948829602e+00,4.1483705272297144e-01,8.2206956213989102e-02,-1.1657341758564144e-14,1.1657341758564144e-14,0.0000000000000000e+00,4.3739099730386262e-17,-4.1533989307429298e-01,2.1133760931012821e-01,-6.2667750238442121e-01,-4.1533989307429287e-01,-1.1102230246251565e-16,2.3493852292488050e-17,-4.1533989307429298e-01,2.1133760931012818e-01,-6.2667750238442110e-01,1.1102230246251565e-16,-2.8228219201516724e-01,4.1533989307429298e-01,2.8228219201516730e-01,0.0000000000000000e+00,5.8065813069436434e-01,3.9574081477173195e-01,-5.8065813069436434e-01,2.9331589226163551e-01,-8.7397402295600013e-01,-5.8065813069436434e-01,2.9331589226163551e-01,-8.7397402295600013e-01,1.6771853280085503e-19,4.0130709751401249e-18,4.6050111364771662e-02,4.6774232525472997e-02,2.0057369731352737e-01,8.2148942136484049e-05,8.7405617189813634e-01,0.0000000000000000e+00,-1.8491731592263239e-01,9.2518585385429716e-17,1.4076817540049393e-16,5.5511151231257827e-16,2.7619928522244724e-01,-2.4195170874225868e-17
60,1.5788704153779445e+00,4.3852498964794151e-01,8.5286320494984302e-02,-1.9428902930940239e-14,1.9428902930940239e-14,0.0000000000000000e+00,3.4668031011967534e-17,-4.1266204798133055e-01,2.0983233506052668e-01,-6.2249438304185722e-01,-4.1266204798133055e-01,0.0000000000000000e+00,-2.2694221002644913e-17,-4.1266204798133049e-01,2.0983233506052662e-01,-6.2249438304185711e-01,-5.5511151231257827e-17,-2.8040844276097016e-01,4.1266204798133049e-01,2.8040844276097010e-01,0.0000000000000000e+00,6.1596675015203384e-01,4.1973572168025386e-01,-6.1596675015203384e-01,3.1127590969086072e-01,-9.2724265984289489e-01,-6.1596675015203384e-01,3.1127590969086072e-01,-9.2724265984289478e-01,2.0181733803254475e-19,6.3802418926174237e-18,4.8000482631936903e-02,5.1283044604697382e-02,2.1206985797630409e-01,7.7475522077652403e-05,9.2732013536497226e-01,0.0000000000000000e+00,-1.9623102847177998e-01,4.6259292692714858e-17,1.1893227266156160e-16,5.5511151231257827e-16,2.7561577154638495e-01,-2.1414425868290349e-17
61,1.6664574015561271e+00,4.6285192733262015e-01,8.7586986178182613e-02,-1.5543122344752192e-14,1.5543122344752192e-14,0.0000000000000000e+00,8.3779566235187196e-17,-4.0972845019455140e-01,2.0817921256788252e-01,-6.1790766276243392e-01,-4.0972845019455140e-01,0.0000000000000000e+00,8.6134436202254067e-18,-4.0972845019455140e-01,2.0817921256788247e-01,-6.1790766276243381e-01,0.0000000000000000e+00,-2.7836333961582732e-01,4.0972845019455140e-01,2.7836333961582732e-01,0.0000000000000000e+00,6.5198210275043367e-01,4.4420628987015137e-01,-6.5198210275043367e-01,3.2958209551308582e-01,-9.8156419826351982e-01,-6.5198210275043367e-01,3.2958209551308582e-01,-9.8156419826351970e-01,-4.1482908895347706e-19,3.9492146748038317e-18,4.9925087691868195e-02,5.6038203791601668e-02,2.2369093133243034e-01,7.2127302814362082e-05,9.8163632556633384e-01,0.0000000000000000e+00,-2.0777581288028230e-01,9.2518585385429716e-17,1.7993616169994811e-16,5.5511151231257827e-16,2.7480866710605673e-01,-2.4426019984119508e-17
62,1.7563899002281860e+00,4.8783032180062830e-01,8.9932498672058880e-02,-1.5543122344752192e-14,1.5543122344752192e-14,0.0000000000000000e+00,5.9919010208211554e-17,-4.0655298360491277e-01,2.0638771117737692e-01,-6.1294069478228974e-01,-4.0655298360491277e-01,0.0000000000000000e+00,-2.0471918597153071e-17,-4.0655298360491277e-01,2.0638771117737686e-01,-6.1294069478228963e-01,0.0000000000000000e+00,-2.7615637582663122e-01,4.0655298360491277e-01,2.7615637582663122e-01,0.0000000000000000e+00,6.8868721723103199e-01,4.6914096165648106e-01,-6.8868721723103199e-01,3.4822361517268585e-01,-1.0369108324037182e+00,-6.8868721723103199e-01,3.4822361517268585e-01,-1.0369108324037180e+00,-9.4806023151107228e-19,3.9492146748038317e-18,5.1819512758846421e-02,6.1045303944783372e-02,2.3542493287025726e-01,6.6134401201178861e-05,1.0369769668049189e+00,0.0000000000000000e+00,-2.1954625557455093e-01,4.6259292692714858e-17,1.4306766044258731e-16,3.7007434154171886e-16,2.7378660546827038e-01,-2.5495769716098999e-17
63,1.8486297354752665e+00,5.1344956984206502e-01,9.2239835247080570e-02,-1.5543122344752192e-14,1.5543122344752192e-14,0.0000000000000000e+00,4.1694942495009613e-17,-4.0315148523893296e-01,2.0446752019118430e-01,-6.0761900543011726e-01,-4.0315148523893291e-01,-5.5511151231257827e-17,1.9891068113579698e-17,-4.0315148523893296e-01,2.0446752019118428e-01,-6.0761900543011726e-01,5.5511151231257827e-17,-2.7379840652051884e-01,4.0315148523893296e-01,2.7379840652051879e-01,0.0000000000000000e+00,7.2603072063352259e-01,4.9450483091500363e-01,-7.2603072063352259e-01,3.6717222459860449e-01,-1.0932029452321275e+00,-7.2603072063352259e-01,3.6717222459860449e-01,-1.0932029452321272e+00,-9.7484900796506978e-19,6.5093843967773295e-18,5.3677645070613483e-02,6.6305150180119010e-02,2.4724894334120645e-01,5.9513993334425752e-05,1.0932624592254614e+00,0.0000000000000000e+00,-2.3152588971851895e-01,4.6259292692714858e-17,1.1532396206805452e-16,5.5511151231257827e-16,2.7255845350299657e-01,-2.9382165406403482e-17
64,1.9424246006659285e+00,5.3950072127675652e-01,9.3794865190661936e-02,-1.9428902930940239e-14,1.9428902930940239e-14,0.0000000000000000e+00,4.3914738166526629e-17,-3.9956697247429951e-01,2.0244287123365923e-01,-6.0200984370795874e-01,-3.9956697247429951e-01,0.0000000000000000e+00,-8.4382433832184197e-18,-3.9956697247429951e-01,2.0244287123365923e-01,-6.0200984370795874e-01,0.0000000000000000e+00,-2.7131905105100013e-01,3.9956697247429951e-01,2.7131905105100002e-01,0.0000000000000000e+00,7.6367615539715694e-01,5.2006944013800216e-01,-7.6367615539715694e-01,3.8625527725279085e-01,-1.1499314326499481e+00,-7.6367615539715694e-01,3.8625527725279085e-01,-1.1499314326499479e+00,-4.3774093214681218e-19,9.1127148699344671e-18,5.5480255486937899e-02,7.1775962469064897e-02,2.5905143083076587e-01,5.2371533977801921e-05,1.1499838041839257e+00,0.0000000000000000e+00,-2.4360671525915478e-01,4.6259292692714858e-17,8.6078339206154432e-17,5.5511151231257827e-16,2.7114421059970384e-01,-2.8888940334256808e-17
65,2.0390001072706396e+00,5.6632418482486402e-01,9.6575506604711148e-02,-1.5543122344752192e-14,1.5543122344752192e-14,0.0000000000000000e+00,3.5926471171408234e-17,-3.9576349256798055e-01,2.0029672887488870e-01,-5.9606022144286919e-01,-3.9576349256798049e-01,-5.5511151231257827e-17,-3.4493516596622256e-18,-3.9576349256798055e-01,2.0029672887488870e-01,-5.9606022144286919e-01,5.5511151231257827e-17,-2.6869332600910861e-01,3.9576349256798055e-01,2.6869332600910861e-01,0.0000000000000000e+00,8.0208087668696626e-01,5.4614542458169935e-01,-8.0208087668696626e-01,4.0570266770792174e-01,-1.2077835443948883e+00,-8.0208087668696626e-01,4.0570266770792174e-01,-1.2077835443948881e+00,-1.0117661889357378e-18,1.1793223646119197e-17,5.7246345037500264e-02,7.7530959616527742e-02,2.7096997489666180e-01,4.4611842768049748e-05,1.2078281562376560e+00,0.0000000000000000e+00,-2.5593545210526691e-01,4.6259292692714858e-17,8.9101690304933455e-17,3.7007434154171886e-16,2.6953355332623175e-01,-2.7167965662516754e-17
66,2.1394862077042789e+00,5.9423380028363204e-01,1.0048610043363926e-01,-1.1657341758564144e-14,1.1657341758564144e-14,0.0000000000000000e+00,3.9222730882260398e-17,-3.9170436669120878e-01,1.9800919463406691e-01,-5.8971356132527575e-01,-3.9170436669120873e-01,-5.5511151231257827e-17,5.4610745037838163e-18,-3.9170436669120873e-01,1.9800919463406691e-01,-5.8971356132527564e-01,0.0000000000000000e+00,-2.6589596222154460e-01,3.9170436669120873e-01,2.6589596222154460e-01,0.0000000000000000e+00,8.4164566388385720e-01,5.7300482103564587e-01,-8.4164566388385720e-01,4.2571477222443893e-01,-1.2673604361082964e+00,-8.4164566388385720e-01,4.2571477222443893e-01,-1.2673604361082962e+00,-9.1069109705621347e-19,1.4582273205024754e-17,5.8988901373568617e-02,8.3643224952849315e-02,2.8311869462205863e-01,3.6048724037618385e-05,1.2673964848323338e+00,0.0000000000000000e+00,-2.6864084284821133e-01,9.2518585385429716e-17,1.3722723859273096e-16,5.5511151231257827e-16,2.6771012614904155e-01,-2.3928808662726679e-17
67,2.2423390309939122e+00,6.2280076361960102e-01,1.0285282328963330e-01,-7.7715611723760958e-15,7.7715611723760958e-15,0.0000000000000000e+00,5.1967848961083231e-17,-3.8746237825120317e-01,1.9561869552111003e-01,-5.8308107377231322e-01,-3.8746237825120317e-01,0.0000000000000000e+00,-1.6384058836473568e-17,-3.8746237825120322e-01,1.9561869552111005e-01,-5.8308107377231333e-01,5.5511151231257827e-17,-2.6297710627701071e-01,3.8746237825120322e-01,2.6297710627701071e-01,0.0000000000000000e+00,8.8171541364921757e-01,6.0020286516410992e-01,-8.8171541364921757e-01,4.4595764213843975e-01,-1.3276730557876575e+00,-8.8171541364921757e-01,4.4595764213843975e-01,-1.3276730557876573e+00,-1.4724209857389996e-18,1.7437012519121090e-17,6.0674260158754670e-02,9.0023276736863486e-02,2.9528694395113891e-01,2.6838708317322713e-05,1.3276998944959746e+00,0.0000000000000000e+00,-2.8151254848510765e-01,9.2518585385429716e-17,1.7128436244882048e-16,3.7007434154171886e-16,2.6570562851416041e-01,-2.7220551096987076e-17
68,2.3444310763988070e+00,6.5115642391842410e-01,1.0209204540489480e-01,-7.7715611723760958e-15,7.7715611723760958e-15,0.0000000000000000e+00,4.2980150388546082e-17,-3.8318097291295983e-01,1.9320460066436226e-01,-5.7638557357732212e-01,-3.8318097291295983e-01,0.0000000000000000e+00,3.6775797268420195e-17,-3.8318097291295983e-01,1.9320460066436224e-01,-5.7638557357732201e-01,-5.5511151231257827e-17,-2.6003516047396602e-01,3.8318097291295983e-01,2.6003516047396608e-01,0.0000000000000000e+00,9.2105369164823359e-01,6.2690056120633875e-01,-9.2105369164823359e-01,4.6580552494276378e-01,-1.3868592165909976e+00,-9.2105369164823359e-01,4.6580552494276378e-01,-1.3868592165909974e+00,-4.3150384279948287e-19,1.7437012519121090e-17,6.2251175914428469e-02,9.6472831122515909e-02,3.0709902616242685e-01,1.7508256607456918e-05,1.3868767248476048e+00,0.0000000000000000e+00,-2.9415313044189484e-01,9.2518585385429716e-17,1.2769575898391691e-16,3.7007434154171886e-16,2.6359342599026359e-01,-2.9547684179714899e-17
69,2.4465561998868357e+00,6.7952127152351538e-01,1.0212512348802871e-01,-7.7715611723760958e-15,7.7715611723760958e-15,0.0000000000000000e+00,7.5361637296006703e-17,-3.7883704335305235e-01,1.9075969034426588e-01,-5.6959673369731822e-01,-3.7883704335305229e-01,-5.5511151231257827e-17,4.1007115446492143e-17,-3.7883704335305235e-01,1.9075969034426588e-01,-5.6959673369731822e-01,0.0000000000000000e+00,-2.5705388699035547e-01,3.7883704335305235e-01,2.5705388699035553e-01,0.0000000000000000e+00,9.5996428365386821e-01,6.5330445261963921e-01,-9.5996428365386821e-01,4.8541172525988857e-01,-1.4453760089137571e+00,-9.5996428365386821e-01,4.8541172525988857e-01,-1.4453760089137568e+00,3.5402909403350078e-18,1.4602470931893669e-17,6.3735350580640102e-02,1.0303380774667735e-01,3.1865069212257174e-01,8.1251900006518163e-06,1.4453841341037574e+00,0.0000000000000000e+00,-3.0665983103422900e-01,9.2518585385429716e-17,1.7401120242699378e-16,5.5511151231257827e-16,2.6137208928520372e-01,-3.2445195913987044e-17
70,2.5511606826221134e+00,7.0857475131630465e-01,1.0460448273527767e-01,-1.5543122344752192e-14,1.5543122344752192e-14,0.0000000000000000e+00,5.3024900096388254e-17,-3.7433409343373164e-01,1.8823260061390537e-01,-5.6256669404763704e-01,-3.7433409343373159e-01,-5.5511151231257827e-17,-3.1690725015017159e-17,-3.7433409343373147e-01,1.8823260061390534e-01,-5.6256669404763682e-01,-5.5511151231257827e-17,-2.5396688729149486e-01,3.7433409343373147e-01,2.5396688729149486e-01,0.0000000000000000e+00,9.9935682224122946e-01,6.8003198450000624e-01,-9.9935682224122946e-01,5.0523387153805721e-01,-1.5045906937792870e+00,-9.9935682224122946e-01,5.0523387153805721e-01,-1.5045906937792868e+00,4.0275590413571731e-18,1.1699113301600920e-17,6.5161471885386971e-02,1.0986035829780004e-01,3.3021038049932938e-01,-1.6608555407637837e-06,1.5045890329237459e+00,0.0000000000000000e+00,-3.1932483774122322e-01,9.2518585385429716e-17,1.7633226871747471e-16,3.7007434154171886e-16,2.5899689082629851e-01,-2.6712974139080085e-17
71,2.6592895506511152e+00,7.3860711513237576e-01,1.0812886802900179e-01,-7.7715611723760958e-15,7.7715611723760958e-15,0.0000000000000000e+00,6.4588741245534268e-17,-3.6963432630379195e-01,1.8560100142852093e-01,-5.5523532773231288e-01,-3.6963432630379189e-01,-5.5511151231257827e-17,-4.9310879982735288e-17,-3.6963432630379184e-01,1.8560100142852090e-01,-5.5523532773231277e-01,0.0000000000000000e+00,-2.5074822451922113e-01,3.6963432630379184e-01,2.5074822451922119e-01,0.0000000000000000e+00,1.0395790537790013e+00,7.0731912135861819e-01,-1.0395790537790013e+00,5.2544497364808318e-01,-1.5650240274270848e+00,-1.0395790537790013e+00,5.2544497364808318e-01,-1.5650240274270846e+00,-3.5174688711248028e-19,8.6979343287896010e-18,6.6538460763439708e-02,1.1702252235813534e-01,3.4187189183323285e-01,-1.2098693275341965e-05,1.5650119287338091e+00,0.0000000000000000e+00,-3.3225993242038310e-01,4.6259292692714858e-17,1.5577778178957092e-16,3.7007434154171886e-16,2.5644732637547074e-01,-3.1806018166901994e-17
72,2.7710684939593655e+00,7.6965327286621010e-01,1.1177894330825033e-01,-1.5543122344752192e-14,1.5543122344752192e-14,0.0000000000000000e+00,4.5946672437101822e-17,-3.6473848531422148e-01,1.8286494030792366e-01,-5.4760342562214515e-01,-3.6473848531422143e-01,-5.5511151231257827e-17,1.0037007729358399e-17,-3.6473848531422148e-01,1.8286494030792363e-01,-5.4760342562214515e-01,5.5511151231257827e-17,-2.4739842051523675e-01,3.6473848531422148e-01,2.4739842051523675e-01,0.0000000000000000e+00,1.0806227622174864e+00,7.3516027415586904e-01,-1.0806227622174864e+00,5.4603834045427269e-01,-1.6266611026717595e+00,-1.0806227622174864e+00,5.4603834045427269e-01,-1.6266611026717592e+00,-2.5467428571653207e-18,1.1800423242016841e-17,6.7861331243353737e-02,1.2453131546089399e-01,3.5362244339732302e-01,-2.3250352701897903e-05,1.6266378523190572e+00,0.0000000000000000e+00,-3.4546248806161739e-01,4.6259292692714858e-17,1.2291399616251052e-16,5.5511151231257827e-16,2.5372253090987029e-01,-3.1400823264516192e-17
73,2.8854625726067407e+00,8.0142577405822069e-01,1.1439407864737516e-01,-1.5543122344752192e-14,1.5543122344752192e-14,0.0000000000000000e+00,4.1561456098375246e-17,-3.5969892634147543e-01,1.8005299035335032e-01,-5.3975191669482570e-01,-3.5969892634147532e-01,-1.1102230246251565e-16,-6.6034147789100681e-19,-3.5969892634147527e-01,1.8005299035335026e-01,-5.3975191669482547e-01,-5.5511151231257827e-17,-2.4395325400145909e-01,3.5969892634147527e-01,2.4395325400145906e-01,0.0000000000000000e+00,1.1220584373395077e+00,7.6326413520496028e-01,-1.1220584373395077e+00,5.6679617160557694e-01,-1.6888546089450851e+00,-1.1220584373395077e+00,5.6679617160557694e-01,-1.6888546089450847e+00,-2.0104253088550460e-18,1.1800423242016841e-17,6.9112825890048621e-02,1.3231768029987981e-01,3.6533071509969073e-01,-3.4950315957793521e-05,1.6888196586291269e+00,0.0000000000000000e+00,-3.5879430213454744e-01,9.2518585385429716e-17,1.4817422638912102e-16,3.7007434154171886e-16,2.5085133222911848e-01,-3.5242829061115989e-17
74,3.0015165742152763e+00,8.3365931226268619e-01,1.1605400160853563e-01,-1.5543122344752192e-14,1.5543122344752192e-14,0.0000000000000000e+00,2.7772868542906196e-17,-3.5456434177803292e-01,1.7719318562168657e-01,-5.3175752739971949e-01,-3.5456434177803292e-01,0.0000000000000000e+00,-1.2004349635803958e-17,-3.5456434177803287e-01,1.7719318562168654e-01,-5.3175752739971938e-01,-5.5511151231257827e-17,-2.4044589266488373e-01,3.5456434177803287e-01,2.4044589266488367e-01,0.0000000000000000e+00,1.1635049925731373e+00,7.9137236487815477e-01,-1.1635049925731373e+00,5.8752609574620196e-01,-1.7510310883193398e+00,-1.1635049925731373e+00,5.8752609574620196e-01,-1.7510310883193394e+00,-2.7453193502952272e-18,5.3581320077327803e-18,7.0280495357162381e-02,1.4031358292235432e-01,3.7688504333231815e-01,-4.6974134367050446e-05,1.7509841141849722e+00,0.0000000000000000e+00,-3.7213262769498257e-01,9.2518585385429716e-17,1.3149361602859858e-16,5.5511151231257827e-16,2.4786355599870552e-01,-3.3361455848451006e-17
75,3.1184394182816737e+00,8.6613416801045895e-01,1.1692284406639741e-01,-7.7715611723760958e-15,7.7715611723760958e-15,0.0000000000000000e+00,4.9621018589577919e-17,-3.4937663703089683e-01,1.7430965886012872e-01,-5.2368629589102555e-01,-3.4937663703089678e-01,-5.5511151231257827e-17,-4.2571280513937561e-18,-3.4937663703089672e-01,1.7430965886012872e-01,-5.2368629589102544e-01,-5.5511151231257827e-17,-2.3690477051662426e-01,3.4937663703089672e-01,2.3690477051662431e-01,0.0000000000000000e+00,1.2046583832217492e+00,8.1927896345623619e-01,-1.2046583832217492e+00,6.0807545188332313e-01,-1.8127338351050728e+00,-1.2046583832217492e+00,6.0807545188332313e-01,-1.8127338351050724e+00,-3.6959884602499365e-18,-1.1323896716257834e-18,7.1356940162652982e-02,1.4845879937099216e-01,3.8820059431862208e-01,-5.9118031055849229e-05,1.8126747170740165e+00,0.0000000000000000e+00,-3.8537941976551304e-01,9.2518585385429716e-17,1.3722723859273096e-16,5.5511151231257827e-16,2.4478688599412013e-01,-3.8728234990087950e-17
76,3.2367066167130671e+00,8.9898241284593083e-01,1.1826719843139344e-01,-9.0632296112502786e-09,9.0632296112502786e-09,0.0000000000000000e+00,3.9773819462665022e-11,-3.4411954765376429e-01,1.7139558311830239e-01,-5.1551513077206668e-01,-3.4411954765376424e-01,-5.5511151231257827e-17,-1.1159173866983162e-11,-3.4411954764260511e-01,1.7139558311794550e-01,-5.1551513076055056e-01,5.5511151231257827e-17,-2.3331864253048346e-01,3.4411954764260511e-01,2.3331864251544515e-01,0.0000000000000000e+00,1.2456673086638468e+00,8.4708496630431163e-01,-1.2456673086645067e+00,6.2851824710924109e-01,-1.8741855557737483e+00,-1.2456673086638468e+00,6.2851824710922000e-01,-1.8741855557730669e+00,-6.5988606275622301e-13,-1.1323896716257834e-18,7.2347693291279436e-02,1.5677999553555080e-01,3.9931916355879421e-01,-7.1394723616613476e-05,1.8741141610501311e+00,0.0000000000000000e+00,-3.9858234235953516e-01,3.1660831364040597e-11,4.9486643311037581e-11,2.1579719492829480e-10,2.4161573550447690e-01,-5.9363466499670714e-12
77,3.3574117639767898e+00,9.3250778829075887e-01,1.2070514726372261e-01,-1.9428902930940239e-14,1.9428902930940239e-14,0.0000000000000000e+00,2.2077811724889554e-16,-3.3875043252943271e-01,1.6842865814444299e-01,-5.0717909067387568e-01,-3.3875043252943265e-01,-5.5511151231257827e-17,-6.9569971053037278e-17,-3.3875043252943265e-01,1.6842865814444299e-01,-5.0717909067387568e-01,5.5511151231257827e-17,-2.2965827044980178e-01,3.3875043252943265e-01,2.2965827044980178e-01,0.0000000000000000e+00,1.2868802694231674e+00,8.7502681453389852e-01,-1.2868802694245007e+00,6.4902751465194231e-01,-1.9359077840764436e+00,-1.2868802694231674e+00,6.4902751465189967e-01,-1.9359077840750671e+00,-1.3333751239608672e-12,5.5680920125219694e-18,7.3261332685591096e-02,1.6534882351901467e-01,4.1033337765798822e-01,-8.3980789348347962e-05,1.9358238032870947e+00,0.0000000000000000e+00,-4.1185345488926883e-01,2.3129646346357430e-16,3.2402149773758801e-16,5.5511151231257827e-16,2.3832656323456886e-01,-5.9364065449886048e-12
78,3.4812315635712592e+00,9.6689824605506958e-01,1.2381979959446943e-01,-1.1657341758564144e-14,1.1657341758564144e-14,0.0000000000000000e+00,5.3592402026808166e-16,-3.3324530877567660e-01,1.6539577634117814e-01,-4.9864108511685473e-01,-3.3324530877567660e-01,0.0000000000000000e+00,-1.4093324924103881e-16,-3.3324530877567637e-01,1.6539577634117814e-01,-4.9864108511685451e-01,-5.5511151231257827e-17,-2.2590723362356602e-01,3.3324530877567637e-01,2.2590723362356602e-01,0.0000000000000000e+00,1.3284834584315350e+00,9.0323082924215747e-01,-1.3284834584328684e+00,6.6969455194081562e-01,-1.9981780103736848e+00,-1.3284834584315350e+00,6.6969455194077299e-01,-1.9981780103723081e+00,-1.3333881561941427e-12,5.5680920125219694e-18,7.4100549332282231e-02,1.7420894572553300e-01,4.2128804081482263e-01,-9.7016068177802062e-05,1.9980809943055062e+00,0.0000000000000000e+00,-4.2525262918937756e-01,4.6259292692714859e-16,5.3896046595479050e-16,7.4014868308343773e-16,2.3490538570021119e-01,-5.9365604262616638e-12
79,3.6074221045302450e+00,1.0019471678213698e+00,1.2619054095898585e-01,-1.9428902930940239e-14,1.9428902930940239e-14,0.0000000000000000e+00,7.3610405672866692e-16,-3.2764444348299793e-01,1.6231802843173224e-01,-4.8996247191473019e-01,-3.2764444348299787e-01,-5.5511151231257827e-17,-2.3337674384624794e-16,-3.2764444348299759e-01,1.6231802843173221e-01,-4.8996247191472980e-01,-5.5511151231257827e-17,-2.2209287986885970e-01,3.2764444348299759e-01,2.2209287986885964e-01,0.0000000000000000e+00,1.3701824761074211e+00,9.3149751757780563e-01,-1.3701824761087547e+00,6.9037174309282612e-01,-2.0605542192015815e+00,-1.3701824761074211e+00,6.9037174309278349e-01,-2.0605542192002049e+00,-1.3334117733843996e-12,-1.4368901906065293e-18,7.4858293276547416e-02,1.8330179284637441e-01,4.3210126717672215e-01,-1.1038979318211961e-04,2.0604438294083987e+00,0.0000000000000000e+00,-4.3868495852961542e-01,5.5511151231257827e-16,6.5756571666757291e-16,5.5511151231257827e-16,2.3137747972782308e-01,-5.9367782839339730e-12
80,3.7339120002513027e+00,1.0370792341843764e+00,1.2648989572105762e-01,-2.7200464103316335e-14,2.7200464103316335e-14,0.0000000000000000e+00,7.4420166774356084e-16,-3.2204643676111389e-01,1.5924843981072417e-01,-4.8129487657183806e-01,-3.2204643676111383e-01,-5.5511151231257827e-17,-2.4143733421199962e-16,-3.2204643676111355e-01,1.5924843981072417e-01,-4.8129487657183773e-01,-5.5511151231257827e-17,-2.1828221110096410e-01,3.2204643676111355e-01,2.1828221110096405e-01,0.0000000000000000e+00,1.4112721419539209e+00,9.5934901724526778e-01,-1.4112721419552545e+00,7.1070919761051465e-01,-2.1219813395657701e+00,-1.4112721419539209e+00,7.1070919761047202e-01,-2.1219813395643934e+00,-1.3334418029760099e-12,-8.4584899212041913e-18,7.5523619303848669e-02,1.9247006391900698e-01,4.4259181665759151e-01,-1.2369773006748463e-04,2.1218576418357018e+00,0.0000000000000000e+00,-4.5192312470865315e-01,6.0137080500529316e-16,7.1307240470041738e-16,5.5511151231257827e-16,2.2780680280039223e-01,-5.9370038299894436e-12
81,3.8598694167695951e+00,1.0720634065627941e+00,1.2595741651829240e-01,-2.3314683517128287e-14,2.3314683517128287e-14,0.0000000000000000e+00,6.5609763867782789e-16,-3.1649185107969569e-01,1.5621094718647377e-01,-4.7270279826616945e-01,-3.1649185107969563e-01,-5.5511151231257827e-17,-1.9541623135332147e-16,-3.1649185107969546e-01,1.5621094718647377e-01,-4.7270279826616923e-01,5.5511151231257827e-17,-2.1450265731397938e-01,3.1649185107969546e-01,2.1450265731397933e-01,0.0000000000000000e+00,1.4514864584961420e+00,9.8660524921214543e-01,-1.4514864584974756e+00,7.3057642231182029e-01,-2.1820628808092968e+00,-1.4514864584961420e+00,7.3057642231177766e-01,-2.1820628808079201e+00,-1.3334693154492676e-12,-8.4584899212041913e-18,7.6096895732389327e-02,2.0164352382504963e-01,4.5269931993721618e-01,-1.3668281716516795e-04,2.1819261979921309e+00,0.0000000000000000e+00,-4.6488120928399657e-01,5.0885221961986348e-16,6.2550193301241442e-16,7.4014868308343773e-16,2.2422363309863041e-01,-5.9372109746937340e-12
82,3.9882644718444316e+00,1.1077246233727003e+00,1.2839505507483651e-01,-2.7200464103316335e-14,2.7200464103316335e-14,0.0000000000000000e+00,8.9515608954403332e-16,-3.1085171601921946e-01,1.5313987034785456e-01,-4.6399158636707405e-01,-3.1085171601921940e-01,-5.5511151231257827e-17,-2.5828281434473901e-16,-3.1085171601921913e-01,1.5313987034785456e-01,-4.6399158636707372e-01,0.0000000000000000e+00,-2.1066634526822758e-01,3.1085171601921913e-01,2.1066634526822750e-01,0.0000000000000000e+00,1.4917603644203967e+00,1.0139000479634732e+00,-1.4917603644217303e+00,7.5043597993920319e-01,-2.2421963443609343e+00,-1.4917603644203967e+00,7.5043597993916056e-01,-2.2421963443595576e+00,-1.3334984418062476e-12,-4.8948112614017278e-18,7.6594100786413419e-02,2.1102962623584798e-01,4.6266249186593617e-01,-1.4976105100561465e-04,2.2420465833099277e+00,0.0000000000000000e+00,-4.7786031645692351e-01,6.9388939039072284e-16,8.2714280116674003e-16,7.4014868308343773e-16,2.2054916601057750e-01,-5.9374838061156920e-12
83,4.1201508461591390e+00,1.1443555402407048e+00,1.3188637431470740e-01,-4.2743586448068527e-14,4.2743586448068527e-14,0.0000000000000000e+00,1.2423335080503129e-15,-3.0508747219627252e-01,1.5001239449588832e-01,-4.5509986669216085e-01,-3.0508747219627236e-01,-1.6653345369377348e-16,-3.5897059050699305e-16,-3.0508747219627202e-01,1.5001239449588835e-01,-4.5509986669216040e-01,0.0000000000000000e+00,-2.0674698288292867e-01,3.0508747219627202e-01,2.0674698288292861e-01,0.0000000000000000e+00,1.5323773575864394e+00,1.0414256131837187e+00,-1.5323773575877730e+00,7.7042680647696982e-01,-2.3028041640647436e+00,-1.5323773575864394e+00,7.7042680647692718e-01,-2.3028041640633670e+00,-1.3335391454630471e-12,-4.8948112614017278e-18,7.7017855623196851e-02,2.2069771989340320e-01,4.7254800755040949e-01,-1.6322340996033358e-04,2.3026409406547828e+00,0.0000000000000000e+00,-4.9095174440272071e-01,9.7144514654701197e-16,1.1372873215762414e-15,1.6653345369377348e-15,2.1675787089161352e-01,-5.9378588454968046e-12
84,4.2530262722875172e+00,1.1812611623233535e+00,1.3287542612837822e-01,-4.6629367034256575e-14,4.6629367034256575e-14,0.0000000000000000e+00,1.3509172152864770e-15,-2.9931685106768452e-01,1.4688881951977106e-01,-4.4620567058745558e-01,-2.9931685106768446e-01,-5.5511151231257827e-17,-3.8454233644764713e-16,-2.9931685106768408e-01,1.4688881951977106e-01,-4.4620567058745514e-01,0.0000000000000000e+00,-2.0282453138061057e-01,2.9931685106768408e-01,2.0282453138061049e-01,0.0000000000000000e+00,1.5725325985902057e+00,1.0686366079276253e+00,-1.5725325985915393e+00,7.9015224414215157e-01,-2.3626848427336915e+00,-1.5725325985902057e+00,7.9015224414210894e-01,-2.3626848427323148e+00,-1.3335885427615476e-12,-4.8948112614017278e-18,7.7360367337079974e-02,2.3045558109119152e-01,4.8215959762402533e-01,-1.7669808985476543e-04,2.3625081446438361e+00,0.0000000000000000e+00,-5.0389599066258040e-01,1.1102230246251565e-15,1.2712239644128497e-15,1.1102230246251565e-15,2.1292671438944583e-01,-5.9382607590581514e-12
85,4.3888328237355214e+00,1.2189808928267607e+00,1.3580655144800424e-01,-5.4400928206632670e-14,5.4400928206632670e-14,0.0000000000000000e+00,1.5926561780690754e-15,-2.9345781502726365e-01,1.4373020652358409e-01,-4.3718802155084774e-01,-2.9345781502726354e-01,-1.1102230246251565e-16,-4.4507422061212952e-16,-2.9345781502726309e-01,1.4373020652358409e-01,-4.3718802155084718e-01,0.0000000000000000e+00,-1.9884316080343739e-01,2.9345781502726309e-01,1.9884316080343728e-01,0.0000000000000000e+00,1.6127839401842541e+00,1.0959111599794222e+00,-1.6127839401855879e+00,8.0988622799821441e-01,-2.4226701681838030e+00,-1.6127839401842541e+00,8.0988622799817178e-01,-2.4226701681824263e+00,-1.3336448764433669e-12,-4.8948112614017278e-18,7.7627676330296103e-02,2.4043619898206750e-01,4.9163201054203659e-01,-1.9034214381430381e-04,2.4224798260399880e+00,0.0000000000000000e+00,-5.1687278020483185e-01,1.2027416100105863e-15,1.4151790525318972e-15,1.4802973661668755e-15,2.0900491372994065e-01,-5.9387446362635383e-12
86,4.5263911438524200e+00,1.2571871701233124e+00,1.3755832011689861e-01,-7.3829831137572910e-14,7.3829831137572910e-14,0.0000000000000000e+00,1.7111832431069422e-15,-2.8756948474195904e-01,1.4056536128251651e-01,-4.2813484602447555e-01,-2.8756948474195893e-01,-1.1102230246251565e-16,-5.0160537392526332e-16,-2.8756948474195843e-01,1.4056536128251651e-01,-4.2813484602447494e-01,0.0000000000000000e+00,-1.9484296933535444e-01,2.8756948474195843e-01,1.9484296933535430e-01,0.0000000000000000e+00,1.6527465098334100e+00,1.1229885613370296e+00,-1.6527465098347438e+00,8.2943983836025792e-01,-2.4821863481950026e+00,-1.6527465098334100e+00,8.2943983836021529e-01,-2.4821863481936259e+00,-1.3337099882707237e-12,-4.8948112614017278e-18,7.7818001640976311e-02,2.5054289643736344e-01,5.0087490099675880e-01,-2.0403928515944081e-04,2.4819823089098421e+00,0.0000000000000000e+00,-5.2975794849638036e-01,1.3415194880887309e-15,1.6118111087322089e-15,1.4802973661668755e-15,2.0503171067931591e-01,-5.9392812463218384e-12
87,4.6644857333218193e+00,1.2955423941034949e+00,1.3809458946939923e-01,-8.9372953482325102e-14,8.9372953482325102e-14,0.0000000000000000e+00,1.7796408114490378e-15,-2.8170859640356849e-01,1.3742496261211176e-01,-4.1913355901568028e-01,-2.8170859640356849e-01,0.0000000000000000e+00,-5.1840710027483422e-16,-2.8170859640356793e-01,1.3742496261211173e-01,-4.1913355901567967e-01,-5.5511151231257827e-17,-1.9086241233091239e-01,2.8170859640356793e-01,1.9086241233091222e-01,0.0000000000000000e+00,1.6920536212882693e+00,1.1496204745057002e+00,-1.6920536212896033e+00,8.4863431818760493e-01,-2.5406879394772091e+00,-1.6920536212882693e+00,8.4863431818756230e-01,-2.5406879394758324e+00,-1.3337804173726629e-12,-8.7277060815288704e-18,7.7932449772311202e-02,2.6067609015889442e-01,5.0980825606833524e-01,-2.1752218806403434e-04,2.5404704172891441e+00,0.0000000000000000e+00,-5.4243314678256915e-01,1.3415194880887309e-15,1.6289397260408728e-15,2.2204460492503131e-15,2.0104738844283429e-01,-5.9398293375369806e-12
88,4.8021574912659730e+00,1.3337801783062107e+00,1.3767175794415376e-01,-8.5487172896137054e-14,8.5487172896137054e-14,0.0000000000000000e+00,1.6994506434477455e-15,-2.7591898278639143e-01,1.3433267706724272e-01,-4.1025165985363415e-01,-2.7591898278639138e-01,-5.5511151231257827e-17,-5.1223580486113887e-16,-2.7591898278639093e-01,1.3433267706724270e-01,-4.1025165985363365e-01,5.5511151231257827e-17,-1.8693115983777606e-01,2.7591898278639093e-01,1.8693115983777592e-01,0.0000000000000000e+00,1.7304384058408815e+00,1.1756262271159326e+00,-1.7304384058422158e+00,8.6734099418231025e-01,-2.5977794000245269e+00,-1.7304384058408815e+00,8.6734099418226762e-01,-2.5977794000231498e+00,-1.3338513625829442e-12,-8.7277060815288704e-18,7.7974766460157177e-02,2.7075560418326994e-01,5.1838004360482659e-01,-2.3057993405650734e-04,2.5975488200904695e+00,0.0000000000000000e+00,-5.5481217872494892e-01,1.2952601953960161e-15,1.5712539247681121e-15,2.2204460492503131e-15,1.9708442036434726e-01,-5.9403561786429113e-12
89,4.9370079849515607e+00,1.3712343675617211e+00,1.3485049368558766e-01,-7.7715611723760958e-14,7.7715611723760958e-14,0.0000000000000000e+00,1.3872928957930941e-15,-2.7030342670279767e-01,1.3134145790091953e-01,-4.0164488460371717e-01,-2.7030342670279761e-01,-5.5511151231257827e-17,-3.7235083537356195e-16,-2.7030342670279722e-01,1.3134145790091953e-01,-4.0164488460371672e-01,0.0000000000000000e+00,-1.8311888083415320e-01,2.7030342670279722e-01,1.8311888083415312e-01,0.0000000000000000e+00,1.7672675866317555e+00,1.2005769424524233e+00,-1.7672675866330900e+00,8.8525413831228428e-01,-2.6525217249453750e+00,-1.7672675866317555e+00,8.8525413831224165e-01,-2.6525217249439978e+00,-1.3339110060555159e-12,-4.9848530072336528e-18,7.7951028283252219e-02,2.8059767181059297e-01,5.2646260424561553e-01,-2.4283397282354180e-04,2.6522788909725508e+00,0.0000000000000000e+00,-5.6669064417933224e-01,1.1102230246251565e-15,1.3240121541769424e-15,2.0354088784794539e-15,1.9321578275714307e-01,-5.9407870303606826e-12
90,5.0735469479806410e+00,1.4091575224740482e+00,1.3653896302908031e-01,-8.9372953482325102e-14,8.9372953482325102e-14,0.0000000000000000e+00,1.5039605003827451e-15,-2.6467161041687076e-01,1.2835641886999527e-01,-3.9302802928686603e-01,-2.6467161041687076e-01,0.0000000000000000e+00,-4.0653309816285606e-16,-2.6467161041687037e-01,1.2835641886999524e-01,-3.9302802928686564e-01,0.0000000000000000e+00,-1.7929630338137614e-01,2.6467161041687037e-01,1.7929630338137600e-01,0.0000000000000000e+00,1.8037900550391370e+00,1.2253188391718139e+00,-1.8037900550404717e+00,9.0298357770986160e-01,-2.7067736327503340e+00,-1.8037900550391370e+00,9.0298357770981896e-01,-2.7067736327489569e+00,-1.3339641800578184e-12,-4.9848530072336528e-18,7.7865400353958628e-02,2.9052317719755560e-01,5.3434017150461832e-01,-2.5482865372905561e-04,2.7065188040966044e+00,0.0000000000000000e+00,-5.7847121586732309e-01,1.1564823173178715e-15,1.4087701583484934e-15,2.4054832200211726e-15,1.8931587521306092e-01,-5.9412543370240513e-12
91,5.2179643835595551e+00,1.4492688918590182e+00,1.4441743557891407e-01,-1.3600232051658168e-13,1.3600232051658168e-13,0.0000000000000000e+00,2.2667372355388073e-15,-2.5877630595347867e-01,1.2524840870969400e-01,-3.8402471466317267e-01,-2.5877630595347861e-01,-5.5511151231257827e-17,-6.6609087240375718e-16,-2.5877630595347789e-01,1.2524840870969398e-01,-3.8402471466317190e-01,-5.5511151231257827e-17,-1.7529562797898779e-01,2.5877630595347789e-01,1.7529562797898762e-01,0.0000000000000000e+00,1.8415875579098029e+00,1.2509234678738330e+00,-1.8415875579111376e+00,9.2129605713460727e-01,-2.7628836150457454e+00,-1.8415875579098029e+00,9.2129605713456464e-01,-2.7628836150443683e+00,-1.3340416328594032e-12,-8.9932420606594196e-18,7.7711808979343142e-02,3.0096865904489611e-01,5.4234800106319092e-01,-2.6758804717708085e-04,2.7626160269985678e+00,0.0000000000000000e+00,-5.9066409003596987e-01,1.7578531223231646e-15,2.1323326215244674e-15,2.9605947323337509e-15,1.8521378646210573e-01,-5.9419565976813929e-12
92,5.3704030147774100e+00,1.4916081164880099e+00,1.5243863121785495e-01,-1.7874590696465020e-13,1.7874590696465020e-13,0.0000000000000000e+00,3.0767734058704704e-15,-2.5262943353608319e-01,1.2201931948394500e-01,-3.7464875302002820e-01,-2.5262943353608319e-01,0.0000000000000000e+00,-8.9415178476367898e-16,-2.5262943353608225e-01,1.2201931948394500e-01,-3.7464875302002726e-01,-5.5511151231257827e-17,-1.7112497531344500e-01,2.5262943353608225e-01,1.7112497531344475e-01,0.0000000000000000e+00,1.8805665533721747e+00,1.2773274091696141e+00,-1.8805665533735094e+00,9.4014263414970078e-01,-2.8207091875232106e+00,-1.8805665533721747e+00,9.4014263414965815e-01,-2.8207091875218335e+00,-1.3341605534869164e-12,-1.7455285971679706e-17,7.7484343406163211e-02,3.1192546507956387e-01,5.5045145092091585e-01,-2.8137474305789389e-04,2.8204278127801521e+00,0.0000000000000000e+00,-6.0323914420256064e-01,2.3129646346357431e-15,2.8595474662220080e-15,4.0708177569589078e-15,1.8091368607767255e-01,-5.9429371665559562e-12
93,5.5269060634704728e+00,1.5350762169347258e+00,1.5650304869306275e-01,-1.5543122344752192e-14,1.5543122344752192e-14,0.0000000000000000e+00,3.6536685807228265e-17,-2.4640464519602423e-01,1.1875815939837032e-01,-3.6516280459439454e-01,-2.4640464519602415e-01,-8.3266726846886741e-17,-3.8367681941643185e-17,-2.4640464519602409e-01,1.1875815939837034e-01,-3.6516280459439443e-01,-2.7755575615628914e-17,-1.6690217134351534e-01,2.4640464519602409e-01,1.6690217134351534e-01,0.0000000000000000e+00,1.9196167307338290e+00,1.3037785486660298e+00,-1.9196167307351637e+00,9.5898383890055672e-01,-2.8786005696357209e+00,-1.9196167307338290e+00,9.5898383890051409e-01,-2.8786005696343437e+00,-1.3342335245566688e-12,-2.3971034274794842e-17,7.7186386372593785e-02,3.2309032985370828e-01,5.5841162558243451e-01,-2.9549709182008499e-04,2.8783050725439003e+00,0.0000000000000000e+00,-6.1583818206779917e-01,9.2518585385429716e-17,1.5775707504198964e-16,3.7007434154171886e-16,1.7653530947471513e-01,-5.9430149551613709e-12
94,5.6811766693019301e+00,1.5779242652395815e+00,1.5427060583145735e-01,-2.0983215165415459e-13,2.0983215165415459e-13,0.0000000000000000e+00,3.1574899451735592e-15,-2.4035728101724668e-01,1.1559699516317380e-01,-3.5595427618042047e-01,-2.4035728101724657e-01,-1.1102230246251565e-16,-9.2319775404948503e-16,-2.4035728101724568e-01,1.1559699516317377e-01,-3.5595427618041947e-01,2.7755575615628914e-17,-1.6280037410564452e-01,2.4035728101724568e-01,1.6280037410564427e-01,0.0000000000000000e+00,1.9571632593601331e+00,1.3292102543813376e+00,-1.9571632593614678e+00,9.7706089473752389e-01,-2.9342241540989922e+00,-1.9571632593601331e+00,9.7706089473748126e-01,-2.9342241540976151e+00,-1.3343076951978473e-12,-2.3971034274794842e-17,7.6833758876973329e-02,3.3400253938466118e-01,5.6591556931627940e-01,-3.0902715961000915e-04,2.9339151269393815e+00,0.0000000000000000e+00,-6.2795300497879558e-01,2.4980018054066022e-15,3.0813411742382955e-15,4.8109664400423453e-15,1.7225951054878813e-01,-5.9440731719044970e-12
95,5.8347154588248431e+00,1.6205690544700995e+00,1.5353878952291300e-01,-2.0594637106796654e-13,2.0594637106796654e-13,0.0000000000000000e+00,3.0272994920913620e-15,-2.3442377087224722e-01,1.1250860098809273e-01,-3.4693237186033998e-01,-2.3442377087224711e-01,-1.1102230246251565e-16,-8.9175643216448757e-16,-2.3442377087224620e-01,1.1250860098809268e-01,-3.4693237186033887e-01,-2.7755575615628914e-17,-1.5877639784923253e-01,2.3442377087224620e-01,1.5877639784923234e-01,0.0000000000000000e+00,1.9936119133578971e+00,1.3538975085336564e+00,-1.9936119133592320e+00,9.9457242329575779e-01,-2.9881843366549901e+00,-1.9936119133578971e+00,9.9457242329571516e-01,-2.9881843366536129e+00,-1.3344470281322427e-12,-2.3971034274794842e-17,7.6429600111707990e-02,3.4476154289886662e-01,5.7305944087225802e-01,-3.2183941292518448e-04,2.9878624972420647e+00,0.0000000000000000e+00,-6.3971440482424069e-01,2.3129646346357431e-15,2.8578397989949931e-15,4.9960036108132044e-15,1.6804730474512342e-01,-5.9450762440159967e-12
96,5.9918971680854396e+00,1.6642256501951191e+00,1.5718170926059649e-01,-7.7715611723760958e-15,7.7715611723760958e-15,0.0000000000000000e+00,3.9106299839353052e-17,-2.2843813066750807e-01,1.0940846294960117e-01,-3.3784659361710923e-01,-2.2843813066750798e-01,-8.3266726846886741e-17,-2.9957754694600538e-18,-2.2843813066750795e-01,1.0940846294960117e-01,-3.3784659361710911e-01,-2.7755575615628914e-17,-1.5471763802696492e-01,2.2843813066750795e-01,1.5471763802696495e-01,0.0000000000000000e+00,2.0299886257757112e+00,1.3785352727346682e+00,-2.0299886257770465e+00,1.0120130750076677e+00,-3.0420017007847142e+00,-2.0299886257757112e+00,1.0120130750076251e+00,-3.0420017007833371e+00,-1.3345173474729230e-12,-2.8333703091571127e-17,7.5965637040888490e-02,3.5566187455891923e-01,5.8005106922685268e-01,-3.3449418100728323e-04,3.0416672066037069e+00,0.0000000000000000e+00,-6.5145335304104290e-01,9.2518585385429716e-17,1.2712891927743882e-16,3.7007434154171886e-16,1.6378343680112858e-01,-5.9451524595253912e-12
97,6.1487978143579731e+00,1.7078041817910437e+00,1.5690064627253353e-01,-3.8857805861880479e-15,3.8857805861880479e-15,0.0000000000000000e+00,5.0147296237962209e-17,-2.2255858211780302e-01,1.0637203507768571e-01,-3.2893061719548872e-01,-2.2255858211780294e-01,-8.3266726846886741e-17,-1.4143904802634344e-17,-2.2255858211780291e-01,1.0637203507768572e-01,-3.2893061719548866e-01,0.0000000000000000e+00,-1.5073133175148187e-01,2.2255858211780291e-01,1.5073133175148185e-01,0.0000000000000000e+00,2.0653694636271127e+00,1.4024978431154271e+00,-2.0653694636284481e+00,1.0289411248044129e+00,-3.0943105884328612e+00,-2.0653694636271127e+00,1.0289411248043703e+00,-3.0943105884314841e+00,-1.3345186920863787e-12,-3.0511136967450302e-17,7.5456281092939309e-02,3.6641917700915605e-01,5.8671893524529284e-01,-3.4673145702468489e-04,3.0939638569758365e+00,0.0000000000000000e+00,-6.6287162051168558e-01,4.6259292692714858e-17,1.0744710352318143e-16,5.5511151231257827e-16,1.5957908501192475e-01,-5.9452236762224446e-12
98,6.3060176656644105e+00,1.7514713713178691e+00,1.5721985130643734e-01,-7.7715611723760958e-15,7.7715611723760958e-15,0.0000000000000000e+00,3.6672744606521541e-17,-2.1676178769122470e-01,1.0339025162406658e-01,-3.2015203931529129e-01,-2.1676178769122464e-01,-5.5511151231257827e-17,-5.5605788290612202e-18,-2.1676178769122467e-01,1.0339025162406659e-01,-3.2015203931529124e-01,2.7755575615628914e-17,-1.4680161311413600e-01,2.1676178769122467e-01,1.4680161311413598e-01,0.0000000000000000e+00,2.0999044052357450e+00,1.4258868857906966e+00,-2.0999044052370803e+00,1.0454305225668867e+00,-3.1453349278039675e+00,-2.0999044052357450e+00,1.0454305225668441e+00,-3.1453349278025904e+00,-1.3345202410543721e-12,-2.8329273231843424e-17,7.4903861269095456e-02,3.7706644989738874e-01,5.9310173727999438e-01,-3.5847412040812543e-04,3.1449764536835589e+00,0.0000000000000000e+00,-6.7401751944504840e-01,4.6259292692714858e-17,1.2406204149091962e-16,7.4014868308343773e-16,1.5542110933500494e-01,-5.9452970628347650e-12
99,6.4628331341146676e+00,1.7950262451118180e+00,1.5681546845025718e-01,-2.4480417692984702e-13,2.4480417692984702e-13,0.0000000000000000e+00,3.0915093928599897e-15,-2.1107616251625713e-01,1.0047622715225792e-01,-3.1155238966851506e-01,-2.1107616251625705e-01,-8.3266726846886741e-17,-9.3122190375439319e-16,-2.1107616251625611e-01,1.0047622715225790e-01,-3.1155238966851401e-01,0.0000000000000000e+00,-1.4294769602234642e-01,2.1107616251625611e-01,1.4294769602234617e-01,0.0000000000000000e+00,2.1334502095270369e+00,1.4486054726133846e+00,-2.1334502095283723e+00,1.0614152312521936e+00,-3.1948654407805663e+00,-2.1334502095270369e+00,1.0614152312521510e+00,-3.1948654407791892e+00,-1.3345936920462933e-12,-2.6153021435707732e-17,7.4314903374408728e-02,3.8754729094763424e-01,5.9918329871637777e-01,-3.6973821377284111e-04,3.1944957025667930e+00,0.0000000000000000e+00,-6.8484473691365233e-01,2.3592239273284576e-15,3.0245990370083397e-15,5.5511151231257827e-15,1.5133119300827388e-01,-5.9463450319810986e-12
100,6.6184090658776746e+00,1.8382368425119284e+00,1.5557593176300699e-01,-2.4091839634365897e-13,2.4091839634365897e-13,0.0000000000000000e+00,2.9841540562277076e-15,-2.0553139317108324e-01,9.7644537666736961e-02,-3.0317593083782018e-01,-2.0553139317108313e-01,-1.1102230246251565e-16,-8.7625597758928554e-16,-2.0553139317108227e-01,9.7644537666736947e-02,-3.0317593083781924e-01,2.7755575615628914e-17,-1.3918965257515623e-01,2.0553139317108227e-01,1.3918965257515595e-01,0.0000000000000000e+00,2.1658572638548201e+00,1.4705523630599848e+00,-2.1658572638561555e+00,1.0768266425463509e+00,-3.2426839064025073e+00,-2.1658572638548201e+00,1.0768266425463082e+00,-3.2426839064011297e+00,-1.3347342920740587e-12,-2.3993971666697700e-17,7.3696904784658318e-02,3.9780120466667795e-01,6.0494817683338842e-01,-3.8035626162624681e-04,3.2423035501408801e+00,0.0000000000000000e+00,-6.9530490079483531e-01,2.3592239273284576e-15,2.9847005052453370e-15,5.5511151231257827e-15,1.4733254437359899e-01,-5.9473332143642495e-12
101,6.7764072522114978e+00,1.8821202115025670e+00,1.5799818633382312e-01,-2.4480417692984702e-13,2.4480417692984702e-13,0.0000000000000000e+00,3.1099208528416617e-15,-1.9999699966223664e-01,9.4830875260023720e-02,-2.9482787492226037e-01,-1.9999699966223655e-01,-8.3266726846886741e-17,-9.1102375658885587e-16,-1.9999699966223566e-01,9.4830875260023706e-02,-2.9482787492225937e-01,2.7755575615628914e-17,-1.3543901743490394e-01,1.9999699966223566e-01,1.3543901743490372e-01,0.0000000000000000e+00,2.1978936391420874e+00,1.4922477789484145e+00,-2.1978936391434227e+00,1.0920320256244918e+00,-3.2899256647679156e+00,-2.1978936391420874e+00,1.0920320256244491e+00,-3.2899256647665380e+00,-1.3348754855522945e-12,-1.9608641058777045e-17,7.3038429460497767e-02,4.0806137602696246e-01,6.1054151559098813e-01,-3.9070454604339666e-04,3.2895349602218711e+00,0.0000000000000000e+00,-7.0564586019367281e-01,2.3592239273284576e-15,3.0093447680095198e-15,5.9211894646675018e-15,1.4333379457757528e-01,-5.9483743010800480e-12
102,6.9453477307282085e+00,1.9290427587053562e+00,1.6894047851671079e-01,-3.8857805861880479e-15,3.8857805861880479e-15,0.0000000000000000e+00,4.8434213462108564e-17,-1.9418634767587439e-01,9.1892714823988017e-02,-2.8607906249986242e-01,-1.9418634767587431e-01,-8.3266726846886741e-17,3.2885877645722392e-17,-1.9418634767587434e-01,9.1892714823988031e-02,-2.8607906249986237e-01,0.0000000000000000e+00,-1.3150154921210111e-01,1.9418634767587434e-01,1.3150154921210111e-01,0.0000000000000000e+00,2.2311904008033969e+00,1.5147963124808479e+00,-2.2311904008047323e+00,1.1078046119540672e+00,-3.3389950127588008e+00,-2.2311904008033969e+00,1.1078046119540246e+00,-3.3389950127574233e+00,-1.3349496620690307e-12,-1.7264120945771496e-17,7.2303736979750344e-02,4.1885422730242866e-01,6.1624500204710497e-01,-4.0164562478328669e-04,3.3385933671340160e+00,0.0000000000000000e+00,-7.1639408832254903e-01,9.2518585385429716e-17,1.4448162746521514e-16,3.7007434154171886e-16,1.3912950518860329e-01,-5.9484950656770565e-12
103,7.1243270729325232e+00,1.9787535604424036e+00,1.7897934220431466e-01,-1.1657341758564144e-14,1.1657341758564144e-14,0.0000000000000000e+00,2.0358452117662921e-17,-1.8815606865732123e-01,8.8854308489358672e-02,-2.7701037714667992e-01,-1.8815606865732115e-01,-8.3266726846886741e-17,-1.2922499699418054e-17,-1.8815606865732115e-01,8.8854308489358672e-02,-2.7701037714667981e-01,0.0000000000000000e+00,-1.2741563646432383e-01,1.8815606865732115e-01,1.2741563646432380e-01,0.0000000000000000e+00,2.2654060978894588e+00,1.5379667262697274e+00,-2.2654060978907942e+00,1.1239796036230725e+00,-3.3893857015138682e+00,-2.2654060978894588e+00,1.1239796036230298e+00,-3.3893857015124906e+00,-1.3349478755529043e-12,-1.7264120945771496e-17,7.1494820287631405e-02,4.3008047007201877e-01,6.2199094691580481e-01,-4.1336634761734992e-04,3.3889723351662493e+00,0.0000000000000000e+00,-7.2743937161973138e-01,4.6259292692714858e-17,1.2541302914435336e-16,5.5511151231257827e-16,1.3475797698508532e-01,-5.9486751993054871e-12
104,7.3060695318525157e+00,2.0292318068774686e+00,1.8174245891999252e-01,-1.1657341758564144e-14,1.1657341758564144e-14,0.0000000000000000e+00,3.5193240116502880e-17,-1.8216707986736891e-01,8.5844792840374121e-02,-2.6801187270774302e-01,-1.8216707986736885e-01,-5.5511151231257827e-17,-2.2154200738108616e-17,-1.8216707986736883e-01,8.5844792840374107e-02,-2.6801187270774296e-01,0.0000000000000000e+00,-1.2335805410539973e-01,1.8216707986736883e-01,1.2335805410539973e-01,0.0000000000000000e+00,2.2990578176933942e+00,1.5607548398480189e+00,-2.2990578176947296e+00,1.1398547257464617e+00,-3.4389125434411927e+00,-2.2990578176933942e+00,1.1398547257464191e+00,-3.4389125434398151e+00,-1.3349510630157985e-12,-1.7264120945771496e-17,7.0645274369766572e-02,4.4125374194183625e-01,6.2753067213096148e-01,-4.2503730389742422e-04,3.4384875061372941e+00,0.0000000000000000e+00,-7.3830297784537535e-01,9.2518585385429716e-17,1.8440000848491539e-16,9.2518585385429718e-16,1.3040789043691126e-01,-5.9488723784735071e-12
105,7.4897096500086544e+00,2.0802371206315362e+00,1.8364011815613868e-01,0.0000000000000000e+00,-0.0000000000000000e+00,0.0000000000000000e+00,4.8912253428415709e-17,-1.7625052796210647e-01,8.2883223762809474e-02,-2.5913375172491593e-01,-1.7625052796210638e-01,-8.3266726846886741e-17,2.6035438223861887e-17,-1.7625052796210641e-01,8.2883223762809460e-02,-2.5913375172491587e-01,0.0000000000000000e+00,-1.1934987569573192e-01,1.7625052796210641e-01,1.1934987569573192e-01,0.0000000000000000e+00,2.3319677436189168e+00,1.5830402963010748e+00,-2.3319677436202522e+00,1.1553473421990916e+00,-3.4873150858193451e+00,-2.3319677436189168e+00,1.1553473421990488e+00,-3.4873150858179676e+00,-1.3349507066403433e-12,-1.7264120945771496e-17,6.9761884796804188e-02,4.5230506066963172e-01,6.3284408480757126e-01,-4.3631192508453154e-04,3.4868787738942593e+00,0.0000000000000000e+00,-7.4892744731784200e-01,9.2518585385429716e-17,1.9669721060701176e-16,5.5511151231257827e-16,1.2610511595867666e-01,-5.9490805078150597e-12
106,7.6724253352300327e+00,2.1309856768080362e+00,1.8271568522137827e-01,-7.7715611723760958e-15,7.7715611723760958e-15,0.0000000000000000e+00,2.5451031954459406e-17,-1.7049871572665440e-01,8.0014300856434892e-02,-2.5051301658308928e-01,-1.7049871572665434e-01,-5.5511151231257827e-17,1.2808290006773833e-17,-1.7049871572665437e-01,8.0014300856434878e-02,-2.5051301658308922e-01,2.7755575615628914e-17,-1.1545358615403256e-01,1.7049871572665437e-01,1.1545358615403255e-01,0.0000000000000000e+00,2.3636460064492102e+00,1.6044914340131906e+00,-2.3636460064505456e+00,1.1702293086149274e+00,-3.5338753150654743e+00,-2.3636460064492102e+00,1.1702293086148845e+00,-3.5338753150640967e+00,-1.3349471579611332e-12,-1.4728431437109789e-17,6.8861465992702348e-02,4.6305641448350088e-01,6.3786451739327554e-01,-4.4691074544855880e-04,3.5334284043200244e+00,0.0000000000000000e+00,-7.5915457243601958e-01,4.6259292692714858e-17,1.0239930950015378e-16,3.7007434154171886e-16,1.2191788396131903e-01,-5.9492755876972795e-12
107,7.8543362552094580e+00,2.1815107126335564e+00,1.8191091997942532e-01,-3.8857805861880479e-15,3.8857805861880479e-15,0.0000000000000000e+00,3.3303264151093971e-17,-1.6490455516545918e-01,7.7235020399513882e-02,-2.4213957556497306e-01,-1.6490455516545910e-01,-8.3266726846886741e-17,-8.8761582773757088e-18,-1.6490455516545910e-01,7.7235020399513882e-02,-2.4213957556497298e-01,0.0000000000000000e+00,-1.1166433926004397e-01,1.6490455516545910e-01,1.1166433926004399e-01,0.0000000000000000e+00,2.3941527652352566e+00,1.6251490493911371e+00,-2.3941527652365919e+00,1.1845319929628322e+00,-3.5786847581994254e+00,-2.3941527652352566e+00,1.1845319929627893e+00,-3.5786847581980479e+00,-1.3349468003122829e-12,-1.2203910289711009e-17,6.7946756349699433e-02,4.7351277821309562e-01,6.4261565850853009e-01,-4.5679989150704259e-04,3.5782279583079171e+00,0.0000000000000000e+00,-7.6900371584411942e-01,4.6259292692714858e-17,8.9221692635819096e-17,5.5511151231257827e-16,1.1784315710899702e-01,-5.9494618178325994e-12
108,8.0425155476114352e+00,2.2337767640135748e+00,1.8817929240197717e-01,-7.7715611723760958e-15,7.7715611723760958e-15,0.0000000000000000e+00,5.0988342750153901e-17,-1.5925402997319504e-01,7.4441545925400962e-02,-2.3369557589859602e-01,-1.5925402997319493e-01,-1.1102230246251565e-16,3.3040815713743935e-17,-1.5925402997319499e-01,7.4441545925400962e-02,-2.3369557589859596e-01,2.7755575615628914e-17,-1.0783714347377352e-01,1.5925402997319499e-01,1.0783714347377350e-01,0.0000000000000000e+00,2.4246527318239655e+00,1.6458018662421545e+00,-2.4246527318253008e+00,1.1988031874253242e+00,-3.6234559192506266e+00,-2.4246527318239655e+00,1.1988031874252814e+00,-3.6234559192492490e+00,-1.3349445266682142e-12,-9.5923979999316982e-18,6.6984178719315474e-02,4.8406429904500253e-01,6.4728814182118322e-01,-4.6656783982301775e-04,3.6229893514108023e+00,0.0000000000000000e+00,-7.7885086558181094e-01,9.2518585385429716e-17,1.3862359467516255e-16,5.5511151231257827e-16,1.1372755966191529e-01,-5.9496882226449066e-12
109,8.2280890062523770e+00,2.2853190554118030e+00,1.8557345864094188e-01,-1.1657341758564144e-14,1.1657341758564144e-14,0.0000000000000000e+00,6.2330695492900611e-17,-1.5382108766022279e-01,7.1762444531225711e-02,-2.2558353219144850e-01,-1.5382108766022273e-01,-5.5511151231257827e-17,-1.2768268609904130e-17,-1.5382108766022273e-01,7.1762444531225711e-02,-2.2558353219144844e-01,0.0000000000000000e+00,-1.0415750402737667e-01,1.5382108766022273e-01,1.0415750402737663e-01,0.0000000000000000e+00,2.4537019480207918e+00,1.6654721562172323e+00,-2.4537019480221272e+00,1.2123689775133959e+00,-3.6660709255355250e+00,-2.4537019480207918e+00,1.2123689775133530e+00,-3.6660709255341475e+00,-1.3349426456448736e-12,-7.0170489181504746e-18,6.6021123466653661e-02,4.9420125573698931e-01,6.5167090043834064e-01,-4.7569787141221731e-04,3.6655952276641108e+00,0.0000000000000000e+00,-7.8822979180355945e-01,9.2518585385429716e-17,1.5522732854251134e-16,7.4014868308343773e-16,1.0976856516887029e-01,-5.9498900696166648e-12
110,8.4099603463198633e+00,2.3358330980739175e+00,1.8187134006748629e-01,-3.8857805861880479e-15,3.8857805861880479e-15,0.0000000000000000e+00,3.6507140175836416e-17,-1.4862767318800388e-01,6.9210634206242030e-02,-2.1783830739424592e-01,-1.4862767318800379e-01,-8.3266726846886741e-17,2.1892765034602223e-18,-1.4862767318800379e-01,6.9210634206242017e-02,-2.1783830739424581e-01,0.0000000000000000e+00,-1.0064024517122402e-01,1.4862767318800379e-01,1.0064024517122404e-01,0.0000000000000000e+00,2.4812053287394007e+00,1.6840955767620096e+00,-2.4812053287407361e+00,1.2251884588851072e+00,-3.7063937876258453e+00,-2.4812053287394007e+00,1.2251884588850643e+00,-3.7063937876244677e+00,-1.3349436076526090e-12,-7.0170489181504746e-18,6.5066054698329059e-02,5.0387371747607834e-01,6.5576473483958841e-01,-4.8395187111149873e-04,3.7059098357547318e+00,0.0000000000000000e+00,-7.9710975197739109e-01,9.2518585385429716e-17,1.6011329576882283e-16,9.2518585385429718e-16,1.0598473047525367e-01,-5.9500618677812179e-12
111,8.6036809715833513e+00,2.3896382326567505e+00,1.9372062526348799e-01,-1.5543122344752192e-14,1.5543122344752192e-14,0.0000000000000000e+00,3.9010989197886353e-17,-1.4323362807940646e-01,6.6575407338374290e-02,-2.0980903541778073e-01,-1.4323362807940637e-01,-8.3266726846886741e-17,2.2998203517071716e-17,-1.4323362807940640e-01,6.6575407338374276e-02,-2.0980903541778068e-01,0.0000000000000000e+00,-9.6987253561051978e-02,1.4323362807940640e-01,9.6987253561051978e-02,0.0000000000000000e+00,2.5094751056252695e+00,1.7032378380738475e+00,-2.5094751056266049e+00,1.2383407373201456e+00,-3.7478158429467530e+00,-2.5094751056252695e+00,1.2383407373201027e+00,-3.7478158429453750e+00,-1.3349411679854198e-12,-7.0170489181504746e-18,6.4038514641808902e-02,5.1388748952687635e-01,6.5992235616325556e-01,-4.9237698820481235e-04,3.7473234659585457e+00,0.0000000000000000e+00,-8.0623726755142200e-01,9.2518585385429716e-17,1.7009334969074230e-16,1.4802973661668755e-15,1.0205904548398248e-01,-5.9503099291766222e-12
112,8.8127269142695397e+00,2.4476999133111823e+00,2.0904594268618837e-01,-7.7715611723760958e-15,7.7715611723760958e-15,0.0000000000000000e+00,6.2518402754204727e-17,-1.3757464677556239e-01,6.3821793059073997e-02,-2.0139643983463640e-01,-1.3757464677556228e-01,-1.1102230246251565e-16,5.1001016659019824e-17,-1.3757464677556236e-01,6.3821793059073983e-02,-2.0139643983463634e-01,2.7755575615628914e-17,-9.3154964077975438e-02,1.3757464677556236e-01,9.3154964077975438e-02,0.0000000000000000e+00,2.5388260208908391e+00,1.7231120676392440e+00,-2.5388260208921745e+00,1.2519702401605077e+00,-3.7907962610526846e+00,-2.5388260208908391e+00,1.2519702401604649e+00,-3.7907962610513066e+00,-1.3349334333670498e-12,-4.1159536834670099e-18,6.2919878207644664e-02,5.2435604792148449e-01,6.6419283863307310e-01,-5.0147539830547316e-04,3.7902947856543765e+00,0.0000000000000000e+00,-8.1571395325159513e-01,9.2518585385429716e-17,1.9151570648324042e-16,5.5511151231257827e-16,9.7943572214761770e-02,-5.9506924018489798e-12
113,9.0214959688202523e+00,2.5056846893852511e+00,2.0876905455071260e-01,-1.1657341758564144e-14,1.1657341758564144e-14,0.0000000000000000e+00,2.7526439439614460e-17,-1.3209241505901087e-01,6.1159663878852341e-02,-1.9325207893786323e-01,-1.3209241505901079e-01,-8.3266726846886741e-17,-3.3196547380203917e-18,-1.3209241505901079e-01,6.1159663878852327e-02,-1.9325207893786311e-01,0.0000000000000000e+00,-8.9442457238962811e-02,1.3209241505901079e-01,8.9442457238962797e-02,0.0000000000000000e+00,2.5669750896621752e+00,1.7421724131451117e+00,-2.5669750896635106e+00,1.2650163704611586e+00,-3.8319914601246716e+00,-2.5669750896621752e+00,1.2650163704611157e+00,-3.8319914601232936e+00,-1.3349284561706260e-12,-1.2187010435741794e-18,6.1794465790859288e-02,5.3445870023244502e-01,6.6825297322894595e-01,-5.1023120890825169e-04,3.8314812289157612e+00,0.0000000000000000e+00,-8.2480267651706352e-01,9.2518585385429716e-17,1.6131166563777089e-16,5.5511151231257827e-16,9.3957983987209920e-02,-5.9510607592085069e-12
114,9.2278937925724627e+00,2.5630108655189838e+00,2.0639782375221039e-01,-1.5543122344752192e-14,1.5543122344752192e-14,0.0000000000000000e+00,6.6773962159671958e-17,-1.2683360666973828e-01,5.8615146327315598e-02,-1.8544875299705388e-01,-1.2683360666973822e-01,-5.5511151231257827e-17,1.5253925066051780e-18,-1.2683360666973822e-01,5.8615146327315591e-02,-1.8544875299705382e-01,0.0000000000000000e+00,-8.5881313916999741e-02,1.2683360666973822e-01,8.5881313916999755e-02,0.0000000000000000e+00,2.5936959733609908e+00,1.7602656355544224e+00,-2.5936959733623262e+00,1.2773770005446021e+00,-3.8710729739069309e+00,-2.5936959733609908e+00,1.2773770005445593e+00,-3.8710729739055529e+00,-1.3349286413365358e-12,-1.2187010435741794e-18,6.0675347016382025e-02,5.4409908903307458e-01,6.7208435609864570e-01,-5.1820839649985295e-04,3.8705547655104287e+00,0.0000000000000000e+00,-8.3343033780656839e-01,1.3877787807814457e-16,2.3849346117710725e-16,1.1102230246251565e-15,9.0138938015040915e-02,-5.9513940996740687e-12
115,9.4366895601253198e+00,2.6210030610233455e+00,2.0879576755285711e-01,-7.7715611723760958e-15,7.7715611723760958e-15,0.0000000000000000e+00,5.1943750533132614e-17,-1.2167327239550278e-01,5.6128705687288505e-02,-1.7780197808279130e-01,-1.2167327239550270e-01,-8.3266726846886741e-17,4.4633536256727691e-18,-1.2167327239550271e-01,5.6128705687288498e-02,-1.7780197808279122e-01,1.3877787807814457e-17,-8.2386896628503972e-02,1.2167327239550271e-01,8.2386896628503972e-02,0.0000000000000000e+00,2.6196395656392868e+00,1.7778324806422194e+00,-2.6196395656406222e+00,1.2893560158712825e+00,-3.9089955815119075e+00,-2.6196395656392868e+00,1.2893560158712396e+00,-3.9089955815105295e+00,-1.3349280161241132e-12,2.3011063505997146e-19,5.9538060814902566e-02,5.5349904552164808e-01,6.7579322204001313e-01,-5.2568749471881837e-04,3.9084698940171858e+00,0.0000000000000000e+00,-8.4180708499706736e-01,9.2518585385429716e-17,1.8159350344169898e-16,1.1102230246251565e-15,8.6396977682914905e-02,-5.9517406343588372e-12
116,9.6418370084215006e+00,2.6779819503382418e+00,2.0514744829618081e-01,-1.9428902930940239e-14,1.9428902930940239e-14,0.0000000000000000e+00,4.5299527583437950e-17,-1.1675894591420295e-01,5.3767800620324324e-02,-1.7052674653452726e-01,-1.1675894591420290e-01,-5.5511151231257827e-17,6.3054990248412528e-18,-1.1675894591420288e-01,5.3767800620324310e-02,-1.7052674653452721e-01,-1.3877787807814457e-17,-7.9059083077226866e-02,1.1675894591420288e-01,7.9059083077226880e-02,0.0000000000000000e+00,2.6440964462282039e+00,1.7943925960293732e+00,-2.6440964462295393e+00,1.3006285097941184e+00,-3.9447249560236606e+00,-2.6440964462282039e+00,1.3006285097940755e+00,-3.9447249560222826e+00,-1.3349269115227920e-12,2.3011063505997146e-19,5.8416761810422768e-02,5.6238946937916290e-01,6.7928980535223404e-01,-5.3247325229865972e-04,3.9441924827713590e+00,0.0000000000000000e+00,-8.4970385019883077e-01,1.3877787807814457e-16,2.4408079184232930e-16,9.2518585385429718e-16,8.2837952682331517e-02,-5.9520481663676441e-12
117,9.8401967762054507e+00,2.7330755883384210e+00,1.9835976778395015e-01,-7.7715611723760958e-15,7.7715611723760958e-15,0.0000000000000000e+00,5.6796417400488436e-17,-1.1215135153835597e-01,5.1561114398314907e-02,-1.6371246593667088e-01,-1.1215135153835590e-01,-6.9388939039072284e-17,6.9900901243921232e-18,-1.1215135153835590e-01,5.1561114398314914e-02,-1.6371246593667083e-01,-1.3877787807814457e-17,-7.5938976250720214e-02,1.1215135153835590e-01,7.5938976250720214e-02,0.0000000000000000e+00,2.6667997429512260e+00,1.8097652855570003e+00,-2.6667997429525614e+00,1.3110750193561347e+00,-3.9778747623086992e+00,-2.6667997429512260e+00,1.3110750193560918e+00,-3.9778747623073212e+00,-1.3349255928678039e-12,-2.5226841318530388e-18,5.7329856227656004e-02,5.7066092489008158e-01,6.8254583809041247e-01,-5.3840014798467450e-04,3.9773363621607114e+00,0.0000000000000000e+00,-8.5703445739422568e-01,5.5511151231257827e-17,1.4540437044687135e-16,1.6653345369377348e-15,7.9505981070874393e-02,-5.9522925461051552e-12
118,1.0055169767852101e+01,2.7927834833108327e+00,2.1497299164665051e-01,-7.7715611723760958e-15,7.7715611723760958e-15,0.0000000000000000e+00,4.4506499555754291e-17,-1.0731157079797281e-01,4.9255804484351934e-02,-1.5656737528232473e-01,-1.0731157079797274e-01,-6.9388939039072284e-17,2.8400899690283115e-17,-1.0731157079797277e-01,4.9255804484351920e-02,-1.5656737528232467e-01,0.0000000000000000e+00,-7.2661631300207974e-02,1.0731157079797277e-01,7.2661631300207988e-02,0.0000000000000000e+00,2.6903890434363045e+00,1.8257378441398668e+00,-2.6903890434376398e+00,1.3219114766865370e+00,-4.0123005201241799e+00,-2.6903890434363045e+00,1.3219114766864941e+00,-4.0123005201228024e+00,-1.3349217888143251e-12,-4.0143589130946815e-18,5.6149860368733900e-02,5.7926604670506798e-01,6.8595108372022207e-01,-5.4448589251299140e-04,4.0117560342316638e+00,0.0000000000000000e+00,-8.6465119929643763e-01,9.2518585385429716e-17,2.6874220530932863e-16,1.2952601953960161e-15,7.6014425933533664e-02,-5.9526649467582136e-12
119,1.0289193803321801e+01,2.8577827300711527e+00,2.3402403546969985e-01,-1.1657341758564144e-14,1.1657341758564144e-14,0.0000000000000000e+00,4.7026588777354708e-17,-1.0222557719877300e-01,4.6841447726739371e-02,-1.4906702492551238e-01,-1.0222557719877293e-01,-6.9388939039072284e-17,9.5578549369059305e-18,-1.0222557719877293e-01,4.6841447726739364e-02,-1.4906702492551230e-01,-1.3877787807814457e-17,-6.9217522425350772e-02,1.0222557719877293e-01,6.9217522425350772e-02,0.0000000000000000e+00,2.7149074079138096e+00,1.8423394101918074e+00,-2.7149074079151450e+00,1.3331560100665316e+00,-4.0480634179816795e+00,-2.7149074079138096e+00,1.3331560100664888e+00,-4.0480634179803019e+00,-1.3349173471838555e-12,-5.6382268661831508e-18,5.4863918647514054e-02,5.8821186142436777e-01,6.8952912298497138e-01,-5.5110700967841986e-04,4.0475123109719977e+00,0.0000000000000000e+00,-8.7256799772200222e-01,1.8503717077085943e-16,2.7794098292898883e-16,1.4802973661668755e-15,7.2352247202035230e-02,-5.9532283340082403e-12
120,1.0524384914495698e+01,2.9231061274749428e+00,2.3519111117389713e-01,-3.8857805861880479e-15,3.8857805861880479e-15,0.0000000000000000e+00,5.8807494628733581e-17,-9.7304449585797953e-02,4.4510263575683197e-02,-1.4181471316148114e-01,-9.7304449585797856e-02,-9.7144514654701197e-17,3.6354758569014128e-17,-9.7304449585797897e-02,4.4510263575683190e-02,-1.4181471316148109e-01,0.0000000000000000e+00,-6.5885000199855603e-02,9.7304449585797897e-02,6.5885000199855631e-02,0.0000000000000000e+00,2.7383712522698200e+00,1.8582268664011168e+00,-2.7383712522711554e+00,1.3438985653109585e+00,-4.0822698175821168e+00,-2.7383712522698200e+00,1.3438985653109157e+00,-4.0822698175807393e+00,-1.3349119480645619e-12,-7.2701930337608728e-18,5.3571210462760831e-02,5.9676316897237636e-01,6.9300671586064133e-01,-5.5747001518002826e-04,4.0817123475669339e+00,0.0000000000000000e+00,-8.8014438586870325e-01,1.3877787807814457e-16,2.1707391822297392e-16,1.2952601953960161e-15,6.8814627133228418e-02,-5.9537853533923844e-12
121,1.0750549902442920e+01,2.9859225549868493e+00,2.2616498794722162e-01,-3.8857805861880479e-15,3.8857805861880479e-15,0.0000000000000000e+00,4.3109041947500353e-17,-9.2747181649983745e-02,4.2357172287618858e-02,-1.3510435393760262e-01,-9.2747181649983662e-02,-8.3266726846886741e-17,-1.9560488526150373e-17,-9.2747181649983648e-02,4.2357172287618858e-02,-1.3510435393760251e-01,0.0000000000000000e+00,-6.2798818626188330e-02,9.2747181649983648e-02,6.2798818626188330e-02,0.0000000000000000e+00,2.7598627647137151e+00,1.8727787535680140e+00,-2.7598627647150504e+00,1.3537217516034734e+00,-4.1135845163185270e+00,-2.7598627647137151e+00,1.3537217516034306e+00,-4.1135845163171494e+00,-1.3349100489266209e-12,-7.2701930337608728e-18,5.2328764925460361e-02,6.0457585889421572e-01,6.9625416229512560e-01,-5.6296548867162954e-04,4.1130215508298527e+00,0.0000000000000000e+00,-8.8708401114570101e-01,9.2518585385429716e-17,2.1067032445820091e-16,9.2518585385429718e-16,6.5544822684309917e-02,-5.9542259300941395e-12
122,1.0974141699665740e+01,3.0480242889907960e+00,2.2359179722282008e-01,-7.7715611723760958e-15,7.7715611723760958e-15,0.0000000000000000e+00,5.1156838669841013e-17,-8.8405153421947394e-02,4.0313273772465963e-02,-1.2871842719441334e-01,-8.8405153421947325e-02,-6.9388939039072284e-17,2.2418570773482171e-17,-8.8405153421947352e-02,4.0313273772465963e-02,-1.2871842719441332e-01,0.0000000000000000e+00,-5.9858337072550817e-02,8.8405153421947352e-02,5.9858337072550817e-02,0.0000000000000000e+00,2.7801148527986368e+00,1.8864913205104743e+00,-2.7801148527999722e+00,1.3629639684093666e+00,-4.1430788212093423e+00,-2.7801148527986368e+00,1.3629639684093238e+00,-4.1430788212079648e+00,-1.3349097294047477e-12,-7.2701930337608728e-18,5.1101982991005254e-02,6.1190952684783140e-01,6.9938465208360667e-01,-5.6780648692322799e-04,4.1425110147224160e+00,0.0000000000000000e+00,-8.9362353228816249e-01,1.3877787807814457e-16,2.7824878034659359e-16,2.0354088784794539e-15,6.2436524874310576e-02,-5.9546270033271998e-12
123,1.1197800232031518e+01,3.1101445584157563e+00,2.2365853236577848e-01,-1.1657341758564144e-14,1.1657341758564144e-14,0.0000000000000000e+00,3.0721072761508950e-17,-8.4221331493204862e-02,3.8350156669681279e-02,-1.2257148816288614e-01,-8.4221331493204821e-02,-4.1633363423443370e-17,-2.1593882360184019e-17,-8.4221331493204793e-02,3.8350156669681265e-02,-1.2257148816288606e-01,0.0000000000000000e+00,-5.7024930700211938e-02,8.4221331493204793e-02,5.7024930700211945e-02,0.0000000000000000e+00,2.7994195459304301e+00,1.8995622905745606e+00,-2.7994195459317655e+00,1.3717608421111407e+00,-4.1711803880429095e+00,-2.7994195459304301e+00,1.3717608421110978e+00,-4.1711803880415319e+00,-1.3349096371804476e-12,-7.2701930337608728e-18,4.9877221788645412e-02,6.1886340231560832e-01,7.0244800886375425e-01,-5.7220914313282911e-04,4.1706081788997729e+00,0.0000000000000000e+00,-8.9985725535586947e-01,1.3877787807814457e-16,2.7828723108682367e-16,2.0354088784794539e-15,5.9447958130687047e-02,-5.9550122853219517e-12
124,1.1423165014785518e+01,3.1727387321121143e+00,2.2536478275399929e-01,-1.9428902930940239e-14,1.9428902930940239e-14,0.0000000000000000e+00,5.5114806675153375e-17,-8.0163504940966121e-02,3.6451881160795653e-02,-1.1661538610176178e-01,-8.0163504940966079e-02,-4.1633363423443370e-17,2.7482001894029395e-17,-8.0163504940966079e-02,3.6451881160795646e-02,-1.1661538610176173e-01,-2.7755575615628914e-17,-5.4276785610064944e-02,8.0163504940966079e-02,5.4276785610064958e-02,0.0000000000000000e+00,2.8179428224059495e+00,1.9121040341327671e+00,-2.8179428224072849e+00,1.3801897146137516e+00,-4.1981325370210394e+00,-2.8179428224059495e+00,1.3801897146137088e+00,-4.1981325370196618e+00,-1.3349089736930577e-12,-1.0397757668175078e-17,4.8646407192462604e-02,6.2549080715207483e-01,7.0547622300692869e-01,-5.7627726228548504e-04,4.1975562597587510e+00,0.0000000000000000e+00,-9.0583878827318243e-01,1.3877787807814457e-16,2.6969604044743520e-16,7.4014868308343773e-16,5.6555558760469082e-02,-5.9553973749581364e-12
125,1.1657946280618184e+01,3.2379482965994919e+00,2.3478126583266601e-01,-3.8857805861880479e-15,3.8857805861880479e-15,0.0000000000000000e+00,8.4441146175693396e-17,-7.6100408048438803e-02,3.4557325185944593e-02,-1.1065773323438340e-01,-7.6100408048438747e-02,-5.5511151231257827e-17,-1.7184738842266681e-18,-7.6100408048438761e-02,3.4557325185944593e-02,-1.1065773323438335e-01,1.3877787807814457e-17,-5.1525001957386955e-02,7.6100408048438761e-02,5.1525001957386962e-02,0.0000000000000000e+00,2.8362867420537587e+00,1.9245241729389897e+00,-2.8362867420550941e+00,1.3885255302896820e+00,-4.2248122723447787e+00,-2.8362867420537587e+00,1.3885255302896391e+00,-4.2248122723434012e+00,-1.3349059492961984e-12,-1.2026879962412987e-17,4.7368634718719507e-02,6.3199825587794423e-01,7.0857840460930499e-01,-5.8023508371318755e-04,4.2242320372610624e+00,0.0000000000000000e+00,-9.1176256911476905e-01,9.2518585385429716e-17,2.2529747811594742e-16,1.2952601953960161e-15,5.3665893759271673e-02,-5.9558537192133930e-12
126,1.1904141232571293e+01,3.3063279670937096e+00,2.4619495195310925e-01,-2.7200464103316335e-14,2.7200464103316335e-14,0.0000000000000000e+00,4.3795135417781172e-17,-7.2015936484023810e-02,3.2658248276467329e-02,-1.0467418476049115e-01,-7.2015936484023754e-02,-5.5511151231257827e-17,3.2891136067062061e-17,-7.2015936484023782e-02,3.2658248276467336e-02,-1.0467418476049112e-01,0.0000000000000000e+00,-4.8758667893229926e-02,7.2015936484023782e-02,4.8758667893229912e-02,0.0000000000000000e+00,2.8545194902165787e+00,1.9368688395792668e+00,-2.8545194902179141e+00,1.3967995977292216e+00,-4.2513190879471381e+00,-2.8545194902165787e+00,1.3967995977291787e+00,-4.2513190879457605e+00,-1.3349021120201643e-12,-1.0318559311132824e-17,4.6034743019236574e-02,6.3839725489181487e-01,7.1178342794423322e-01,-5.8417187393700054e-04,4.2507349160731991e+00,0.0000000000000000e+00,-9.1765065063731188e-01,1.3877787807814457e-16,3.4814535924922229e-16,1.1102230246251565e-15,5.0767293261840762e-02,-5.9564077284140478e-12
127,1.2154546530663918e+01,3.3758770445128166e+00,2.5040529809262502e-01,-2.7200464103316335e-14,2.7200464103316335e-14,0.0000000000000000e+00,9.6287671855110211e-17,-6.8042177908717957e-02,3.0815098089140493e-02,-9.8857275997858457e-02,-6.8042177908717902e-02,-5.5511151231257827e-17,1.9098253789037123e-17,-6.8042177908717916e-02,3.0815098089140489e-02,-9.8857275997858401e-02,0.0000000000000000e+00,-4.6067243628319744e-02,6.8042177908717916e-02,4.6067243628319730e-02,0.0000000000000000e+00,2.8720551371589815e+00,1.9487412948999960e+00,-2.8720551371603169e+00,1.4047466288380297e+00,-4.2768017659983490e+00,-2.8720551371589815e+00,1.4047466288379868e+00,-4.2768017659969715e+00,-1.3348956028108320e-12,-1.0318559311132824e-17,4.4685554335500387e-02,6.4447146179847659e-01,7.1500170777877792e-01,-5.8790492527482918e-04,4.2762138610730718e+00,0.0000000000000000e+00,-9.2331384225898550e-01,1.3877787807814457e-16,3.0036497512815948e-16,1.2952601953960161e-15,4.7952965183564053e-02,-5.9569810179723391e-12
128,1.2396306470413059e+01,3.4430249079746833e+00,2.4175993974914078e-01,-1.9428902930940239e-14,1.9428902930940239e-14,0.0000000000000000e+00,4.1595295484390582e-17,-6.4373734549430517e-02,2.9117125824774295e-02,-9.3490860374204815e-02,-6.4373734549430447e-02,-6.9388939039072284e-17,1.8022048886907419e-17,-6.4373734549430461e-02,2.9117125824774295e-02,-9.3490860374204759e-02,0.0000000000000000e+00,-4.3582544148473741e-02,6.4373734549430461e-02,4.3582544148473748e-02,0.0000000000000000e+00,2.8880615686678364e+00,1.9595781585457164e+00,-2.8880615686691717e+00,1.4119912342592598e+00,-4.3000528029284339e+00,-2.8880615686678364e+00,1.4119912342592169e+00,-4.3000528029270564e+00,-1.3348911157097627e-12,-1.0318559311132824e-17,4.3391327805200636e-02,6.4993265671993083e-01,7.1807612905454499e-01,-5.9112067958344561e-04,4.2994616822488485e+00,0.0000000000000000e+00,-9.2848341012211999e-01,1.3877787807814457e-16,3.4543025296807957e-16,2.0354088784794539e-15,4.5359709359255394e-02,-5.9574465184800904e-12
129,1.2631757349798711e+01,3.5084204549679909e+00,2.3545087938565246e-01,-1.9428902930940239e-14,1.9428902930940239e-14,0.0000000000000000e+00,5.8987143882290724e-17,-6.0954464911540496e-02,2.7538637009502667e-02,-8.8493101921043163e-02,-6.0954464911540447e-02,-4.8572257327350599e-17,-8.5473257771168672e-18,-6.0954464911540447e-02,2.7538637009502667e-02,-8.8493101921043121e-02,6.9388939039072284e-18,-4.1266561243420735e-02,6.0954464911540447e-02,4.1266561243420735e-02,0.0000000000000000e+00,2.9028158860552895e+00,1.9695670567855201e+00,-2.9028158860566249e+00,1.4186610588500574e+00,-4.3214769449066850e+00,-2.9028158860552895e+00,1.4186610588500146e+00,-4.3214769449053074e+00,-1.3348900002938187e-12,-9.5016749753134738e-18,4.2139903878974552e-02,6.5488261493943556e-01,7.2104468267168353e-01,-5.9385735996375644e-04,4.3208830875467186e+00,0.0000000000000000e+00,-9.3324882926976938e-01,1.8503717077085943e-16,3.3626401377063091e-16,3.8857805861880479e-15,4.2947265603858226e-02,-5.9578319501685536e-12
130,1.2876779235716613e+01,3.5764743110280821e+00,2.4502188591790208e-01,-1.5543122344752192e-14,1.5543122344752192e-14,0.0000000000000000e+00,4.3269263809455493e-17,-5.7551774326392295e-02,2.5972545574396357e-02,-8.3524319900788652e-02,-5.7551774326392240e-02,-5.5511151231257827e-17,9.4933208327570345e-18,-5.7551774326392247e-02,2.5972545574396357e-02,-8.3524319900788596e-02,0.0000000000000000e+00,-3.8961760991462070e-02,5.7551774326392247e-02,3.8961760991462063e-02,0.0000000000000000e+00,2.9173341971708475e+00,1.9793959041945302e+00,-2.9173341971721829e+00,1.4252167642872595e+00,-4.3425509614594455e+00,-2.9173341971708475e+00,1.4252167642872167e+00,-4.3425509614580680e+00,-1.3348898843990725e-12,-8.6515845400536823e-18,4.0848226514930745e-02,6.5966080285075723e-01,7.2411129020163223e-01,-5.9644471993935966e-04,4.3419545167395031e+00,0.0000000000000000e+00,-9.3793829297631737e-01,9.2518585385429716e-17,2.5218740374568151e-16,2.4054832200211726e-15,4.0551294084422665e-02,-5.9582801672529241e-12
131,1.3136395640625409e+01,3.6485817367966580e+00,2.5961640490879567e-01,-7.7715611723760958e-15,7.7715611723760958e-15,0.0000000000000000e+00,1.0230122929982075e-16,-5.4114923143304149e-02,2.4394598794091664e-02,-7.8509521937395813e-02,-5.4114923143304114e-02,-3.4694469519536142e-17,5.1376824170878667e-17,-5.4114923143304156e-02,2.4394598794091664e-02,-7.8509521937395826e-02,-6.9388939039072284e-18,-3.6633777599098617e-02,5.4114923143304156e-02,3.6633777599098624e-02,0.0000000000000000e+00,2.9318294504434079e+00,1.9892088251725428e+00,-2.9318294504447433e+00,1.4317548327604941e+00,-4.3635842832052401e+00,-2.9318294504434079e+00,1.4317548327604512e+00,-4.3635842832038625e+00,-1.3348819829549665e-12,-9.5523098847416587e-18,3.9492735854183399e-02,6.6432424761500819e-01,7.2733881715400528e-01,-5.9903213729706195e-04,4.3629852510679399e+00,0.0000000000000000e+00,-9.4262062527086510e-01,4.1633363423443370e-16,5.7570056818405084e-16,3.7007434154171887e-15,3.8135544778917452e-02,-5.9588448680764563e-12
132,1.3397414181704688e+01,3.7210786003200091e+00,2.6101854107927913e-01,-9.7144514654701197e-14,9.7144514654701197e-14,0.0000000000000000e+00,3.8388957633159576e-17,-5.0829204847297881e-02,2.2888769479782970e-02,-7.3717974327080854e-02,-5.0829204847297825e-02,-5.5511151231257827e-17,1.8591435605596392e-17,-5.0829204847297832e-02,2.2888769479782967e-02,-7.3717974327080799e-02,-1.3877787807814457e-17,-3.4408127868579309e-02,5.0829204847297832e-02,3.4408127868579302e-02,0.0000000000000000e+00,2.9455256320348799e+00,1.9984804524328754e+00,-2.9455256320362153e+00,1.4379257506625747e+00,-4.3834513826987926e+00,-2.9455256320348799e+00,1.4379257506625318e+00,-4.3834513826974151e+00,-1.3348728514484221e-12,-1.2269079829994311e-17,3.8144917220668539e-02,6.6861587465272365e-01,7.3056353408605657e-01,-6.0142470312585239e-04,4.3828499579956643e+00,0.0000000000000000e+00,-9.4704517960200452e-01,8.3266726846886741e-16,1.0495865510711820e-15,4.6259292692714861e-15,3.5829467110310417e-02,-5.9593937399944397e-12
133,1.3641181073806376e+01,3.7887838868300578e+00,2.4376689210168756e-01,-1.9428902930940239e-14,1.9428902930940239e-14,0.0000000000000000e+00,5.6258749153449220e-17,-4.7909198431173021e-02,2.1552602041007316e-02,-6.9461800472180341e-02,-4.7909198431172979e-02,-4.1633363423443370e-17,8.0964046047456810e-18,-4.7909198431172986e-02,2.1552602041007320e-02,-6.9461800472180313e-02,0.0000000000000000e+00,-3.2430175447199804e-02,4.7909198431172986e-02,3.2430175447199797e-02,0.0000000000000000e+00,2.9575602088840180e+00,2.0066269351691943e+00,-2.9575602088853534e+00,1.4433424181707544e+00,-4.4009026270561105e+00,-2.9575602088840180e+00,1.4433424181707115e+00,-4.4009026270547329e+00,-1.3348695986424897e-12,-1.3960552431573122e-17,3.6900961300936785e-02,6.7228030638512726e-01,7.3355780278709537e-01,-6.0334769759506912e-04,4.4002992793585127e+00,0.0000000000000000e+00,-9.5093327371482372e-01,2.3129646346357430e-16,4.0708177569589072e-16,2.2204460492503131e-15,3.3782652947110289e-02,-5.9597677080826181e-12
134,1.3880154959843285e+01,3.8551579349341756e+00,2.3897388603690928e-01,-4.2743586448068527e-14,4.2743586448068527e-14,0.0000000000000000e+00,5.5213656766720794e-17,-4.5180290376315914e-02,2.0306843701445691e-02,-6.5487134077761605e-02,-4.5180290376315858e-02,-5.5511151231257827e-17,1.3309153373601348e-17,-4.5180290376315865e-02,2.0306843701445691e-02,-6.5487134077761550e-02,-6.9388939039072284e-18,-3.0581655428661581e-02,4.5180290376315865e-02,3.0581655428661578e-02,0.0000000000000000e+00,2.9686831873287756e+00,2.0141560262145468e+00,-2.9686831873301109e+00,1.4483440753789669e+00,-4.4170272627090803e+00,-2.9686831873287756e+00,1.4483440753789241e+00,-4.4170272627077027e+00,-1.3348670409578032e-12,-1.4789659652080388e-17,3.5696364349447327e-02,6.7556574072583475e-01,7.3647701354305717e-01,-6.0495676062766179e-04,4.4164223059484504e+00,0.0000000000000000e+00,-9.5452716111422875e-01,3.2381504884900402e-16,7.2778673603583801e-16,2.2204460492503131e-15,3.1872428436896812e-02,-5.9600931266120281e-12
135,1.4138945166979990e+01,3.9270358875516149e+00,2.5879020713670542e-01,-4.2743586448068527e-14,4.2743586448068527e-14,0.0000000000000000e+00,7.6800542237573586e-17,-4.2369101441790236e-02,1.9026768374987492e-02,-6.1395869816777728e-02,-4.2369101441790194e-02,-4.1633363423443370e-17,-2.2121183383896987e-17,-4.2369101441790166e-02,1.9026768374987492e-02,-6.1395869816777658e-02,-6.9388939039072284e-18,-2.8677393277725075e-02,4.2369101441790166e-02,2.8677393277725085e-02,0.0000000000000000e+00,2.9800116499504257e+00,2.0218238569592719e+00,-2.9800116499517610e+00,1.4534336521873144e+00,-4.4334453021390781e+00,-2.9800116499504257e+00,1.4534336521872715e+00,-4.4334453021377005e+00,-1.3348681811913391e-12,-1.6585377442772162e-17,3.4409603362159133e-02,6.7879810245624184e-01,7.3961938171222896e-01,-6.0656465668440518e-04,4.4328387374823910e+00,0.0000000000000000e+00,-9.5818779299115375e-01,1.8503717077085943e-16,4.1406589269544117e-16,2.9605947323337509e-15,2.9907213221077526e-02,-5.9605442290931372e-12
136,1.4412301415101108e+01,4.0029595002242981e+00,2.7335624812111803e-01,-3.4972025275692431e-14,3.4972025275692431e-14,0.0000000000000000e+00,4.2694289079373009e-17,-3.9557244308690440e-02,1.7748484120211752e-02,-5.7305728428902192e-02,-3.9557244308690391e-02,-4.8572257327350599e-17,6.4611774558551320e-18,-3.9557244308690398e-02,1.7748484120211759e-02,-5.7305728428902157e-02,0.0000000000000000e+00,-2.6772679107306702e-02,3.9557244308690398e-02,2.6772679107306702e-02,0.0000000000000000e+00,2.9912091891987380e+00,2.0294026688318803e+00,-2.9912091892000734e+00,1.4584600247102115e+00,-4.4496692139102878e+00,-2.9912091891987380e+00,1.4584600247101687e+00,-4.4496692139089102e+00,-1.3348703215715722e-12,-1.7533772444613451e-17,3.3071607912913706e-02,6.8186482250623293e-01,7.4291542238031549e-01,-6.0817191074935550e-04,4.4490610419995358e+00,0.0000000000000000e+00,-9.6180652036685776e-01,4.6259292692714859e-16,8.9341533781354350e-16,2.7755575615628914e-15,2.7943382192733950e-02,-5.9610943182216544e-12
137,1.4692411210782426e+01,4.0807588839197821e+00,2.8010979568131766e-01,-7.7715611723760958e-14,7.7715611723760958e-14,0.0000000000000000e+00,5.5163410284129895e-17,-3.6837200210826530e-02,1.6513921401822708e-02,-5.3351121612649238e-02,-3.6837200210826489e-02,-4.1633363423443370e-17,3.2278560001049818e-17,-3.6837200210826516e-02,1.6513921401822711e-02,-5.3351121612649224e-02,-6.9388939039072284e-18,-2.4930168746511952e-02,3.6837200210826516e-02,2.4930168746511962e-02,0.0000000000000000e+00,3.0019086053215127e+00,2.0366439059061179e+00,-3.0019086053228481e+00,1.4632586424153753e+00,-4.4651672477382265e+00,-3.0019086053215127e+00,1.4632586424153324e+00,-4.4651672477368489e+00,-1.3348648958816002e-12,-1.8505598521452348e-17,3.1724324269103030e-02,6.8465935728410743e-01,7.4626528888054999e-01,-6.0967198161487879e-04,4.4645575757566087e+00,0.0000000000000000e+00,-9.6526469941539483e-01,5.0885221961986348e-16,1.1929876070014134e-15,7.2164496600635175e-15,2.6045179219838739e-02,-5.9616761406098096e-12
138,1.4963292039270874e+01,4.1559949586170761e+00,2.7088082848844763e-01,-2.3314683517128287e-14,2.3314683517128287e-14,0.0000000000000000e+00,7.4880094315875507e-17,-3.4355785987669897e-02,1.5389222027367803e-02,-4.9745008015037701e-02,-3.4355785987669855e-02,-4.1633363423443370e-17,3.4238829029489454e-17,-3.4355785987669890e-02,1.5389222027367802e-02,-4.9745008015037694e-02,0.0000000000000000e+00,-2.3249321666663589e-02,3.4355785987669890e-02,2.3249321666663603e-02,0.0000000000000000e+00,3.0115510128635203e+00,2.0431693560457540e+00,-3.0115510128648557e+00,1.4675796173771178e+00,-4.4791306302419764e+00,-3.0115510128635203e+00,1.4675796173770750e+00,-4.4791306302405989e+00,-1.3348558867388756e-12,-1.9445405186194262e-17,3.0445320965928745e-02,6.8704862015634049e-01,7.4947474991479368e-01,-6.1092634005488478e-04,4.4785197039019184e+00,0.0000000000000000e+00,-9.6838165681776633e-01,7.4014868308343773e-16,1.0166525480653735e-15,3.1456319031046105e-15,2.4314475877700858e-02,-5.9621453782604565e-12
139,1.5229253159847193e+01,4.2298646039733523e+00,2.6596112057631949e-01,-3.8857805861880479e-14,3.8857805861880479e-14,0.0000000000000000e+00,5.1243453713450628e-17,-3.2055790394363452e-02,1.4348499564865197e-02,-4.6404289959228649e-02,-3.2055790394363411e-02,-4.1633363423443370e-17,-7.3192340033911535e-18,-3.2055790394363404e-02,1.4348499564865197e-02,-4.6404289959228601e-02,0.0000000000000000e+00,-2.1691390432309735e-02,3.2055790394363404e-02,2.1691390432309724e-02,0.0000000000000000e+00,3.0203824615004229e+00,2.0491455971204244e+00,-3.0203824615017583e+00,1.4715341562561464e+00,-4.4919166177579077e+00,-3.0203824615004229e+00,1.4715341562561035e+00,-4.4919166177565302e+00,-1.3348523069560463e-12,-1.9445405186194262e-17,2.9213205192192664e-02,6.8911559405859435e-01,7.5259338711032853e-01,-6.1196989503087273e-04,4.4913046478628740e+00,0.0000000000000000e+00,-9.7123686437999845e-01,8.3266726846886741e-16,1.1908691003466096e-15,5.5511151231257827e-15,2.2711095026518489e-02,-5.9625498750775262e-12
140,1.5507156513232802e+01,4.3070511570809291e+00,2.7790335338560901e-01,-8.5487172896137054e-14,8.5487172896137054e-14,0.0000000000000000e+00,6.7022767051231832e-17,-2.9790724606035907e-02,1.3325401652286425e-02,-4.3116126258322333e-02,-2.9790724606035872e-02,-3.4694469519536142e-17,-2.7299955636260314e-17,-2.9790724606035844e-02,1.3325401652286423e-02,-4.3116126258322271e-02,0.0000000000000000e+00,-2.0157156348379168e-02,2.9790724606035844e-02,2.0157156348379158e-02,0.0000000000000000e+00,3.0289761384573350e+00,2.0549605228627583e+00,-3.0289761384586704e+00,1.4753794912309006e+00,-4.5043556296895746e+00,-3.0289761384573350e+00,1.4753794912308578e+00,-4.5043556296881970e+00,-1.3348571173504926e-12,-1.9445405186194262e-17,2.7951499014582572e-02,6.9100185348813015e-01,7.5581320788226003e-01,-6.1293084592772829e-04,4.5037426988436433e+00,0.0000000000000000e+00,-9.7401561559457672e-01,6.9388939039072284e-16,1.3350915933942477e-15,2.9605947323337509e-15,2.1132635180481897e-02,-5.9630201855518195e-12
141,1.5789256506283380e+01,4.3854033101945058e+00,2.8209999305057742e-01,-3.8857805861880479e-14,3.8857805861880479e-14,0.0000000000000000e+00,9.0693693391336958e-17,-2.7630057452130572e-02,1.2350692272376665e-02,-3.9980749724507235e-02,-2.7630057452130534e-02,-3.8163916471489756e-17,3.4966098618955207e-17,-2.7630057452130576e-02,1.2350692272376663e-02,-3.9980749724507242e-02,6.9388939039072284e-18,-1.8693681612410244e-02,2.7630057452130576e-02,1.8693681612410241e-02,0.0000000000000000e+00,3.0370753395671186e+00,2.0604404334221322e+00,-3.0370753395684540e+00,1.4790011041897573e+00,-4.5160764437582150e+00,-3.0370753395671186e+00,1.4790011041897144e+00,-4.5160764437568375e+00,-1.3348560360410515e-12,-1.8466674225158801e-17,2.6698211611447142e-02,6.9265288317809570e-01,7.5903621264645982e-01,-6.1379675375472509e-04,4.5154626470044565e+00,0.0000000000000000e+00,-9.7663490614498638e-01,1.0177044392397270e-15,1.6948081653987664e-15,4.2558549277297670e-15,1.9626970664945169e-02,-5.9634870726098984e-12
142,1.6074363211536543e+01,4.4645905656854978e+00,2.8510670525316328e-01,-1.2823075934420558e-13,1.2823075934420558e-13,0.0000000000000000e+00,6.2115757560746627e-17,-2.5581872297758119e-02,1.1427938955621950e-02,-3.7009811253380070e-02,-2.5581872297758084e-02,-3.4694469519536142e-17,5.5498947796217731e-18,-2.5581872297758091e-02,1.1427938955621948e-02,-3.7009811253380043e-02,0.0000000000000000e+00,-1.7306447213998925e-02,2.5581872297758091e-02,1.7306447213998922e-02,0.0000000000000000e+00,3.0446608785526954e+00,2.0655723724813257e+00,-3.0446608785540308e+00,1.4823908277921796e+00,-4.5270517063462146e+00,-3.0446608785526954e+00,1.4823908277921367e+00,-4.5270517063448370e+00,-1.3348502603503576e-12,-1.7477511635636676e-17,2.5460132212671349e-02,6.9407426358153856e-01,7.6224187547664279e-01,-6.1455652132669236e-04,4.5264371498248837e+00,0.0000000000000000e+00,-9.7908850607136966e-01,1.2027416100105863e-15,2.1151577866363395e-15,5.1810407815840644e-15,1.8199497067811120e-02,-5.9639481737406183e-12
143,1.6358300727846864e+01,4.5434530835893758e+00,2.8393751631032060e-01,-8.5487172896137054e-14,8.5487172896137054e-14,0.0000000000000000e+00,4.6347539260369824e-17,-2.3671406672542909e-02,1.0568260004331000e-02,-3.4239666676873906e-02,-2.3671406672542878e-02,-3.1225022567582528e-17,9.9790305051176815e-18,-2.3671406672542885e-02,1.0568260004331000e-02,-3.4239666676873885e-02,-3.4694469519536142e-18,-1.6012549627303800e-02,2.3671406672542885e-02,1.6012549627303797e-02,0.0000000000000000e+00,3.0516533054031787e+00,2.0703026290858610e+00,-3.0516533054045141e+00,1.4855136008426579e+00,-4.5371669062471760e+00,-3.0516533054031787e+00,1.4855136008426151e+00,-4.5371669062457984e+00,-1.3348480557281195e-12,-1.7970064710890736e-17,2.4255979845212106e-02,6.9526485190920251e-01,7.6537756440198368e-01,-6.1520468625975155e-04,4.5365517015609118e+00,0.0000000000000000e+00,-9.8135067631731765e-01,1.2490009027033011e-15,1.7962430338376632e-15,6.4763009769800801e-15,1.6867540199464702e-02,-5.9643746773845499e-12
144,1.6632334898715545e+01,4.6195649866137947e+00,2.7403417086868131e-01,-8.5487172896137054e-14,8.5487172896137054e-14,0.0000000000000000e+00,6.1148036318388412e-17,-2.1944483210435566e-02,9.7919856186397432e-03,-3.1736468829075312e-02,-2.1944483210435541e-02,-2.4286128663675299e-17,-2.9165247204078581e-18,-2.1944483210435534e-02,9.7919856186397432e-03,-3.1736468829075277e-02,-3.4694469519536142e-18,-1.4843020628891429e-02,2.1944483210435534e-02,1.4843020628891420e-02,0.0000000000000000e+00,3.0579034616844383e+00,2.0745303693917796e+00,-3.0579034616857736e+00,1.4883033023566448e+00,-4.5462067640424220e+00,-3.0579034616844383e+00,1.4883033023566019e+00,-4.5462067640410444e+00,-1.3348470880441611e-12,-1.8920811729742219e-17,2.3121313746336671e-02,6.9622087428285739e-01,7.6834538584301759e-01,-6.1572848443303130e-04,4.5455910355579849e+00,0.0000000000000000e+00,-9.8337309229265868e-01,5.0885221961986348e-16,1.2894648186958470e-15,5.3660779523549235e-15,1.5662879904817507e-02,-5.9647121125753190e-12
145,1.6917890449782242e+01,4.6988769072475476e+00,2.8555555106669672e-01,-1.3988810110276972e-13,1.3988810110276972e-13,0.0000000000000000e+00,4.9361954366846724e-17,-2.0261426027163760e-02,9.0364309676980222e-03,-2.9297856994861780e-02,-2.0261426027163729e-02,-3.1225022567582528e-17,1.8292863221086666e-17,-2.0261426027163749e-02,9.0364309676980205e-03,-2.9297856994861770e-02,3.4694469519536142e-18,-1.3703268421406021e-02,2.0261426027163749e-02,1.3703268421406026e-02,0.0000000000000000e+00,3.0639295275197451e+00,2.0786061450421132e+00,-3.0639295275210805e+00,1.4909915817936572e+00,-4.5549211093147415e+00,-3.0639295275197451e+00,1.4909915817936144e+00,-4.5549211093133639e+00,-1.3348448926447542e-12,-1.8920811729742219e-17,2.1967779572555385e-02,6.9703555936246908e-01,7.7137204625737843e-01,-6.1619660125433739e-04,4.5543049127134836e+00,0.0000000000000000e+00,-9.8532338247763196e-01,6.4763009769800805e-16,1.5443954286437042e-15,7.7715611723760958e-15,1.4488060519534196e-02,-5.9650926969253413e-12
146,1.7220700018071227e+01,4.7829810626651650e+00,3.0280956828898553e-01,-4.6629367034256575e-14,4.6629367034256575e-14,0.0000000000000000e+00,8.8786786164532045e-17,-1.8600663006016510e-02,8.2916741879617648e-03,-2.6892337193978273e-02,-1.8600663006016486e-02,-2.4286128663675299e-17,1.0275400415828462e-17,-1.8600663006016496e-02,8.2916741879617648e-03,-2.6892337193978259e-02,0.0000000000000000e+00,-1.2578694635476621e-02,1.8600663006016496e-02,1.2578694635476628e-02,0.0000000000000000e+00,3.0698134337212180e+00,2.0825853599856341e+00,-3.0698134337225533e+00,1.4936151398143829e+00,-4.5634285735369398e+00,-3.0698134337212180e+00,1.4936151398143400e+00,-4.5634285735355622e+00,-1.3348405672729649e-12,-1.8395520862880913e-17,2.0776771506150017e-02,6.9771874466475636e-01,7.7450298194081091e-01,-6.1664170266562124e-04,4.5628119318342701e+00,0.0000000000000000e+00,-9.8722807373558386e-01,1.0639637319324418e-15,2.1156433507664643e-15,8.5117098554595340e-15,1.3327683867702767e-02,-5.9655501136953013e-12
147,1.7531917024077796e+01,4.8694203505307394e+00,3.1121700600656865e-01,-2.7200464103316335e-14,2.7200464103316335e-14,0.0000000000000000e+00,5.3320260396411337e-17,-1.7020428272403285e-02,7.5836645416919460e-03,-2.4604092814095230e-02,-1.7020428272403257e-02,-2.7755575615628914e-17,8.8178103539948115e-18,-1.7020428272403267e-02,7.5836645416919451e-03,-2.4604092814095212e-02,0.0000000000000000e+00,-1.1508742120824167e-02,1.7020428272403267e-02,1.1508742120824181e-02,0.0000000000000000e+00,3.0753563784103961e+00,2.0863335699604684e+00,-3.0753563784117315e+00,1.4960854775087744e+00,-4.5714418559205097e+00,-3.0753563784103961e+00,1.4960854775087316e+00,-4.5714418559191321e+00,-1.3348375962070195e-12,-1.8395520862880913e-17,1.9587322770583320e-02,6.9824975832138181e-01,7.7763134866301364e-01,-6.1704775379567423e-04,4.5708248081667104e+00,0.0000000000000000e+00,-9.8902280844992774e-01,8.3266726846886741e-16,1.9647296981409277e-15,5.7361522938966427e-15,1.2222114774008447e-02,-5.9660292196505682e-12
148,1.7841937442067703e+01,4.9555272908252226e+00,3.1002041798990732e-01,-3.4972025275692431e-14,3.4972025275692431e-14,0.0000000000000000e+00,5.7232165522479686e-17,-1.5567440929617357e-02,6.9332259084588762e-03,-2.2500666838076232e-02,-1.5567440929617333e-02,-2.4286128663675299e-17,1.3409354522452085e-17,-1.5567440929617343e-02,6.9332259084588753e-03,-2.2500666838076219e-02,-3.4694469519536142e-18,-1.0525038756076702e-02,1.5567440929617343e-02,1.0525038756076717e-02,0.0000000000000000e+00,3.0804078308261014e+00,2.0897490309391458e+00,-3.0804078308274367e+00,1.4983357437314091e+00,-4.5787435745588496e+00,-3.0804078308261014e+00,1.4983357437313662e+00,-4.5787435745574721e+00,-1.3348341507695466e-12,-1.8933320560000148e-17,1.8437431519958410e-02,6.9862826619926854e-01,7.8065264932211997e-01,-6.1739669006222186e-04,4.5781261778687838e+00,0.0000000000000000e+00,-9.9065879988695560e-01,1.6653345369377348e-15,2.9537201370600734e-15,7.7715611723760958e-15,1.1204143599514025e-02,-5.9664630966453353e-12
149,1.8148029927812040e+01,5.0405432635326584e+00,3.0609248574433678e-01,-6.6058269965196814e-14,6.6058269965196814e-14,0.0000000000000000e+00,4.6959977899477135e-17,-1.4245714791789075e-02,6.3420499792691369e-03,-2.0587764771058212e-02,-1.4245714791789051e-02,-2.4286128663675299e-17,1.1090748079737974e-17,-1.4245714791789064e-02,6.3420499792691352e-03,-2.0587764771058198e-02,3.4694469519536142e-18,-9.6303054966984328e-03,1.4245714791789064e-02,9.6303054966984328e-03,0.0000000000000000e+00,3.0849706222974254e+00,2.0928337306508280e+00,-3.0849706222987607e+00,1.5003674748291174e+00,-4.5853380971278819e+00,-3.0849706222974254e+00,1.5003674748290745e+00,-4.5853380971265043e+00,-1.3348304011208935e-12,-1.8933320560000148e-17,1.7336508288471369e-02,6.9887486227629259e-01,7.8353841614192699e-01,-6.1768812242646298e-04,4.5847204090054516e+00,0.0000000000000000e+00,-9.9213689164659735e-01,1.1564823173178715e-15,1.8388636167550556e-15,4.2558549277297670e-15,1.0276264611891128e-02,-5.9664593797429426e-12
150,1.8462184654095793e+01,5.1277984915422712e+00,3.1415472628375340e-01,-1.1657341758564144e-13,1.1657341758564144e-13,0.0000000000000000e+00,4.6941077721497149e-17,-1.2999694817021325e-02,5.7852261121148548e-03,-1.8784920929136181e-02,-1.2999694817021302e-02,-2.2551405187698492e-17,-3.8279411822886121e-17,-1.2999694817021266e-02,5.7852261121148531e-03,-1.8784920929136119e-02,1.7347234759768071e-18,-8.7869217840266037e-03,1.2999694817021266e-02,8.7869217840266054e-03,0.0000000000000000e+00,3.0892502593964974e+00,2.0957266601484688e+00,-3.0892502593978328e+00,1.5022723953796455e+00,-4.5915226547774823e+00,-3.0892502593964974e+00,1.5022723953796027e+00,-4.5915226547761048e+00,-1.3348346718445016e-12,-1.8115863191839905e-17,1.6242363216101802e-02,6.9901611930864260e-01,7.8639596091504338e-01,-6.1795193985769714e-04,4.5909047028376211e+00,0.0000000000000000e+00,-9.9352359924802869e-01,2.4517425127138876e-15,3.7373958727959892e-15,1.7578531223231646e-14,9.3998535932996070e-03,-5.9664588347694854e-12
151,1.8790138009784393e+01,5.2188862340875799e+00,3.2795335568859940e-01,-1.3988810110276972e-13,1.3988810110276972e-13,0.0000000000000000e+00,4.8027319005426539e-17,-1.1812313857184292e-02,5.2550185241475728e-03,-1.7067332381331866e-02,-1.1812313857184269e-02,-2.2551405187698492e-17,-2.2443361424210621e-17,-1.1812313857184245e-02,5.2550185241475728e-03,-1.7067332381331818e-02,-1.7347234759768071e-18,-7.9833435140859096e-03,1.1812313857184245e-02,7.9833435140859027e-03,0.0000000000000000e+00,3.0933188501495374e+00,2.0984765925386206e+00,-3.0933188501508728e+00,1.5040827380176882e+00,-4.5974015881685650e+00,-3.0933188501495374e+00,1.5040827380176454e+00,-4.5974015881671875e+00,-1.3348446289631282e-12,-1.8115863191839905e-17,1.5139206120917438e-02,6.9906233894839154e-01,7.8926298199114386e-01,-6.1821095723546549e-04,4.5967833772113256e+00,0.0000000000000000e+00,-9.9484225761091682e-01,1.3415194880887309e-15,2.0879704545326703e-15,1.7763568394002505e-14,8.5626341374222033e-03,-5.9664613000813044e-12
152,1.9123036736771830e+01,5.3113475338776786e+00,3.3289872698743750e-01,-2.1371793224034263e-13,2.1371793224034263e-13,0.0000000000000000e+00,2.3535507261563911e-17,-1.0719161726083075e-02,4.7672092547650074e-03,-1.5486370980848083e-02,-1.0719161726083056e-02,-1.9081958235744878e-17,1.6949337420721222e-18,-1.0719161726083056e-02,4.7672092547650056e-03,-1.5486370980848062e-02,-1.7347234759768071e-18,-7.2436586300289431e-03,1.0719161726083056e-02,7.2436586300289353e-03,0.0000000000000000e+00,3.0970691999189466e+00,2.1010111173534258e+00,-3.0970691999202820e+00,1.5057509314522772e+00,-4.6028201313725630e+00,-3.0970691999189466e+00,1.5057509314522344e+00,-4.6028201313711854e+00,-1.3348480825257094e-12,-1.8693350428667807e-17,1.4060773072290632e-02,6.9902253682701609e-01,7.9204916616222154e-01,-6.1845539074911748e-04,4.6022016759818101e+00,0.0000000000000000e+00,-9.9605808256552075e-01,1.7578531223231646e-15,3.0825493282629781e-15,1.3692750637043598e-14,7.7896059971274021e-03,-5.9664627535300256e-12
153,1.9453376070379313e+01,5.4030979723174628e+00,3.3033933360748335e-01,-2.7977620220553945e-13,2.7977620220553945e-13,0.0000000000000000e+00,4.8105487011372282e-17,-9.7399518801306057e-03,4.3305192339242547e-03,-1.4070471114054860e-02,-9.7399518801305884e-03,-1.7347234759768071e-17,6.7542971428644435e-18,-9.7399518801305936e-03,4.3305192339242547e-03,-1.4070471114054848e-02,-1.7347234759768071e-18,-6.5811979320825826e-03,9.7399518801305936e-03,6.5811979320825722e-03,0.0000000000000000e+00,3.1004484248963848e+00,2.1032945643053993e+00,-3.1004484248977202e+00,1.5072536002354249e+00,-4.6077020251331486e+00,-3.1004484248963848e+00,1.5072536002353820e+00,-4.6077020251317711e+00,-1.3348466869690593e-12,-1.9266397825715243e-17,1.3032541634980988e-02,6.9891412960121957e-01,7.9468825861258430e-01,-6.1867038663998564e-04,4.6070833547465053e+00,0.0000000000000000e+00,-9.9715386059098554e-01,2.5905203907920322e-15,4.8778444539972777e-15,1.0917193075480707e-14,7.0948360397015461e-03,-5.9664654380253731e-12
154,1.9780942957915133e+01,5.4940783748676418e+00,3.2756688753581997e-01,-5.2846615972157451e-13,5.2846615972157451e-13,0.0000000000000000e+00,5.5320547350004421e-17,-8.8669919218503750e-03,3.9414470756641319e-03,-1.2808438997514507e-02,-8.8669919218503576e-03,-1.7347234759768071e-17,-1.1485324655212774e-17,-8.8669919218503472e-03,3.9414470756641302e-03,-1.2808438997514477e-02,1.7347234759768071e-18,-5.9907433937867278e-03,8.8669919218503472e-03,5.9907433937867191e-03,0.0000000000000000e+00,3.1034959342302693e+00,2.1053536401505983e+00,-3.1034959342316046e+00,1.5086084113643414e+00,-4.6121043455959496e+00,-3.1034959342302693e+00,1.5086084113642986e+00,-4.6121043455945721e+00,-1.3348474618330378e-12,-1.9266397825715243e-17,1.2054989660845008e-02,6.9875430955594531e-01,7.9718025497659506e-01,-6.1885717095599979e-04,4.6114854884249903e+00,0.0000000000000000e+00,-9.9814229407967092e-01,6.3375230989019355e-15,1.1069233029102568e-14,1.9058828589398523e-14,6.4731058471240851e-03,-5.9664628809525573e-12
155,2.0109936081965166e+01,5.5854549089473871e+00,3.2899312405003300e-01,-9.3258734068513149e-14,9.3258734068513149e-14,0.0000000000000000e+00,5.1785194814705641e-17,-8.0829518820767152e-03,3.5922022361279380e-03,-1.1675154118204653e-02,-8.0829518820766961e-03,-1.9081958235744878e-17,-1.1105302376772375e-18,-8.0829518820766961e-03,3.5922022361279367e-03,-1.1675154118204634e-02,1.7347234759768071e-18,-5.4605610069089370e-03,8.0829518820766961e-03,5.4605610069089414e-03,0.0000000000000000e+00,3.1062841417125324e+00,2.1072373403552147e+00,-3.1062841417138678e+00,1.5098476707756334e+00,-4.6161318124895052e+00,-3.1062841417125324e+00,1.5098476707755906e+00,-4.6161318124881277e+00,-1.3348495338078634e-12,-1.8695685729990701e-17,1.1116234928862809e-02,6.9855515353260511e-01,7.9955725801817679e-01,-6.1902429598870157e-04,4.6155127881935130e+00,0.0000000000000000e+00,-9.9904680135731772e-01,2.1741867565575985e-15,4.7613195832484676e-15,1.6653345369377348e-14,5.9122833913413221e-03,-5.9664647195384902e-12
156,2.0443301382599447e+01,5.6780457977155683e+00,3.3336530063428071e-01,-6.9944050551384862e-14,6.9944050551384862e-14,0.0000000000000000e+00,5.1788057788076636e-17,-7.3778054148275138e-03,3.2782597396430668e-03,-1.0656065154470581e-02,-7.3778054148274990e-03,-1.4745149545802860e-17,-2.2980954092517846e-17,-7.3778054148274748e-03,3.2782597396430664e-03,-1.0656065154470542e-02,-1.7347234759768071e-18,-4.9838619194664518e-03,7.3778054148274748e-03,4.9838619194664570e-03,0.0000000000000000e+00,3.1088611817146905e+00,2.1089782444496161e+00,-3.1088611817160259e+00,1.5109928575866580e+00,-4.6198540393026883e+00,-3.1088611817146905e+00,1.5109928575866152e+00,-4.6198540393013108e+00,-1.3348535494403216e-12,-1.8695685729990701e-17,1.0209984672381395e-02,6.9832640633253973e-01,8.0183729056944408e-01,-6.1917601229266594e-04,4.6192348632903908e+00,0.0000000000000000e+00,-9.9988293726507438e-01,4.2558549277297670e-15,6.9515389246273385e-15,1.3322676295501878e-14,5.4053428956352383e-03,-5.9664658708475018e-12
157,2.0772284686456736e+01,5.7694196042757655e+00,3.2898330385728869e-01,-1.3211653993039363e-13,1.3211653993039363e-13,0.0000000000000000e+00,4.8042203344937931e-17,-6.7648333374815918e-03,3.0054747460574968e-03,-9.7703080835390890e-03,-6.7648333374815788e-03,-1.3010426069826053e-17,9.7200089459098316e-19,-6.7648333374815788e-03,3.0054747460574955e-03,-9.7703080835390733e-03,-8.6736173798840355e-19,-4.5696108917198247e-03,6.7648333374815788e-03,4.5696108917198360e-03,0.0000000000000000e+00,3.1111875277256877e+00,2.1105497109739835e+00,-3.1111875277270231e+00,1.5120264794524918e+00,-4.6232140071795200e+00,-3.1111875277256877e+00,1.5120264794524489e+00,-4.6232140071781425e+00,-1.3348571697293903e-12,-1.9123707025294940e-17,9.3609797139886011e-03,6.9808498503176752e-01,8.0396121748805816e-01,-6.1929721867737264e-04,4.6225947099608380e+00,0.0000000000000000e+00,-1.0006378167517043e+00,3.3769283665681846e-15,5.8469184079550211e-15,1.6283271027835631e-14,4.9620685648841326e-03,-5.9664675506064748e-12
158,2.1107422253351281e+01,5.8625027329617172e+00,3.3513756689454510e-01,-3.4583447217073626e-13,3.4583447217073626e-13,0.0000000000000000e+00,5.5020197361853797e-17,-6.2198523198593921e-03,2.7630568900717336e-03,-8.9829092099311253e-03,-6.2198523198593782e-03,-1.3877787807814457e-17,1.6038652027536690e-19,-6.2198523198593791e-03,2.7630568900717332e-03,-8.9829092099311114e-03,8.6736173798840355e-19,-4.2014511169343330e-03,6.2198523198593791e-03,4.2014511169343287e-03,0.0000000000000000e+00,3.1133633557047338e+00,2.1120194671643144e+00,-3.1133633557060691e+00,1.5129931052810350e+00,-4.6263564609871093e+00,-3.1133633557047338e+00,1.5129931052809922e+00,-4.6263564609857317e+00,-1.3348569799766089e-12,-1.9123707025294940e-17,8.5432743942397537e-03,6.9783299184958103e-01,8.0599743994955531e-01,-6.1939908765906715e-04,4.6257370618994447e+00,0.0000000000000000e+00,-1.0013438885404193e+00,3.2844097811827550e-15,6.5795741882949416e-15,2.8125649957170633e-14,4.5652243044614713e-03,-5.9664671591517091e-12
159,2.1456324500312650e+01,5.9594089468895097e+00,3.4890224696136940e-01,-3.0697666630885578e-13,3.0697666630885578e-13,0.0000000000000000e+00,5.6838062691952791e-17,-5.7321729918105241e-03,2.5462191428401548e-03,-8.2783921346506785e-03,-5.7321729918105102e-03,-1.3877787807814457e-17,-5.9891319939830880e-18,-5.7321729918105059e-03,2.5462191428401544e-03,-8.2783921346506611e-03,1.7347234759768071e-18,-3.8721589486716986e-03,5.7321729918105059e-03,3.8721589486717094e-03,0.0000000000000000e+00,3.1154483999482241e+00,2.1134279175108044e+00,-3.1154483999495595e+00,1.5139193144498455e+00,-4.6293677143994101e+00,-3.1154483999482241e+00,1.5139193144498027e+00,-4.6293677143980325e+00,-1.3348579968078053e-12,-1.8669770336326232e-17,7.7433708222268199e-03,6.9757362460686212e-01,8.0798283291441031e-01,-6.1948610634621204e-04,4.6287482282930590e+00,0.0000000000000000e+00,-1.0020204824374197e+00,2.7292982688701768e-15,5.7212927675213302e-15,1.9243865760169381e-14,4.2070590919347081e-03,-5.9664679185018692e-12
160,2.1806297816507250e+01,6.0566126460446146e+00,3.4997331619459970e-01,-3.1086244689504383e-13,3.1086244689504383e-13,0.0000000000000000e+00,5.0362834934278385e-17,-5.3190256486894778e-03,2.3625934521541341e-03,-7.6816191008436119e-03,-5.3190256486894657e-03,-1.2143064331837650e-17,-3.6724407216542799e-17,-5.3190256486894301e-03,2.3625934521541332e-03,-7.6816191008435633e-03,8.6736173798840355e-19,-3.5933609137400692e-03,5.3190256486894301e-03,3.5933609137400666e-03,0.0000000000000000e+00,3.1173822122662944e+00,2.1147342838824867e+00,-3.1173822122676298e+00,1.5147782911610694e+00,-4.6321605034287048e+00,-3.1173822122662944e+00,1.5147782911610266e+00,-4.6321605034273272e+00,-1.3348654711072872e-12,-1.8214440140650063e-17,6.9942729928956114e-03,6.9732505419325130e-01,8.0983942852819524e-01,-6.1953544672732619e-04,4.6315409679819721e+00,0.0000000000000000e+00,-1.0026479283838077e+00,7.6790425869906666e-15,1.0010160353821317e-14,3.6267285471088449e-14,3.9003644357597997e-03,-5.9664715583548822e-12
161,2.2145670268421895e+01,6.1508719972321160e+00,3.3937245191464527e-01,-1.9428902930940239e-13,1.9428902930940239e-13,0.0000000000000000e+00,4.0152166534196664e-17,-4.9858320954036528e-03,2.2145668328096700e-03,-7.2003989282133224e-03,-4.9858320954036407e-03,-1.2143064331837650e-17,1.5991127354674308e-18,-4.9858320954036424e-03,2.2145668328096696e-03,-7.2003989282133120e-03,0.0000000000000000e+00,-3.3686871945572496e-03,4.9858320954036424e-03,3.3686871945572457e-03,0.0000000000000000e+00,3.1191308046859167e+00,2.1159156475509171e+00,-3.1191308046872521e+00,1.5155549722154267e+00,-4.6346857769026846e+00,-3.1191308046859167e+00,1.5155549722153838e+00,-4.6346857769013070e+00,-1.3348714313859433e-12,-1.8067260800791025e-17,6.3190829567723950e-03,6.9710223019178297e-01,8.1151412140457235e-01,-6.1953766229905227e-04,4.6340662392403793e+00,0.0000000000000000e+00,-1.0032151571349996e+00,5.3660779523549235e-15,8.7408570780897823e-15,3.6452322641859311e-14,3.6497124226611928e-03,-5.9664710330741010e-12
162,2.2488253853563187e+01,6.2460232279249004e+00,3.4258358514129128e-01,-4.0023540037736893e-13,4.0023540037736893e-13,0.0000000000000000e+00,3.8533201377909892e-17,-4.7117348780176919e-03,2.0928540106882744e-03,-6.8045888887059668e-03,-4.7117348780176815e-03,-1.0408340855860843e-17,-2.1028346466961963e-17,-4.7117348780176607e-03,2.0928540106882739e-03,-6.8045888887059347e-03,0.0000000000000000e+00,-3.1840445596035450e-03,4.7117348780176607e-03,3.1840445596035345e-03,0.0000000000000000e+00,3.1207919183163679e+00,2.1170380767193220e+00,-3.1207919183177033e+00,1.5162927980530656e+00,-4.6370847163707749e+00,-3.1207919183163679e+00,1.5162927980530228e+00,-4.6370847163693973e+00,-1.3348747594542175e-12,-1.8067260800791025e-17,5.6885609635648829e-03,6.9690167400705916e-01,8.1308306161245747e-01,-6.1950146998412947e-04,4.6364652149007846e+00,0.0000000000000000e+00,-1.0037538415970459e+00,4.6259292692714861e-15,8.3038458443470734e-15,2.7940612786399775e-14,3.4399699075148399e-03,-5.9664692941520937e-12
163,2.2845592504873252e+01,6.3452726196674432e+00,3.5733865131006581e-01,-1.7097434579227411e-13,1.7097434579227411e-13,0.0000000000000000e+00,4.8142717053936976e-17,-4.4871129253070807e-03,1.9931704115858434e-03,-6.4802833368929240e-03,-4.4871129253070694e-03,-1.1275702593849246e-17,-1.4186704897273791e-17,-4.4871129253070555e-03,1.9931704115858425e-03,-6.4802833368928980e-03,0.0000000000000000e+00,-3.0329429052949920e-03,4.4871129253070555e-03,3.0329429052949955e-03,0.0000000000000000e+00,3.1224354702501911e+00,2.1181488616772812e+00,-3.1224354702515265e+00,1.5170228452812033e+00,-4.6394583155327362e+00,-3.1224354702501911e+00,1.5170228452811605e+00,-4.6394583155313587e+00,-1.3348810513036977e-12,-1.8067260800791025e-17,5.0850296563846563e-03,6.9672428993000624e-01,8.1459410453984904e-01,-6.1942115496349537e-04,4.6388388943777663e+00,0.0000000000000000e+00,-1.0042866085729099e+00,7.5402647089125220e-15,1.2552883342922084e-14,3.2381504884900401e-14,3.2639426598481051e-03,-5.9664682778392093e-12
164,2.3213987512365037e+01,6.4475928704449688e+00,3.6839500749178455e-01,-4.8183679268731794e-13,4.8183679268731794e-13,0.0000000000000000e+00,1.1165348273528929e-16,-4.3152953179254796e-03,1.9169896316347716e-03,-6.2322849495602510e-03,-4.3152953179254692e-03,-1.0408340855860843e-17,2.0354257692222533e-17,-4.3152953179254883e-03,1.9169896316347708e-03,-6.2322849495602588e-03,-8.6736173798840355e-19,-2.9176175320503135e-03,4.3152953179254883e-03,2.9176175320503278e-03,0.0000000000000000e+00,3.1240568518755469e+00,2.1192449400557294e+00,-3.1240568518768823e+00,1.5177430870004116e+00,-4.6417999388773001e+00,-3.1240568518755469e+00,1.5177430870003688e+00,-4.6417999388759226e+00,-1.3348799152558687e-12,-1.8227026667773187e-17,4.5196648367816297e-03,6.9658073572779688e-01,8.1602339978603122e-01,-6.1928664980182013e-04,4.6411806522274919e+00,0.0000000000000000e+00,-1.0048119118198175e+00,1.0732155904709847e-14,1.8214228622523457e-14,3.4601950934150714e-14,3.1243166885425479e-03,-5.9664692176420585e-12
165,2.3592694664567002e+01,6.5527772784758298e+00,3.7870715220196516e-01,-3.2251978865360797e-13,3.2251978865360797e-13,0.0000000000000000e+00,1.0714226294510875e-16,-4.1957845406729198e-03,1.8640875060181548e-03,-6.0598720466910746e-03,-4.1957845406729085e-03,-1.1275702593849246e-17,-1.3893811954799693e-17,-4.1957845406728938e-03,1.8640875060181542e-03,-6.0598720466910477e-03,-8.6736173798840355e-19,-2.8377200118968808e-03,4.1957845406728938e-03,2.8377200118968977e-03,0.0000000000000000e+00,3.1256684552832534e+00,2.1203347338013439e+00,-3.1256684552845888e+00,1.5184590474779398e+00,-4.6441275027625348e+00,-3.1256684552832534e+00,1.5184590474778970e+00,-4.6441275027611573e+00,-1.3348786919473652e-12,-1.8555502761495723e-17,3.9969344094026686e-03,6.9647967768170893e-01,8.1736334551533230e-01,-6.1908987149594807e-04,4.6435084128910322e+00,0.0000000000000000e+00,-1.0053337214819096e+00,7.2164496600635175e-15,1.4709570595291999e-14,1.0362081563168128e-13,3.0209677613975356e-03,-5.9664578609006212e-12
166,2.3974520879198010e+01,6.6588279937134667e+00,3.8182621463100830e-01,-4.1577852272212112e-13,4.1577852272212112e-13,0.0000000000000000e+00,9.7265010020459415e-17,-4.1276756554230942e-03,1.8340588494498806e-03,-5.9617345048729748e-03,-4.1276756554230846e-03,-9.5409791178724390e-18,6.2917815654328758e-17,-4.1276756554231471e-03,1.8340588494498797e-03,-5.9617345048730268e-03,-8.6736173798840355e-19,-2.7926087724429159e-03,4.1276756554231471e-03,2.7926087724429167e-03,0.0000000000000000e+00,3.1272575129329070e+00,2.1214096373647702e+00,-3.1272575129342424e+00,1.5191650720899696e+00,-4.6464225850242187e+00,-3.1272575129329070e+00,1.5191650720899268e+00,-4.6464225850228411e+00,-1.3348693326224859e-12,-1.8886684210627607e-17,3.5275579028061768e-03,6.9642977524401328e-01,8.1858890374541637e-01,-6.1883519773386908e-04,4.6458037498264781e+00,0.0000000000000000e+00,-1.0058478755681368e+00,7.4014868308343775e-15,1.5368002639474996e-14,2.3684757858670007e-14,2.9538271496877661e-03,-5.9664645926664520e-12
167,2.4351461744040471e+01,6.7635218224425060e+00,3.7694086484246014e-01,-9.3258734068513149e-13,9.3258734068513149e-13,0.0000000000000000e+00,9.1584351802608657e-17,-4.1060490848504189e-03,1.8247132871484504e-03,-5.9307623719988692e-03,-4.1060490848504111e-03,-7.8062556418956319e-18,-1.0777732987594833e-17,-4.1060490848504006e-03,1.8247132871484495e-03,-5.9307623719988501e-03,0.0000000000000000e+00,-2.7789243033168416e-03,4.1060490848504006e-03,2.7789243033168359e-03,0.0000000000000000e+00,3.1288093265951438e+00,2.1224597066128079e+00,-3.1288093265964791e+00,1.5198546424566850e+00,-4.6486639690531710e+00,-3.1288093265951438e+00,1.5198546424566421e+00,-4.6486639690517935e+00,-1.3348595057585591e-12,-1.9050156252451911e-17,3.1181249306674471e-03,6.9643512143764319e-01,8.1968285375944994e-01,-6.1854232892444294e-04,4.6480454267242397e+00,0.0000000000000000e+00,-1.0063496199823359e+00,1.3507713466272738e-14,2.1004465730461567e-14,2.0724163126336258e-14,2.9200191948115166e-03,-5.9664682642423715e-12
168,2.4727381812910426e+01,6.8679321291428117e+00,3.7592006886995577e-01,-5.7898130734201914e-13,5.7898130734201914e-13,0.0000000000000000e+00,5.5838441648884690e-17,-4.1239347526724809e-03,1.8329534330907588e-03,-5.9568881857632395e-03,-4.1239347526724713e-03,-9.5409791178724390e-18,-2.6478620595403377e-17,-4.1239347526724453e-03,1.8329534330907581e-03,-5.9568881857632039e-03,8.6736173798840355e-19,-2.7919511920300008e-03,4.1239347526724453e-03,2.7919511920299874e-03,0.0000000000000000e+00,3.1303562346406437e+00,2.1235068085627464e+00,-3.1303562346419791e+00,1.5205421376193728e+00,-4.6508983722613593e+00,-3.1303562346406437e+00,1.5205421376193300e+00,-4.6508983722599817e+00,-1.3348665084640615e-12,-1.8887126910312030e-17,2.7599040111798462e-03,6.9649712750691239e-01,8.2066689084136735e-01,-6.1821525991323512e-04,4.6502801570014389e+00,0.0000000000000000e+00,-1.0068494260778973e+00,8.1416355139178157e-15,1.5918865129563821e-14,6.1617377866696188e-14,2.9146020769844089e-03,-5.9664677660489587e-12
169,2.5094964360340725e+01,6.9700267223637820e+00,3.6758254743029894e-01,-5.3235194030776256e-13,5.3235194030776256e-13,0.0000000000000000e+00,1.1710632027905926e-16,-4.1743057915500864e-03,1.8556554931206668e-03,-6.0299612846707535e-03,-4.1743057915500769e-03,-9.5409791178724390e-18,-3.6943270457974165e-17,-4.1743057915500405e-03,1.8556554931206666e-03,-6.0299612846707075e-03,8.6736173798840355e-19,-2.8269097508239055e-03,4.1743057915500405e-03,2.8269097508239012e-03,0.0000000000000000e+00,3.1318813788398612e+00,2.1245395061722618e+00,-3.1318813788411966e+00,1.5212200717521582e+00,-4.6531014505933621e+00,-3.1318813788398612e+00,1.5212200717521154e+00,-4.6531014505919845e+00,-1.3348781648541997e-12,-1.8568299873118681e-17,2.4545538759900877e-03,6.9661433236488302e-01,8.2153330398860525e-01,-6.1788152267983065e-04,4.6524835690706752e+00,0.0000000000000000e+00,-1.0073418726675993e+00,9.7144514654701197e-15,1.8702283628891722e-14,2.6460315420232899e-14,2.9331023932743488e-03,-5.9664714231542532e-12
170,2.5447931527476040e+01,7.0680619517318775e+00,3.5296716713531495e-01,-2.6034729927459921e-13,2.6034729927459921e-13,0.0000000000000000e+00,4.0141598025570979e-17,-4.2487279182556363e-03,1.8890651083946261e-03,-6.1377930266502626e-03,-4.2487279182556277e-03,-8.6736173798840355e-18,-3.8862468950222352e-18,-4.2487279182556233e-03,1.8890651083946256e-03,-6.1377930266502487e-03,-8.6736173798840355e-19,-2.8780744386153957e-03,4.2487279182556233e-03,2.8780744386153996e-03,0.0000000000000000e+00,3.1333679060134787e+00,2.1255463422262109e+00,-3.1333679060148141e+00,1.5218809534633733e+00,-4.6552488594781947e+00,-3.1333679060134787e+00,1.5218809534633304e+00,-4.6552488594768171e+00,-1.3348853705937375e-12,-1.8568299873118681e-17,2.1997781999818673e-03,6.9678065275224876e-01,8.2228295408194763e-01,-6.1756842919513666e-04,4.6546312910489922e+00,0.0000000000000000e+00,-1.0078215637872678e+00,4.3021142204224816e-15,9.2930486403331431e-15,3.5527136788005009e-14,2.9699240494959313e-03,-5.9664680841762237e-12
171,2.5808257492483321e+01,7.1681410579939824e+00,3.6032596500728076e-01,-3.4583447217073626e-13,3.4583447217073626e-13,0.0000000000000000e+00,5.5335271002796449e-17,-4.3467321815154406e-03,1.9329826743970156e-03,-6.2797148559124560e-03,-4.3467321815154327e-03,-7.8062556418956319e-18,1.2184326740382554e-17,-4.3467321815154449e-03,1.9329826743970148e-03,-6.2797148559124594e-03,0.0000000000000000e+00,-2.9451738791062133e-03,4.3467321815154449e-03,2.9451738791062138e-03,0.0000000000000000e+00,3.1349164897410446e+00,2.1265954760109911e+00,-3.1349164897423800e+00,1.5225695449911925e+00,-4.6574860347335800e+00,-3.1349164897410446e+00,1.5225695449911496e+00,-4.6574860347322025e+00,-1.3348838755869235e-12,-1.8724566350744215e-17,1.9750306089065944e-03,6.9700539066216649e-01,8.2297189349111810e-01,-6.1723022900128655e-04,4.6568688045045707e+00,0.0000000000000000e+00,-1.0083210137300536e+00,4.4871513911933415e-15,7.4128174671496429e-15,3.2936616397212979e-14,3.0238335657642086e-03,-5.9664641775285449e-12
172,2.6182991142688625e+01,7.2722218416203441e+00,3.7473365020530380e-01,-2.7200464103316335e-13,2.7200464103316335e-13,0.0000000000000000e+00,8.5468112047851608e-17,-4.4678361996059760e-03,1.9872094545754751e-03,-6.4550456541814516e-03,-4.4678361996059674e-03,-8.6736173798840355e-18,4.1495263934396371e-17,-4.4678361996060099e-03,1.9872094545754747e-03,-6.4550456541814846e-03,8.6736173798840355e-19,-3.0278885924833665e-03,4.4678361996060099e-03,3.0278885924833751e-03,0.0000000000000000e+00,3.1365680474332658e+00,2.1277146297624325e+00,-3.1365680474346012e+00,1.5233040589441904e+00,-4.6598721063787991e+00,-3.1365680474332658e+00,1.5233040589441476e+00,-4.6598721063774216e+00,-1.3348738178124460e-12,-1.8562051535681811e-17,1.7753410441709097e-03,6.9729810637286860e-01,8.2361375976864637e-01,-6.1685175850456631e-04,4.6592552546202874e+00,0.0000000000000000e+00,-1.0088534176708333e+00,1.2119934685491293e-14,2.0670987585403130e-14,2.6460315420232899e-14,3.0943579210323505e-03,-5.9664692155065528e-12
173,2.6561362613349544e+01,7.3773130154358579e+00,3.7837147066091958e-01,-2.4091839634365897e-13,2.4091839634365897e-13,0.0000000000000000e+00,1.0766044397952301e-16,-4.6055099550902073e-03,2.0488418716643688e-03,-6.6543518267545756e-03,-4.6055099550901986e-03,-8.6736173798840355e-18,6.8001752419678405e-17,-4.6055099550902671e-03,2.0488418716643688e-03,-6.6543518267546363e-03,8.6736173798840355e-19,-3.1217703247743214e-03,4.6055099550902671e-03,3.1217703247743448e-03,0.0000000000000000e+00,3.1382845950974496e+00,2.1288780575067254e+00,-3.1382845950987850e+00,1.5240676222821765e+00,-4.6623522173809695e+00,-3.1382845950974496e+00,1.5240676222821337e+00,-4.6623522173795919e+00,-1.3348531025388906e-12,-1.8233866599284128e-17,1.6049080007834774e-03,6.9765424575328860e-01,8.2419199996835590e-01,-6.1646855974850645e-04,4.6617357488212132e+00,0.0000000000000000e+00,-1.0094065375907242e+00,9.8994886362409797e-15,1.4695667945634537e-14,1.7763568394002505e-14,3.1774677626574994e-03,-5.9664717358125442e-12
174,2.6931568247356811e+01,7.4801361605397485e+00,3.7020563400726658e-01,-5.6732396558345499e-13,5.6732396558345499e-13,0.0000000000000000e+00,7.4674688480086971e-17,-4.7510838629906066e-03,2.1140122004833866e-03,-6.8650960634739928e-03,-4.7510838629905979e-03,-8.6736173798840355e-18,-2.1383638522500154e-17,-4.7510838629905771e-03,2.1140122004833862e-03,-6.8650960634739633e-03,8.6736173798840355e-19,-3.2209279011289524e-03,4.7510838629905771e-03,3.2209279011289446e-03,0.0000000000000000e+00,3.1400165269707352e+00,2.1300521088157440e+00,-3.1400165269720706e+00,1.5248381782977061e+00,-4.6648547052697849e+00,-3.1400165269707352e+00,1.5248381782976632e+00,-4.6648547052684073e+00,-1.3348444733946849e-12,-1.7912764397158486e-17,1.4646534389359471e-03,6.9806066442871262e-01,8.2469674012954763e-01,-6.1612030050972599e-04,4.6642385849692669e+00,0.0000000000000000e+00,-1.0099644181549912e+00,4.4408920985006262e-15,1.1445966246328384e-14,3.8117657178797045e-14,3.2675235269767899e-03,-5.9664715752782972e-12
175,2.7306363081147396e+01,7.5842339376640195e+00,3.7479483379058465e-01,-4.7795101210112989e-13,4.7795101210112989e-13,0.0000000000000000e+00,1.1648656873698138e-16,-4.9055805198096230e-03,2.1831753326877553e-03,-7.0887558524973786e-03,-4.9055805198096152e-03,-7.8062556418956319e-18,-4.7663074459205788e-17,-4.9055805198095666e-03,2.1831753326877544e-03,-7.0887558524973214e-03,-8.6736173798840355e-19,-3.3260742352813856e-03,4.9055805198095666e-03,3.3260742352813847e-03,0.0000000000000000e+00,3.1418261609318967e+00,2.1312790001045152e+00,-3.1418261609332321e+00,1.5256434601413369e+00,-4.6674696210745772e+00,-3.1418261609318967e+00,1.5256434601412940e+00,-4.6674696210731996e+00,-1.3348574125703428e-12,-1.7912764397158486e-17,1.3456796266814728e-03,6.9852904830808937e-01,8.2515295339939687e-01,-6.1577880716923161e-04,4.6668538422673995e+00,0.0000000000000000e+00,-1.0105471608273815e+00,1.4895492247054186e-14,2.6530258900359041e-14,1.9613940101711101e-14,3.3648292874365491e-03,-5.9664753137472062e-12
176,2.7697793713416743e+01,7.6929522417705121e+00,3.9143063226934771e-01,-3.7692071686024065e-13,3.7692071686024065e-13,0.0000000000000000e+00,1.0702265299009669e-16,-5.0707032184382729e-03,2.2571023906901200e-03,-7.3278056091283933e-03,-5.0707032184382668e-03,-6.0715321659188248e-18,-1.8604964756866847e-17,-5.0707032184382468e-03,2.2571023906901200e-03,-7.3278056091283673e-03,-1.7347234759768071e-18,-3.4383747116812982e-03,5.0707032184382468e-03,3.4383747116812809e-03,0.0000000000000000e+00,3.1437786724575769e+00,2.1326029063686467e+00,-3.1437786724589123e+00,1.5265124904996936e+00,-4.6702911629586144e+00,-3.1437786724575769e+00,1.5265124904996508e+00,-4.6702911629572368e+00,-1.3348703822405875e-12,-1.8422032327419048e-17,1.2424218917460855e-03,6.9907724561563866e-01,8.2557740377775446e-01,-6.1541921455443571e-04,4.6696757437440510e+00,0.0000000000000000e+00,-1.0111757660889302e+00,5.2735593669694936e-15,1.1915503057474384e-14,2.4424906541753444e-14,3.4703328337114350e-03,-5.9664791807021451e-12
177,2.8095996405628579e+01,7.8035514586404897e+00,3.9820269221183580e-01,-3.3417713041217212e-13,3.3417713041217212e-13,0.0000000000000000e+00,5.9004756247090426e-17,-5.2387763898975141e-03,2.3323769354060848e-03,-7.5711533253035989e-03,-5.2387763898975072e-03,-6.9388939039072284e-18,8.1189756765751369e-18,-5.2387763898975159e-03,2.3323769354060843e-03,-7.5711533253036006e-03,8.6736173798840355e-19,-3.5526145971018714e-03,5.2387763898975159e-03,3.5526145971018722e-03,0.0000000000000000e+00,3.1458313037252479e+00,2.1339948217506377e+00,-3.1458313037265833e+00,1.5274262620114447e+00,-4.6732575657380364e+00,-3.1458313037252479e+00,1.5274262620114019e+00,-4.6732575657366588e+00,-1.3348724700151287e-12,-1.8594725217013309e-17,1.1557305491598723e-03,6.9969403645217243e-01,8.2596142188066579e-01,-6.1507312944675263e-04,4.6726424926085812e+00,0.0000000000000000e+00,-1.0118364819746102e+00,6.6613381477509392e-15,1.3768506336409253e-14,1.6653345369377348e-14,3.5790228012126113e-03,-5.9664846205520298e-12
178,2.8496726472923239e+01,7.9148526439058706e+00,4.0073006729465988e-01,-3.3417713041217212e-13,3.3417713041217212e-13,0.0000000000000000e+00,1.1741163083498464e-16,-5.4043670806762272e-03,2.4065691349195581e-03,-7.8109362155957852e-03,-5.4043670806762194e-03,-7.8062556418956319e-18,2.6688500597635183e-17,-5.4043670806762471e-03,2.4065691349195576e-03,-7.8109362155958043e-03,8.6736173798840355e-19,-3.6651096801807118e-03,5.4043670806762471e-03,3.6651096801807092e-03,0.0000000000000000e+00,3.1479638175248428e+00,2.1354410013183127e+00,-3.1479638175261782e+00,1.5283757811002785e+00,-4.6763395986264653e+00,-3.1479638175248428e+00,1.5283757811002356e+00,-4.6763395986250877e+00,-1.3348654958139737e-12,-1.8247147289380403e-17,1.0837711678103493e-03,7.0037155364472714e-01,8.2630570012613147e-01,-6.1475616160966418e-04,4.6757248424648470e+00,0.0000000000000000e+00,-1.0125228162065301e+00,6.5688195623655101e-15,1.4884040825211585e-14,2.5905203907920320e-14,3.6872090089534282e-03,-5.9664854981670633e-12
179,2.8910475204343758e+01,8.0297697114472246e+00,4.1374873142051882e-01,-3.6526337510167650e-13,3.6526337510167650e-13,0.0000000000000000e+00,8.0049516153778361e-17,-5.5680967597656001e-03,2.4799551003594285e-03,-8.0480518601250290e-03,-5.5680967597655923e-03,-7.8062556418956319e-18,4.2787430167073031e-17,-5.5680967597656356e-03,2.4799551003594281e-03,-8.0480518601250637e-03,8.6736173798840355e-19,-3.7762888062450022e-03,5.5680967597656356e-03,3.7762888062449844e-03,0.0000000000000000e+00,3.1502337390221129e+00,2.1369804359101892e+00,-3.1502337390234483e+00,1.5293866777019796e+00,-4.6796204167254363e+00,-3.1502337390221129e+00,1.5293866777019367e+00,-4.6796204167240587e+00,-1.3348511230248647e-12,-1.7888277470605004e-17,1.0223740993662122e-03,7.0112677272293578e-01,8.2662308040880672e-01,-6.1445047087094196e-04,4.6790059662545573e+00,0.0000000000000000e+00,-1.0132533031119237e+00,7.2164496600635175e-15,1.3750478071036933e-14,2.9050835811024932e-14,3.7951535369065335e-03,-5.9664907768855081e-12
180,2.9344322129617716e+01,8.1502689725401698e+00,4.3384692527395785e-01,-5.4789506265251475e-13,5.4789506265251475e-13,0.0000000000000000e+00,1.0418770048270910e-16,-5.7283762217989398e-03,2.5518322289311292e-03,-8.2802084507300686e-03,-5.7283762217989320e-03,-7.8062556418956319e-18,-1.7855004466070261e-17,-5.7283762217989146e-03,2.5518322289311288e-03,-8.2802084507300443e-03,8.6736173798840355e-19,-3.8850760872105421e-03,5.7283762217989146e-03,3.8850760872105386e-03,0.0000000000000000e+00,3.1526842090568588e+00,2.1386423657114029e+00,-3.1526842090581941e+00,1.5304781904327021e+00,-4.6831623994909046e+00,-3.1526842090568588e+00,1.5304781904326592e+00,-4.6831623994895271e+00,-1.3348457145967496e-12,-1.7511975247478459e-17,9.6902638487659739e-04,7.0197438794583511e-01,8.2692062731079941e-01,-6.1414879119103816e-04,4.6825482506997052e+00,0.0000000000000000e+00,-1.0140418433454559e+00,6.6613381477509392e-15,1.4627138608176923e-14,2.1649348980190553e-14,3.9017312250752070e-03,-5.9664902396037765e-12
181,2.9798267413980010e+01,8.2763504730780433e+00,4.5394528436229464e-01,-4.3909320623924941e-13,4.3909320623924941e-13,0.0000000000000000e+00,8.6544240936403235e-17,-5.8800961840577088e-03,2.6199219999248065e-03,-8.5000181839825148e-03,-5.8800961840577018e-03,-6.9388939039072284e-18,6.4201272692969086e-19,-5.8800961840577027e-03,2.6199219999248060e-03,-8.5000181839825079e-03,0.0000000000000000e+00,-3.9880059869428896e-03,5.8800961840577027e-03,3.9880059869428818e-03,0.0000000000000000e+00,3.1553190147105030e+00,2.1404293399518823e+00,-3.1553190147118384e+00,1.5316520371547371e+00,-4.6869710518665837e+00,-3.1553190147105030e+00,1.5316520371546942e+00,-4.6869710518652061e+00,-1.3348496214749645e-12,-1.7315107862080398e-17,9.2242067411822432e-04,7.0291613600450153e-01,8.2719962085057785e-01,-6.1385962553939244e-04,4.6863571922410365e+00,0.0000000000000000e+00,-1.0148896747586207e+00,4.9034850254277752e-15,9.6702769362235323e-15,2.7015426932545477e-14,4.0034809542983186e-03,-5.9664890071601414e-12
182,3.0271767929102630e+01,8.4078633613239973e+00,4.7350051512261970e-01,-1.2045919817182948e-13,1.2045919817182948e-13,0.0000000000000000e+00,8.4098249699678985e-17,-6.0175126435967402e-03,2.6816553203467164e-03,-8.6991679639434570e-03,-6.0175126435967332e-03,-6.9388939039072284e-18,1.1584832575054757e-17,-6.0175126435967445e-03,2.6816553203467155e-03,-8.6991679639434605e-03,0.0000000000000000e+00,-4.0811843933742419e-03,6.0175126435967445e-03,4.0811843933742549e-03,0.0000000000000000e+00,3.1581357766648139e+00,2.1423397228527334e+00,-3.1581357766661493e+00,1.5329071869507926e+00,-4.6910429636169502e+00,-3.1581357766648139e+00,1.5329071869507498e+00,-4.6910429636155726e+00,-1.3348467267661900e-12,-1.7315107862080398e-17,8.8121900978381648e-04,7.0395080816168742e-01,8.2746155875726279e-01,-6.1360102205854083e-04,4.6904293625948839e+00,0.0000000000000000e+00,-1.0157960538120805e+00,4.5334106838860561e-15,1.0013366465581345e-14,1.5358085173981333e-14,4.0964709812554142e-03,-5.9664851377572867e-12
183,3.0771017143952502e+01,8.5465278486950993e+00,4.9924921484987195e-01,-1.1268763699945339e-13,1.1268763699945339e-13,0.0000000000000000e+00,8.6533697415773861e-17,-6.1362804938160029e-03,2.7350886856436578e-03,-8.8713691794596612e-03,-6.1362804938159977e-03,-5.2041704279304213e-18,5.6474486040003774e-17,-6.1362804938160532e-03,2.7350886856436574e-03,-8.8713691794597115e-03,-8.6736173798840355e-19,-4.1616662515986955e-03,6.1362804938160532e-03,4.1616662515987016e-03,0.0000000000000000e+00,3.1611696625054644e+00,2.1443973412090473e+00,-3.1611696625067998e+00,1.5342593395468094e+00,-4.6954290020536176e+00,-3.1611696625054644e+00,1.5342593395467665e+00,-4.6954290020522400e+00,-1.3348297374854990e-12,-1.7531622695421161e-17,8.4365457167296515e-04,7.0509072259836092e-01,8.2771159870832356e-01,-6.1336366845177182e-04,4.6948156383851574e+00,0.0000000000000000e+00,-1.0167723212964170e+00,5.6436337085112127e-15,9.6484953090950816e-15,2.0539125955565396e-14,4.1777013552932339e-03,-5.9664870399400413e-12
184,3.1300331844375687e+01,8.6935429053221611e+00,5.2931470042318551e-01,-7.4218409196191715e-13,7.4218409196191715e-13,0.0000000000000000e+00,8.6528625739110467e-17,-6.2300719011022182e-03,2.7773926889708015e-03,-9.0074645900730197e-03,-6.2300719011022113e-03,-6.9388939039072284e-18,7.2744751087632958e-17,-6.2300719011022842e-03,2.7773926889708006e-03,-9.0074645900730839e-03,0.0000000000000000e+00,-4.2251621952550085e-03,6.2300719011022842e-03,4.2251621952550094e-03,0.0000000000000000e+00,3.1644425085620864e+00,2.1466169770024708e+00,-3.1644425085634218e+00,1.5357182582605056e+00,-4.7001607668239354e+00,-3.1644425085620864e+00,1.5357182582604627e+00,-4.7001607668225578e+00,-1.3347955386646044e-12,-1.7761176354672094e-17,8.0840530979067954e-04,7.0634351649659688e-01,8.2795318689906949e-01,-6.1314955504854218e-04,4.6995476172688786e+00,0.0000000000000000e+00,-1.0178255315596156e+00,1.3137639124731020e-14,3.1848208448505869e-14,2.9976021664879227e-14,4.2428214145542875e-03,-5.9664857751058092e-12
185,3.1863622387984002e+01,8.8499946175074768e+00,5.6329054360831421e-01,-4.1189274213593308e-13,4.1189274213593308e-13,0.0000000000000000e+00,8.6523766023991633e-17,-6.2912268868933864e-03,2.8051390907871598e-03,-9.0963659776805462e-03,-6.2912268868933804e-03,-6.0715321659188248e-18,3.0796946880085506e-17,-6.2912268868934099e-03,2.8051390907871598e-03,-9.0963659776805705e-03,-1.7347234759768071e-18,-4.2664806204569519e-03,6.2912268868934099e-03,4.2664806204569224e-03,0.0000000000000000e+00,3.1679690731625727e+00,2.1490086080513660e+00,-3.1679690731639081e+00,1.5372905519409708e+00,-4.7052596251048868e+00,-3.1679690731625727e+00,1.5372905519409279e+00,-4.7052596251035093e+00,-1.3347663766349373e-12,-1.8249753019568634e-17,7.7439940859616477e-04,7.0771397684515047e-01,8.2818921473886453e-01,-6.1296094835960879e-04,4.7046466641565194e+00,0.0000000000000000e+00,-1.0189604651112067e+00,6.6613381477509392e-15,1.4139092083306296e-14,4.8664775912736033e-14,4.2865519210143338e-03,-5.9664843771994469e-12
186,3.2463689982194779e+01,9.0166610094902246e+00,6.0006759421077760e-01,-2.6811886044697530e-13,2.6811886044697530e-13,0.0000000000000000e+00,8.5392139949137185e-17,-6.3110142058831128e-03,2.8144169813176618e-03,-9.1254311872007755e-03,-6.3110142058831085e-03,-4.3368086899420177e-18,7.5875748064030224e-17,-6.3110142058831840e-03,2.8144169813176618e-03,-9.1254311872008449e-03,0.0000000000000000e+00,-4.2797055435967787e-03,6.3110142058831840e-03,4.2797055435968004e-03,0.0000000000000000e+00,3.1717501714096761e+00,2.1515727527369366e+00,-3.1717501714110115e+00,1.5389766086873311e+00,-4.7107267800983506e+00,-3.1717501714096761e+00,1.5389766086872883e+00,-4.7107267800969730e+00,-1.3347343712212257e-12,-1.8770228690993814e-17,7.4084581024634892e-04,7.0920112248222211e-01,8.2842184095480520e-01,-6.1279944005754317e-04,4.7101139806582850e+00,0.0000000000000000e+00,-1.0201774186727395e+00,1.6653345369377348e-14,3.1662763495879797e-14,1.5728159515523053e-14,4.3028469637734143e-03,-5.9664780013695258e-12
187,3.3103789609547761e+01,9.1944461397483188e+00,6.4009962735298132e-01,-4.1577852272212112e-13,4.1577852272212112e-13,0.0000000000000000e+00,8.5387664076499318e-17,-6.2802837807085406e-03,2.8011245079810798e-03,-9.0814082886896200e-03,-6.2802837807085345e-03,-6.0715321659188248e-18,1.5493384572560095e-17,-6.2802837807085492e-03,2.8011245079810798e-03,-9.0814082886896286e-03,-8.6736173798840355e-19,-4.2586390931050140e-03,6.2802837807085492e-03,4.2586390931050200e-03,0.0000000000000000e+00,3.1757800139842298e+00,2.1543054483470185e+00,-3.1757800139855652e+00,1.5407738616946738e+00,-4.7165538756802468e+00,-3.1757800139842298e+00,1.5407738616946309e+00,-4.7165538756788692e+00,-1.3347051285473496e-12,-1.9047827653627120e-17,7.0713950452424841e-04,7.1080093927553079e-01,8.2865311883160409e-01,-6.1266408301463571e-04,4.7159412115972241e+00,0.0000000000000000e+00,-1.0214745656372113e+00,2.0446607370179968e-14,3.2833155340517247e-14,2.0354088784794538e-14,4.2853363329096060e-03,-5.9664888075273990e-12
188,3.3788298293350870e+01,9.3845657091284505e+00,6.8450868380310936e-01,-4.6240788975637770e-13,4.6240788975637770e-13,0.0000000000000000e+00,8.6449646936936656e-17,-6.1897773066505778e-03,2.7611091805694763e-03,-8.9508864872200541e-03,-6.1897773066505726e-03,-5.2041704279304213e-18,1.5298521479277527e-17,-6.1897773066505891e-03,2.7611091805694763e-03,-8.9508864872200646e-03,8.6736173798840355e-19,-4.1970120594190044e-03,6.1897773066505891e-03,4.1970120594190183e-03,0.0000000000000000e+00,3.1800479465351561e+00,2.1571994316675749e+00,-3.1800479465364915e+00,1.5426775603252514e+00,-4.7227255068617504e+00,-3.1800479465351561e+00,1.5426775603252085e+00,-4.7227255068603728e+00,-1.3346945898838080e-12,-1.9047827653627120e-17,6.7281553373668864e-04,7.1250715678931908e-01,8.2888503625631060e-01,-6.1255174588503714e-04,4.7221129551158576e+00,0.0000000000000000e+00,-1.0228485148675812e+00,6.1987452208237909e-15,1.1737236066799099e-14,2.2389497663273992e-14,4.2275407696592791e-03,-5.9664753110919863e-12
189,3.4519953246423825e+01,9.5877799676243747e+00,7.3165495307295458e-01,-5.0903725679063427e-13,5.0903725679063427e-13,0.0000000000000000e+00,1.7673022983593155e-16,-6.0312492418628837e-03,2.6906690806041979e-03,-8.7219183224670812e-03,-6.0312492418628776e-03,-6.0715321659188248e-18,-4.7903987749435627e-17,-6.0312492418628299e-03,2.6906690806041966e-03,-8.7219183224670274e-03,0.0000000000000000e+00,-4.0892452351670005e-03,6.0312492418628299e-03,4.0892452351669814e-03,0.0000000000000000e+00,3.1845187338380843e+00,2.1602307722635854e+00,-3.1845187338394196e+00,1.5446719706091729e+00,-4.7291907044485999e+00,-3.1845187338380843e+00,1.5446719706091301e+00,-4.7291907044472223e+00,-1.3347065178592548e-12,-1.8730522897774529e-17,6.3762844779179052e-04,7.1430344122470413e-01,8.2911844148750113e-01,-6.1245944917587281e-04,4.7285782449994169e+00,0.0000000000000000e+00,-1.0242879615744989e+00,1.6653345369377348e-14,3.8377378343566899e-14,1.9613940101711101e-14,4.1236209947151225e-03,-5.9664951011546852e-12
190,3.5298807413250998e+01,9.8041036203564360e+00,7.7885416682717334e-01,-9.0538687658181516e-13,9.0538687658181516e-13,0.0000000000000000e+00,2.0049029845837055e-16,-5.7996823098514514e-03,2.5875443239280036e-03,-8.3872266337794554e-03,-5.7996823098514462e-03,-5.2041704279304213e-18,2.0536372909672657e-16,-5.7996823098516509e-03,2.5875443239280031e-03,-8.3872266337796549e-03,-8.6736173798840355e-19,-3.9319519651402624e-03,5.7996823098516509e-03,3.9319519651402806e-03,0.0000000000000000e+00,3.1891260190063342e+00,2.1633544436947862e+00,-3.1891260190076696e+00,1.5467274498609345e+00,-4.7358534688686111e+00,-3.1891260190063342e+00,1.5467274498608916e+00,-4.7358534688672336e+00,-1.3346451987714268e-12,-1.9068297049663893e-17,6.0149235007399119e-04,7.1616075712225680e-01,8.2935281376231573e-01,-6.1238662628793072e-04,4.7352410822423163e+00,0.0000000000000000e+00,-1.0257715753115479e+00,2.8865798640254070e-14,4.7814149151065700e-14,3.3676765080296419e-14,3.9698875335617834e-03,-5.9664761857918099e-12
191,3.6113186971606979e+01,1.0030294309547394e+01,8.1437955835598075e-01,-1.1579626146840383e-12,1.1579626146840383e-12,0.0000000000000000e+00,2.1130073056301177e-16,-5.4992110007821178e-03,2.4535659051328788e-03,-7.9527769059149975e-03,-5.4992110007821135e-03,-4.3368086899420177e-18,-2.0611361400251830e-16,-5.4992110007819062e-03,2.4535659051328779e-03,-7.9527769059147841e-03,-8.6736173798840355e-19,-3.7279562788728785e-03,5.4992110007819062e-03,3.7279562788728945e-03,0.0000000000000000e+00,3.1937268128784466e+00,2.1664734800411898e+00,-3.1937268128797820e+00,1.5487801384219178e+00,-4.7425069513017073e+00,-3.1937268128784466e+00,1.5487801384218749e+00,-4.7425069513003297e+00,-1.3346455041168961e-12,-1.9774658718781765e-17,5.6477799776421275e-04,7.1801906755615663e-01,8.2958395463491863e-01,-6.1233823307826896e-04,4.7418946130686219e+00,0.0000000000000000e+00,-1.0272533328372568e+00,3.6452322641859311e-14,5.7050161648114573e-14,4.0523140398818214e-14,3.7688219393288364e-03,-5.9664896698090169e-12
192,3.6945612502507558e+01,1.0261497195968872e+01,8.3242553090057925e-01,-3.9634961979118088e-13,3.9634961979118088e-13,0.0000000000000000e+00,1.7784714707877972e-16,-5.1444124949905651e-03,2.2952402901223815e-03,-7.4396527851129466e-03,-5.1444124949905599e-03,-5.2041704279304213e-18,-1.1619631103038735e-16,-5.1444124949904437e-03,2.2952402901223806e-03,-7.4396527851128243e-03,0.0000000000000000e+00,-3.4871622106610284e-03,5.1444124949904437e-03,3.4871622106610609e-03,0.0000000000000000e+00,3.1981568248480339e+00,2.1694765044607700e+00,-3.1981568248493693e+00,1.5507566521810323e+00,-4.7489134770304089e+00,-3.1981568248480339e+00,1.5507566521809895e+00,-4.7489134770290313e+00,-1.3347796536221261e-12,-2.0135665746395688e-17,5.2797823518599136e-04,7.1980983647410557e-01,8.2980651549830686e-01,-6.1232197343374928e-04,4.7483011550569678e+00,0.0000000000000000e+00,-1.0286803203872639e+00,6.7908641672905417e-14,9.8190124174176498e-14,4.6999441375798298e-14,3.5300537212193672e-03,-5.9665035143603466e-12
193,3.7796403606792509e+01,1.0497801047485281e+01,8.5079110428495142e-01,-1.1152190282359697e-12,1.1152190282359697e-12,0.0000000000000000e+00,2.3658301675195687e-16,-4.7481943272492649e-03,2.1183463822022166e-03,-6.8665407094514810e-03,-4.7481943272492614e-03,-3.4694469519536142e-18,-1.1040946872024072e-16,-4.7481943272491504e-03,2.1183463822022162e-03,-6.8665407094513665e-03,-8.6736173798840355e-19,-3.2183326151259970e-03,4.7481943272491504e-03,3.2183326151259623e-03,0.0000000000000000e+00,3.2023650957893088e+00,2.1723289921345743e+00,-3.2023650957906442e+00,1.5526341723204344e+00,-4.7549992681110860e+00,-3.2023650957893088e+00,1.5526341723203916e+00,-4.7549992681097084e+00,-1.3348760507129217e-12,-2.0504637571834522e-17,4.9076198196771443e-04,7.2151078324975992e-01,8.3002028459846966e-01,-6.1234249023711662e-04,4.7543869256208415e+00,0.0000000000000000e+00,-1.0300361036547345e+00,2.5165055224836884e-14,5.6819248060132034e-14,2.7015426932545477e-14,3.2622228357050073e-03,-5.9665161492779918e-12
194,3.8681603433079587e+01,1.0743661784932804e+01,8.8519982628707794e-01,-9.5590202420225978e-13,9.5590202420225978e-13,0.0000000000000000e+00,1.8764641449204954e-16,-4.3180218424825091e-03,1.9262425489609807e-03,-6.2442643914434898e-03,-4.3180218424825048e-03,-4.3368086899420177e-18,1.2700370713037475e-16,-4.3180218424826323e-03,1.9262425489609805e-03,-6.2442643914436130e-03,8.6736173798840355e-19,-2.9265359121820439e-03,4.3180218424826323e-03,2.9265359121820214e-03,0.0000000000000000e+00,3.2063778022785727e+00,2.1750487104110392e+00,-3.2063778022799081e+00,1.5544243070300685e+00,-4.7608021093099842e+00,-3.2063778022785727e+00,1.5544243070300257e+00,-4.7608021093086066e+00,-1.3348687061044427e-12,-2.0504637571834522e-17,4.5221786784593930e-04,7.2313128155047890e-01,8.3022840405896603e-01,-6.1240355277769609e-04,4.7601897057571989e+00,0.0000000000000000e+00,-1.0313290918675335e+00,4.5334106838860563e-14,7.4042387471602581e-14,2.8495724298712353e-14,2.9703246149762629e-03,-5.9665073948488716e-12
195,3.9606510664110147e+01,1.1000551096406724e+01,9.2490723103055927e-01,-6.4115379672102790e-13,6.4115379672102790e-13,0.0000000000000000e+00,1.7756119820320474e-16,-3.8684735532520062e-03,1.7254634668857438e-03,-5.5939370201377502e-03,-3.8684735532520027e-03,-3.4694469519536142e-18,-1.0470130445287939e-16,-3.8684735532518977e-03,1.7254634668857436e-03,-5.5939370201376418e-03,-4.3368086899420177e-19,-2.6216652845933771e-03,3.8684735532518977e-03,2.6216652845933966e-03,0.0000000000000000e+00,3.2101636766727295e+00,2.1776144961140944e+00,-3.2101636766740649e+00,1.5561130516798958e+00,-4.7662767283539678e+00,-3.2101636766727295e+00,1.5561130516798529e+00,-4.7662767283525902e+00,-1.3348583922776897e-12,-2.0304080285988345e-17,4.1210684355688187e-04,7.2465782839391257e-01,8.3043060929999724e-01,-6.1250714242921944e-04,4.7656642212115319e+00,0.0000000000000000e+00,-1.0325491805586351e+00,4.4593958155777123e-14,9.4141930026891621e-14,4.6444329863485719e-14,2.6641912702623678e-03,-5.9665019239681552e-12
196,4.0566520089069556e+01,1.1267189902886278e+01,9.6000942495940933e-01,-1.6281420656127921e-12,1.6281420656127921e-12,0.0000000000000000e+00,2.3651125809653552e-16,-3.4213139766713220e-03,1.5257519379155697e-03,-4.9470659145868920e-03,-3.4213139766713194e-03,-2.6020852139652106e-18,-2.0393695129264027e-17,-3.4213139766712990e-03,1.5257519379155697e-03,-4.9470659145868685e-03,0.0000000000000000e+00,-2.3184825180135689e-03,3.4213139766712990e-03,2.3184825180135610e-03,0.0000000000000000e+00,3.2136628090400685e+00,2.1799857903396922e+00,-3.2136628090414039e+00,1.5576736503954871e+00,-4.7713364594368981e+00,-3.2136628090400685e+00,1.5576736503954443e+00,-4.7713364594355205e+00,-1.3349184384669968e-12,-2.0512249146817855e-17,3.7091069651277336e-04,7.2606577459971988e-01,8.3062431872942610e-01,-6.1264636982838461e-04,4.7707238130670628e+00,0.0000000000000000e+00,-1.0336770187003763e+00,5.0885221961986346e-14,9.0511355285777257e-14,5.2550556498924080e-14,2.3585283148920928e-03,-5.9664858495991861e-12
197,4.1563488297860275e+01,1.1544093864846083e+01,9.9696820879071879e-01,-1.1191048088221578e-12,1.1191048088221578e-12,0.0000000000000000e+00,1.4334055385332340e-16,-2.9952617337899948e-03,1.3354869845380410e-03,-4.3307487183280357e-03,-2.9952617337899922e-03,-2.6020852139652106e-18,-1.4815389563215431e-17,-2.9952617337899775e-03,1.3354869845380408e-03,-4.3307487183280183e-03,0.0000000000000000e+00,-2.0296801994906903e-03,2.9952617337899775e-03,2.0296801994907146e-03,0.0000000000000000e+00,3.2168613700363826e+00,2.1821532803376926e+00,-3.2168613700377184e+00,1.5590999325172075e+00,-4.7759613025549328e+00,-3.2168613700363826e+00,1.5590999325171646e+00,-4.7759613025535552e+00,-1.3349359896360464e-12,-2.0512249146817855e-17,3.2916881123277813e-04,7.2734954764660020e-01,8.3080840938108680e-01,-6.1280667828778057e-04,4.7753484958766386e+00,0.0000000000000000e+00,-1.0347080896986900e+00,3.4786988104921576e-14,8.6562382023593479e-14,7.5495165674510645e-14,2.0663085297911356e-03,-5.9665100620225886e-12
198,4.2615218400281819e+01,1.1836207725353395e+01,1.0517301024215442e+00,-3.4972025275692431e-12,3.4972025275692431e-12,0.0000000000000000e+00,1.4108345365331147e-16,-2.6028544816175097e-03,1.1602786144954233e-03,-3.7631330961129328e-03,-2.6028544816175071e-03,-2.6020852139652106e-18,7.4736177302193885e-17,-2.6028544816175821e-03,1.1602786144954236e-03,-3.7631330961130057e-03,4.3368086899420177e-19,-1.7637534777960580e-03,2.6028544816175821e-03,1.7637534777960604e-03,0.0000000000000000e+00,3.2198052237066817e+00,2.1841481145326638e+00,-3.2198052237080175e+00,1.5604123684217532e+00,-4.7802175921297776e+00,-3.2198052237066817e+00,1.5604123684217104e+00,-4.7802175921284000e+00,-1.3349044793879335e-12,-2.0284191534435087e-17,2.8711105224604830e-04,7.2852804953417138e-01,8.3098423095811780e-01,-6.1297687721784122e-04,4.7796046152525529e+00,0.0000000000000000e+00,-1.0356571091740179e+00,1.4617936490897895e-13,2.2960132422875072e-13,1.3322676295501878e-13,1.7959730664312669e-03,-5.9664845480235574e-12
199,4.3744910640836729e+01,1.2149975260212242e+01,1.1296922405549097e+00,-1.9817480989559044e-12,1.9817480989559044e-12,0.0000000000000000e+00,2.3622830432728210e-16,-2.2558873457773697e-03,1.0053932606651004e-03,-3.2612806064424701e-03,-2.2558873457773675e-03,-2.1684043449710089e-18,-2.0263682429362644e-17,-2.2558873457773475e-03,1.0053932606651002e-03,-3.2612806064424476e-03,4.3368086899420177e-19,-1.5286925049495393e-03,2.2558873457773475e-03,1.5286925049495593e-03,0.0000000000000000e+00,3.2225496651773153e+00,2.1860078398722407e+00,-3.2225496651786512e+00,1.5616356397782316e+00,-4.7841853049568899e+00,-3.2225496651773153e+00,1.5616356397781888e+00,-4.7841853049555123e+00,-1.3348737108105428e-12,-1.9794265621855227e-17,2.4519614569031207e-04,7.2962451660037431e-01,8.3115278460966602e-01,-6.1314242250087858e-04,4.7835721625343819e+00,0.0000000000000000e+00,-1.0365418253050747e+00,1.6893893691379466e-13,3.1904456906383662e-13,5.7731597280508140e-14,1.5557464423080760e-03,-5.9664609190880704e-12
200,4.4972425783985464e+01,1.2490912717902926e+01,1.2275151431487359e+00,-9.5590202420225978e-13,9.5590202420225978e-13,0.0000000000000000e+00,2.0278426544645813e-16,-1.9679577656905524e-03,8.7689080654390920e-04,-2.8448485722344617e-03,-1.9679577656905507e-03,-1.7347234759768071e-18,-2.1369872510836589e-17,-1.9679577656905294e-03,8.7689080654390953e-04,-2.8448485722344392e-03,0.0000000000000000e+00,-1.3337005771383785e-03,1.9679577656905294e-03,1.3337005771384223e-03,0.0000000000000000e+00,3.2251420820956360e+00,2.1877646552991941e+00,-3.2251420820969718e+00,1.5627909058763350e+00,-4.7879329879733143e+00,-3.2251420820956360e+00,1.5627909058762921e+00,-4.7879329879719368e+00,-1.3348992637201189e-12,-1.9528090704863084e-17,2.0447414151485239e-04,7.3065988389011016e-01,8.3131326752689727e-01,-6.1328031781271442e-04,4.7873197076554943e+00,0.0000000000000000e+00,-1.0373774267964420e+00,1.3100631690576847e-13,2.3707973271846433e-13,1.1342778568253683e-13,1.3551580391203820e-03,-5.9664888618558922e-12
201,4.6318099408564379e+01,1.2864668224713609e+01,1.3456736245789145e+00,-1.8379742172669467e-12,1.8379742172669467e-12,0.0000000000000000e+00,1.8777096368511367e-16,-1.7486959924106257e-03,7.7905494860688483e-04,-2.5277509410175105e-03,-1.7486959924106241e-03,-1.5178830414797062e-18,9.9783611582229098e-17,-1.7486959924107239e-03,7.7905494860688504e-04,-2.5277509410176089e-03,0.0000000000000000e+00,-1.1852794833340586e-03,1.7486959924107239e-03,1.1852794833340529e-03,0.0000000000000000e+00,3.2276427835626205e+00,2.1894595178133032e+00,-3.2276427835639563e+00,1.5639050871395548e+00,-4.7915478707035186e+00,-3.2276427835626205e+00,1.5639050871395119e+00,-4.7915478707021411e+00,-1.3348465040698824e-12,-1.9528090704863084e-17,1.6631792377698641e-04,7.3166141069895241e-01,8.3146401289069294e-01,-6.1334562613257759e-04,4.7909345250773789e+00,0.0000000000000000e+00,-1.0381832657493173e+00,1.4747462510437498e-13,2.7316873515032725e-13,1.2138438402568380e-13,1.2012320752640090e-03,-5.9664661509604023e-12
202,4.7786407908463048e+01,1.3272485081275530e+01,1.4683084998986686e+00,-3.4700020634659268e-12,3.4700020634659268e-12,0.0000000000000000e+00,4.5691857847730962e-16,-1.5996195167043527e-03,7.1254828682379987e-04,-2.3121678035281524e-03,-1.5996195167043508e-03,-1.9515639104739080e-18,1.7402581204866527e-16,-1.5996195167045249e-03,7.1254828682380008e-04,-2.3121678035283250e-03,0.0000000000000000e+00,-1.0844178858316065e-03,1.5996195167045249e-03,1.0844178858316793e-03,0.0000000000000000e+00,3.2301009636238085e+00,2.1911258257829749e+00,-3.2301009636251443e+00,1.5650001539940843e+00,-4.7951011176192360e+00,-3.2301009636238085e+00,1.5650001539940415e+00,-4.7951011176178593e+00,-1.3346454857178476e-12,-1.9528090704863084e-17,1.3244262994568793e-04,7.3265289844793313e-01,8.3160149288530705e-01,-6.1332003089842324e-04,4.7944877975883298e+00,0.0000000000000000e+00,-1.0389751378408336e+00,2.6830389761774620e-13,5.4989537062767895e-13,2.6256774532384952e-13,1.0956788245052127e-03,-5.9665322193578314e-12
203,4.9348674587336646e+01,1.3706398449027358e+01,1.5622666788735984e+00,-5.0670578843892145e-12,5.0670578843892145e-12,0.0000000000000000e+00,3.0276234514718526e-16,-1.5068252572186006e-03,6.7116355810142869e-04,-2.1779888153200294e-03,-1.5068252572185989e-03,-1.7347234759768071e-18,-2.0664088969994673e-16,-1.5068252572183922e-03,6.7116355810142826e-04,-2.1779888153198204e-03,0.0000000000000000e+00,-1.0216463045094849e-03,1.5068252572183922e-03,1.0216463045095605e-03,0.0000000000000000e+00,3.2325275112038390e+00,2.1927709427370443e+00,-3.2325275112051748e+00,1.5660810174483291e+00,-4.7986085286535110e+00,-3.2325275112038390e+00,1.5660810174482862e+00,-4.7986085286521343e+00,-1.3346709624423693e-12,-1.9528090704863084e-17,1.0441366737564676e-04,7.3364234529383754e-01,8.3172104803001057e-01,-6.1321045710527322e-04,4.7979953181963984e+00,0.0000000000000000e+00,-1.0397565684667947e+00,4.1892415462522575e-13,7.8707712335589096e-13,2.0779674277567514e-13,1.0297468238375023e-03,-5.9667019119992224e-12
204,5.0947545769676793e+01,1.4150478572294642e+01,1.5988711823401474e+00,-9.0927265716800321e-12,9.0927265716800321e-12,0.0000000000000000e+00,4.4061943819734274e-16,-1.4420721977620266e-03,6.4230667398811070e-04,-2.0843788717501374e-03,-1.4420721977620253e-03,-1.3010426069826053e-18,-3.8088182939671010e-17,-1.4420721977619871e-03,6.4230667398811080e-04,-2.0843788717500979e-03,0.0000000000000000e+00,-9.7779613305960388e-04,1.4420721977619871e-03,9.7779613305961819e-04,0.0000000000000000e+00,3.2348849647840612e+00,2.1943693681841330e+00,-3.2348849647853970e+00,1.5671310522998039e+00,-4.8020160170852080e+00,-3.2348849647840612e+00,1.5671310522997610e+00,-4.8020160170838313e+00,-1.3348666075732315e-12,-1.9528090704863084e-17,8.2713501487787880e-05,7.3461552016557019e-01,8.3181975162675093e-01,-6.1306700599494945e-04,4.8014029500792059e+00,0.0000000000000000e+00,-1.0405155965999282e+00,4.7591560322265047e-13,8.8496581054999160e-13,2.6182759664076610e-13,9.8452841629433985e-04,-5.9667864642645506e-12
205,5.2556974532646713e+01,1.4597491021667528e+01,1.6094287629699195e+00,-2.6384450180216845e-12,2.6384450180216845e-12,0.0000000000000000e+00,4.8277993671712067e-16,-1.3763215926496600e-03,6.1302693730247719e-04,-1.9893485299521370e-03,-1.3763215926496583e-03,-1.7347234759768071e-18,-9.2118798584913969e-17,-1.3763215926495664e-03,6.1302693730247741e-04,-1.9893485299520438e-03,2.1684043449710089e-19,-9.3319165470166158e-04,1.3763215926495664e-03,9.3319165470170527e-04,0.0000000000000000e+00,3.2371529667998931e+00,2.1959071675397865e+00,-3.2371529668012293e+00,1.5681412373103709e+00,-4.8052942041116076e+00,-3.2371529667998931e+00,1.5681412373103281e+00,-4.8052942041102300e+00,-1.3349713870038341e-12,-1.9353596088735821e-17,6.6256812150867334e-05,7.3556228199330176e-01,8.3189976485138895e-01,-6.1293365352921292e-04,4.8046812704580706e+00,0.0000000000000000e+00,-1.0412457992601065e+00,5.9137879778366675e-13,1.1711059437829660e-12,4.5241588253475129e-13,9.3998661801706642e-04,-5.9668120830639856e-12
206,5.4214324210046243e+01,1.5057813314773940e+01,1.6573496773995302e+00,-7.9697359822716862e-12,7.9697359822716862e-12,0.0000000000000000e+00,4.5579602849921309e-16,-1.2900678241230721e-03,5.7462076460164347e-04,-1.8646885887247154e-03,-1.2900678241230703e-03,-1.7347234759768071e-18,1.9312146043262096e-16,-1.2900678241232633e-03,5.7462076460164358e-04,-1.8646885887249069e-03,-2.1684043449710089e-19,-8.7463605387467873e-04,1.2900678241232633e-03,8.7463605387465466e-04,0.0000000000000000e+00,3.2393625366197480e+00,2.1974052688745882e+00,-3.2393625366210843e+00,1.5691254110781785e+00,-4.8084879476992697e+00,-3.2393625366197480e+00,1.5691254110781356e+00,-4.8084879476978921e+00,-1.3348876886393192e-12,-1.9353596088735821e-17,5.3355410924345061e-05,7.3649289968940179e-01,8.3196633355548388e-01,-6.1282242236848639e-04,4.8078751252768939e+00,0.0000000000000000e+00,-1.0419572677451598e+00,2.8088642523016460e-13,5.9346920059984623e-13,2.8847294923176986e-13,8.8231808544323104e-04,-5.9667739438034094e-12
207,5.6001065982444722e+01,1.5554073748570863e+01,1.7867417723984786e+00,-1.0172973574640309e-11,1.0172973574640309e-11,0.0000000000000000e+00,4.5538984539674410e-16,-1.1725022908206663e-03,5.2226287422556467e-04,-1.6947651650462310e-03,-1.1725022908206648e-03,-1.5178830414797062e-18,2.0399834984565191e-16,-1.1725022908208689e-03,5.2226287422556532e-04,-1.6947651650464342e-03,0.0000000000000000e+00,-7.9483009455743312e-04,1.1725022908208689e-03,7.9483009455742911e-04,0.0000000000000000e+00,3.2415625250656634e+00,2.1988967213270927e+00,-3.2415625250669993e+00,1.5701053349866549e+00,-4.8116678600536611e+00,-3.2415625250656634e+00,1.5701053349866121e+00,-4.8116678600522844e+00,-1.3345329133624836e-12,-1.9547315019866323e-17,4.2641999031822696e-05,7.3742567184287822e-01,8.3202428945171480e-01,-6.1273169303022179e-04,4.8110551283606240e+00,0.0000000000000000e+00,-1.0426658037385708e+00,4.8109664400423457e-13,1.0116221070617672e-12,2.7570538444858056e-13,8.0363711746879571e-04,-5.9666863524829811e-12
208,5.8002900074563939e+01,1.6110075220239036e+01,2.0018340921192177e+00,-1.7680301667155618e-12,1.7680301667155618e-12,0.0000000000000000e+00,3.6276385000840950e-16,-1.0223479290046148e-03,4.5537927402343286e-04,-1.4777272030280478e-03,-1.0223479290046137e-03,-1.0842021724855044e-18,-8.0154011808327410e-17,-1.0223479290045337e-03,4.5537927402343264e-04,-1.4777272030279663e-03,2.1684043449710089e-19,-6.9293945434409810e-04,1.0223479290045337e-03,6.9293945434417150e-04,0.0000000000000000e+00,3.2437593880642344e+00,2.2003858552291966e+00,-3.2437593880655702e+00,1.5710838736777837e+00,-4.8148432617433610e+00,-3.2437593880642344e+00,1.5710838736777408e+00,-4.8148432617419843e+00,-1.3344089554534842e-12,-1.9330275732703202e-17,3.3348771790385216e-05,7.3836157576828310e-01,8.3207628701625280e-01,-6.1266212145749677e-04,4.8142305996218964e+00,0.0000000000000000e+00,-1.0433735328350378e+00,7.1424347917551744e-13,1.3817805019080965e-12,1.2915594519805989e-13,7.0252547654763302e-04,-5.9665989958118936e-12
209,6.0286583205412583e+01,1.6744359143454393e+01,2.2836831308486438e+00,-1.0351719481604960e-11,1.0351719481604960e-11,0.0000000000000000e+00,3.9912832139149004e-16,-8.5313783413415586e-04,3.7999937447266138e-04,-1.2331372086068172e-03,-8.5313783413415477e-04,-1.0842021724855044e-18,-5.8853940591227388e-17,-8.5313783413409601e-04,3.7999937447266089e-04,-1.2331372086067569e-03,1.0842021724855044e-19,-5.7817209339757598e-04,8.5313783413409601e-04,5.7817209339761165e-04,0.0000000000000000e+00,3.2459008956639477e+00,2.2018372632286991e+00,-3.2459008956652835e+00,1.5720377437415045e+00,-4.8179386394067949e+00,-3.2459008956639477e+00,1.5720377437414617e+00,-4.8179386394054182e+00,-1.3345676805114585e-12,-1.8958879600943013e-17,2.5201549696444353e-05,7.3927694628288798e-01,8.3212298066284329e-01,-6.1261524607680862e-04,4.8173260241607112e+00,0.0000000000000000e+00,-1.0440636324352486e+00,1.5069427187578792e-12,2.5704572177946926e-12,3.6637359812630166e-13,5.8766523684131036e-04,-5.9665785071912939e-12
210,6.2893047170634048e+01,1.7468294161954862e+01,2.6064639652214652e+00,-3.2174263253637037e-11,3.2174263253637037e-11,0.0000000000000000e+00,3.5895356860185497e-16,-6.9217963688082923e-04,3.0829339088985728e-04,-1.0004730277706866e-03,-6.9217963688082825e-04,-9.7578195523695399e-19,3.5441038360736895e-17,-6.9217963688086371e-04,3.0829339088985755e-04,-1.0004730277707213e-03,0.0000000000000000e+00,-4.6905972991119845e-04,6.9217963688086371e-04,4.6905972991107388e-04,0.0000000000000000e+00,3.2479148028154614e+00,2.2032020492340427e+00,-3.2479148028167972e+00,1.5729347488867245e+00,-4.8208495517035290e+00,-3.2479148028154614e+00,1.5729347488866816e+00,-4.8208495517021523e+00,-1.3345981929544509e-12,-1.8817582906263099e-17,1.8266042995464703e-05,7.4014003232481096e-01,8.3216386892886540e-01,-6.1258159005261881e-04,4.8202369701134691e+00,0.0000000000000000e+00,-1.0447127535814187e+00,1.0487906839292313e-12,2.5881030898782933e-12,5.8897331456364554e-13,4.7740955808511478e-04,-5.9663209838851498e-12
211,6.5870804706684879e+01,1.8295354495692376e+01,2.9777575360508308e+00,-4.0334402484631937e-11,4.0334402484631937e-11,0.0000000000000000e+00,6.5037783712484529e-16,-5.6267941745780363e-04,2.5060387850223820e-04,-8.1328329596004178e-04,-5.6267941745780287e-04,-7.5894152073985310e-19,3.0991052137578352e-16,-5.6267941745811274e-04,2.5060387850223880e-04,-8.1328329596035154e-04,0.0000000000000000e+00,-3.8132169448900282e-04,5.6267941745811274e-04,3.8132169448895490e-04,0.0000000000000000e+00,3.2497831358183311e+00,2.2044681640815553e+00,-3.2497831358196665e+00,1.5737668791646298e+00,-4.8235500149843036e+00,-3.2497831358183311e+00,1.5737668791645869e+00,-4.8235500149829278e+00,-1.3340840063496547e-12,-1.8817582906263099e-17,1.2703840431194141e-05,7.4094310765659688e-01,8.3219853225167251e-01,-6.1253541592920513e-04,4.8229374795683668e+00,0.0000000000000000e+00,-1.0453149717367758e+00,4.4142467459096224e-12,8.7035235898918882e-12,1.0497158697830855e-12,3.8784407193469251e-04,-5.9665678411858947e-12
212,6.9288963986701802e+01,1.9244734665391498e+01,3.4181592800169227e+00,-4.7472581421459381e-11,4.7472581421459381e-11,0.0000000000000000e+00,9.3758251057670000e-16,-4.6730765685443334e-04,2.0812113428485837e-04,-6.7542879113929172e-04,-4.6730765685443286e-04,-4.8789097761847700e-19,-3.6620070518185451e-16,-4.6730765685406661e-04,2.0812113428485805e-04,-6.7542879113892461e-04,-5.4210108624275222e-20,-3.1673124974756697e-04,4.6730765685406661e-04,3.1673124974753824e-04,0.0000000000000000e+00,3.2515434657565101e+00,2.2056611921561977e+00,-3.2515434657578455e+00,1.5745508767443468e+00,-4.8260943425021994e+00,-3.2515434657565101e+00,1.5745508767443039e+00,-4.8260943425008236e+00,-1.3341802107567300e-12,-1.8910232299195494e-17,8.5577667301334694e-06,7.4170288995833811e-01,8.3222696393541529e-01,-6.1246508386325615e-04,4.8254818774183290e+00,0.0000000000000000e+00,-1.0458822736003124e+00,5.6480746006097133e-12,8.3444035483469550e-12,1.3426297111133560e-12,3.2141018706159912e-04,-5.9665693324509854e-12
213,7.3018928316106454e+01,2.0280717449670739e+01,3.7299643294046518e+00,-7.8352879739895798e-11,7.8352879739895798e-11,0.0000000000000000e+00,8.6966349015948961e-16,-3.9040970028846300e-04,1.7387035755655439e-04,-5.6428005784501742e-04,-3.9040970028846251e-04,-4.8789097761847700e-19,3.9407001331732099e-16,-3.9040970028885662e-04,1.7387035755655485e-04,-5.6428005784541152e-04,5.4210108624275222e-20,-2.6463943035543174e-04,3.9040970028885662e-04,2.6463943035537872e-04,0.0000000000000000e+00,3.2531430933299372e+00,2.2067454381056706e+00,-3.2531430933312726e+00,1.5752632840636991e+00,-4.8284063773949786e+00,-3.2531430933299372e+00,1.5752632840636562e+00,-4.8284063773936028e+00,-1.3341282349941148e-12,-1.8910232299195494e-17,5.7308165570919413e-06,7.4239660775081140e-01,8.3224854164437834e-01,-6.1240385195238112e-04,4.8277939735430193e+00,0.0000000000000000e+00,-1.0463976552242666e+00,1.2181367026187218e-11,1.7058020950784743e-11,1.7177000562658882e-12,2.6803075291656194e-04,-5.9664339078372304e-12
214,7.6907565197407209e+01,2.1360770905298264e+01,3.8886368813007550e+00,-5.1626480868094404e-11,5.1626480868094404e-11,0.0000000000000000e+00,4.6588676207171997e-16,-3.1542212674673349e-04,1.4047206076757494e-04,-4.5589418751430843e-04,-3.1542212674673316e-04,-3.2526065174565133e-19,1.3305001342142776e-17,-3.1542212674674655e-04,1.4047206076757537e-04,-4.5589418751432192e-04,1.0842021724855044e-19,-2.1381308317694979e-04,3.1542212674674655e-04,2.1381308317693976e-04,0.0000000000000000e+00,3.2545154551672404e+00,2.2076757021507070e+00,-3.2545154551685749e+00,1.5758744658243253e+00,-4.8303899209929071e+00,-3.2545154551672404e+00,1.5758744658242825e+00,-4.8303899209915322e+00,-1.3333361682408522e-12,-1.8594027157591978e-17,3.8214428352657693e-06,7.4299411735896714e-01,8.3226415247382535e-01,-6.1237454869744745e-04,4.8297775464442028e+00,0.0000000000000000e+00,-1.0468397530165334e+00,1.3056222769591841e-11,2.1830117127566479e-11,1.8148445709205894e-12,2.1645626027756259e-04,-5.9663056963663973e-12
215,8.1301688438157711e+01,2.2581221190447621e+01,4.3941232407505026e+00,-1.0561551633259114e-10,1.0561551633259114e-10,0.0000000000000000e+00,9.3815330451132696e-16,-2.3660117761671888e-04,1.0536725453094018e-04,-3.4196843214765908e-04,-2.3660117761671872e-04,-1.6263032587282567e-19,-6.9942427092840873e-17,-2.3660117761664873e-04,1.0536725453093920e-04,-3.4196843214758790e-04,-5.4210108624275222e-20,-1.6037585054517705e-04,2.3660117761664873e-04,1.6037585054513693e-04,0.0000000000000000e+00,3.2557282843828101e+00,2.2084978182957569e+00,-3.2557282843841446e+00,1.5764145899487469e+00,-4.8321428743328987e+00,-3.2557282843828101e+00,1.5764145899487041e+00,-4.8321428743315238e+00,-1.3334606041552459e-12,-1.8474924208497208e-17,2.4016473038421746e-06,7.4352350878389950e-01,8.3227632115306105e-01,-6.1235836448259029e-04,4.8315305159684092e+00,0.0000000000000000e+00,-1.0472304660870533e+00,2.3042308801753584e-11,4.4636712175491197e-11,2.5707214135195500e-12,1.6248610357763111e-04,-5.9672929784435693e-12
216,8.6863255717204169e+01,2.4125924422401184e+01,5.5615672790464572e+00,-1.1716794201532821e-10,1.1716794201532821e-10,0.0000000000000000e+00,7.8668321469851966e-16,-1.6199060000166580e-04,7.2138648434967917e-05,-2.3412924843663370e-04,-1.6199060000166563e-04,-1.6263032587282567e-19,-9.2329951928723545e-17,-1.6199060000157331e-04,7.2138648434968012e-05,-2.3412924843654133e-04,0.0000000000000000e+00,-1.0979482056554802e-04,1.6199060000157331e-04,1.0979482056548700e-04,0.0000000000000000e+00,3.2568366818768593e+00,2.2092491044778604e+00,-3.2568366818781942e+00,1.5769081954596333e+00,-4.8337448773378346e+00,-3.2568366818768593e+00,1.5769081954595905e+00,-4.8337448773364597e+00,-1.3339118485319755e-12,-1.8625670791656370e-17,1.3386558235209961e-06,7.4400815517382157e-01,8.3228636964255232e-01,-6.1233198743604333e-04,4.8331325453503915e+00,0.0000000000000000e+00,-1.0475875773989989e+00,2.7403264842481199e-11,4.1189807036600435e-11,3.0083343223926326e-12,1.1139818957897491e-04,-5.9672519692796979e-12
217,9.3589983386551324e+01,2.5994246326994514e+01,6.7267276693471558e+00,-3.5679237342378656e-10,3.5679237342378656e-10,0.0000000000000000e+00,1.5361012515314031e-15,-1.0965276737666735e-04,4.8830422753311008e-05,-1.5848319012997836e-04,-1.0965276737666723e-04,-1.2197274440461925e-19,1.7462953877253364e-16,-1.0965276737684187e-04,4.8830422753312322e-05,-1.5848319013015420e-04,1.3552527156068805e-20,-7.4317768083019387e-05,1.0965276737684187e-04,7.4317768082995481e-05,0.0000000000000000e+00,3.2577503173546289e+00,2.2098683421000289e+00,-3.2577503173559634e+00,1.5773150584587821e+00,-4.8350653758147528e+00,-3.2577503173546289e+00,1.5773150584587392e+00,-4.8350653758133779e+00,-1.3336350450779764e-12,-1.8580088711951218e-17,6.9793787032883637e-07,7.4440844667819439e-01,8.3229361444257899e-01,-6.1229940013851625e-04,4.8344530764146070e+00,0.0000000000000000e+00,-1.0478819752546000e+00,6.7637747254896879e-11,1.1182517161682481e-10,1.0833001162779965e-11,7.5491498686312472e-05,-5.9654572662673213e-12
218,1.0112289265924672e+02,2.8086481971321842e+01,7.5329092726953917e+00,-3.0210389745377597e-10,3.0210389745377597e-10,0.0000000000000000e+00,1.7320774393450405e-15,-7.5644769418285103e-05,3.3685852505845668e-05,-1.0933062192413078e-04,-7.5644769418285022e-05,-8.1315162936412833e-20,4.2417756839231682e-17,-7.5644769418327428e-05,3.3685852505845621e-05,-1.0933062192417305e-04,-1.3552527156068805e-20,-5.1267578515802993e-05,7.5644769418327428e-05,5.1267578515842045e-05,0.0000000000000000e+00,3.2584482321211947e+00,2.2103413536109833e+00,-3.2584482321225288e+00,1.5776258522663060e+00,-4.8360740843888417e+00,-3.2584482321211947e+00,1.5776258522662632e+00,-4.8360740843874677e+00,-1.3328175462851127e-12,-1.8580088711951218e-17,3.6207437388414045e-07,7.4471504818547962e-01,8.3229816047623018e-01,-6.1228153022230281e-04,4.8354618028586120e+00,0.0000000000000000e+00,-1.0481068785102114e+00,1.2589929099249275e-11,2.9670476256227954e-11,8.1222066109868755e-12,5.2111345757910207e-05,-5.9691614471787200e-12
219,1.0801234497346434e+02,3.0000000000000000e+01,6.8894523142176212e+00,-4.1843639664307375e-10,4.1843639664307375e-10,0.0000000000000000e+00,1.6311384756892658e-15,-5.3258428946252775e-05,2.3716860817070994e-05,-7.6975289763323769e-05,-5.3258428946252721e-05,-5.4210108624275222e-20,5.9185956264380589e-16,-5.3258428946844574e-05,2.3716860817071014e-05,-7.6975289763915594e-05,-6.7762635780344027e-21,-3.6095364696472029e-05,5.3258428946844574e-05,3.6095364696586386e-05,0.0000000000000000e+00,3.2588922683403383e+00,2.2106422950266293e+00,-3.2588922683416701e+00,1.5778235888943786e+00,-4.8367158572360553e+00,-3.2588922683403383e+00,1.5778235888943357e+00,-4.8367158572346840e+00,-1.3306326346118285e-12,-1.8650115829135375e-17,2.0525281132756537e-07,7.4491059236167934e-01,8.3230051482145384e-01,-6.1227645843420220e-04,4.8361035807776140e+00,0.0000000000000000e+00,-1.0482499733137089e+00,7.7779264510506138e-11,9.3517775740941042e-11,1.7733222297996086e-11,3.6696468775277035e-05,-5.9679630556156033e-12
