{
  "grid_label": "25x25",
  "dt_ref": 0.01,
  "s_ref_mean": 2377.6292340471828,
  "ref_runtime": 60.88524842262268,
  "series": {},
  "baseline_PI": {
    "times": [
      0.0,
      0.005,
      0.015,
      0.035,
      0.07500000000000001,
      0.15500000000000003,
      0.25494662835647974,
      0.3438384470054989,
      0.4278534869674783,
      0.5103608381896882,
      0.592620674607738,
      0.6747613105803009,
      0.7566457414871486,
      0.8382369041034098,
      0.9195981905264756,
      1.0008093108042697,
      1.0819244509107069,
      1.16297328460855,
      1.243972716710369,
      1.3249364334296896,
      1.4058793956565203,
      1.4868131851957926,
      1.567743216121885,
      1.6486719409540562,
      1.729601847975805,
      1.8105352288190029,
      1.8914726466372827,
      1.972413630105389,
      2.0533577484298617,
      2.1343055438527747,
      2.2152570281757917,
      2.2962114141510046,
      2.377168088946235,
      2.4581273878478798,
      2.5390897606073244,
      2.6200547903715425,
      2.7010221651801936,
      2.781992305256764,
      2.862966069293726,
      2.9439440482687655,
      3.0249262373670716,
      3.105912636673656,
      3.1869040679773177,
      3.2679017445168053,
      3.348906412538365,
      3.429918524198807,
      3.510938805249568,
      3.591968495328366,
      3.673008924397743,
      3.7540612557141215,
      3.8351267094318526,
      3.916206711918428,
      3.9973030380401533,
      4.078417548799408,
      4.1595521649761205,
      4.240709096083051,
      4.321890720451384,
      4.403099679104703,
      4.484338888577257,
      4.5656115548056215,
      4.646921236826259,
      4.728271767468946,
      4.809667345900043,
      4.891112650552917,
      4.972612860676442,
      5.054173638786226,
      5.1358011336917375,
      5.217502147336114,
      5.299284223184249,
      5.381155638245092,
      5.463125444393567,
      5.545203603997264,
      5.627401109460786,
      5.709730032738625,
      5.792203629727915,
      5.874836478344439,
      5.957644627746457,
      6.040645710389506,
      6.123859095965241,
      6.207306073424014,
      6.291010029068205,
      6.374996654311877,
      6.459294167450266,
      6.5439335467563255,
      6.628948794802775,
      6.714377209034086,
      6.800259702611998,
      6.886641125590993,
      6.973570624320864,
      7.061102015657121,
      7.149294202173726,
      7.238211596095423,
      7.327924585365504,
      7.418510014322241,
      7.510051692335324,
      7.6026409138093,
      7.696376992232066,
      7.791367801180966,
      7.887730309122647,
      7.985591085466953,
      8.085086761347265,
      8.186364436730297,
      8.289581975613658,
      8.394908140716474,
      8.50252250929306,
      8.612615087255012,
      8.725385488590577,
      8.841041522222293,
      8.959796970282817,
      9.081868255408684,
      9.207469617094041,
      9.33680630977533,
      9.470065260133516,
      9.607402558269365,
      9.748927233063451,
      9.894681051208678,
      10.044614638873943,
      10.19856106972682,
      10.356208799334329,
      10.517075409218164,
      10.680479795358945,
      10.845498081873593,
      11.010852236837914,
      11.174546577001799,
      11.286518785804475,
      11.3460671958025,
      11.383798840146945,
      11.43142927895336,
      11.4974473903998,
      11.591393460679674,
      11.6743920465359,
      11.737064692986914,
      11.823004888322297,
      11.890062573702341,
      11.970595908356973,
      12.070467419532003,
      12.175073797661431,
      12.28750017071615,
      12.421973165993265,
      12.575458468042845,
      12.73423024367947,
      12.88987486334839,
      13.041997327877885,
      13.176379659580114,
      13.302099097552166,
      13.380548154014042,
      13.475665931915291,
      13.53851606256946,
      13.599380889811203,
      13.647513271674445,
      13.685863775777953,
      13.740486074447283,
      13.849730671785942,
      14.068219866463261,
      14.5051982558179,
      15.379155034527178,
      17.127068591945733,
      20.622895706782842,
      27.61454993645706,
      34.64101615137754
    ],