{
  "TQC_resumed alpha=8": {
    "times": [
      0.8288260025210871,
      1.6372244849127855,
      2.4451047646474673,
      3.2545782761537225,
      4.072008111753827,
      4.976470602160226,
      6.815671980557346,
      8.67327616939255,
      12.072489989891723,
      17.561394112170927,
      23.298505505444464,
      27.992316521035015,
      33.74193058158895,
      38.41772502474665,
      44.168894766155,
      48.84243615428219,
      54.59379972994871
    ],
    "mean_v": [
      2.0184290545822714e-05,
      9.27644709921316e-05,
      0.00043070030494585075,
      0.0020618711208489804,
      0.009834629393264087,
      0.045608530233612464,
      0.19189398798233323,
      0.15338421969916882,
      0.012197718324090579,
      0.0,
      0.0,
      0.0,
      0.0,
      0.0,
      0.0,
      0.0,
      0.0
    ],
    "mean_u": [
      -3750.0301187474633,
      -3749.990202911963,
      -3749.806689112163,
      -3748.9339239377314,
      -3744.7029953772058,
      -3722.2851700547344,
      -3490.8718288115656,
      -3144.893281852968,
      -2897.1255008197745,
      -2886.7632085219084,
      -2886.7632085219084,
      -2886.7632085219084,
      -2886.7632085219084,
      -2886.7632085219084,
      -2886.7632085219084,
      -2886.7632085219084,
      -2886.7632085219084
    ],
    "runtime_s": 1.467728614807129,
    "runtime_std": 0.0,
    "converged": true,
    "success_rate": 1.0,
    "s_end_mean": 864.86709263939
  }
}