{
  "TQC_resumed alpha=8": {
    "times": [
      0.8288260025210871,
      1.637230028143416,
      2.4451070892280535,
      3.2545432286310256,
      4.071751335005905,
      4.970319583113045,
      6.7715097773787845,
      8.647500683401853,
      11.988523814507506,
      17.48015091472358,
      23.217042366910803,
      28.031265226398524,
      33.76921919072791,
      38.461808192185245,
      44.210955906110655,
      48.88741482168846,
      54.63795871447722
    ],
    "mean_v": [
      1.9988867595210327e-05,
      9.127117929230836e-05,
      0.0004222937739352311,
      0.0020158943484551305,
      0.009592075127262673,
      0.04412966990674277,
      0.1877303412988589,
      0.15568763869229588,
      0.015397616734631397,
      5.0952569441027334e-05,
      0.0,
      0.0,
      0.0,
      0.0,
      0.0,
      0.0,
      0.0
    ],
    "mean_u": [
      -3750.030170467746,
      -3749.990822585986,
      -3749.810696745857,
      -3748.9566656159727,
      -3744.828359452636,
      -3723.2408420019165,
      -3503.6768974435918,
      -3155.129285498091,
      -2900.4318125346963,
      -2887.1569047292796,
      -2887.1081850956098,
      -2887.1081850956098,
      -2887.1081850956098,
      -2887.1081850956098,
      -2887.1081850956098,
      -2887.1081850956098,
      -2887.1081850956098
    ],
    "runtime_s": 25.016369342803955,
    "runtime_std": 0.0,
    "converged": true,
    "success_rate": 1.0,
    "s_end_mean": 864.6604583715455
  }
}