{
  "TD3 alpha=0.5": {
    "times": [
      0.0,
      8.660254037844387e-07,
      5.9995473939534065,
      11.999547393953407,
      17.999547393953403,
      23.999547393953403,
      29.999547393953403,
      35.9995473939534
    ],
    "mean_v": [
      0.0,
      3.2319552763927015e-12,
      3.2319552763927015e-12,
      3.2319552763927015e-12,
      3.2319552763927015e-12,
      3.2319552763927015e-12,
      3.2319552763927015e-12,
      3.2319552763927015e-12
    ],
    "mean_u": [
      -1350.0134999999996,
      -1350.0134999999996,
      -1350.0134999999996,
      -1350.0134999999996,
      -1350.0134999999996,
      -1350.0134999999996,
      -1350.0134999999996,
      -1350.0134999999996
    ],
    "runtime_s": 1.8241710662841797,
    "runtime_std": 1.2400867938995361,
    "converged": true,
    "success_rate": 1.0,
    "s_end_mean": 2.7792150640907973e-16
  },
  "TD3 alpha=128": {
    "times": [
      6.0,
      12.0,
      18.0,
      24.0,
      30.0
    ],
    "mean_v": [
      0.0,
      0.0,
      0.0,
      0.0,
      0.0
    ],
    "mean_u": [
      -1350.0134999999996,
      -1350.0134999999996,
      -1350.0134999999996,
      -1350.0134999999996,
      -1350.0134999999996
    ],
    "runtime_s": 0.4373023509979248,
    "runtime_std": 0.00520014762878418,
    "converged": true,
    "success_rate": 1.0,
    "s_end_mean": 0.0
  },
  "TD3 alpha=16": {
    "times": [
      6.0,
      12.0,
      18.0,
      24.0,
      30.0
    ],
    "mean_v": [
      0.0,
      0.0,
      0.0,
      0.0,
      0.0
    ],
    "mean_u": [
      -1350.0134999999996,
      -1350.0134999999996,
      -1350.0134999999996,
      -1350.0134999999996,
      -1350.0134999999996
    ],
    "runtime_s": 0.3667335510253906,
    "runtime_std": 0.0202791690826416,
    "converged": true,
    "success_rate": 1.0,
    "s_end_mean": 0.0
  },
  "TD3 alpha=1": {
    "times": [
      6.0,
      12.0,
      18.0,
      24.0,
      30.0
    ],
    "mean_v": [
      0.0,
      0.0,
      0.0,
      0.0,
      0.0
    ],
    "mean_u": [
      -1350.0134999999996,
      -1350.0134999999996,
      -1350.0134999999996,
      -1350.0134999999996,
      -1350.0134999999996
    ],
    "runtime_s": 0.3412998914718628,
    "runtime_std": 0.015456318855285645,
    "converged": true,
    "success_rate": 1.0,
    "s_end_mean": 0.0
  },
  "TD3 alpha=2": {
    "times": [
      6.0,
      12.0,
      18.0,
      24.0,
      30.0
    ],
    "mean_v": [
      0.0,
      0.0,
      0.0,
      0.0,
      0.0
    ],
    "mean_u": [
      -1350.0134999999996,
      -1350.0134999999996,
      -1350.0134999999996,
      -1350.0134999999996,
      -1350.0134999999996
    ],
    "runtime_s": 0.3507068157196045,
    "runtime_std": 0.00015497207641601562,
    "converged": true,
    "success_rate": 1.0,
    "s_end_mean": 0.0
  },
  "TD3 alpha=32": {
    "times": [
      6.0,
      12.0,
      18.0,
      24.0,
      30.0
    ],
    "mean_v": [
      0.0,
      0.0,
      0.0,
      0.0,
      0.0
    ],
    "mean_u": [
      -1350.0134999999996,
      -1350.0134999999996,
      -1350.0134999999996,
      -1350.0134999999996,
      -1350.0134999999996
    ],
    "runtime_s": 0.40497541427612305,
    "runtime_std": 0.006038188934326172,
    "converged": true,
    "success_rate": 1.0,
    "s_end_mean": 0.0
  },
  "TD3 alpha=4": {
    "times": [
      6.0,
      12.0,
      18.0,
      24.0,
      30.0
    ],
    "mean_v": [
      0.0,
      0.0,
      0.0,
      0.0,
      0.0
    ],
    "mean_u": [
      -1350.0134999999996,
      -1350.0134999999996,
      -1350.0134999999996,
      -1350.0134999999996,
      -1350.0134999999996
    ],
    "runtime_s": 0.38403093814849854,
    "runtime_std": 0.012559771537780762,
    "converged": true,
    "success_rate": 1.0,
    "s_end_mean": 0.0
  },
  "TD3 alpha=8": {
    "times": [
      6.0,
      12.0,
      18.0,
      24.0,
      30.0
    ],
    "mean_v": [
      0.0,
      0.0,
      0.0,
      0.0,
      0.0
    ],
    "mean_u": [
      -1350.0134999999996,
      -1350.0134999999996,
      -1350.0134999999996,
      -1350.0134999999996,
      -1350.0134999999996
    ],
    "runtime_s": 0.4647728204727173,
    "runtime_std": 0.017516255378723145,
    "converged": true,
    "success_rate": 1.0,
    "s_end_mean": 0.0
  }
}