{
  "TQC_resumed alpha=8": {
    "times": [
      0.8288255049245175,
      1.6376642640385002,
      2.446008423881526,
      3.2557584186733095,
      4.07031600420947,
      4.908396380597082,
      5.9844285377676325,
      5.9844285377676325,
      6.900158138672945,
      8.583669422829699,
      8.583669422829699,
      9.725230797798696,
      9.725230797798696,
      10.98839206785969,
      10.98839206785969,
      12.336968271671354,
      15.238905011486647,
      21.0766328200191,
      25.618496233531722,
      31.286309344146627
    ],
    "mean_v": [
      1.553287625685855e-05,
      5.066770016956655e-05,
      0.0001630885529183868,
      0.0005364599796641514,
      0.001785451732887429,
      0.006016383239971853,
      0.02516495152850741,
      0.02516495152850741,
      0.0559703793977509,
      0.06742834837798617,
      0.06742834837798617,
      0.028247270083324814,
      0.028247270083324814,
      0.0024884585642265585,
      0.0024884585642265585,
      0.0,
      0.0,
      0.0,
      0.0,
      0.0
    ],
    "mean_u": [
      -1350.0073279455503,
      -1349.9825624374093,
      -1349.903095950917,
      -1349.6431592706067,
      -1348.775462178503,
      -1345.7707233834317,
      -1330.4889542561343,
      -1330.4889542561343,
      -1293.512900316598,
      -1173.5063777824057,
      -1173.5063777824057,
      -1119.6405973096323,
      -1119.6405973096323,
      -1101.8780220033118,
      -1101.8780220033118,
      -1101.3476750308153,
      -1101.3476750308153,
      -1101.3476750308153,
      -1101.3476750308153,
      -1101.3476750308153
    ],
    "runtime_s": 200.54674477577208,
    "runtime_std": 2.9864763738606146,
    "converged": true,
    "success_rate": 1.0,
    "s_end_mean": 248.72375671748156
  }
}