{
  "TD3 alpha=0.5": {
    "times": [
      0.0,
      8.660254037844387e-07,
      5.9995473939534065,
      11.999547393953407,
      17.999547393953403,
      23.999547393953403,
      29.999547393953403,
      35.9995473939534
    ],
    "mean_v": [
      0.0,
      3.2319552747451888e-12,
      3.2319552747451888e-12,
      3.2319552747451888e-12,
      3.2319552747451888e-12,
      3.2319552747451888e-12,
      3.2319552747451888e-12,
      3.2319552747451888e-12
    ],
    "mean_u": [
      -1350.0135,
      -1350.0135,
      -1350.0135,
      -1350.0135,
      -1350.0135,
      -1350.0135,
      -1350.0135,
      -1350.0135
    ],
    "runtime_s": 4.986498594284058,
    "runtime_std": 3.0648655891418457,
    "converged": true,
    "success_rate": 1.0,
    "s_end_mean": 2.779215063850111e-16
  },
  "TD3 alpha=128": {
    "times": [
      6.0,
      12.0,
      18.0,
      24.0,
      30.0
    ],
    "mean_v": [
      0.0,
      0.0,
      0.0,
      0.0,
      0.0
    ],
    "mean_u": [
      -1350.0135,
      -1350.0135,
      -1350.0135,
      -1350.0135,
      -1350.0135
    ],
    "runtime_s": 1.1758147478103638,
    "runtime_std": 0.010435938835144043,
    "converged": true,
    "success_rate": 1.0,
    "s_end_mean": 0.0
  },
  "TD3 alpha=16": {
    "times": [
      6.0,
      12.0,
      18.0,
      24.0,
      30.0
    ],
    "mean_v": [
      0.0,
      0.0,
      0.0,
      0.0,
      0.0
    ],
    "mean_u": [
      -1350.0135,
      -1350.0135,
      -1350.0135,
      -1350.0135,
      -1350.0135
    ],
    "runtime_s": 1.2829999923706055,
    "runtime_std": 0.03806900978088379,
    "converged": true,
    "success_rate": 1.0,
    "s_end_mean": 0.0
  },
  "TD3 alpha=1": {
    "times": [
      6.0,
      12.0,
      18.0,
      24.0,
      30.0
    ],
    "mean_v": [
      0.0,
      0.0,
      0.0,
      0.0,
      0.0
    ],
    "mean_u": [
      -1350.0135,
      -1350.0135,
      -1350.0135,
      -1350.0135,
      -1350.0135
    ],
    "runtime_s": 1.1198830604553223,
    "runtime_std": 0.0034427642822265625,
    "converged": true,
    "success_rate": 1.0,
    "s_end_mean": 0.0
  },
  "TD3 alpha=2": {
    "times": [
      6.0,
      12.0,
      18.0,
      24.0,
      30.0
    ],
    "mean_v": [
      0.0,
      0.0,
      0.0,
      0.0,
      0.0
    ],
    "mean_u": [
      -1350.0135,
      -1350.0135,
      -1350.0135,
      -1350.0135,
      -1350.0135
    ],
    "runtime_s": 1.1923770904541016,
    "runtime_std": 0.02321481704711914,
    "converged": true,
    "success_rate": 1.0,
    "s_end_mean": 0.0
  },
  "TD3 alpha=32": {
    "times": [
      6.0,
      12.0,
      18.0,
      24.0,
      30.0
    ],
    "mean_v": [
      0.0,
      0.0,
      0.0,
      0.0,
      0.0
    ],
    "mean_u": [
      -1350.0135,
      -1350.0135,
      -1350.0135,
      -1350.0135,
      -1350.0135
    ],
    "runtime_s": 1.25759756565094,
    "runtime_std": 0.00784599781036377,
    "converged": true,
    "success_rate": 1.0,
    "s_end_mean": 0.0
  },
  "TD3 alpha=4": {
    "times": [
      6.0,
      12.0,
      18.0,
      24.0,
      30.0
    ],
    "mean_v": [
      0.0,
      0.0,
      0.0,
      0.0,
      0.0
    ],
    "mean_u": [
      -1350.0135,
      -1350.0135,
      -1350.0135,
      -1350.0135,
      -1350.0135
    ],
    "runtime_s": 1.27634859085083,
    "runtime_std": 0.050743818283081055,
    "converged": true,
    "success_rate": 1.0,
    "s_end_mean": 0.0
  },
  "TD3 alpha=8": {
    "times": [
      6.0,
      12.0,
      18.0,
      24.0,
      30.0
    ],
    "mean_v": [
      0.0,
      0.0,
      0.0,
      0.0,
      0.0
    ],
    "mean_u": [
      -1350.0135,
      -1350.0135,
      -1350.0135,
      -1350.0135,
      -1350.0135
    ],
    "runtime_s": 1.1939868927001953,
    "runtime_std": 0.07119369506835938,
    "converged": true,
    "success_rate": 1.0,
    "s_end_mean": 0.0
  }
}