{
  "TQC_resumed alpha=8": {
    "times": [
      0.8288260025210871,
      1.6372314586545467,
      2.445106016344706,
      3.2545224862196336,
      4.071621516120814,
      4.9674047378707975,
      6.750855521235216,
      8.631481283321046,
      8.631481283321046,
      9.807433328625933,
      9.807433328625933,
      11.029990353678569,
      15.550455964382943,
      15.550455964382943,
      16.77495365659797,
      19.92884518942521,
      25.80552475877198,
      30.288039266812458,
      36.04790007859404,
      40.70862802089772,
      46.45321383482802,
      51.13610647421517
    ],
    "mean_v": [
      1.984989597978961e-05,
      9.042349410169764e-05,
      0.0004179561190423465,
      0.001993359370143526,
      0.009477139515720915,
      0.04343208828756101,
      0.1855393982403185,
      0.1569911888840642,
      0.1569911888840642,
      0.09027915908011595,
      0.09027915908011595,
      0.039773247736942144,
      -8.296277360152107e-05,
      -8.296277360152107e-05,
      2.777742248825488e-06,
      0.0,
      0.0,
      0.0,
      0.0,
      0.0,
      0.0,
      0.0
    ],
    "mean_u": [
      -3750.0302090590653,
      -3749.991204642728,
      -3749.812873785889,
      -3748.96817290824,
      -3744.888980771906,
      -3723.68909872956,
      -3509.778533917759,
      -3160.889918300072,
      -3160.889918300072,
      -3016.3237167450543,
      -3016.3237167450543,
      -2938.7019108862605,
      -2901.799261316274,
      -2901.799261316274,
      -2901.81729233632,
      -2901.815831246368,
      -2901.815831246368,
      -2901.815831246368,
      -2901.815831246368,
      -2901.815831246368,
      -2901.815831246368,
      -2901.815831246368
    ],
    "runtime_s": 508.00011563301086,
    "runtime_std": 0.0,
    "converged": true,
    "success_rate": 1.0,
    "s_end_mean": 849.0336360823096
  }
}