{
  "TQC_resumed alpha=8": {
    "times": [
      0.8288255049245175,
      1.6376742776173772,
      2.4460211196690307,
      3.2557779093893373,
      4.070348905968637,
      4.908450740025271,
      5.984166217763839,
      5.984166217763839,
      6.9001593903703045,
      8.585147319783589,
      8.585147319783589,
      9.72665147430186,
      14.007024938183962,
      19.5467007172115,
      24.499884042439795,
      30.12565156586173
    ],
    "mean_v": [
      1.5611466403135087e-05,
      5.0877474508577966e-05,
      0.00016357852645155086,
      0.0005373949566923931,
      0.0017862473853386951,
      0.006011714347948422,
      0.025117205115524538,
      0.025117205115524538,
      0.055923806930912895,
      0.06742181141370394,
      0.06742181141370394,
      0.02812111970814941,
      -7.655625349754648e-09,
      0.0,
      0.0,
      0.0
    ],
    "mean_u": [
      -1350.007302244305,
      -1349.9824228880734,
      -1349.902681032468,
      -1349.6421604185452,
      -1348.7736260814734,
      -1345.769762353912,
      -1330.5169228292093,
      -1330.5169228292093,
      -1293.5784717540234,
      -1173.4397930067178,
      -1173.4397930067178,
      -1119.6642276917587,
      -1094.7506509242482,
      -1094.7506580773027,
      -1094.7506580773027,
      -1094.7506580773027
    ],
    "runtime_s": 45.29619688987732,
    "runtime_std": 0.7152496342549841,
    "converged": true,
    "success_rate": 1.0,
    "s_end_mean": 255.29894148884424
  }
}