{
  "TQC_resumed alpha=8": {
    "times": [
      0.8288255049245175,
      1.6376578267377937,
      2.4460005560695515,
      3.2557473322109813,
      4.070299374515979,
      4.908379393275773,
      5.98473877989891,
      5.98473877989891,
      6.900267215157141,
      8.582466899294925,
      8.582466899294925,
      9.724151834674707,
      9.724151834674707,
      10.986554397321868,
      10.986554397321868,
      12.339057712192371,
      15.248172399923337,
      21.081884048070503,
      25.629961602531896,
      31.297264020624073
    ],
    "mean_v": [
      1.5491855516099262e-05,
      5.0564741568370586e-05,
      0.00016286120614534343,
      0.0005360901433227238,
      0.0017855230992376066,
      0.006020836972474935,
      0.02520365338746092,
      0.02520365338746092,
      0.05601195479956374,
      0.06744070528634803,
      0.06744070528634803,
      0.02831912052306944,
      0.02831912052306944,
      0.002563400477437767,
      0.002563400477437767,
      2.3300671632367995e-07,
      0.0,
      0.0,
      0.0,
      0.0
    ],
    "mean_u": [
      -1350.0073420443366,
      -1349.982633031194,
      -1349.9032979649849,
      -1349.6436132109102,
      -1348.7761316375284,
      -1345.7699551433848,
      -1330.4632264918118,
      -1330.4632264918118,
      -1293.4550593014053,
      -1173.5424221395288,
      -1173.5424221395288,
      -1119.6154378912877,
      -1119.6154378912877,
      -1101.7587732946936,
      -1101.7587732946936,
      -1101.2114474597752,
      -1101.2105865196504,
      -1101.2105865196504,
      -1101.2105865196504,
      -1101.2105865196504
    ],
    "runtime_s": 570.0449962615967,
    "runtime_std": 0.0,
    "converged": true,
    "success_rate": 1.0,
    "s_end_mean": 248.86403640812438
  }
}