{
  "TQC_resumed alpha=8": {
    "times": [
      0.8288255049245175,
      1.6376864369631563,
      2.4460400739433332,
      3.255818678960479,
      4.070444571409693,
      4.908741491440518,
      5.9857363826945225,
      8.417373588836845,
      11.015184348302734,
      15.916766628694758,
      21.576773439319457,
      26.37644860036442,
      32.04037858814198
    ],
    "mean_v": [
      1.5813709960437464e-05,
      5.153063012772462e-05,
      0.00016525420148128274,
      0.0005414468142019913,
      0.0017947727529367958,
      0.006025663216403465,
      0.025168669145330762,
      0.07287636590553014,
      0.0022664247610296386,
      0.0,
      0.0,
      0.0,
      0.0
    ],
    "mean_u": [
      -1350.0072407656653,
      -1349.98202528838,
      -1349.9013843900354,
      -1349.638611112742,
      -1348.7649271784692,
      -1345.7505419181982,
      -1330.4464411401614,
      -1173.7031325939604,
      -1090.3061848690186,
      -1088.4546720973988,
      -1088.4546720973988,
      -1088.4546720973988,
      -1088.4546720973988
    ],
    "runtime_s": 1.342134714126587,
    "runtime_std": 0.03131429736136137,
    "converged": true,
    "success_rate": 1.0,
    "s_end_mean": 261.5588269257757
  }
}