{
  "TQC_resumed alpha=8": {
    "times": [
      0.8288260025210871,
      1.6372314586545467,
      2.4451069104141627,
      3.254529996403069,
      4.0716647890825115,
      4.968356564214242,
      6.7575757048984375,
      8.637592784498247,
      8.637592784498247,
      9.81341715668474,
      14.114740263916126,
      14.114740263916126,
      15.343104985344626,
      18.53464757112615,
      24.40712537165492,
      28.896399044786918,
      34.65913125003516,
      39.31574110842197,
      45.06432055180079,
      49.74152190265532,
      55.48830498168204
    ],
    "mean_v": [
      1.990045433234591e-05,
      9.071088155154382e-05,
      0.00041940126988642134,
      0.0020007814045164846,
      0.009514660106509549,
      0.04365944501965544,
      0.1862732822295812,
      0.15651982303057463,
      0.15651982303057463,
      0.08972061460782871,
      -0.00048646224391583914,
      -0.00048646224391583914,
      2.0516000612331415e-05,
      0.0,
      0.0,
      0.0,
      0.0,
      0.0,
      0.0,
      0.0,
      0.0
    ],
    "mean_u": [
      -3750.0301947530193,
      -3749.9910717218213,
      -3749.8121399914107,
      -3748.9643544676364,
      -3744.8690866071397,
      -3723.5431244898823,
      -3507.782579646426,
      -3158.8410873106122,
      -3158.8410873106122,
      -3014.9372193357376,
      -2893.708871420686,
      -2893.708871420686,
      -2893.8770532379203,
      -2893.8601091076043,
      -2893.8601091076043,
      -2893.8601091076043,
      -2893.8601091076043,
      -2893.8601091076043,
      -2893.8601091076043,
      -2893.8601091076043,
      -2893.8601091076043
    ],
    "runtime_s": 134.45799374580383,
    "runtime_std": 0.0,
    "converged": true,
    "success_rate": 1.0,
    "s_end_mean": 857.2201869832265
  }
}