{
  "TD3 alpha=0.5": {
    "times": [
      0.0,
      8.660254037844387e-07,
      5.9995473939534065,
      11.999547393953407,
      17.999547393953403,
      23.999547393953403,
      29.999547393953403,
      35.9995473939534
    ],
    "mean_v": [
      0.0,
      3.231955278941345e-12,
      3.231955278941345e-12,
      3.231955278941345e-12,
      3.231955278941345e-12,
      3.231955278941345e-12,
      3.231955278941345e-12,
      3.231955278941345e-12
    ],
    "mean_u": [
      -1350.0135000000005,
      -1350.0135000000005,
      -1350.0135000000005,
      -1350.0135000000005,
      -1350.0135000000005,
      -1350.0135000000005,
      -1350.0135000000005,
      -1350.0135000000005
    ],
    "runtime_s": 0.06917858123779297,
    "runtime_std": 0.04469490051269531,
    "converged": true,
    "success_rate": 1.0,
    "s_end_mean": 2.7792150640000477e-16
  },
  "TD3 alpha=128": {
    "times": [
      6.0,
      12.0,
      18.0,
      24.0,
      30.0
    ],
    "mean_v": [
      0.0,
      0.0,
      0.0,
      0.0,
      0.0
    ],
    "mean_u": [
      -1350.0135000000005,
      -1350.0135000000005,
      -1350.0135000000005,
      -1350.0135000000005,
      -1350.0135000000005
    ],
    "runtime_s": 0.020659208297729492,
    "runtime_std": 0.0005350112915039062,
    "converged": true,
    "success_rate": 1.0,
    "s_end_mean": 0.0
  },
  "TD3 alpha=16": {
    "times": [
      6.0,
      12.0,
      18.0,
      24.0,
      30.0
    ],
    "mean_v": [
      0.0,
      0.0,
      0.0,
      0.0,
      0.0
    ],
    "mean_u": [
      -1350.0135000000005,
      -1350.0135000000005,
      -1350.0135000000005,
      -1350.0135000000005,
      -1350.0135000000005
    ],
    "runtime_s": 0.026172876358032227,
    "runtime_std": 4.4345855712890625e-05,
    "converged": true,
    "success_rate": 1.0,
    "s_end_mean": 0.0
  },
  "TD3 alpha=1": {
    "times": [
      6.0,
      12.0,
      18.0,
      24.0,
      30.0
    ],
    "mean_v": [
      0.0,
      0.0,
      0.0,
      0.0,
      0.0
    ],
    "mean_u": [
      -1350.0135000000005,
      -1350.0135000000005,
      -1350.0135000000005,
      -1350.0135000000005,
      -1350.0135000000005
    ],
    "runtime_s": 0.017405033111572266,
    "runtime_std": 0.0019636154174804688,
    "converged": true,
    "success_rate": 1.0,
    "s_end_mean": 0.0
  },
  "TD3 alpha=2": {
    "times": [
      6.0,
      12.0,
      18.0,
      24.0,
      30.0
    ],
    "mean_v": [
      0.0,
      0.0,
      0.0,
      0.0,
      0.0
    ],
    "mean_u": [
      -1350.0135000000005,
      -1350.0135000000005,
      -1350.0135000000005,
      -1350.0135000000005,
      -1350.0135000000005
    ],
    "runtime_s": 0.019141554832458496,
    "runtime_std": 0.0010718107223510742,
    "converged": true,
    "success_rate": 1.0,
    "s_end_mean": 0.0
  },
  "TD3 alpha=32": {
    "times": [
      6.0,
      12.0,
      18.0,
      24.0,
      30.0
    ],
    "mean_v": [
      0.0,
      0.0,
      0.0,
      0.0,
      0.0
    ],
    "mean_u": [
      -1350.0135000000005,
      -1350.0135000000005,
      -1350.0135000000005,
      -1350.0135000000005,
      -1350.0135000000005
    ],
    "runtime_s": 0.014571309089660645,
    "runtime_std": 0.00027763843536376953,
    "converged": true,
    "success_rate": 1.0,
    "s_end_mean": 0.0
  },
  "TD3 alpha=4": {
    "times": [
      6.0,
      12.0,
      18.0,
      24.0,
      30.0
    ],
    "mean_v": [
      0.0,
      0.0,
      0.0,
      0.0,
      0.0
    ],
    "mean_u": [
      -1350.0135000000005,
      -1350.0135000000005,
      -1350.0135000000005,
      -1350.0135000000005,
      -1350.0135000000005
    ],
    "runtime_s": 0.019675135612487793,
    "runtime_std": 0.0012933015823364258,
    "converged": true,
    "success_rate": 1.0,
    "s_end_mean": 0.0
  },
  "TD3 alpha=8": {
    "times": [
      6.0,
      12.0,
      18.0,
      24.0,
      30.0
    ],
    "mean_v": [
      0.0,
      0.0,
      0.0,
      0.0,
      0.0
    ],
    "mean_u": [
      -1350.0135000000005,
      -1350.0135000000005,
      -1350.0135000000005,
      -1350.0135000000005,
      -1350.0135000000005
    ],
    "runtime_s": 0.012437105178833008,
    "runtime_std": 0.0008025169372558594,
    "converged": true,
    "success_rate": 1.0,
    "s_end_mean": 0.0
  }
}